stealth,seed,detector,binary_auc,attack,auc,average_precision,precision,recall,f1,min_positive_score,max_negative_score,separation_gap
0.0,1,handcrafted,0.9837037037037037,blackhole,1.0,1.0,1.0,1.0,1.0,0.9514476134985924,0.1110245911641274,0.840423022334465
0.0,1,handcrafted,0.9837037037037037,selective_forwarding,0.9206349206349206,0.14027777777777778,0.13636363636363635,1.0,0.24000000000000002,0.6286740272263736,0.9678996675276242,-0.3392256403012507
0.0,1,handcrafted,0.9837037037037037,sinkhole,1.0,1.0,0.42857142857142855,1.0,0.6,0.840668719850694,0.672019063668682,0.168649656182012
0.0,1,handcrafted,0.9837037037037037,wormhole,1.0,1.0,0.75,1.0,0.8571428571428571,0.9196999590002626,0.5350132262246525,0.38468673277561005
0.0,1,handcrafted,0.9837037037037037,sybil,1.0,1.0,0.4,0.6666666666666666,0.5,0.8402134835257514,0.5654765454553091,0.2747369380704423
0.0,1,learned,0.9990123456790123,blackhole,1.0,1.0,1.0,1.0,1.0,0.8118508790354177,0.3286515039947091,0.48319937504070865
0.0,1,learned,0.9990123456790123,selective_forwarding,0.981859410430839,0.7575757575757575,1.0,0.3333333333333333,0.5,0.07523063789368849,0.18806854936955167,-0.11283791147586318
0.0,1,learned,0.9990123456790123,sinkhole,1.0,1.0,1.0,1.0,1.0,0.710041718697222,0.1785937870875147,0.5314479316097073
0.0,1,learned,0.9990123456790123,wormhole,1.0,1.0,1.0,1.0,1.0,0.9162543849759824,0.10094985261253946,0.815304532363443
0.0,1,learned,0.9990123456790123,sybil,1.0,1.0,1.0,1.0,1.0,0.7399210917815823,0.11256359291845942,0.6273574988631229
0.0,2,handcrafted,0.9762962962962963,blackhole,1.0,1.0,1.0,1.0,1.0,0.9406589997810859,0.1424699873136095,0.7981890124674764
0.0,2,handcrafted,0.9762962962962963,selective_forwarding,0.9251700680272109,0.14714261773085302,0.14285714285714285,1.0,0.25,0.5452138286340403,0.9034069727634866,-0.35819314412944625
0.0,2,handcrafted,0.9762962962962963,sinkhole,1.0,1.0,0.5,1.0,0.6666666666666666,0.8236199890016507,0.6389042485697836,0.18471574043186711
0.0,2,handcrafted,0.9762962962962963,wormhole,1.0,1.0,0.6,1.0,0.7499999999999999,0.8931001529980604,0.6889360097126893,0.20416414328537114
0.0,2,handcrafted,0.9762962962962963,sybil,1.0,1.0,0.5,1.0,0.6666666666666666,0.849124026939844,0.5648848200327354,0.2842392069071086
0.0,2,learned,0.9965432098765432,blackhole,1.0,1.0,1.0,1.0,1.0,0.8394911428713951,0.46713694483522133,0.3723541980361738
0.0,2,learned,0.9965432098765432,selective_forwarding,0.981859410430839,0.7575757575757575,0.0,0.0,0.0,0.0598827504622678,0.16033198560265988,-0.10044923514039208
0.0,2,learned,0.9965432098765432,sinkhole,1.0,1.0,1.0,1.0,1.0,0.7966488359412964,0.10226590732823605,0.6943829286130604
0.0,2,learned,0.9965432098765432,wormhole,1.0,1.0,1.0,1.0,1.0,0.891532544641041,0.35955410419304407,0.531978440447997
0.0,2,learned,0.9965432098765432,sybil,1.0,1.0,1.0,1.0,1.0,0.8166252489154465,0.10190794084390574,0.7147173080715408
0.0,3,handcrafted,0.974320987654321,blackhole,1.0,1.0,1.0,1.0,1.0,0.9641235200458732,0.14528380436989763,0.8188397156759756
0.0,3,handcrafted,0.974320987654321,selective_forwarding,0.9387755102040817,0.18104575163398695,0.1875,1.0,0.3157894736842105,0.5384584231009172,0.982147389650013,-0.44368896654909584
0.0,3,handcrafted,0.974320987654321,sinkhole,1.0,1.0,0.3,1.0,0.4615384615384615,0.8784440037696692,0.7329320382557305,0.14551196551393875
0.0,3,handcrafted,0.974320987654321,wormhole,1.0,1.0,0.6,1.0,0.7499999999999999,0.8207746353618545,0.5325929286431643,0.28818170671869014
0.0,3,handcrafted,0.974320987654321,sybil,1.0,1.0,0.5,1.0,0.6666666666666666,0.8243103899524076,0.560165320469871,0.2641450694825366
0.0,3,learned,0.9950617283950617,blackhole,1.0,1.0,0.6,1.0,0.7499999999999999,0.828658124507254,0.6809163892256659,0.14774173528158807
0.0,3,learned,0.9950617283950617,selective_forwarding,0.9773242630385488,0.7435897435897436,0.0,0.0,0.0,0.04975221222440304,0.24411148616347672,-0.19435927393907368
0.0,3,learned,0.9950617283950617,sinkhole,1.0,1.0,1.0,1.0,1.0,0.7785619231953639,0.3030320429689378,0.47552988022642606
0.0,3,learned,0.9950617283950617,wormhole,1.0,1.0,1.0,1.0,1.0,0.7850611262942484,0.16012261710735437,0.624938509186894
0.0,3,learned,0.9950617283950617,sybil,1.0,1.0,1.0,1.0,1.0,0.6620561634121636,0.051373585462141415,0.6106825779500221
0.0,4,handcrafted,0.9846913580246913,blackhole,1.0,1.0,1.0,1.0,1.0,0.964715184036738,0.15139624046801922,0.8133189435687187
0.0,4,handcrafted,0.9846913580246913,selective_forwarding,0.9591836734693877,0.44152046783625726,0.17647058823529413,1.0,0.3,0.5241520312882668,0.9141876147884371,-0.3900355835001703
0.0,4,handcrafted,0.9846913580246913,sinkhole,1.0,1.0,0.3333333333333333,0.6666666666666666,0.4444444444444444,0.8286001987255749,0.722452149369025,0.10614804935654987
0.0,4,handcrafted,0.9846913580246913,wormhole,1.0,1.0,0.6,1.0,0.7499999999999999,0.8569817005890877,0.5099981748751344,0.3469835257139533
0.0,4,handcrafted,0.9846913580246913,sybil,1.0,1.0,0.6,1.0,0.7499999999999999,0.8283053198920964,0.5592756196968237,0.2690297001952727
0.0,4,learned,0.9990123456790123,blackhole,1.0,1.0,0.75,1.0,0.8571428571428571,0.8714782573052765,0.517105388069188,0.35437286923608846
0.0,4,learned,0.9990123456790123,selective_forwarding,0.9931972789115646,0.8333333333333334,0.0,0.0,0.0,0.11544064829896618,0.12847619581614156,-0.01303554751717538
0.0,4,learned,0.9990123456790123,sinkhole,1.0,1.0,1.0,1.0,1.0,0.778105728303283,0.3436889225276656,0.43441680577561737
0.0,4,learned,0.9990123456790123,wormhole,1.0,1.0,1.0,1.0,1.0,0.8418235094405169,0.0711314064737089,0.770692102966808
0.0,4,learned,0.9990123456790123,sybil,1.0,1.0,1.0,1.0,1.0,0.8295966474126603,0.12522678596790607,0.7043698614447542
0.0,5,handcrafted,0.9807407407407407,blackhole,1.0,1.0,1.0,1.0,1.0,0.9587010301749134,0.10839744583085029,0.8503035843440631
0.0,5,handcrafted,0.9807407407407407,selective_forwarding,0.9365079365079365,0.16984126984126982,0.13636363636363635,1.0,0.24000000000000002,0.6367724618325229,0.9473260224254872,-0.31055356059296435
0.0,5,handcrafted,0.9807407407407407,sinkhole,1.0,1.0,0.6,1.0,0.7499999999999999,0.9304092731308106,0.6202836329818697,0.31012564014894084
0.0,5,handcrafted,0.9807407407407407,wormhole,1.0,1.0,0.75,1.0,0.8571428571428571,0.8511509670508272,0.5261382505640009,0.3250127164868263
0.0,5,handcrafted,0.9807407407407407,sybil,1.0,1.0,0.75,1.0,0.8571428571428571,0.8675239816640165,0.6021085065506941,0.2654154751133223
0.0,5,learned,1.0,blackhole,1.0,1.0,0.75,1.0,0.8571428571428571,0.8496462125432171,0.5280003884195769,0.3216458241236403
0.0,5,learned,1.0,selective_forwarding,1.0,1.0,1.0,0.3333333333333333,0.5,0.39066071374316447,0.20257693339946362,0.18808378034370085
0.0,5,learned,1.0,sinkhole,1.0,1.0,1.0,1.0,1.0,0.9018852952344983,0.12617062804269413,0.7757146671918043
0.0,5,learned,1.0,wormhole,1.0,1.0,1.0,1.0,1.0,0.9028462088011341,0.08604586301427027,0.8168003457868638
0.0,5,learned,1.0,sybil,1.0,1.0,1.0,1.0,1.0,0.8713418955808818,0.1346193448471296,0.7367225507337523
0.0,6,handcrafted,0.9960493827160494,blackhole,1.0,1.0,1.0,1.0,1.0,0.9575116393990873,0.018418476178220233,0.9390931632208671
0.0,6,handcrafted,0.9960493827160494,selective_forwarding,1.0,1.0,0.2,1.0,0.33333333333333337,0.8769222134881205,0.7519840714637928,0.12493814202432774
0.0,6,handcrafted,0.9960493827160494,sinkhole,1.0,1.0,0.6,1.0,0.7499999999999999,0.8628893385434185,0.588824643956762,0.2740646945866565
0.0,6,handcrafted,0.9960493827160494,wormhole,1.0,1.0,0.375,1.0,0.5454545454545454,0.8905971705530319,0.6904325705260956,0.20016460002693626
0.0,6,handcrafted,0.9960493827160494,sybil,1.0,1.0,0.75,1.0,0.8571428571428571,0.8252309501489445,0.5197540637108433,0.3054768864381012
0.0,6,learned,0.9975308641975309,blackhole,1.0,1.0,1.0,1.0,1.0,0.8480158447664462,0.1687110311879501,0.679304813578496
0.0,6,learned,0.9975308641975309,selective_forwarding,0.9931972789115646,0.8333333333333334,0.0,0.0,0.0,0.1050042641176736,0.15191100968744842,-0.04690674556977481
0.0,6,learned,0.9975308641975309,sinkhole,1.0,1.0,1.0,1.0,1.0,0.7190221833707838,0.07233035377644365,0.6466918295943402
0.0,6,learned,0.9975308641975309,wormhole,1.0,1.0,1.0,1.0,1.0,0.9357559037088097,0.3191983216191136,0.616557582089696
0.0,6,learned,0.9975308641975309,sybil,1.0,1.0,1.0,1.0,1.0,0.7324114698951317,0.07651615295133095,0.6558953169438008
0.0,7,handcrafted,0.9748148148148148,blackhole,1.0,1.0,1.0,1.0,1.0,0.9463319045368067,0.13961108471284267,0.806720819823964
0.0,7,handcrafted,0.9748148148148148,selective_forwarding,0.9591836734693877,0.33660130718954245,0.13043478260869565,1.0,0.23076923076923078,0.5521910158109204,0.9828763296221625,-0.4306853138112421
0.0,7,handcrafted,0.9748148148148148,sinkhole,1.0,1.0,0.5,1.0,0.6666666666666666,0.8866001316647631,0.5907942384936806,0.2958058931710825
0.0,7,handcrafted,0.9748148148148148,wormhole,1.0,1.0,0.75,1.0,0.8571428571428571,0.8352429621579917,0.5915332837003666,0.24370967845762503
0.0,7,handcrafted,0.9748148148148148,sybil,1.0,1.0,0.6,1.0,0.7499999999999999,0.8299636237463842,0.5407556149118897,0.2892080088344945
0.0,7,learned,0.9980246913580247,blackhole,1.0,1.0,0.75,1.0,0.8571428571428571,0.7810360555807719,0.5990716127813381,0.1819644427994338
0.0,7,learned,0.9980246913580247,selective_forwarding,0.9841269841269841,0.625,0.0,0.0,0.0,0.19007167546145393,0.4104474146502796,-0.2203757391888257
0.0,7,learned,0.9980246913580247,sinkhole,1.0,1.0,1.0,1.0,1.0,0.7009094026173043,0.1354048008720041,0.5655046017453002
0.0,7,learned,0.9980246913580247,wormhole,1.0,1.0,1.0,1.0,1.0,0.8195490099707553,0.24193205825259795,0.5776169517181573
0.0,7,learned,0.9980246913580247,sybil,1.0,1.0,1.0,1.0,1.0,0.7248842039830389,0.08267031175345738,0.6422138922295815
0.0,8,handcrafted,0.9787654320987654,blackhole,1.0,1.0,1.0,1.0,1.0,0.9667946518268189,0.05991891053421791,0.906875741292601
0.0,8,handcrafted,0.9787654320987654,selective_forwarding,0.9727891156462585,0.3333333333333333,0.15,1.0,0.2608695652173913,0.8084929545877234,0.9823519219495128,-0.1738589673617894
0.0,8,handcrafted,0.9787654320987654,sinkhole,1.0,1.0,0.3,1.0,0.4615384615384615,0.9014546476990745,0.6553676802019097,0.24608696749716474
0.0,8,handcrafted,0.9787654320987654,wormhole,1.0,1.0,0.75,1.0,0.8571428571428571,0.8203530795243674,0.6210049506106559,0.19934812891371156
0.0,8,handcrafted,0.9787654320987654,sybil,1.0,1.0,0.375,1.0,0.5454545454545454,0.8893058311531115,0.5988683914245786,0.29043743972853286
0.0,8,learned,0.997037037037037,blackhole,1.0,1.0,1.0,1.0,1.0,0.8884252445897219,0.3571541944013918,0.5312710501883302
0.0,8,learned,0.997037037037037,selective_forwarding,0.9886621315192744,0.7916666666666666,0.0,0.0,0.0,0.13463909450849226,0.31007501714122937,-0.1754359226327371
0.0,8,learned,0.997037037037037,sinkhole,1.0,1.0,1.0,1.0,1.0,0.8284332073383968,0.2705351241487439,0.5578980831896528
0.0,8,learned,0.997037037037037,wormhole,1.0,1.0,1.0,1.0,1.0,0.8200925416989671,0.10556891964247343,0.7145236220564937
0.0,8,learned,0.997037037037037,sybil,1.0,1.0,1.0,1.0,1.0,0.7949388202024237,0.20732323067449826,0.5876155895279254
0.0,9,handcrafted,0.9960493827160494,blackhole,1.0,1.0,1.0,1.0,1.0,0.9513723684216052,0.020951847602391535,0.9304205208192137
0.0,9,handcrafted,0.9960493827160494,selective_forwarding,0.9954648526077098,0.8666666666666667,0.21428571428571427,1.0,0.35294117647058826,0.785531171759963,0.8919943164427593,-0.10646314468279627
0.0,9,handcrafted,0.9960493827160494,sinkhole,1.0,1.0,0.3,1.0,0.4615384615384615,0.8560075641605345,0.8492861217008707,0.006721442459663773
0.0,9,handcrafted,0.9960493827160494,wormhole,1.0,1.0,1.0,1.0,1.0,0.8536470542218277,0.4812891882893638,0.37235786593246395
0.0,9,handcrafted,0.9960493827160494,sybil,1.0,1.0,0.75,1.0,0.8571428571428571,0.8348788626274805,0.5157023617327898,0.31917650089469063
0.0,9,learned,0.9955555555555555,blackhole,1.0,1.0,1.0,1.0,1.0,0.846192032860064,0.1382279088220461,0.7079641240380179
0.0,9,learned,0.9955555555555555,selective_forwarding,0.9909297052154195,0.8095238095238094,0.0,0.0,0.0,0.08688131209868107,0.15371017142226984,-0.06682885932358877
0.0,9,learned,0.9955555555555555,sinkhole,1.0,1.0,0.75,1.0,0.8571428571428571,0.804613002720094,0.7864233845021891,0.01818961821790488
0.0,9,learned,0.9955555555555555,wormhole,1.0,1.0,1.0,1.0,1.0,0.7387695987833738,0.08262490020168994,0.6561446985816839
0.0,9,learned,0.9955555555555555,sybil,1.0,1.0,1.0,1.0,1.0,0.708997745010998,0.04320545129646252,0.6657922937145355
0.0,10,handcrafted,0.9846913580246913,blackhole,1.0,1.0,1.0,1.0,1.0,0.949490356889846,0.024107095835049257,0.9253832610547967
0.0,10,handcrafted,0.9846913580246913,selective_forwarding,0.9591836734693877,0.3588235294117647,0.1875,1.0,0.3157894736842105,0.583826879519275,0.9648442839816074,-0.38101740446233234
0.0,10,handcrafted,0.9846913580246913,sinkhole,1.0,1.0,0.6,1.0,0.7499999999999999,0.9083096343780745,0.6224385443385958,0.28587109003947875
0.0,10,handcrafted,0.9846913580246913,wormhole,1.0,1.0,1.0,1.0,1.0,0.8591279636084364,0.6611923142150054,0.197935649393431
0.0,10,handcrafted,0.9846913580246913,sybil,1.0,1.0,0.5,0.6666666666666666,0.5714285714285715,0.873448072133299,0.6390723321942987,0.2343757399390003
0.0,10,learned,0.9911111111111112,blackhole,1.0,1.0,1.0,1.0,1.0,0.829491238710924,0.08988653968034262,0.7396046990305813
0.0,10,learned,0.9911111111111112,selective_forwarding,0.9455782312925171,0.2222222222222222,0.0,0.0,0.0,0.031400760630081945,0.1703743007747009,-0.13897354014461893
0.0,10,learned,0.9911111111111112,sinkhole,1.0,1.0,1.0,1.0,1.0,0.8277841874636348,0.08480147135224647,0.7429827161113883
0.0,10,learned,0.9911111111111112,wormhole,1.0,1.0,0.75,1.0,0.8571428571428571,0.9063097446532061,0.5760491740347617,0.3302605706184444
0.0,10,learned,0.9911111111111112,sybil,1.0,1.0,1.0,1.0,1.0,0.8358448925465212,0.43263121216863326,0.4032136803778879
0.0,11,handcrafted,0.9767901234567902,blackhole,1.0,1.0,1.0,1.0,1.0,0.9435914291450307,0.012487524868766416,0.9311039042762643
0.0,11,handcrafted,0.9767901234567902,selective_forwarding,0.9569160997732427,0.33660130718954245,0.14285714285714285,1.0,0.25,0.6075086960257566,0.9791464145150712,-0.3716377184893146
0.0,11,handcrafted,0.9767901234567902,sinkhole,1.0,1.0,0.75,1.0,0.8571428571428571,0.8534956081617739,0.5283064624310293,0.32518914573074464
0.0,11,handcrafted,0.9767901234567902,wormhole,1.0,1.0,1.0,1.0,1.0,0.8864640234808671,0.49040123112765965,0.3960627923532074
0.0,11,handcrafted,0.9767901234567902,sybil,1.0,1.0,0.375,1.0,0.5454545454545454,0.8631592552176695,0.7542446451884193,0.10891461002925018
0.0,11,learned,0.9891358024691358,blackhole,1.0,1.0,1.0,1.0,1.0,0.7813127518785143,0.09534253896467937,0.685970212913835
0.0,11,learned,0.9891358024691358,selective_forwarding,0.963718820861678,0.33164983164983164,0.0,0.0,0.0,0.055748623072232946,0.2183181761514543,-0.16256955307922136
0.0,11,learned,0.9891358024691358,sinkhole,1.0,1.0,1.0,1.0,1.0,0.7167558866295042,0.07535877756706746,0.6413971090624367
0.0,11,learned,0.9891358024691358,wormhole,1.0,1.0,1.0,1.0,1.0,0.9268381478630937,0.09065969510164194,0.8361784527614518
0.0,11,learned,0.9891358024691358,sybil,1.0,1.0,1.0,1.0,1.0,0.8571429277679818,0.47862707877870214,0.3785158489892797
0.0,12,handcrafted,0.9901234567901235,blackhole,1.0,1.0,1.0,1.0,1.0,0.9607106521423656,0.1630185694057193,0.7976920827366463
0.0,12,handcrafted,0.9901234567901235,selective_forwarding,0.9614512471655329,0.5069444444444444,0.14285714285714285,0.6666666666666666,0.23529411764705882,0.49825747718614477,0.9334617609928181,-0.4352042838066733
0.0,12,handcrafted,0.9901234567901235,sinkhole,1.0,1.0,0.42857142857142855,1.0,0.6,0.8643620991205172,0.6389588889747209,0.22540321014579634
0.0,12,handcrafted,0.9901234567901235,wormhole,1.0,1.0,0.5,1.0,0.6666666666666666,0.8564007999953226,0.6155790317089015,0.2408217682864211
0.0,12,handcrafted,0.9901234567901235,sybil,1.0,1.0,0.6,1.0,0.7499999999999999,0.851837369308837,0.5339626605435951,0.31787470876524193
0.0,12,learned,0.9995061728395062,blackhole,1.0,1.0,0.75,1.0,0.8571428571428571,0.9007245894405089,0.5499670017353763,0.35075758770513266
0.0,12,learned,0.9995061728395062,selective_forwarding,1.0,1.0,0.0,0.0,0.0,0.38149420643665083,0.3483600810779081,0.033134125358742716
0.0,12,learned,0.9995061728395062,sinkhole,1.0,1.0,1.0,1.0,1.0,0.8656921177257954,0.15767125876611837,0.708020858959677
0.0,12,learned,0.9995061728395062,wormhole,1.0,1.0,1.0,1.0,1.0,0.9098346330906171,0.23976204431988604,0.6700725887707311
0.0,12,learned,0.9995061728395062,sybil,1.0,1.0,1.0,1.0,1.0,0.8616464793609748,0.05274322169895618,0.8089032576620186
0.0,13,handcrafted,0.9787654320987654,blackhole,1.0,1.0,1.0,1.0,1.0,0.9456901070931047,0.0574021299214074,0.8882879771716974
0.0,13,handcrafted,0.9787654320987654,selective_forwarding,0.963718820861678,0.29914529914529914,0.14285714285714285,1.0,0.25,0.6508128190191254,0.9744759490247416,-0.3236631300056162
0.0,13,handcrafted,0.9787654320987654,sinkhole,1.0,1.0,0.75,1.0,0.8571428571428571,0.8842990101744685,0.5744381028691773,0.30986090730529126
0.0,13,handcrafted,0.9787654320987654,wormhole,1.0,1.0,1.0,1.0,1.0,0.8791548398075413,0.5423054204996707,0.3368494193078706
0.0,13,handcrafted,0.9787654320987654,sybil,1.0,1.0,0.6,1.0,0.7499999999999999,0.8215842551305627,0.6974765237857221,0.12410773134484054
0.0,13,learned,0.988641975308642,blackhole,1.0,1.0,1.0,1.0,1.0,0.7669667935794806,0.34064279561508365,0.42632399796439696
0.0,13,learned,0.988641975308642,selective_forwarding,0.9591836734693877,0.5222222222222223,0.0,0.0,0.0,0.03856012080856616,0.30256100698528043,-0.26400088617671424
0.0,13,learned,0.988641975308642,sinkhole,1.0,1.0,1.0,1.0,1.0,0.8628878170780989,0.13264540505849548,0.7302424120196034
0.0,13,learned,0.988641975308642,wormhole,1.0,1.0,1.0,1.0,1.0,0.9197012255423939,0.1541697202127566,0.7655315053296372
0.0,13,learned,0.988641975308642,sybil,1.0,1.0,1.0,1.0,1.0,0.7445959305420919,0.45504923284627313,0.2895466976958188
0.0,14,handcrafted,0.9841975308641975,blackhole,1.0,1.0,1.0,1.0,1.0,0.9422443779034314,0.12316171551217776,0.8190826623912536
0.0,14,handcrafted,0.9841975308641975,selective_forwarding,0.9614512471655329,0.3242424242424242,0.16666666666666666,1.0,0.2857142857142857,0.5947229101202316,0.9783019364195962,-0.3835790262993646
0.0,14,handcrafted,0.9841975308641975,sinkhole,1.0,1.0,0.375,1.0,0.5454545454545454,0.8374956841410519,0.6870718385093197,0.15042384563173217
0.0,14,handcrafted,0.9841975308641975,wormhole,1.0,1.0,1.0,1.0,1.0,0.8423848527473413,0.5126077405684306,0.3297771121789107
0.0,14,handcrafted,0.9841975308641975,sybil,1.0,1.0,0.5,1.0,0.6666666666666666,0.9074380340829808,0.6494060957013976,0.2580319383815832
0.0,14,learned,1.0,blackhole,1.0,1.0,0.6,1.0,0.7499999999999999,0.8022531109308139,0.5276063969177398,0.27464671401307406
0.0,14,learned,1.0,selective_forwarding,1.0,1.0,0.0,0.0,0.0,0.3141372398310849,0.24191555471711385,0.07222168511397103
0.0,14,learned,1.0,sinkhole,1.0,1.0,1.0,1.0,1.0,0.8230327705778897,0.3177178411248041,0.5053149294530856
0.0,14,learned,1.0,wormhole,1.0,1.0,1.0,1.0,1.0,0.8955980788479434,0.09874671454104848,0.796851364306895
0.0,14,learned,1.0,sybil,1.0,1.0,1.0,1.0,1.0,0.9187050539867061,0.14208115599694005,0.776623897989766
0.0,15,handcrafted,0.9935802469135803,blackhole,1.0,1.0,1.0,1.0,1.0,0.9628236010357705,0.10478619261208247,0.858037408423688
0.0,15,handcrafted,0.9935802469135803,selective_forwarding,0.9841269841269841,0.4444444444444444,0.21428571428571427,1.0,0.35294117647058826,0.6476833643767571,0.9420625589556053,-0.2943791945788482
0.0,15,handcrafted,0.9935802469135803,sinkhole,1.0,1.0,0.42857142857142855,1.0,0.6,0.8937015495561795,0.6487452782657456,0.24495627129043396
0.0,15,handcrafted,0.9935802469135803,wormhole,1.0,1.0,0.6666666666666666,0.6666666666666666,0.6666666666666666,0.8208908309264437,0.5427404580427658,0.27815037288367783
0.0,15,handcrafted,0.9935802469135803,sybil,1.0,1.0,0.6,1.0,0.7499999999999999,0.836184478567635,0.6014669560228416,0.2347175225447934
0.0,15,learned,0.9995061728395062,blackhole,1.0,1.0,1.0,1.0,1.0,0.8260908390005318,0.4221901042065537,0.40390073479397814
0.0,15,learned,0.9995061728395062,selective_forwarding,0.9909297052154195,0.8095238095238094,1.0,0.3333333333333333,0.5,0.09267901966146433,0.18600474909203493,-0.0933257294305706
0.0,15,learned,0.9995061728395062,sinkhole,1.0,1.0,1.0,1.0,1.0,0.8615338275427891,0.10842789533653273,0.7531059322062563
0.0,15,learned,0.9995061728395062,wormhole,1.0,1.0,1.0,1.0,1.0,0.9082835497839281,0.07177563263769826,0.8365079171462299
0.0,15,learned,0.9995061728395062,sybil,1.0,1.0,1.0,1.0,1.0,0.7531128263930353,0.10213997105941877,0.6509728553336166
0.0,16,handcrafted,0.9891358024691358,blackhole,1.0,1.0,1.0,1.0,1.0,0.9554440748235792,0.07327055836927948,0.8821735164542996
0.0,16,handcrafted,0.9891358024691358,selective_forwarding,0.9773242630385488,0.40277777777777773,0.14285714285714285,1.0,0.25,0.7552513444015003,0.9449481608812699,-0.18969681647976955
0.0,16,handcrafted,0.9891358024691358,sinkhole,1.0,1.0,0.42857142857142855,1.0,0.6,0.9182483504596975,0.7132550680742917,0.20499328238540582
0.0,16,handcrafted,0.9891358024691358,wormhole,1.0,1.0,0.75,1.0,0.8571428571428571,0.8307122743337736,0.5177067555197526,0.31300551881402094
0.0,16,handcrafted,0.9891358024691358,sybil,1.0,1.0,0.3,1.0,0.4615384615384615,0.9134208275017164,0.5301877538586446,0.3832330736430718
0.0,16,learned,0.9995061728395062,blackhole,1.0,1.0,1.0,1.0,1.0,0.7925857302454653,0.2724102491066241,0.5201754811388413
0.0,16,learned,0.9995061728395062,selective_forwarding,0.9909297052154195,0.8095238095238094,1.0,0.6666666666666666,0.8,0.13839674152879045,0.207273138200615,-0.06887639667182455
0.0,16,learned,0.9995061728395062,sinkhole,1.0,1.0,0.75,1.0,0.8571428571428571,0.8909559373095276,0.5260768863123437,0.3648790509971839
0.0,16,learned,0.9995061728395062,wormhole,1.0,1.0,1.0,1.0,1.0,0.7944100139590617,0.11627602741286566,0.678133986546196
0.0,16,learned,0.9995061728395062,sybil,1.0,1.0,1.0,1.0,1.0,0.8806428922707207,0.05049380585810143,0.8301490864126192
0.0,17,handcrafted,0.9703703703703703,blackhole,1.0,1.0,1.0,1.0,1.0,0.9466041537783532,0.09362966919816695,0.8529744845801862
0.0,17,handcrafted,0.9703703703703703,selective_forwarding,0.9342403628117913,0.27272727272727276,0.11538461538461539,1.0,0.20689655172413793,0.5810389100255415,0.9792493441317958,-0.39821043410625423
0.0,17,handcrafted,0.9703703703703703,sinkhole,1.0,1.0,0.375,1.0,0.5454545454545454,0.8427807888531135,0.629733408668845,0.2130473801842685
0.0,17,handcrafted,0.9703703703703703,wormhole,1.0,1.0,1.0,1.0,1.0,0.8246164786927755,0.4867691621981935,0.33784731649458205
0.0,17,handcrafted,0.9703703703703703,sybil,1.0,1.0,1.0,1.0,1.0,0.8721450936234354,0.5435716284132637,0.3285734652101717
0.0,17,learned,0.985679012345679,blackhole,1.0,1.0,1.0,1.0,1.0,0.8408567842830151,0.41729418210932573,0.4235626021736894
0.0,17,learned,0.985679012345679,selective_forwarding,0.9365079365079365,0.5888888888888889,0.0,0.0,0.0,0.023687986722613002,0.3341348797874795,-0.3104468930648665
0.0,17,learned,0.985679012345679,sinkhole,1.0,1.0,1.0,1.0,1.0,0.8177306379196878,0.31658212822004667,0.5011485096996411
0.0,17,learned,0.985679012345679,wormhole,1.0,1.0,1.0,1.0,1.0,0.7951191822288697,0.04402075839572641,0.7510984238331433
0.0,17,learned,0.985679012345679,sybil,1.0,1.0,1.0,1.0,1.0,0.6934941665126424,0.11540964297777573,0.5780845235348666
0.0,18,handcrafted,0.9911111111111112,blackhole,1.0,1.0,1.0,1.0,1.0,0.9443733470313602,0.01589171449897336,0.9284816325323869
0.0,18,handcrafted,0.9911111111111112,selective_forwarding,0.9750566893424036,0.7380952380952381,0.15,1.0,0.2608695652173913,0.6433667113410654,0.9359179512671851,-0.29255123992611975
0.0,18,handcrafted,0.9911111111111112,sinkhole,1.0,1.0,1.0,1.0,1.0,0.8377730162922873,0.7268751204435434,0.11089789584874388
0.0,18,handcrafted,0.9911111111111112,wormhole,1.0,1.0,1.0,1.0,1.0,0.8461530436800482,0.49612836318824416,0.350024680491804
0.0,18,handcrafted,0.9911111111111112,sybil,1.0,1.0,0.75,1.0,0.8571428571428571,0.9054303256575844,0.5194702964668348,0.38596002919074957
0.0,18,learned,0.997037037037037,blackhole,1.0,1.0,1.0,1.0,1.0,0.8052150870911597,0.17202081647408596,0.6331942706170738
0.0,18,learned,0.997037037037037,selective_forwarding,0.9727891156462585,0.7333333333333334,0.0,0.0,0.0,0.04669652776694167,0.19457822045041165,-0.14788169268346998
0.0,18,learned,0.997037037037037,sinkhole,1.0,1.0,1.0,1.0,1.0,0.7900652365157095,0.08498857943034284,0.7050766570853666
0.0,18,learned,0.997037037037037,wormhole,1.0,1.0,1.0,1.0,1.0,0.7585786420494494,0.059473339037187364,0.699105303012262
0.0,18,learned,0.997037037037037,sybil,1.0,1.0,1.0,1.0,1.0,0.869647811817516,0.028074345355908456,0.8415734664616076
0.0,19,handcrafted,0.9782716049382716,blackhole,1.0,1.0,1.0,1.0,1.0,0.951041522663343,0.0206068685921041,0.9304346540712388
0.0,19,handcrafted,0.9782716049382716,selective_forwarding,0.9727891156462585,0.37777777777777777,0.15,1.0,0.2608695652173913,0.6752219261562529,0.9830025868761849,-0.30778066071993204
0.0,19,handcrafted,0.9782716049382716,sinkhole,1.0,1.0,1.0,1.0,1.0,0.8692387271260251,0.4793562580403164,0.3898824690857087
0.0,19,handcrafted,0.9782716049382716,wormhole,1.0,1.0,0.75,1.0,0.8571428571428571,0.8459134927179758,0.7312012966878055,0.11471219603017024
0.0,19,handcrafted,0.9782716049382716,sybil,1.0,1.0,0.75,1.0,0.8571428571428571,0.8930326094077975,0.5111668504229281,0.3818657589848694
0.0,19,learned,0.988641975308642,blackhole,1.0,1.0,1.0,1.0,1.0,0.7855022487911787,0.1814773414501724,0.6040249073410062
0.0,19,learned,0.988641975308642,selective_forwarding,0.9659863945578231,0.4983164983164983,0.0,0.0,0.0,0.04361255409553483,0.21407568355136314,-0.1704631294558283
0.0,19,learned,0.988641975308642,sinkhole,1.0,1.0,1.0,1.0,1.0,0.6791607190680075,0.030789310047479184,0.6483714090205283
0.0,19,learned,0.988641975308642,wormhole,1.0,1.0,0.6,1.0,0.7499999999999999,0.9010633592485399,0.7045454828711264,0.19651787637741347
0.0,19,learned,0.988641975308642,sybil,1.0,1.0,1.0,1.0,1.0,0.8142510524898552,0.04159306313535356,0.7726579893545016
0.0,20,handcrafted,0.9669135802469135,blackhole,1.0,1.0,1.0,1.0,1.0,0.9517504728343403,0.08527451787011746,0.8664759549642229
0.0,20,handcrafted,0.9669135802469135,selective_forwarding,0.9569160997732427,0.4791666666666667,0.16666666666666666,1.0,0.2857142857142857,0.6457562727525229,0.9664989569192005,-0.3207426841666776
0.0,20,handcrafted,0.9669135802469135,sinkhole,1.0,1.0,0.375,1.0,0.5454545454545454,0.8430386988275922,0.8158374419490093,0.02720125687858288
0.0,20,handcrafted,0.9669135802469135,wormhole,1.0,1.0,0.75,1.0,0.8571428571428571,0.8218337856435312,0.5024835647700164,0.3193502208735147
0.0,20,handcrafted,0.9669135802469135,sybil,1.0,1.0,0.75,1.0,0.8571428571428571,0.8988200408399178,0.5110131688804815,0.3878068719594363
0.0,20,learned,0.9901234567901235,blackhole,1.0,1.0,1.0,1.0,1.0,0.7988857265994136,0.48905828596347917,0.3098274406359344
0.0,20,learned,0.9901234567901235,selective_forwarding,0.9682539682539683,0.6180555555555555,0.0,0.0,0.0,0.039239160697535705,0.37540148882745167,-0.336162328129916
0.0,20,learned,0.9901234567901235,sinkhole,1.0,1.0,0.75,1.0,0.8571428571428571,0.8614329920387611,0.6537706347443387,0.2076623572944224
0.0,20,learned,0.9901234567901235,wormhole,1.0,1.0,1.0,1.0,1.0,0.7656904619199004,0.058490950946640245,0.7071995109732602
0.0,20,learned,0.9901234567901235,sybil,1.0,1.0,1.0,1.0,1.0,0.8556396453629809,0.037247732634096455,0.8183919127288845
0.0,21,handcrafted,0.9841975308641975,blackhole,1.0,1.0,1.0,1.0,1.0,0.9431472433711108,0.08368166509068012,0.8594655782804307
0.0,21,handcrafted,0.9841975308641975,selective_forwarding,0.9841269841269841,0.4444444444444444,0.21428571428571427,1.0,0.35294117647058826,0.7170681125257589,0.9816427570459848,-0.26457464452022594
0.0,21,handcrafted,0.9841975308641975,sinkhole,1.0,1.0,0.6,1.0,0.7499999999999999,0.914937787441529,0.5919190771306692,0.3230187103108598
0.0,21,handcrafted,0.9841975308641975,wormhole,1.0,1.0,0.75,1.0,0.8571428571428571,0.8285888545323002,0.5211314138257248,0.30745744070657544
0.0,21,handcrafted,0.9841975308641975,sybil,1.0,1.0,0.75,1.0,0.8571428571428571,0.8279187906841217,0.5756156569354748,0.2523031337486469
0.0,21,learned,1.0,blackhole,1.0,1.0,0.75,1.0,0.8571428571428571,0.8092510957547245,0.6009015266105766,0.20834956914414793
0.0,21,learned,1.0,selective_forwarding,1.0,1.0,0.0,0.0,0.0,0.3033717796481488,0.25464901921751965,0.048722760430629175
0.0,21,learned,1.0,sinkhole,1.0,1.0,1.0,1.0,1.0,0.9169792461327699,0.04247702518466463,0.8745022209481053
0.0,21,learned,1.0,wormhole,1.0,1.0,1.0,1.0,1.0,0.8271920582153083,0.11654179069383974,0.7106502675214685
0.0,21,learned,1.0,sybil,1.0,1.0,1.0,1.0,1.0,0.7854271578715804,0.1321532979183515,0.6532738599532288
0.0,22,handcrafted,0.9955555555555555,blackhole,1.0,1.0,1.0,1.0,1.0,0.9518145313039377,0.010331931001666048,0.9414826003022716
0.0,22,handcrafted,0.9955555555555555,selective_forwarding,0.9931972789115646,0.7555555555555555,0.17647058823529413,1.0,0.3,0.8018842055113317,0.9596061088313933,-0.15772190332006164
0.0,22,handcrafted,0.9955555555555555,sinkhole,1.0,1.0,0.5,1.0,0.6666666666666666,0.8751615664730332,0.5539407562900848,0.32122081018294846
0.0,22,handcrafted,0.9955555555555555,wormhole,1.0,1.0,0.42857142857142855,1.0,0.6,0.8290874531575106,0.5742222281389093,0.2548652250186013
0.0,22,handcrafted,0.9955555555555555,sybil,1.0,1.0,0.6,1.0,0.7499999999999999,0.8665684934596807,0.5356324169515174,0.33093607650816326
0.0,22,learned,0.9985185185185185,blackhole,1.0,1.0,1.0,1.0,1.0,0.8431984524095879,0.11517511471166537,0.7280233376979225
0.0,22,learned,0.9985185185185185,selective_forwarding,0.981859410430839,0.5873015873015873,0.0,0.0,0.0,0.08647460317262122,0.19834589338816633,-0.11187129021554511
0.0,22,learned,0.9985185185185185,sinkhole,1.0,1.0,1.0,1.0,1.0,0.8273487502473799,0.16470808475316684,0.662640665494213
0.0,22,learned,0.9985185185185185,wormhole,1.0,1.0,1.0,1.0,1.0,0.8673408572710781,0.10549982550453851,0.7618410317665396
0.0,22,learned,0.9985185185185185,sybil,1.0,1.0,1.0,1.0,1.0,0.8284441461198574,0.09034129147155731,0.7381028546483
0.0,23,handcrafted,0.9920987654320987,blackhole,1.0,1.0,1.0,1.0,1.0,0.9499099295007114,0.013989443570616619,0.9359204859300948
0.0,23,handcrafted,0.9920987654320987,selective_forwarding,1.0,1.0,0.1875,1.0,0.3157894736842105,0.8976247396666908,0.8885228136711721,0.009101925995518623
0.0,23,handcrafted,0.9920987654320987,sinkhole,1.0,1.0,0.5,1.0,0.6666666666666666,0.8799654775332495,0.5243847866743565,0.355580690858893
0.0,23,handcrafted,0.9920987654320987,wormhole,1.0,1.0,0.75,1.0,0.8571428571428571,0.8303020205869774,0.5717925680831937,0.25850945250378377
0.0,23,handcrafted,0.9920987654320987,sybil,1.0,1.0,0.75,1.0,0.8571428571428571,0.8380558701337708,0.5286503307928061,0.3094055393409647
0.0,23,learned,0.9995061728395062,blackhole,1.0,1.0,1.0,1.0,1.0,0.8069558035091258,0.18228682026847706,0.6246689832406487
0.0,23,learned,0.9995061728395062,selective_forwarding,0.9931972789115646,0.7555555555555555,0.0,0.0,0.0,0.11932127590543612,0.19284306171572224,-0.07352178581028612
0.0,23,learned,0.9995061728395062,sinkhole,1.0,1.0,1.0,1.0,1.0,0.7154925822771411,0.04854302189538165,0.6669495603817595
0.0,23,learned,0.9995061728395062,wormhole,1.0,1.0,1.0,1.0,1.0,0.7985141629639269,0.12227898578365064,0.6762351771802763
0.0,23,learned,0.9995061728395062,sybil,1.0,1.0,1.0,1.0,1.0,0.6771116653958159,0.051479567549473984,0.6256320978463419
0.0,24,handcrafted,0.9674074074074074,blackhole,1.0,1.0,1.0,1.0,1.0,0.9522600119572664,0.07879406409694222,0.8734659478603242
0.0,24,handcrafted,0.9674074074074074,selective_forwarding,0.963718820861678,0.2686868686868687,0.15,1.0,0.2608695652173913,0.7346430765539301,0.9501884416303685,-0.2155453650764384
0.0,24,handcrafted,0.9674074074074074,sinkhole,1.0,1.0,0.375,1.0,0.5454545454545454,0.8318935270428979,0.6871129774655522,0.14478054957734565
0.0,24,handcrafted,0.9674074074074074,wormhole,1.0,1.0,1.0,1.0,1.0,0.8968450794560567,0.6381813507867109,0.25866372866934584
0.0,24,handcrafted,0.9674074074074074,sybil,1.0,1.0,0.75,1.0,0.8571428571428571,0.8358056114352432,0.5309208771169407,0.30488473431830254
0.0,24,learned,0.9950617283950617,blackhole,1.0,1.0,0.75,1.0,0.8571428571428571,0.7883546738395069,0.5796161451908804,0.2087385286486264
0.0,24,learned,0.9950617283950617,selective_forwarding,0.9750566893424036,0.5396825396825397,0.0,0.0,0.0,0.09302536783342465,0.21099666402919057,-0.11797129619576592
0.0,24,learned,0.9950617283950617,sinkhole,1.0,1.0,1.0,1.0,1.0,0.5904319806798134,0.44640698070310214,0.14402499997671125
0.0,24,learned,0.9950617283950617,wormhole,1.0,1.0,1.0,1.0,1.0,0.8840215682969581,0.4583297717653209,0.4256917965316372
0.0,24,learned,0.9950617283950617,sybil,1.0,1.0,1.0,1.0,1.0,0.7872197713432565,0.04503794467960499,0.7421818266636515
0.0,25,handcrafted,0.9812345679012345,blackhole,1.0,1.0,1.0,1.0,1.0,0.9726265713240472,0.09534536090577372,0.8772812104182734
0.0,25,handcrafted,0.9812345679012345,selective_forwarding,0.9591836734693877,0.32142857142857145,0.125,1.0,0.2222222222222222,0.6774834601640356,0.9218507338461073,-0.24436727368207167
0.0,25,handcrafted,0.9812345679012345,sinkhole,1.0,1.0,0.5,1.0,0.6666666666666666,0.9157859871276373,0.6659893986350754,0.2497965884925618
0.0,25,handcrafted,0.9812345679012345,wormhole,1.0,1.0,0.375,1.0,0.5454545454545454,0.841668787518296,0.7203236405211226,0.12134514699717336
0.0,25,handcrafted,0.9812345679012345,sybil,1.0,1.0,1.0,1.0,1.0,0.8614371341158347,0.4662430097297073,0.3951941243861274
0.0,25,learned,0.9935802469135803,blackhole,1.0,1.0,1.0,1.0,1.0,0.8655065963498316,0.33190839996178656,0.5335981963880451
0.0,25,learned,0.9935802469135803,selective_forwarding,0.9841269841269841,0.7666666666666666,1.0,0.3333333333333333,0.5,0.06444420603258921,0.13444187812538871,-0.0699976720927995
0.0,25,learned,0.9935802469135803,sinkhole,1.0,1.0,1.0,1.0,1.0,0.8923852463412615,0.35064483910858535,0.5417404072326761
0.0,25,learned,0.9935802469135803,wormhole,1.0,1.0,0.75,1.0,0.8571428571428571,0.7583065299065551,0.593057962190354,0.1652485677162011
0.0,25,learned,0.9935802469135803,sybil,1.0,1.0,1.0,1.0,1.0,0.7873751149092293,0.032372981982959674,0.7550021329262696
0.0,26,handcrafted,0.9728395061728395,blackhole,1.0,1.0,1.0,1.0,1.0,0.9648997183207134,0.007693554561672861,0.9572061637590406
0.0,26,handcrafted,0.9728395061728395,selective_forwarding,0.9591836734693877,0.6055555555555555,0.15,1.0,0.2608695652173913,0.5143387583516604,0.9191442624004592,-0.4048055040487988
0.0,26,handcrafted,0.9728395061728395,sinkhole,1.0,1.0,0.42857142857142855,1.0,0.6,0.9423539174305189,0.730126318737515,0.2122275986930039
0.0,26,handcrafted,0.9728395061728395,wormhole,1.0,1.0,0.6,1.0,0.7499999999999999,0.8414813305897417,0.6607183529268466,0.18076297766289517
0.0,26,handcrafted,0.9728395061728395,sybil,1.0,1.0,0.75,1.0,0.8571428571428571,0.887697877716128,0.5965672544672909,0.2911306232488371
0.0,26,learned,0.9787654320987654,blackhole,1.0,1.0,1.0,1.0,1.0,0.8454558030990446,0.0619557947501475,0.7835000083488971
0.0,26,learned,0.9787654320987654,selective_forwarding,0.9319727891156463,0.23290598290598288,0.0,0.0,0.0,0.023596367912969284,0.17999126760203746,-0.15639489968906817
0.0,26,learned,0.9787654320987654,sinkhole,1.0,1.0,1.0,1.0,1.0,0.8839926411846942,0.2762391547203081,0.6077534864643861
0.0,26,learned,0.9787654320987654,wormhole,1.0,1.0,0.75,1.0,0.8571428571428571,0.8296604875989693,0.5032596289599338,0.32640085863903545
0.0,26,learned,0.9787654320987654,sybil,1.0,1.0,1.0,1.0,1.0,0.9047751029644192,0.07125597405598817,0.833519128908431
0.0,27,handcrafted,0.9950617283950617,blackhole,1.0,1.0,1.0,1.0,1.0,0.9728217360361439,0.014896631385260897,0.957925104650883
0.0,27,handcrafted,0.9950617283950617,selective_forwarding,0.9977324263038548,0.9166666666666666,0.375,1.0,0.5454545454545454,0.6839732189075538,0.7593959296287974,-0.07542271072124362
0.0,27,handcrafted,0.9950617283950617,sinkhole,1.0,1.0,0.3333333333333333,1.0,0.5,0.8258796984351148,0.6637759416701233,0.16210375676499145
0.0,27,handcrafted,0.9950617283950617,wormhole,1.0,1.0,1.0,1.0,1.0,0.839010122745537,0.49941749877290487,0.3395926239726321
0.0,27,handcrafted,0.9950617283950617,sybil,1.0,1.0,0.5,1.0,0.6666666666666666,0.843905931730491,0.6109773754620947,0.23292855626839626
0.0,27,learned,0.9955555555555555,blackhole,1.0,1.0,1.0,1.0,1.0,0.8437737646179682,0.14033258555774977,0.7034411790602184
0.0,27,learned,0.9955555555555555,selective_forwarding,0.9886621315192744,0.7916666666666666,0.0,0.0,0.0,0.0458036488817455,0.15614183240183963,-0.11033818352009413
0.0,27,learned,0.9955555555555555,sinkhole,1.0,1.0,1.0,1.0,1.0,0.6369401360797304,0.2616944397106629,0.3752456963690675
0.0,27,learned,0.9955555555555555,wormhole,1.0,1.0,1.0,1.0,1.0,0.9172058824576089,0.047802735609917255,0.8694031468476917
0.0,27,learned,0.9955555555555555,sybil,1.0,1.0,1.0,1.0,1.0,0.858876946309684,0.17620436143778134,0.6826725848719026
0.0,28,handcrafted,0.9975308641975309,blackhole,1.0,1.0,1.0,1.0,1.0,0.9672915913669158,0.0527193812265958,0.91457221014032
0.0,28,handcrafted,0.9975308641975309,selective_forwarding,1.0,1.0,0.1875,1.0,0.3157894736842105,0.8392217088603243,0.8250752727038433,0.014146436156481035
0.0,28,handcrafted,0.9975308641975309,sinkhole,1.0,1.0,0.5,1.0,0.6666666666666666,0.9058716924370558,0.7038830203577691,0.20198867207928672
0.0,28,handcrafted,0.9975308641975309,wormhole,1.0,1.0,1.0,1.0,1.0,0.8691670874018449,0.4577402025442381,0.4114268848576068
0.0,28,handcrafted,0.9975308641975309,sybil,1.0,1.0,0.5,1.0,0.6666666666666666,0.8284124854597644,0.6379910170259444,0.19042146843382002
0.0,28,learned,0.9995061728395062,blackhole,1.0,1.0,1.0,1.0,1.0,0.8434236740952602,0.2999328404295302,0.54349083366573
0.0,28,learned,0.9995061728395062,selective_forwarding,1.0,1.0,0.0,0.0,0.0,0.24463058624058553,0.15648821822056527,0.08814236802002026
0.0,28,learned,0.9995061728395062,sinkhole,1.0,1.0,1.0,1.0,1.0,0.8515352409620535,0.27731158171622744,0.5742236592458261
0.0,28,learned,0.9995061728395062,wormhole,1.0,1.0,1.0,1.0,1.0,0.9064636777027065,0.057459880771454905,0.8490037969312516
0.0,28,learned,0.9995061728395062,sybil,1.0,1.0,1.0,1.0,1.0,0.8868326172831275,0.3183603655151301,0.5684722517679974
0.0,29,handcrafted,0.9851851851851852,blackhole,1.0,1.0,1.0,1.0,1.0,0.9615478381499066,0.13007580445855504,0.8314720336913516
0.0,29,handcrafted,0.9851851851851852,selective_forwarding,0.9659863945578231,0.2972582972582973,0.2,1.0,0.33333333333333337,0.5763302403623052,0.9067385960848926,-0.3304083557225874
0.0,29,handcrafted,0.9851851851851852,sinkhole,1.0,1.0,0.3,1.0,0.4615384615384615,0.8891499224053541,0.8493215099737761,0.039828412431577975
0.0,29,handcrafted,0.9851851851851852,wormhole,1.0,1.0,0.75,1.0,0.8571428571428571,0.9181951488537073,0.6027252573187717,0.31546989153493565
0.0,29,handcrafted,0.9851851851851852,sybil,1.0,1.0,0.6,1.0,0.7499999999999999,0.841611464237309,0.5457577301599967,0.2958537340773123
0.0,29,learned,0.9950617283950617,blackhole,1.0,1.0,1.0,1.0,1.0,0.8329016698490157,0.4650847567054954,0.36781691314352033
0.0,29,learned,0.9950617283950617,selective_forwarding,0.9841269841269841,0.6666666666666666,0.0,0.0,0.0,0.09806900418032337,0.16694618144995,-0.06887717726962662
0.0,29,learned,0.9950617283950617,sinkhole,1.0,1.0,0.75,1.0,0.8571428571428571,0.8467323954499639,0.7897441094624496,0.056988285987514375
0.0,29,learned,0.9950617283950617,wormhole,1.0,1.0,1.0,1.0,1.0,0.9477398004971516,0.21286527482822476,0.7348745256689269
0.0,29,learned,0.9950617283950617,sybil,1.0,1.0,1.0,1.0,1.0,0.8379437244486687,0.198306942057031,0.6396367823916377
0.0,30,handcrafted,0.9837037037037037,blackhole,1.0,1.0,1.0,1.0,1.0,0.9620961094114233,0.02216381287215662,0.9399322965392667
0.0,30,handcrafted,0.9837037037037037,selective_forwarding,0.9614512471655329,0.3333333333333333,0.1875,1.0,0.3157894736842105,0.6437956344434375,0.9714188298589043,-0.3276231954154668
0.0,30,handcrafted,0.9837037037037037,sinkhole,1.0,1.0,0.5,1.0,0.6666666666666666,0.8312133449116522,0.6551778403868498,0.17603550452480243
0.0,30,handcrafted,0.9837037037037037,wormhole,1.0,1.0,1.0,1.0,1.0,0.9185421637109226,0.49452634929732925,0.4240158144135933
0.0,30,handcrafted,0.9837037037037037,sybil,1.0,1.0,1.0,1.0,1.0,0.8331036992084784,0.5583683423670991,0.2747353568413793
0.0,30,learned,0.9906172839506173,blackhole,1.0,1.0,1.0,1.0,1.0,0.824771119890484,0.3320978443482363,0.4926732755422477
0.0,30,learned,0.9906172839506173,selective_forwarding,0.9342403628117913,0.1638888888888889,0.0,0.0,0.0,0.055721517140352485,0.2588684566619993,-0.20314693952164684
0.0,30,learned,0.9906172839506173,sinkhole,1.0,1.0,1.0,1.0,1.0,0.8581458566861877,0.10761312827341867,0.7505327284127691
0.0,30,learned,0.9906172839506173,wormhole,1.0,1.0,1.0,1.0,1.0,0.931156819286618,0.05274974806581048,0.8784070712208075
0.0,30,learned,0.9906172839506173,sybil,1.0,1.0,1.0,1.0,1.0,0.6212963075978363,0.04329072018431837,0.5780055874135179
0.2,1,handcrafted,0.9367901234567901,blackhole,1.0,1.0,1.0,1.0,1.0,0.5943330702900168,0.034808827640639264,0.5595242426493775
0.2,1,handcrafted,0.9367901234567901,selective_forwarding,0.9455782312925171,0.594017094017094,0.09523809523809523,0.6666666666666666,0.16666666666666666,0.4717077728058872,0.9678996675276242,-0.496191894721737
0.2,1,handcrafted,0.9367901234567901,sinkhole,1.0,1.0,0.375,1.0,0.5454545454545454,0.6951225028748735,0.672019063668682,0.02310343920619151
0.2,1,handcrafted,0.9367901234567901,wormhole,1.0,1.0,0.75,1.0,0.8571428571428571,0.7833188596029411,0.5350132262246525,0.2483056333782886
0.2,1,handcrafted,0.9367901234567901,sybil,1.0,1.0,0.4,0.6666666666666666,0.5,0.7088881242016998,0.5654765454553091,0.14341157874639066
0.2,1,learned,0.9965432098765432,blackhole,1.0,1.0,1.0,1.0,1.0,0.8074130374596329,0.2551951364967148,0.552217900962918
0.2,1,learned,0.9965432098765432,selective_forwarding,0.9682539682539683,0.7254901960784313,0.0,0.0,0.0,0.044374238196160286,0.19160802900104393,-0.14723379080488364
0.2,1,learned,0.9965432098765432,sinkhole,1.0,1.0,1.0,0.6666666666666666,0.8,0.4977045661733127,0.3401442526352939,0.1575603135380188
0.2,1,learned,0.9965432098765432,wormhole,1.0,1.0,1.0,1.0,1.0,0.8800328885354167,0.16695821847909767,0.7130746700563191
0.2,1,learned,0.9965432098765432,sybil,1.0,1.0,1.0,1.0,1.0,0.5884489686300595,0.20093390022268995,0.3875150684073695
0.2,2,handcrafted,0.9382716049382716,blackhole,1.0,1.0,1.0,0.6666666666666666,0.8,0.4990162057085375,0.03326912086472802,0.4657470848438095
0.2,2,handcrafted,0.9382716049382716,selective_forwarding,0.9546485260770975,0.7101449275362319,0.1,0.6666666666666666,0.1739130434782609,0.4826802660720257,0.9034069727634866,-0.4207267066914609
0.2,2,handcrafted,0.9382716049382716,sinkhole,1.0,1.0,0.5,1.0,0.6666666666666666,0.6853786126036185,0.6389042485697836,0.04647436403383498
0.2,2,handcrafted,0.9382716049382716,wormhole,1.0,1.0,0.6,1.0,0.7499999999999999,0.7360586997661042,0.6889360097126893,0.04712269005341485
0.2,2,handcrafted,0.9382716049382716,sybil,1.0,1.0,0.5,1.0,0.6666666666666666,0.7094286755905322,0.5648848200327354,0.1445438555577968
0.2,2,learned,0.9920987654320987,blackhole,1.0,1.0,1.0,1.0,1.0,0.8026252398668102,0.3332920767324144,0.4693331631343958
0.2,2,learned,0.9920987654320987,selective_forwarding,0.9659863945578231,0.7222222222222222,0.0,0.0,0.0,0.034828689798009724,0.19276055809883896,-0.15793186830082923
0.2,2,learned,0.9920987654320987,sinkhole,1.0,1.0,1.0,1.0,1.0,0.5932504666679437,0.2265589698566869,0.3666914968112568
0.2,2,learned,0.9920987654320987,wormhole,1.0,1.0,0.75,1.0,0.8571428571428571,0.7801568016756121,0.6512865557451594,0.1288702459304527
0.2,2,learned,0.9920987654320987,sybil,1.0,1.0,1.0,1.0,1.0,0.6743625989219991,0.16623571080358357,0.5081268881184156
0.2,3,handcrafted,0.957037037037037,blackhole,1.0,1.0,1.0,1.0,1.0,0.6831893756309059,0.04018939414200306,0.6429999814889028
0.2,3,handcrafted,0.957037037037037,selective_forwarding,0.9727891156462585,0.3686868686868687,0.1875,1.0,0.3157894736842105,0.622137674821867,0.982147389650013,-0.36000971482814603
0.2,3,handcrafted,0.957037037037037,sinkhole,1.0,1.0,0.3,1.0,0.4615384615384615,0.7829773346392546,0.7329320382557305,0.05004529638352406
0.2,3,handcrafted,0.957037037037037,wormhole,1.0,1.0,0.6,1.0,0.7499999999999999,0.7433282044999455,0.5325929286431643,0.2107352758567812
0.2,3,handcrafted,0.957037037037037,sybil,1.0,1.0,0.5,1.0,0.6666666666666666,0.6784688381568791,0.560165320469871,0.11830351768700809
0.2,3,learned,0.9896296296296296,blackhole,1.0,1.0,0.6,1.0,0.7499999999999999,0.8154567170344333,0.5711058440840779,0.2443508729503554
0.2,3,learned,0.9896296296296296,selective_forwarding,0.9727891156462585,0.6269841269841269,0.0,0.0,0.0,0.0362144145477329,0.24096586534882963,-0.20475145080109675
0.2,3,learned,0.9896296296296296,sinkhole,1.0,1.0,0.75,1.0,0.8571428571428571,0.6772875132246341,0.5820320145106738,0.09525549871396033
0.2,3,learned,0.9896296296296296,wormhole,1.0,1.0,1.0,1.0,1.0,0.8073776907124894,0.2257982561029212,0.5815794346095682
0.2,3,learned,0.9896296296296296,sybil,1.0,1.0,1.0,0.6666666666666666,0.8,0.4485006914682485,0.11276652876501751,0.335734162703231
0.2,4,handcrafted,0.971358024691358,blackhole,1.0,1.0,1.0,1.0,1.0,0.7326541413420797,0.03125451368654521,0.7013996276555345
0.2,4,handcrafted,0.971358024691358,selective_forwarding,0.9909297052154195,0.8095238095238094,0.17647058823529413,1.0,0.3,0.744698689059749,0.9141876147884371,-0.16948892572868812
0.2,4,handcrafted,0.971358024691358,sinkhole,1.0,1.0,0.3333333333333333,0.6666666666666666,0.4444444444444444,0.7276749494926753,0.722452149369025,0.005222800123650284
0.2,4,handcrafted,0.971358024691358,wormhole,1.0,1.0,0.6,1.0,0.7499999999999999,0.7119106189201226,0.5099981748751344,0.2019124440449882
0.2,4,handcrafted,0.971358024691358,sybil,1.0,1.0,0.6,1.0,0.7499999999999999,0.687059985346804,0.5592756196968237,0.1277843656499803
0.2,4,learned,0.994567901234568,blackhole,1.0,1.0,1.0,1.0,1.0,0.8759994501349675,0.3725182456466988,0.5034812044882687
0.2,4,learned,0.994567901234568,selective_forwarding,0.9909297052154195,0.8095238095238094,0.0,0.0,0.0,0.0823435098577878,0.1232175702546049,-0.04087406039681711
0.2,4,learned,0.994567901234568,sinkhole,1.0,1.0,0.75,1.0,0.8571428571428571,0.614440661779875,0.5965304173978181,0.017910244382056906
0.2,4,learned,0.994567901234568,wormhole,1.0,1.0,1.0,1.0,1.0,0.7215889208164501,0.13312207402650966,0.5884668467899404
0.2,4,learned,0.994567901234568,sybil,1.0,1.0,1.0,1.0,1.0,0.6504455758903835,0.16899744451472962,0.4814481313756539
0.2,5,handcrafted,0.9545679012345679,blackhole,1.0,1.0,1.0,1.0,1.0,0.6549454258445347,0.030629233405805787,0.6243161924387289
0.2,5,handcrafted,0.9545679012345679,selective_forwarding,0.9977324263038548,0.9166666666666666,0.13636363636363635,1.0,0.24000000000000002,0.9385208234003276,0.9473260224254872,-0.008805199025159638
0.2,5,handcrafted,0.9545679012345679,sinkhole,1.0,1.0,0.6,1.0,0.7499999999999999,0.8010383803246677,0.6202836329818697,0.18075474734279795
0.2,5,handcrafted,0.9545679012345679,wormhole,1.0,1.0,0.75,1.0,0.8571428571428571,0.7052370698472434,0.5261382505640009,0.17909881928324256
0.2,5,handcrafted,0.9545679012345679,sybil,1.0,1.0,0.75,1.0,0.8571428571428571,0.7575563159390871,0.6021085065506941,0.15544780938839298
0.2,5,learned,1.0,blackhole,1.0,1.0,1.0,1.0,1.0,0.8356989228107228,0.3490596384150296,0.48663928439569315
0.2,5,learned,1.0,selective_forwarding,1.0,1.0,0.0,0.0,0.0,0.29076564304100966,0.2157459123407913,0.07501973070021836
0.2,5,learned,1.0,sinkhole,1.0,1.0,1.0,1.0,1.0,0.8358700221898007,0.24886579253491717,0.5870042296548835
0.2,5,learned,1.0,wormhole,1.0,1.0,1.0,1.0,1.0,0.7600349685704627,0.14246998159681026,0.6175649869736525
0.2,5,learned,1.0,sybil,1.0,1.0,1.0,1.0,1.0,0.810881604867782,0.24811910523246927,0.5627624996353128
0.2,6,handcrafted,0.9530864197530864,blackhole,1.0,1.0,1.0,1.0,1.0,0.6317784343228147,0.00601526575840643,0.6257631685644083
0.2,6,handcrafted,0.9530864197530864,selective_forwarding,0.9977324263038548,0.9166666666666666,0.2,1.0,0.33333333333333337,0.7232053054207883,0.7519840714637928,-0.028778766043004445
0.2,6,handcrafted,0.9530864197530864,sinkhole,1.0,1.0,0.6,1.0,0.7499999999999999,0.7250725074336738,0.588824643956762,0.13624786347691176
0.2,6,handcrafted,0.9530864197530864,wormhole,1.0,1.0,0.375,1.0,0.5454545454545454,0.7452594970773117,0.6904325705260956,0.054826926551216015
0.2,6,handcrafted,0.9530864197530864,sybil,1.0,1.0,0.75,1.0,0.8571428571428571,0.6928545016823111,0.5197540637108433,0.1731004379714678
0.2,6,learned,0.985679012345679,blackhole,1.0,1.0,1.0,1.0,1.0,0.8397036029336175,0.0737825515447005,0.765921051388917
0.2,6,learned,0.985679012345679,selective_forwarding,0.9727891156462585,0.33134920634920634,0.0,0.0,0.0,0.05814510238681538,0.15915316505027505,-0.10100806266345966
0.2,6,learned,0.985679012345679,sinkhole,1.0,1.0,1.0,1.0,1.0,0.545691671151828,0.13616729730795465,0.4095243738438734
0.2,6,learned,0.985679012345679,wormhole,1.0,1.0,0.75,1.0,0.8571428571428571,0.8682141160529296,0.5943244802660343,0.2738896357868953
0.2,6,learned,0.985679012345679,sybil,1.0,1.0,1.0,1.0,1.0,0.5934651402376043,0.09599657108605565,0.4974685691515487
0.2,7,handcrafted,0.9293827160493827,blackhole,1.0,1.0,1.0,1.0,1.0,0.6398517034053838,0.04126428929335207,0.5985874141120318
0.2,7,handcrafted,0.9293827160493827,selective_forwarding,0.981859410430839,0.611111111111111,0.13043478260869565,1.0,0.23076923076923078,0.7507582616257141,0.9828763296221625,-0.2321180679964484
0.2,7,handcrafted,0.9293827160493827,sinkhole,1.0,1.0,0.5,1.0,0.6666666666666666,0.7528186762500071,0.5907942384936806,0.16202443775632647
0.2,7,handcrafted,0.9293827160493827,wormhole,1.0,1.0,0.75,1.0,0.8571428571428571,0.6735989780504497,0.5915332837003666,0.08206569435008304
0.2,7,handcrafted,0.9293827160493827,sybil,1.0,1.0,0.6,1.0,0.7499999999999999,0.6878766168505751,0.5407556149118897,0.14712100193868538
0.2,7,learned,0.9916049382716049,blackhole,1.0,1.0,0.75,1.0,0.8571428571428571,0.7832432959759071,0.5021267833989114,0.28111651257699577
0.2,7,learned,0.9916049382716049,selective_forwarding,0.9750566893424036,0.37777777777777777,0.0,0.0,0.0,0.09467523070873955,0.36490203995039844,-0.27022680924165887
0.2,7,learned,0.9916049382716049,sinkhole,1.0,1.0,1.0,1.0,1.0,0.5742254552132818,0.21212107778768066,0.3621043774256012
0.2,7,learned,0.9916049382716049,wormhole,1.0,1.0,1.0,1.0,1.0,0.6152114404704249,0.378496117919323,0.23671532255110184
0.2,7,learned,0.9916049382716049,sybil,1.0,1.0,1.0,1.0,1.0,0.557702212250512,0.11354877830470028,0.4441534339458117
0.2,8,handcrafted,0.9520987654320988,blackhole,1.0,1.0,1.0,1.0,1.0,0.7136176551405017,0.022671671699022938,0.6909459834414787
0.2,8,handcrafted,0.9520987654320988,selective_forwarding,0.9750566893424036,0.42424242424242425,0.15,1.0,0.2608695652173913,0.6873403471968692,0.9823519219495128,-0.2950115747526436
0.2,8,handcrafted,0.9520987654320988,sinkhole,1.0,1.0,0.3,1.0,0.4615384615384615,0.7552772326705927,0.6553676802019097,0.09990955246868294
0.2,8,handcrafted,0.9520987654320988,wormhole,1.0,1.0,0.75,1.0,0.8571428571428571,0.7037943754561967,0.6210049506106559,0.08278942484554086
0.2,8,handcrafted,0.9520987654320988,sybil,1.0,1.0,0.375,1.0,0.5454545454545454,0.7159108032176366,0.5988683914245786,0.11704241179305797
0.2,8,learned,0.9906172839506173,blackhole,1.0,1.0,1.0,1.0,1.0,0.8818832077947119,0.4451055563938983,0.43677765140081354
0.2,8,learned,0.9906172839506173,selective_forwarding,0.9705215419501134,0.5714285714285714,0.0,0.0,0.0,0.06263422712873364,0.2645527727977013,-0.20191854566896766
0.2,8,learned,0.9906172839506173,sinkhole,1.0,1.0,1.0,1.0,1.0,0.6328800652587193,0.4704014862712972,0.16247857898742213
0.2,8,learned,0.9906172839506173,wormhole,1.0,1.0,1.0,1.0,1.0,0.7439022433909825,0.18897540820783307,0.5549268351831494
0.2,8,learned,0.9906172839506173,sybil,1.0,1.0,1.0,1.0,1.0,0.5465410827108699,0.333528454300798,0.21301262841007185
0.2,9,handcrafted,0.9639506172839506,blackhole,1.0,1.0,1.0,1.0,1.0,0.6590257606307368,0.008403925464196252,0.6506218351665406
0.2,9,handcrafted,0.9639506172839506,selective_forwarding,0.9909297052154195,0.8095238095238094,0.21428571428571427,1.0,0.35294117647058826,0.7334273805139611,0.8919943164427593,-0.15856693592879822
0.2,9,handcrafted,0.9639506172839506,sinkhole,0.9909297052154195,0.5888888888888889,0.3,1.0,0.4615384615384615,0.7073022462465718,0.8492861217008707,-0.1419838754542989
0.2,9,handcrafted,0.9639506172839506,wormhole,1.0,1.0,1.0,1.0,1.0,0.7090417741744985,0.4812891882893638,0.22775258588513475
0.2,9,handcrafted,0.9639506172839506,sybil,1.0,1.0,0.75,1.0,0.8571428571428571,0.6995462028554489,0.5157023617327898,0.18384384112265906
0.2,9,learned,0.9881481481481481,blackhole,1.0,1.0,1.0,1.0,1.0,0.8262113001947018,0.08726006563759768,0.7389512345571041
0.2,9,learned,0.9881481481481481,selective_forwarding,0.9750566893424036,0.5444444444444444,0.0,0.0,0.0,0.07473637378579963,0.1716496179034846,-0.09691324411768497
0.2,9,learned,0.9881481481481481,sinkhole,0.9931972789115646,0.6388888888888888,0.75,1.0,0.8571428571428571,0.5393334277686855,0.928870843054576,-0.3895374152858905
0.2,9,learned,0.9881481481481481,wormhole,1.0,1.0,1.0,1.0,1.0,0.647936388355556,0.09446638608821335,0.5534700022673427
0.2,9,learned,0.9881481481481481,sybil,1.0,1.0,1.0,1.0,1.0,0.5656089438740366,0.07207717197659774,0.49353177189743885
0.2,10,handcrafted,0.9501234567901234,blackhole,1.0,1.0,1.0,1.0,1.0,0.6797368649938986,0.024107095835049257,0.6556297691588494
0.2,10,handcrafted,0.9501234567901234,selective_forwarding,0.9387755102040817,0.1977124183006536,0.1875,1.0,0.3157894736842105,0.501880330198854,0.9648442839816074,-0.46296395378275335
0.2,10,handcrafted,0.9501234567901234,sinkhole,1.0,1.0,0.6,1.0,0.7499999999999999,0.7375114937564817,0.6224385443385958,0.11507294941788593
0.2,10,handcrafted,0.9501234567901234,wormhole,1.0,1.0,1.0,1.0,1.0,0.7109784510597537,0.6611923142150054,0.04978613684474831
0.2,10,handcrafted,0.9501234567901234,sybil,1.0,1.0,0.5,0.6666666666666666,0.5714285714285715,0.7515765724236367,0.6390723321942987,0.11250424022933803
0.2,10,learned,0.9837037037037037,blackhole,1.0,1.0,1.0,1.0,1.0,0.8407462018596354,0.11463869905882576,0.7261075028008097
0.2,10,learned,0.9837037037037037,selective_forwarding,0.9115646258503401,0.13088235294117648,0.0,0.0,0.0,0.02367930153422509,0.1576405498210426,-0.13396124828681752
0.2,10,learned,0.9837037037037037,sinkhole,1.0,1.0,1.0,1.0,1.0,0.5896928507202986,0.14796529812087686,0.44172755259942176
0.2,10,learned,0.9837037037037037,wormhole,1.0,1.0,0.75,1.0,0.8571428571428571,0.7632811927241192,0.6798427469496401,0.08343844577447912
0.2,10,learned,0.9837037037037037,sybil,1.0,1.0,0.75,1.0,0.8571428571428571,0.6759246018086418,0.5611735630841094,0.1147510387245324
0.2,11,handcrafted,0.9214814814814815,blackhole,1.0,1.0,1.0,1.0,1.0,0.5619478650419328,0.012487524868766416,0.5494603401731665
0.2,11,handcrafted,0.9214814814814815,selective_forwarding,0.8979591836734694,0.1416666666666667,0.09523809523809523,0.6666666666666666,0.16666666666666666,0.3784514563377796,0.9791464145150712,-0.6006949581772916
0.2,11,handcrafted,0.9214814814814815,sinkhole,1.0,1.0,0.75,1.0,0.8571428571428571,0.7232639813842925,0.5283064624310293,0.1949575189532632
0.2,11,handcrafted,0.9214814814814815,wormhole,1.0,1.0,1.0,0.6666666666666666,0.8,0.7499858001641685,0.49040123112765965,0.25958456903650884
0.2,11,handcrafted,0.9214814814814815,sybil,0.9954648526077098,0.8666666666666667,0.375,1.0,0.5454545454545454,0.7032179611805034,0.7542446451884193,-0.05102668400791588
0.2,11,learned,0.9683950617283951,blackhole,1.0,1.0,1.0,1.0,1.0,0.7363935331013408,0.09093711594608042,0.6454564171552604
0.2,11,learned,0.9683950617283951,selective_forwarding,0.8934240362811792,0.11936507936507935,0.0,0.0,0.0,0.0242529204021318,0.2589132396197935,-0.2346603192176617
0.2,11,learned,0.9683950617283951,sinkhole,1.0,1.0,1.0,1.0,1.0,0.5818039184533281,0.13429977867783688,0.44750413977549125
0.2,11,learned,0.9683950617283951,wormhole,1.0,1.0,1.0,1.0,1.0,0.8807101656716475,0.11599261311848189,0.7647175525531656
0.2,11,learned,0.9683950617283951,sybil,0.9909297052154195,0.7000000000000001,0.6,1.0,0.7499999999999999,0.6663499276360362,0.7324489966882346,-0.06609906905219842
0.2,12,handcrafted,0.9861728395061728,blackhole,1.0,1.0,1.0,1.0,1.0,0.7520187740045717,0.05373774259081115,0.6982810314137606
0.2,12,handcrafted,0.9861728395061728,selective_forwarding,0.9931972789115646,0.7555555555555555,0.2,1.0,0.33333333333333337,0.8347934036735352,0.9334617609928181,-0.09866835731928292
0.2,12,handcrafted,0.9861728395061728,sinkhole,1.0,1.0,0.42857142857142855,1.0,0.6,0.7116541152111326,0.6389588889747209,0.07269522623641178
0.2,12,handcrafted,0.9861728395061728,wormhole,1.0,1.0,0.5,1.0,0.6666666666666666,0.7146755303689416,0.6155790317089015,0.09909649866004011
0.2,12,handcrafted,0.9861728395061728,sybil,1.0,1.0,0.6,1.0,0.7499999999999999,0.7124765725148695,0.5339626605435951,0.17851391197127442
0.2,12,learned,0.9985185185185185,blackhole,1.0,1.0,1.0,1.0,1.0,0.8911324817000831,0.48000862657401905,0.41112385512606403
0.2,12,learned,0.9985185185185185,selective_forwarding,0.9954648526077098,0.8055555555555555,0.0,0.0,0.0,0.17751469493228172,0.31788641333633816,-0.14037171840405643
0.2,12,learned,0.9985185185185185,sinkhole,1.0,1.0,1.0,1.0,1.0,0.6402270920556501,0.2870236387006585,0.3532034533549916
0.2,12,learned,0.9985185185185185,wormhole,1.0,1.0,1.0,1.0,1.0,0.7798070900835739,0.41643094222211885,0.363376147861455
0.2,12,learned,0.9985185185185185,sybil,1.0,1.0,1.0,1.0,1.0,0.7178732597330848,0.10636718390588804,0.6115060758271967
0.2,13,handcrafted,0.9180246913580247,blackhole,1.0,1.0,1.0,1.0,1.0,0.6082739810127233,0.02114982419179001,0.5871241568209333
0.2,13,handcrafted,0.9180246913580247,selective_forwarding,0.9365079365079365,0.4490740740740741,0.1,0.6666666666666666,0.1739130434782609,0.4581384307453217,0.9744759490247416,-0.5163375182794199
0.2,13,handcrafted,0.9180246913580247,sinkhole,1.0,1.0,0.75,1.0,0.8571428571428571,0.714390131572938,0.5744381028691773,0.13995202870376067
0.2,13,handcrafted,0.9180246913580247,wormhole,1.0,1.0,1.0,1.0,1.0,0.7295241347676988,0.5423054204996707,0.18721871426802816
0.2,13,handcrafted,0.9180246913580247,sybil,0.9977324263038548,0.9166666666666666,0.6,1.0,0.7499999999999999,0.6717955990394788,0.6974765237857221,-0.025680924746243283
0.2,13,learned,0.9718518518518519,blackhole,1.0,1.0,1.0,1.0,1.0,0.7495117908024233,0.22213759668771918,0.5273741941147041
0.2,13,learned,0.9718518518518519,selective_forwarding,0.9138321995464853,0.26458333333333334,0.0,0.0,0.0,0.018203881354874878,0.30060540907691347,-0.2824015277220386
0.2,13,learned,0.9718518518518519,sinkhole,1.0,1.0,1.0,1.0,1.0,0.537292282962922,0.24398150208836833,0.29331078087455364
0.2,13,learned,0.9718518518518519,wormhole,1.0,1.0,1.0,1.0,1.0,0.7916412555724469,0.221449255468503,0.5701920001039439
0.2,13,learned,0.9718518518518519,sybil,0.9977324263038548,0.9166666666666666,0.75,1.0,0.8571428571428571,0.5613142688458185,0.6835425139026959,-0.12222824505687746
0.2,14,handcrafted,0.9718518518518519,blackhole,1.0,1.0,1.0,1.0,1.0,0.5386662975201766,0.023059992272737525,0.5156063052474391
0.2,14,handcrafted,0.9718518518518519,selective_forwarding,0.9954648526077098,0.8055555555555555,0.16666666666666666,1.0,0.2857142857142857,0.9684919616292181,0.9783019364195962,-0.00980997479037804
0.2,14,handcrafted,0.9718518518518519,sinkhole,0.9977324263038548,0.9166666666666666,0.375,1.0,0.5454545454545454,0.6790967516500834,0.6870718385093197,-0.007975086859236313
0.2,14,handcrafted,0.9718518518518519,wormhole,1.0,1.0,1.0,1.0,1.0,0.7015883535971978,0.5126077405684306,0.18898061302876723
0.2,14,handcrafted,0.9718518518518519,sybil,1.0,1.0,0.5,1.0,0.6666666666666666,0.7642960680312362,0.6494060957013976,0.11488997232983855
0.2,14,learned,1.0,blackhole,1.0,1.0,1.0,1.0,1.0,0.7761715763666465,0.34885078100131534,0.42732079536533113
0.2,14,learned,1.0,selective_forwarding,1.0,1.0,0.0,0.0,0.0,0.26334836460646893,0.23363669375144455,0.02971167085502438
0.2,14,learned,1.0,sinkhole,1.0,1.0,1.0,1.0,1.0,0.6054189460646814,0.4982892288912815,0.10712971717339986
0.2,14,learned,1.0,wormhole,1.0,1.0,1.0,1.0,1.0,0.7801016652313807,0.14330795090175988,0.6367937143296208
0.2,14,learned,1.0,sybil,1.0,1.0,1.0,1.0,1.0,0.8357497375352358,0.2933002764330798,0.542449461102156
0.2,15,handcrafted,0.9832098765432099,blackhole,1.0,1.0,1.0,1.0,1.0,0.6818736654156164,0.040104197329911745,0.6417694680857047
0.2,15,handcrafted,0.9832098765432099,selective_forwarding,0.9886621315192744,0.6666666666666666,0.21428571428571427,1.0,0.35294117647058826,0.6664272750395398,0.9420625589556053,-0.2756352839160655
0.2,15,handcrafted,0.9832098765432099,sinkhole,1.0,1.0,0.42857142857142855,1.0,0.6,0.7726297405886982,0.6487452782657456,0.12388446232295258
0.2,15,handcrafted,0.9832098765432099,wormhole,1.0,1.0,0.6666666666666666,0.6666666666666666,0.6666666666666666,0.6949614754146602,0.5427404580427658,0.15222101737189442
0.2,15,handcrafted,0.9832098765432099,sybil,1.0,1.0,0.6,1.0,0.7499999999999999,0.7139178346661286,0.6014669560228416,0.11245087864328696
0.2,15,learned,0.9955555555555555,blackhole,1.0,1.0,1.0,1.0,1.0,0.8279036756829856,0.37258454763900734,0.4553191280439783
0.2,15,learned,0.9955555555555555,selective_forwarding,0.9863945578231292,0.7777777777777778,0.0,0.0,0.0,0.04809914441632079,0.17509025929638303,-0.12699111488006223
0.2,15,learned,0.9955555555555555,sinkhole,1.0,1.0,1.0,1.0,1.0,0.7603405736808473,0.24153354213896913,0.5188070315418781
0.2,15,learned,0.9955555555555555,wormhole,1.0,1.0,1.0,1.0,1.0,0.7663812944492845,0.15102353416625006,0.6153577602830345
0.2,15,learned,0.9955555555555555,sybil,1.0,1.0,1.0,1.0,1.0,0.7124104107941723,0.19701522235326144,0.5153951884409109
0.2,16,handcrafted,0.9580246913580247,blackhole,1.0,1.0,1.0,1.0,1.0,0.7606129559463837,0.018371118566640823,0.7422418373797428
0.2,16,handcrafted,0.9580246913580247,selective_forwarding,0.9954648526077098,0.8666666666666667,0.14285714285714285,1.0,0.25,0.8253641477582531,0.9449481608812699,-0.11958401312301681
0.2,16,handcrafted,0.9580246913580247,sinkhole,1.0,1.0,0.42857142857142855,1.0,0.6,0.7746943656775098,0.7132550680742917,0.06143929760321809
0.2,16,handcrafted,0.9580246913580247,wormhole,1.0,1.0,0.75,1.0,0.8571428571428571,0.6762935169770457,0.5177067555197526,0.158586761457293
0.2,16,handcrafted,0.9580246913580247,sybil,1.0,1.0,0.3,1.0,0.4615384615384615,0.8009607329687647,0.5301877538586446,0.2707729791101201
0.2,16,learned,0.9955555555555555,blackhole,1.0,1.0,1.0,1.0,1.0,0.8108107778253195,0.15758059786758802,0.6532301799577315
0.2,16,learned,0.9955555555555555,selective_forwarding,0.9841269841269841,0.7666666666666666,0.0,0.0,0.0,0.08480455336518428,0.1881675532215671,-0.10336299985638284
0.2,16,learned,0.9955555555555555,sinkhole,1.0,1.0,0.75,1.0,0.8571428571428571,0.8011258221588461,0.7259233425956565,0.0752024795631896
0.2,16,learned,0.9955555555555555,wormhole,1.0,1.0,1.0,1.0,1.0,0.6244495223975588,0.16509666416192614,0.45935285823563266
0.2,16,learned,0.9955555555555555,sybil,1.0,1.0,1.0,1.0,1.0,0.860296391715585,0.0952389377692879,0.7650574539462971
0.2,17,handcrafted,0.9269135802469136,blackhole,1.0,1.0,1.0,1.0,1.0,0.5738867321077602,0.03298915664611698,0.5408975754616432
0.2,17,handcrafted,0.9269135802469136,selective_forwarding,0.9546485260770975,0.43650793650793646,0.11538461538461539,1.0,0.20689655172413793,0.5783704777695508,0.9792493441317958,-0.400878866362245
0.2,17,handcrafted,0.9269135802469136,sinkhole,1.0,1.0,0.375,1.0,0.5454545454545454,0.6894225643055776,0.629733408668845,0.059689155636732605
0.2,17,handcrafted,0.9269135802469136,wormhole,1.0,1.0,1.0,1.0,1.0,0.6754927331577983,0.4867691621981935,0.18872357095960485
0.2,17,handcrafted,0.9269135802469136,sybil,1.0,1.0,1.0,1.0,1.0,0.762240049217504,0.5435716284132637,0.21866842080424032
0.2,17,learned,0.9832098765432099,blackhole,1.0,1.0,1.0,1.0,1.0,0.8469497351827902,0.3440869959165221,0.5028627392662681
0.2,17,learned,0.9832098765432099,selective_forwarding,0.9319727891156463,0.5868055555555555,0.0,0.0,0.0,0.025445850530474073,0.3190139120924064,-0.2935680615619324
0.2,17,learned,0.9832098765432099,sinkhole,1.0,1.0,1.0,1.0,1.0,0.6460867891227697,0.3942805361579789,0.2518062529647908
0.2,17,learned,0.9832098765432099,wormhole,1.0,1.0,1.0,1.0,1.0,0.5574016419669123,0.07904639106829695,0.4783552508986154
0.2,17,learned,0.9832098765432099,sybil,1.0,1.0,1.0,1.0,1.0,0.6340546309024465,0.15617717353573965,0.47787745736670684
0.2,18,handcrafted,0.9555555555555556,blackhole,1.0,1.0,1.0,1.0,1.0,0.5489019309622081,0.007577802391815819,0.5413241285703922
0.2,18,handcrafted,0.9555555555555556,selective_forwarding,0.9546485260770975,0.43650793650793646,0.10526315789473684,0.6666666666666666,0.18181818181818182,0.4713255966493734,0.9359179512671851,-0.46459235461781173
0.2,18,handcrafted,0.9555555555555556,sinkhole,0.9977324263038548,0.9166666666666666,0.75,1.0,0.8571428571428571,0.7107587876076903,0.7268751204435434,-0.01611633283585312
0.2,18,handcrafted,0.9555555555555556,wormhole,1.0,1.0,1.0,0.6666666666666666,0.8,0.7193278507854842,0.49612836318824416,0.22319948759724006
0.2,18,handcrafted,0.9555555555555556,sybil,1.0,1.0,0.75,1.0,0.8571428571428571,0.749269937387205,0.5194702964668348,0.2297996409203702
0.2,18,learned,0.9881481481481481,blackhole,1.0,1.0,1.0,1.0,1.0,0.7733107851618468,0.05673301031239546,0.7165777748494514
0.2,18,learned,0.9881481481481481,selective_forwarding,0.9387755102040817,0.23792270531400964,0.0,0.0,0.0,0.025420858262913,0.2231604984652288,-0.19773964020231583
0.2,18,learned,0.9881481481481481,sinkhole,1.0,1.0,1.0,1.0,1.0,0.5341970451069866,0.19588704732585335,0.33830999778113324
0.2,18,learned,0.9881481481481481,wormhole,1.0,1.0,1.0,1.0,1.0,0.5570369175366295,0.07811257036348085,0.4789243471731487
0.2,18,learned,0.9881481481481481,sybil,1.0,1.0,1.0,1.0,1.0,0.7167575607009279,0.05447581793363784,0.66228174276729
0.2,19,handcrafted,0.9476543209876543,blackhole,1.0,1.0,1.0,1.0,1.0,0.6519993219851685,0.014219996434521086,0.6377793255506474
0.2,19,handcrafted,0.9476543209876543,selective_forwarding,0.9523809523809523,0.24864024864024867,0.15,1.0,0.2608695652173913,0.5831424675337841,0.9830025868761849,-0.39986011934240084
0.2,19,handcrafted,0.9476543209876543,sinkhole,1.0,1.0,1.0,1.0,1.0,0.7237762689913612,0.4793562580403164,0.24442001095104476
0.2,19,handcrafted,0.9476543209876543,wormhole,0.9954648526077098,0.8666666666666667,0.75,1.0,0.8571428571428571,0.7096109431252838,0.7312012966878055,-0.021590353562521702
0.2,19,handcrafted,0.9476543209876543,sybil,1.0,1.0,0.75,1.0,0.8571428571428571,0.7421680079487879,0.5111668504229281,0.2310011575258598
0.2,19,learned,0.974320987654321,blackhole,1.0,1.0,1.0,1.0,1.0,0.778582044226566,0.12093186898826748,0.6576501752382985
0.2,19,learned,0.974320987654321,selective_forwarding,0.927437641723356,0.15456349206349207,0.0,0.0,0.0,0.034650453867784606,0.2186152569367,-0.18396480306891538
0.2,19,learned,0.974320987654321,sinkhole,1.0,1.0,1.0,0.6666666666666666,0.8,0.4747468954448998,0.04674742247206464,0.42799947297283514
0.2,19,learned,0.974320987654321,wormhole,0.9954648526077098,0.8666666666666667,0.6,1.0,0.7499999999999999,0.790102512939708,0.8094933047247693,-0.019390791785061312
0.2,19,learned,0.974320987654321,sybil,1.0,1.0,1.0,1.0,1.0,0.6681555139162336,0.06983712353231682,0.5983183903839168
0.2,20,handcrafted,0.9264197530864198,blackhole,1.0,1.0,1.0,1.0,1.0,0.6560595335604058,0.035647916574442266,0.6204116169859636
0.2,20,handcrafted,0.9264197530864198,selective_forwarding,0.9614512471655329,0.5069444444444444,0.16666666666666666,1.0,0.2857142857142857,0.601188556624505,0.9664989569192005,-0.3653104002946955
0.2,20,handcrafted,0.9264197530864198,sinkhole,0.9931972789115646,0.6388888888888888,0.375,1.0,0.5454545454545454,0.7273385483158059,0.8158374419490093,-0.0884988936332034
0.2,20,handcrafted,0.9264197530864198,wormhole,1.0,1.0,0.75,1.0,0.8571428571428571,0.6746956195894159,0.5024835647700164,0.1722120548193995
0.2,20,handcrafted,0.9264197530864198,sybil,1.0,1.0,0.75,1.0,0.8571428571428571,0.7673661206291371,0.5110131688804815,0.2563529517486556
0.2,20,learned,0.9787654320987654,blackhole,1.0,1.0,1.0,1.0,1.0,0.8374019078816547,0.4224430830759326,0.4149588248057221
0.2,20,learned,0.9787654320987654,selective_forwarding,0.9455782312925171,0.2933723196881091,0.0,0.0,0.0,0.037119917941106036,0.3256917275207567,-0.2885718095796507
0.2,20,learned,0.9787654320987654,sinkhole,0.9931972789115646,0.6388888888888888,0.6,1.0,0.7499999999999999,0.7489012150868544,0.8472802284102048,-0.09837901332335042
0.2,20,learned,0.9787654320987654,wormhole,1.0,1.0,1.0,1.0,1.0,0.6297908237260303,0.1008955738331693,0.5288952498928611
0.2,20,learned,0.9787654320987654,sybil,1.0,1.0,1.0,1.0,1.0,0.7896369679625983,0.05406153926620137,0.7355754286963969
0.2,21,handcrafted,0.9718518518518519,blackhole,1.0,1.0,1.0,1.0,1.0,0.5221622420454088,0.034680372677270976,0.48748186936813787
0.2,21,handcrafted,0.9718518518518519,selective_forwarding,0.9909297052154195,0.5888888888888889,0.21428571428571427,1.0,0.35294117647058826,0.9205210984884444,0.9816427570459848,-0.06112165855754037
0.2,21,handcrafted,0.9718518518518519,sinkhole,1.0,1.0,0.6,1.0,0.7499999999999999,0.8131181821272906,0.5919190771306692,0.22119910499662143
0.2,21,handcrafted,0.9718518518518519,wormhole,1.0,1.0,0.75,1.0,0.8571428571428571,0.6857188093404802,0.5211314138257248,0.16458739551475543
0.2,21,handcrafted,0.9718518518518519,sybil,1.0,1.0,0.75,1.0,0.8571428571428571,0.7078899433227184,0.5756156569354748,0.1322742863872436
0.2,21,learned,0.9995061728395062,blackhole,1.0,1.0,0.75,1.0,0.8571428571428571,0.7757854131323195,0.5209083956152621,0.2548770175170574
0.2,21,learned,0.9995061728395062,selective_forwarding,0.9977324263038548,0.9166666666666666,0.0,0.0,0.0,0.22259027851874771,0.23906578462390363,-0.016475506105155913
0.2,21,learned,0.9995061728395062,sinkhole,1.0,1.0,1.0,1.0,1.0,0.8405478988928897,0.0801069558401345,0.7604409430527552
0.2,21,learned,0.9995061728395062,wormhole,1.0,1.0,1.0,1.0,1.0,0.6365414714137859,0.17563467344145872,0.4609067979723272
0.2,21,learned,0.9995061728395062,sybil,1.0,1.0,1.0,1.0,1.0,0.6386530621031489,0.21243838264442919,0.4262146794587197
0.2,22,handcrafted,0.974320987654321,blackhole,1.0,1.0,1.0,1.0,1.0,0.6651164543378448,0.009374512399390956,0.6557419419384539
0.2,22,handcrafted,0.974320987654321,selective_forwarding,0.9841269841269841,0.4761904761904762,0.16666666666666666,1.0,0.2857142857142857,0.6996389486087694,0.9596061088313933,-0.2599671602226239
0.2,22,handcrafted,0.974320987654321,sinkhole,1.0,1.0,0.5,1.0,0.6666666666666666,0.7313704635686229,0.5539407562900848,0.17742970727853813
0.2,22,handcrafted,0.974320987654321,wormhole,1.0,1.0,0.42857142857142855,1.0,0.6,0.7432612423837432,0.5742222281389093,0.16903901424483392
0.2,22,handcrafted,0.974320987654321,sybil,1.0,1.0,0.5,0.6666666666666666,0.5714285714285715,0.7103629750715988,0.5356324169515174,0.17473055812008143
0.2,22,learned,0.9901234567901235,blackhole,1.0,1.0,1.0,1.0,1.0,0.8480588429888383,0.07630633073539018,0.7717525122534481
0.2,22,learned,0.9901234567901235,selective_forwarding,0.9659863945578231,0.27777777777777773,0.0,0.0,0.0,0.05828515877042048,0.21284138808939324,-0.15455622931897275
0.2,22,learned,0.9901234567901235,sinkhole,1.0,1.0,1.0,1.0,1.0,0.6123336463752737,0.22784208847051202,0.38449155790476164
0.2,22,learned,0.9901234567901235,wormhole,1.0,1.0,1.0,1.0,1.0,0.8594462194831374,0.23288138969227193,0.6265648297908655
0.2,22,learned,0.9901234567901235,sybil,1.0,1.0,1.0,1.0,1.0,0.6182248416087013,0.1580189755049954,0.46020586610370584
0.2,23,handcrafted,0.9575308641975309,blackhole,1.0,1.0,1.0,1.0,1.0,0.6760972053815639,0.005629423282310792,0.6704677820992532
0.2,23,handcrafted,0.9575308641975309,selective_forwarding,0.9795918367346939,0.6,0.1875,1.0,0.3157894736842105,0.7050815402358711,0.8885228136711721,-0.18344127343530103
0.2,23,handcrafted,0.9575308641975309,sinkhole,1.0,1.0,0.5,1.0,0.6666666666666666,0.7557914372020461,0.5243847866743565,0.2314066505276896
0.2,23,handcrafted,0.9575308641975309,wormhole,1.0,1.0,0.75,1.0,0.8571428571428571,0.6719322781466215,0.5717925680831937,0.10013971006342781
0.2,23,handcrafted,0.9575308641975309,sybil,1.0,1.0,0.75,1.0,0.8571428571428571,0.701136063078157,0.5286503307928061,0.1724857322853509
0.2,23,learned,0.9920987654320987,blackhole,1.0,1.0,1.0,1.0,1.0,0.7961970209336271,0.09374517263813797,0.7024518482954891
0.2,23,learned,0.9920987654320987,selective_forwarding,0.963718820861678,0.2851851851851852,0.0,0.0,0.0,0.07476622856859162,0.20208566209464882,-0.12731943352605718
0.2,23,learned,0.9920987654320987,sinkhole,1.0,1.0,1.0,1.0,1.0,0.5964384031279226,0.07925407073048653,0.5171843323974361
0.2,23,learned,0.9920987654320987,wormhole,1.0,1.0,1.0,1.0,1.0,0.575198154140188,0.2448606802581139,0.33033747388207413
0.2,23,learned,0.9920987654320987,sybil,1.0,1.0,1.0,0.6666666666666666,0.8,0.4867821925351746,0.0947817575025737,0.39200043503260085
0.2,24,handcrafted,0.922962962962963,blackhole,1.0,1.0,1.0,1.0,1.0,0.6530118957499141,0.022543605492277092,0.6304682902576371
0.2,24,handcrafted,0.922962962962963,selective_forwarding,0.9478458049886621,0.45128205128205123,0.15,1.0,0.2608695652173913,0.6763589267083218,0.9501884416303685,-0.27382951492204677
0.2,24,handcrafted,0.922962962962963,sinkhole,1.0,1.0,0.375,1.0,0.5454545454545454,0.7214446789541925,0.6871129774655522,0.03433170148864029
0.2,24,handcrafted,0.922962962962963,wormhole,1.0,1.0,1.0,1.0,1.0,0.753917489353864,0.6381813507867109,0.11573613856715315
0.2,24,handcrafted,0.922962962962963,sybil,1.0,1.0,0.75,1.0,0.8571428571428571,0.7241606153719189,0.5309208771169407,0.1932397382549782
0.2,24,learned,0.9827160493827161,blackhole,1.0,1.0,1.0,1.0,1.0,0.7927525378438018,0.3866112846626515,0.40614125318115035
0.2,24,learned,0.9827160493827161,selective_forwarding,0.9319727891156463,0.42777777777777776,0.0,0.0,0.0,0.047627564136963924,0.20733818423625908,-0.15971062009929515
0.2,24,learned,0.9827160493827161,sinkhole,0.9977324263038548,0.9166666666666666,0.6666666666666666,0.6666666666666666,0.6666666666666666,0.48313165968814137,0.6092309529732083,-0.12609929328506692
0.2,24,learned,0.9827160493827161,wormhole,1.0,1.0,0.75,1.0,0.8571428571428571,0.8090634549268829,0.5580436063132926,0.2510198486135903
0.2,24,learned,0.9827160493827161,sybil,1.0,1.0,1.0,1.0,1.0,0.7139585678014869,0.07751693052488613,0.6364416372766007
0.2,25,handcrafted,0.9511111111111111,blackhole,1.0,1.0,1.0,1.0,1.0,0.770113233376044,0.021736650573562857,0.7483765828024811
0.2,25,handcrafted,0.9511111111111111,selective_forwarding,0.9705215419501134,0.7291666666666666,0.12,1.0,0.21428571428571425,0.617663730466823,0.9218507338461073,-0.3041870033792843
0.2,25,handcrafted,0.9511111111111111,sinkhole,1.0,1.0,0.4,0.6666666666666666,0.5,0.7664539598977058,0.6659893986350754,0.10046456126263037
0.2,25,handcrafted,0.9511111111111111,wormhole,0.9977324263038548,0.9166666666666666,0.375,1.0,0.5454545454545454,0.6899196298219382,0.7203236405211226,-0.030404010699184414
0.2,25,handcrafted,0.9511111111111111,sybil,1.0,1.0,1.0,1.0,1.0,0.775668066963427,0.4662430097297073,0.30942505723371977
0.2,25,learned,0.9851851851851852,blackhole,1.0,1.0,1.0,1.0,1.0,0.8635614576698494,0.21321383965538915,0.6503476180144603
0.2,25,learned,0.9851851851851852,selective_forwarding,0.9705215419501134,0.7291666666666666,0.0,0.0,0.0,0.04547341205094353,0.13572986261179004,-0.09025645056084651
0.2,25,learned,0.9851851851851852,sinkhole,1.0,1.0,0.75,1.0,0.8571428571428571,0.7823186148830874,0.5214825119952583,0.2608361028878291
0.2,25,learned,0.9851851851851852,wormhole,0.9977324263038548,0.9166666666666666,0.6,1.0,0.7499999999999999,0.6083203539401435,0.8186218195158715,-0.21030146557572804
0.2,25,learned,0.9851851851851852,sybil,1.0,1.0,1.0,1.0,1.0,0.8177046775677304,0.04354780012314782,0.7741568774445825
0.2,26,handcrafted,0.9185185185185185,blackhole,1.0,1.0,1.0,1.0,1.0,0.7104293400203258,0.0067095542872860625,0.7037197857330397
0.2,26,handcrafted,0.9185185185185185,selective_forwarding,0.9115646258503401,0.1369047619047619,0.10526315789473684,0.6666666666666666,0.18181818181818182,0.4507024391206881,0.9191442624004592,-0.46844182327977113
0.2,26,handcrafted,0.9185185185185185,sinkhole,1.0,1.0,0.42857142857142855,1.0,0.6,0.8006331365640238,0.730126318737515,0.0705068178265088
0.2,26,handcrafted,0.9185185185185185,wormhole,1.0,1.0,0.6,1.0,0.7499999999999999,0.7121768661369926,0.6607183529268466,0.05145851321014605
0.2,26,handcrafted,0.9185185185185185,sybil,1.0,1.0,0.75,1.0,0.8571428571428571,0.7598295497163745,0.5965672544672909,0.16326229524908364
0.2,26,learned,0.96,blackhole,1.0,1.0,1.0,1.0,1.0,0.8075952680881106,0.05066475607164209,0.7569305120164684
0.2,26,learned,0.96,selective_forwarding,0.8820861678004536,0.1037037037037037,0.0,0.0,0.0,0.020991697875828594,0.19408321300957715,-0.17309151513374854
0.2,26,learned,0.96,sinkhole,1.0,1.0,0.75,1.0,0.8571428571428571,0.7878699373985546,0.5641862522424322,0.22368368515612236
0.2,26,learned,0.96,wormhole,1.0,1.0,0.75,1.0,0.8571428571428571,0.7519400523564135,0.6736883988685601,0.07825165348785335
0.2,26,learned,0.96,sybil,1.0,1.0,1.0,1.0,1.0,0.8374399391527643,0.16774810871702928,0.669691830435735
0.2,27,handcrafted,0.971358024691358,blackhole,1.0,1.0,1.0,1.0,1.0,0.7291999617853894,0.005865635552358731,0.7233343262330306
0.2,27,handcrafted,0.971358024691358,selective_forwarding,0.9954648526077098,0.8666666666666667,0.375,1.0,0.5454545454545454,0.6478518283639982,0.7593959296287974,-0.11154410126479919
0.2,27,handcrafted,0.971358024691358,sinkhole,1.0,1.0,0.3333333333333333,1.0,0.5,0.6880899636839948,0.6637759416701233,0.02431402201387145
0.2,27,handcrafted,0.971358024691358,wormhole,1.0,1.0,1.0,1.0,1.0,0.7344580685138048,0.49941749877290487,0.23504056974089993
0.2,27,handcrafted,0.971358024691358,sybil,1.0,1.0,0.5,1.0,0.6666666666666666,0.7072824349333111,0.6109773754620947,0.09630505947121637
0.2,27,learned,0.9901234567901235,blackhole,1.0,1.0,1.0,1.0,1.0,0.8227910673160238,0.08040074802655732,0.7423903192894665
0.2,27,learned,0.9901234567901235,selective_forwarding,0.981859410430839,0.4583333333333333,0.0,0.0,0.0,0.045123338215777145,0.17604610467062476,-0.13092276645484763
0.2,27,learned,0.9901234567901235,sinkhole,1.0,1.0,1.0,1.0,1.0,0.6456331718023768,0.42799996682917046,0.21763320497320632
0.2,27,learned,0.9901234567901235,wormhole,1.0,1.0,1.0,1.0,1.0,0.8427389935221878,0.09134863644277527,0.7513903570794126
0.2,27,learned,0.9901234567901235,sybil,1.0,1.0,1.0,1.0,1.0,0.6996908354271631,0.3070468578971947,0.39264397752996844
0.2,28,handcrafted,0.9708641975308642,blackhole,1.0,1.0,1.0,1.0,1.0,0.7261742574685902,0.01818984277487137,0.7079844146937189
0.2,28,handcrafted,0.9708641975308642,selective_forwarding,0.9977324263038548,0.9166666666666666,0.1875,1.0,0.3157894736842105,0.8220298115928333,0.8250752727038433,-0.003045461111010006
0.2,28,handcrafted,0.9708641975308642,sinkhole,1.0,1.0,0.5,1.0,0.6666666666666666,0.7487587009560015,0.7038830203577691,0.04487568059823244
0.2,28,handcrafted,0.9708641975308642,wormhole,1.0,1.0,1.0,1.0,1.0,0.7210443008369453,0.4577402025442381,0.2633040982927072
0.2,28,handcrafted,0.9708641975308642,sybil,1.0,1.0,0.5,1.0,0.6666666666666666,0.6897948633746914,0.6379910170259444,0.05180384634874702
0.2,28,learned,0.9965432098765432,blackhole,1.0,1.0,1.0,1.0,1.0,0.8386237448027861,0.17334775105711334,0.6652759937456728
0.2,28,learned,0.9965432098765432,selective_forwarding,0.9977324263038548,0.9166666666666666,0.0,0.0,0.0,0.1451962622982923,0.16006631813497255,-0.014870055836680246
0.2,28,learned,0.9965432098765432,sinkhole,1.0,1.0,1.0,1.0,1.0,0.6629281024168057,0.4960085634290176,0.16691953898778805
0.2,28,learned,0.9965432098765432,wormhole,1.0,1.0,1.0,1.0,1.0,0.801425386972361,0.07255979306894415,0.7288655939034169
0.2,28,learned,0.9965432098765432,sybil,1.0,1.0,1.0,1.0,1.0,0.7501947073009434,0.47395483120675347,0.27623987609418993
0.2,29,handcrafted,0.9437037037037037,blackhole,1.0,1.0,1.0,1.0,1.0,0.6786930051197858,0.0357952162904855,0.6428977888293003
0.2,29,handcrafted,0.9437037037037037,selective_forwarding,0.9682539682539683,0.5074074074074074,0.1875,1.0,0.3157894736842105,0.6433218408866399,0.9067385960848926,-0.2634167551982527
0.2,29,handcrafted,0.9437037037037037,sinkhole,0.9931972789115646,0.6388888888888888,0.3,1.0,0.4615384615384615,0.7468615447787624,0.8493215099737761,-0.10245996519501366
0.2,29,handcrafted,0.9437037037037037,wormhole,1.0,1.0,0.75,1.0,0.8571428571428571,0.7583774667379625,0.6027252573187717,0.15565220941919078
0.2,29,handcrafted,0.9437037037037037,sybil,1.0,1.0,0.5,0.6666666666666666,0.5714285714285715,0.6905976028667763,0.5457577301599967,0.14483987270677956
0.2,29,learned,0.9792592592592593,blackhole,1.0,1.0,1.0,1.0,1.0,0.8501865879727096,0.37657453897579146,0.47361204899691817
0.2,29,learned,0.9792592592592593,selective_forwarding,0.963718820861678,0.4935897435897436,0.0,0.0,0.0,0.06043029840411719,0.14901220173918833,-0.08858190333507114
0.2,29,learned,0.9792592592592593,sinkhole,0.9931972789115646,0.6388888888888888,0.75,1.0,0.8571428571428571,0.6905822410947754,0.9254134274162287,-0.23483118632145328
0.2,29,learned,0.9792592592592593,wormhole,1.0,1.0,1.0,1.0,1.0,0.8460479348391928,0.3832906933581696,0.4627572414810232
0.2,29,learned,0.9792592592592593,sybil,1.0,1.0,1.0,1.0,1.0,0.7528740211057753,0.26359733423925763,0.48927668686651765
0.2,30,handcrafted,0.9451851851851852,blackhole,1.0,1.0,1.0,1.0,1.0,0.6818864037452528,0.02216381287215662,0.6597225908730961
0.2,30,handcrafted,0.9451851851851852,selective_forwarding,0.9433106575963719,0.1977124183006536,0.13333333333333333,0.6666666666666666,0.2222222222222222,0.4827485349390922,0.9714188298589043,-0.48867029491981206
0.2,30,handcrafted,0.9451851851851852,sinkhole,1.0,1.0,0.5,1.0,0.6666666666666666,0.6985748173135653,0.6551778403868498,0.043396976926715514
0.2,30,handcrafted,0.9451851851851852,wormhole,1.0,1.0,1.0,1.0,1.0,0.7551395039396523,0.49452634929732925,0.2606131546423231
0.2,30,handcrafted,0.9451851851851852,sybil,1.0,1.0,1.0,1.0,1.0,0.676219649468013,0.5583683423670991,0.11785130710091396
0.2,30,learned,0.9832098765432099,blackhole,1.0,1.0,1.0,1.0,1.0,0.8009473925090783,0.401899883615357,0.3990475088937213
0.2,30,learned,0.9832098765432099,selective_forwarding,0.9160997732426304,0.13347763347763347,0.0,0.0,0.0,0.033528030644956776,0.2226272142937743,-0.18909918364881753
0.2,30,learned,0.9832098765432099,sinkhole,1.0,1.0,1.0,1.0,1.0,0.6167587840528854,0.26557143419995327,0.35118734985293215
0.2,30,learned,0.9832098765432099,wormhole,1.0,1.0,1.0,1.0,1.0,0.8375407510098691,0.08243935070360815,0.7551014003062609
0.2,30,learned,0.9832098765432099,sybil,1.0,1.0,1.0,0.6666666666666666,0.8,0.3695753522058425,0.05877207399608667,0.3108032782097558
0.4,1,handcrafted,0.8770370370370371,blackhole,1.0,1.0,0.0,0.0,0.0,0.09872017824485048,0.010333881360167808,0.08838629688468266
0.4,1,handcrafted,0.8770370370370371,selective_forwarding,0.909297052154195,0.32564102564102565,0.09090909090909091,0.6666666666666666,0.16,0.3300735686084832,0.9678996675276242,-0.6378260989191411
0.4,1,handcrafted,0.8770370370370371,sinkhole,0.9886621315192744,0.5555555555555555,0.375,1.0,0.5454545454545454,0.549576285899053,0.672019063668682,-0.12244277776962897
0.4,1,handcrafted,0.8770370370370371,wormhole,1.0,1.0,0.75,1.0,0.8571428571428571,0.6438917959388195,0.5350132262246525,0.10887856971416698
0.4,1,handcrafted,0.8770370370370371,sybil,1.0,1.0,0.4,0.6666666666666666,0.5,0.5719350334526578,0.5654765454553091,0.006458487997348716
0.4,1,learned,0.9832098765432099,blackhole,1.0,1.0,1.0,1.0,1.0,0.7155293693050958,0.12714008836927365,0.5883892809358222
0.4,1,learned,0.9832098765432099,selective_forwarding,0.9342403628117913,0.5011494252873563,0.0,0.0,0.0,0.02686621856997522,0.19414953476779764,-0.1672833161978224
0.4,1,learned,0.9832098765432099,sinkhole,0.9863945578231292,0.5,0.0,0.0,0.0,0.2204546624395774,0.5550132557637778,-0.3345585933242004
0.4,1,learned,0.9832098765432099,wormhole,1.0,1.0,1.0,1.0,1.0,0.7339957679403308,0.2874036531713275,0.44659211476900335
0.4,1,learned,0.9832098765432099,sybil,0.9977324263038548,0.9166666666666666,1.0,0.3333333333333333,0.5,0.2550852505966479,0.3683364195961263,-0.1132511689994784
0.4,2,handcrafted,0.8725925925925926,blackhole,1.0,1.0,0.0,0.0,0.0,0.05890319987578182,0.007078032137963038,0.051825167737818784
0.4,2,handcrafted,0.8725925925925926,selective_forwarding,0.9115646258503401,0.525,0.09523809523809523,0.6666666666666666,0.16666666666666666,0.32352445500348115,0.9034069727634866,-0.5798825177600054
0.4,2,handcrafted,0.8725925925925926,sinkhole,0.9909297052154195,0.7222222222222222,0.5,1.0,0.6666666666666666,0.5471372362055862,0.6389042485697836,-0.09176701236419738
0.4,2,handcrafted,0.8725925925925926,wormhole,0.9931972789115646,0.6388888888888888,0.6,1.0,0.7499999999999999,0.5790172465341478,0.6889360097126893,-0.10991876317854155
0.4,2,handcrafted,0.8725925925925926,sybil,1.0,1.0,0.5,1.0,0.6666666666666666,0.5697333242412203,0.5648848200327354,0.004848504208484816
0.4,2,learned,0.9753086419753086,blackhole,1.0,1.0,1.0,1.0,1.0,0.6313413953266831,0.1152557057251857,0.5160856896014974
0.4,2,learned,0.9753086419753086,selective_forwarding,0.9319727891156463,0.3666666666666667,0.0,0.0,0.0,0.02348572234253493,0.21769756178418162,-0.1942118394416467
0.4,2,learned,0.9753086419753086,sinkhole,0.9931972789115646,0.6388888888888888,0.0,0.0,0.0,0.2627934592191097,0.4654778275530532,-0.20268436833394354
0.4,2,learned,0.9753086419753086,wormhole,0.9931972789115646,0.6388888888888888,0.6666666666666666,0.6666666666666666,0.6666666666666666,0.4627264903780301,0.865208777045042,-0.40248228666701186
0.4,2,learned,0.9753086419753086,sybil,1.0,1.0,1.0,0.3333333333333333,0.5,0.3266988223656638,0.2808386189638522,0.04586020340181157
0.4,3,handcrafted,0.8661728395061729,blackhole,1.0,1.0,0.0,0.0,0.0,0.09276354448128199,0.013656942550658505,0.07910660193062348
0.4,3,handcrafted,0.8661728395061729,selective_forwarding,0.9569160997732427,0.3333333333333333,0.15789473684210525,1.0,0.2727272727272727,0.5354266675647967,0.982147389650013,-0.4467207220852163
0.4,3,handcrafted,0.8661728395061729,sinkhole,0.9931972789115646,0.6388888888888888,0.3,1.0,0.4615384615384615,0.6202083579240671,0.7329320382557305,-0.11272368033166336
0.4,3,handcrafted,0.8661728395061729,wormhole,1.0,1.0,0.6,1.0,0.7499999999999999,0.6101294176221872,0.5325929286431643,0.07753648897902288
0.4,3,handcrafted,0.8661728395061729,sybil,0.9954648526077098,0.8055555555555555,0.25,0.3333333333333333,0.28571428571428575,0.5326272863613505,0.560165320469871,-0.027538034108520515
0.4,3,learned,0.9688888888888889,blackhole,1.0,1.0,1.0,1.0,1.0,0.6839561443742501,0.30041642403030894,0.3835397203439412
0.4,3,learned,0.9688888888888889,selective_forwarding,0.9410430839002267,0.23989898989898986,0.0,0.0,0.0,0.025241298972697324,0.23554774477558693,-0.2103064458028896
0.4,3,learned,0.9688888888888889,sinkhole,0.9886621315192744,0.5555555555555555,0.5,0.3333333333333333,0.4,0.3819182790141628,0.8206576418584897,-0.43873936284432685
0.4,3,learned,0.9688888888888889,wormhole,1.0,1.0,1.0,1.0,1.0,0.6519845335629636,0.3410581089639874,0.3109264245989762
0.4,3,learned,0.9688888888888889,sybil,0.9954648526077098,0.8666666666666667,0.0,0.0,0.0,0.18941843664405217,0.278307980198964,-0.08888954355491185
0.4,4,handcrafted,0.9066666666666666,blackhole,1.0,1.0,0.0,0.0,0.0,0.16955900332364165,0.006490534833367288,0.16306846849027437
0.4,4,handcrafted,0.9066666666666666,selective_forwarding,0.9682539682539683,0.4555555555555555,0.15789473684210525,1.0,0.2727272727272727,0.6263556327343991,0.9141876147884371,-0.28783198205403804
0.4,4,handcrafted,0.9066666666666666,sinkhole,0.9909297052154195,0.5888888888888889,0.3333333333333333,0.6666666666666666,0.4444444444444444,0.5873192664536016,0.722452149369025,-0.13513288291542347
0.4,4,handcrafted,0.9066666666666666,wormhole,1.0,1.0,0.5,0.6666666666666666,0.5714285714285715,0.5668395372511572,0.5099981748751344,0.056841362376022775
0.4,4,handcrafted,0.9066666666666666,sybil,0.9977324263038548,0.9166666666666666,0.5,0.6666666666666666,0.5714285714285715,0.5458146508015116,0.5592756196968237,-0.01346096889531212
0.4,4,learned,0.9772839506172839,blackhole,1.0,1.0,1.0,1.0,1.0,0.8562605644597961,0.11687070797754172,0.7393898564822544
0.4,4,learned,0.9772839506172839,selective_forwarding,0.9705215419501134,0.5435897435897435,0.0,0.0,0.0,0.05608515407090022,0.11959815017391652,-0.0635129961030163
0.4,4,learned,0.9772839506172839,sinkhole,0.9931972789115646,0.7555555555555555,0.6666666666666666,0.6666666666666666,0.6666666666666666,0.30333149138911736,0.8171608934024469,-0.5138294020133296
0.4,4,learned,0.9772839506172839,wormhole,1.0,1.0,1.0,0.6666666666666666,0.8,0.4479438506916058,0.2850572309918228,0.16288661969978302
0.4,4,learned,0.9772839506172839,sybil,1.0,1.0,1.0,0.6666666666666666,0.8,0.3342387868764802,0.26054868672315473,0.07369010015332544
0.4,5,handcrafted,0.9032098765432098,blackhole,1.0,1.0,0.0,0.0,0.0,0.12598278432449614,0.008326680693857242,0.1176561036306389
0.4,5,handcrafted,0.9032098765432098,selective_forwarding,0.9750566893424036,0.38888888888888884,0.12,1.0,0.21428571428571425,0.7998166547139822,0.9473260224254872,-0.14750936771150502
0.4,5,handcrafted,0.9032098765432098,sinkhole,1.0,1.0,0.6,1.0,0.7499999999999999,0.6716674875185248,0.6202836329818697,0.05138385453665506
0.4,5,handcrafted,0.9032098765432098,wormhole,1.0,1.0,0.6666666666666666,0.6666666666666666,0.6666666666666666,0.5562197562815534,0.5261382505640009,0.030081505717552526
0.4,5,handcrafted,0.9032098765432098,sybil,1.0,1.0,0.75,1.0,0.8571428571428571,0.6475886502141577,0.6021085065506941,0.045480143663463535
0.4,5,learned,0.9920987654320987,blackhole,1.0,1.0,1.0,1.0,1.0,0.7633878655503737,0.15363629897188028,0.6097515665784935
0.4,5,learned,0.9920987654320987,selective_forwarding,0.9659863945578231,0.2972582972582973,0.0,0.0,0.0,0.09247178010830834,0.19607161020344957,-0.10359983009514123
0.4,5,learned,0.9920987654320987,sinkhole,1.0,1.0,1.0,1.0,1.0,0.6156572744197816,0.3882168720163494,0.22744040240343216
0.4,5,learned,0.9920987654320987,wormhole,1.0,1.0,1.0,0.3333333333333333,0.5,0.3892480366616585,0.25897961384261586,0.13026842281904266
0.4,5,learned,0.9920987654320987,sybil,1.0,1.0,1.0,1.0,1.0,0.6791785281759691,0.4716592430494855,0.20751928512648365
0.4,6,handcrafted,0.845925925925926,blackhole,1.0,1.0,0.0,0.0,0.0,0.11553597631094344,0.002877706047384357,0.11265827026355908
0.4,6,handcrafted,0.845925925925926,selective_forwarding,0.927437641723356,0.16794871794871793,0.13333333333333333,0.6666666666666666,0.2222222222222222,0.47188565408097716,0.7519840714637928,-0.2800984173828156
0.4,6,handcrafted,0.845925925925926,sinkhole,0.9954648526077098,0.8055555555555555,0.6,1.0,0.7499999999999999,0.5854382719643381,0.588824643956762,-0.0033863719924239755
0.4,6,handcrafted,0.845925925925926,wormhole,0.9931972789115646,0.6388888888888888,0.375,1.0,0.5454545454545454,0.5999218236015915,0.6904325705260956,-0.09051074692450412
0.4,6,handcrafted,0.845925925925926,sybil,1.0,1.0,0.75,1.0,0.8571428571428571,0.5604780532156776,0.5197540637108433,0.040723989504834246
0.4,6,learned,0.9540740740740741,blackhole,1.0,1.0,1.0,1.0,1.0,0.8005468617843324,0.05556863774405333,0.7449782240402791
0.4,6,learned,0.9540740740740741,selective_forwarding,0.9070294784580499,0.12495974235104669,0.0,0.0,0.0,0.024717110034954467,0.16844691980353277,-0.1437298097685783
0.4,6,learned,0.9540740740740741,sinkhole,1.0,1.0,1.0,0.3333333333333333,0.5,0.27099246885622374,0.25233505822867724,0.0186574106275465
0.4,6,learned,0.9540740740740741,wormhole,0.9931972789115646,0.6388888888888888,0.42857142857142855,1.0,0.6,0.6329477807031915,0.8306664193831813,-0.19771863867998984
0.4,6,learned,0.9540740740740741,sybil,1.0,1.0,1.0,0.6666666666666666,0.8,0.3655738777582296,0.15627918808323307,0.2092946896749965
0.4,7,handcrafted,0.8449382716049383,blackhole,1.0,1.0,0.0,0.0,0.0,0.15182820535655986,0.04126428929335207,0.11056391606320778
0.4,7,handcrafted,0.8449382716049383,selective_forwarding,0.9569160997732427,0.3333333333333333,0.125,1.0,0.2222222222222222,0.5379666807155754,0.9828763296221625,-0.44490964890658713
0.4,7,handcrafted,0.8449382716049383,sinkhole,1.0,1.0,0.5,1.0,0.6666666666666666,0.6183165239731025,0.5907942384936806,0.027522285479421926
0.4,7,handcrafted,0.8449382716049383,wormhole,0.9977324263038548,0.9166666666666666,0.75,1.0,0.8571428571428571,0.5119549939429076,0.5915332837003666,-0.07957828975745906
0.4,7,handcrafted,0.8449382716049383,sybil,1.0,1.0,0.6,1.0,0.7499999999999999,0.545789609954766,0.5407556149118897,0.005033995042876271
0.4,7,learned,0.9688888888888889,blackhole,1.0,1.0,0.75,1.0,0.8571428571428571,0.7617787386937155,0.519058218658247,0.2427205200354685
0.4,7,learned,0.9688888888888889,selective_forwarding,0.9410430839002267,0.2253968253968254,0.0,0.0,0.0,0.04229197131946947,0.29312295346308265,-0.25083098214361316
0.4,7,learned,0.9688888888888889,sinkhole,1.0,1.0,1.0,0.6666666666666666,0.8,0.3484012410487256,0.3244925136998905,0.02390872734883509
0.4,7,learned,0.9688888888888889,wormhole,0.9977324263038548,0.9166666666666666,0.6666666666666666,0.6666666666666666,0.6666666666666666,0.25892491887383673,0.5544352784821048,-0.2955103596082681
0.4,7,learned,0.9688888888888889,sybil,1.0,1.0,0.0,0.0,0.0,0.24478808914666123,0.19073203455578247,0.054056054590878755
0.4,8,handcrafted,0.8795061728395062,blackhole,1.0,1.0,0.0,0.0,0.0,0.17577538912155283,0.022671671699022938,0.1531037174225299
0.4,8,handcrafted,0.8795061728395062,selective_forwarding,0.9433106575963719,0.22857142857142856,0.10526315789473684,0.6666666666666666,0.18181818181818182,0.4780763830452203,0.9823519219495128,-0.5042755389042926
0.4,8,handcrafted,0.8795061728395062,sinkhole,0.9931972789115646,0.7555555555555555,0.2222222222222222,0.6666666666666666,0.3333333333333333,0.5886403046365293,0.6553676802019097,-0.06672737556538044
0.4,8,handcrafted,0.8795061728395062,wormhole,0.9931972789115646,0.7555555555555555,0.6,1.0,0.7499999999999999,0.5427663547213806,0.6210049506106559,-0.07823859588927529
0.4,8,handcrafted,0.8795061728395062,sybil,0.9954648526077098,0.8666666666666667,0.375,1.0,0.5454545454545454,0.5425157752821615,0.5988683914245786,-0.056352616142417045
0.4,8,learned,0.9634567901234568,blackhole,1.0,1.0,0.75,1.0,0.8571428571428571,0.8603473459696105,0.5463282238102098,0.31401912215940064
0.4,8,learned,0.9634567901234568,selective_forwarding,0.927437641723356,0.17443064182194615,0.0,0.0,0.0,0.029380500181283034,0.21989384230710257,-0.19051334212581955
0.4,8,learned,0.9634567901234568,sinkhole,0.9886621315192744,0.6984126984126983,0.5,0.3333333333333333,0.4,0.1886704949554517,0.6840322419794466,-0.4953617470239948
0.4,8,learned,0.9634567901234568,wormhole,0.9954648526077098,0.8666666666666667,0.6666666666666666,0.6666666666666666,0.6666666666666666,0.33973299873461804,0.5127313266103624,-0.17299832787574432
0.4,8,learned,0.9634567901234568,sybil,0.9954648526077098,0.8666666666666667,0.6666666666666666,0.6666666666666666,0.6666666666666666,0.2089753998416212,0.5348834019344739,-0.32590800209285276
0.4,9,handcrafted,0.8933333333333333,blackhole,1.0,1.0,0.0,0.0,0.0,0.12049744329481925,0.005656313484826611,0.11484112980999264
0.4,9,handcrafted,0.8933333333333333,selective_forwarding,0.9773242630385488,0.36507936507936506,0.1875,1.0,0.3157894736842105,0.678661800892986,0.8919943164427593,-0.21333251554977328
0.4,9,handcrafted,0.8933333333333333,sinkhole,0.9773242630385488,0.36944444444444446,0.3,1.0,0.4615384615384615,0.5585969283326091,0.8492861217008707,-0.2906891933682616
0.4,9,handcrafted,0.8933333333333333,wormhole,1.0,1.0,1.0,1.0,1.0,0.5577857540349298,0.4812891882893638,0.07649656574556601
0.4,9,handcrafted,0.8933333333333333,sybil,1.0,1.0,0.75,1.0,0.8571428571428571,0.564213543083417,0.5157023617327898,0.04851118135062715
0.4,9,learned,0.9674074074074074,blackhole,1.0,1.0,1.0,1.0,1.0,0.7433258582554657,0.07719395933210804,0.6661318989233577
0.4,9,learned,0.9674074074074074,selective_forwarding,0.9478458049886621,0.20419580419580421,0.0,0.0,0.0,0.04038368852091149,0.19036343989163643,-0.14997975137072495
0.4,9,learned,0.9674074074074074,sinkhole,0.9682539682539683,0.30634920634920637,0.0,0.0,0.0,0.17161020049008222,0.9772170987323482,-0.805606898242266
0.4,9,learned,0.9674074074074074,wormhole,1.0,1.0,1.0,0.3333333333333333,0.5,0.38946017076982065,0.13353634526518404,0.2559238255046366
0.4,9,learned,0.9674074074074074,sybil,1.0,1.0,1.0,0.6666666666666666,0.8,0.3443469389305491,0.12377107725217361,0.22057586167837545
0.4,10,handcrafted,0.9007407407407407,blackhole,1.0,1.0,0.0,0.0,0.0,0.16108145299231227,0.024107095835049257,0.13697435715726303
0.4,10,handcrafted,0.9007407407407407,selective_forwarding,0.9002267573696145,0.11666666666666665,0.0625,0.3333333333333333,0.10526315789473684,0.42333312800788203,0.9648442839816074,-0.5415111559737253
0.4,10,handcrafted,0.9007407407407407,sinkhole,0.9977324263038548,0.9166666666666666,0.5,0.6666666666666666,0.5714285714285715,0.564726492931334,0.6224385443385958,-0.057712051407261766
0.4,10,handcrafted,0.9007407407407407,wormhole,0.9931972789115646,0.6388888888888888,1.0,1.0,1.0,0.5513977973241216,0.6611923142150054,-0.10979451689088371
0.4,10,handcrafted,0.9007407407407407,sybil,0.9954648526077098,0.8055555555555555,0.4,0.6666666666666666,0.5,0.6190065444147203,0.6390723321942987,-0.02006578777957846
0.4,10,learned,0.9624691358024692,blackhole,1.0,1.0,1.0,1.0,1.0,0.8356046873669644,0.1653514375825318,0.6702532497844326
0.4,10,learned,0.9624691358024692,selective_forwarding,0.7664399092970522,0.060140576269608524,0.0,0.0,0.0,0.00913803308246517,0.13706924166537096,-0.1279312085829058
0.4,10,learned,0.9624691358024692,sinkhole,0.9954648526077098,0.8666666666666667,1.0,0.6666666666666666,0.8,0.20142990681244602,0.28277039627727896,-0.08134048946483294
0.4,10,learned,0.9624691358024692,wormhole,0.9931972789115646,0.6388888888888888,0.5,0.3333333333333333,0.4,0.391460444984436,0.7691147943592649,-0.3776543493748289
0.4,10,learned,0.9624691358024692,sybil,0.9954648526077098,0.8055555555555555,0.5,0.3333333333333333,0.4,0.4311888874613852,0.7291346133950198,-0.29794572593363466
0.4,11,handcrafted,0.8691358024691358,blackhole,1.0,1.0,0.0,0.0,0.0,0.07921457152479906,0.012487524868766416,0.06672704665603264
0.4,11,handcrafted,0.8691358024691358,selective_forwarding,0.7891156462585034,0.06248101934376444,0.043478260869565216,0.3333333333333333,0.07692307692307691,0.20129081304642693,0.9791464145150712,-0.7778556014686443
0.4,11,handcrafted,0.8691358024691358,sinkhole,1.0,1.0,0.75,1.0,0.8571428571428571,0.5930323546068109,0.5283064624310293,0.06472589217578162
0.4,11,handcrafted,0.8691358024691358,wormhole,1.0,1.0,1.0,0.6666666666666666,0.8,0.594525058731912,0.49040123112765965,0.10412382760425232
0.4,11,handcrafted,0.8691358024691358,sybil,0.9773242630385488,0.3595238095238095,0.375,1.0,0.5454545454545454,0.5432766671433373,0.7542446451884193,-0.21096797804508194
0.4,11,learned,0.931358024691358,blackhole,1.0,1.0,1.0,1.0,1.0,0.5855328692782255,0.11435098579953262,0.47118188347869283
0.4,11,learned,0.931358024691358,selective_forwarding,0.8049886621315193,0.06351981351981352,0.0,0.0,0.0,0.011853457289676433,0.299822191594676,-0.2879687343049996
0.4,11,learned,0.931358024691358,sinkhole,1.0,1.0,1.0,0.3333333333333333,0.5,0.35106091922419164,0.2485190497605183,0.10254186946367333
0.4,11,learned,0.931358024691358,wormhole,1.0,1.0,1.0,1.0,1.0,0.5386800573676905,0.17772337079748615,0.3609566865702044
0.4,11,learned,0.931358024691358,sybil,0.9773242630385488,0.3595238095238095,0.0,0.0,0.0,0.29697161387328797,0.8945509769708855,-0.5975793630975975
0.4,12,handcrafted,0.9382716049382716,blackhole,1.0,1.0,0.0,0.0,0.0,0.21658119598652473,0.03178445371181776,0.18479674227470697
0.4,12,handcrafted,0.9382716049382716,selective_forwarding,0.981859410430839,0.6555555555555556,0.2,1.0,0.33333333333333337,0.6380398453373315,0.9334617609928181,-0.2954219156554866
0.4,12,handcrafted,0.9382716049382716,sinkhole,0.9954648526077098,0.8055555555555555,0.42857142857142855,1.0,0.6,0.558946131301748,0.6389588889747209,-0.08001275767297289
0.4,12,handcrafted,0.9382716049382716,wormhole,0.9931972789115646,0.6388888888888888,0.5,1.0,0.6666666666666666,0.5722443478272943,0.6155790317089015,-0.04333468388160722
0.4,12,handcrafted,0.9382716049382716,sybil,1.0,1.0,0.6,1.0,0.7499999999999999,0.5731157757209018,0.5339626605435951,0.039153115177306685
0.4,12,learned,0.9792592592592593,blackhole,1.0,1.0,1.0,1.0,1.0,0.8567540367648139,0.4532520193406108,0.40350201742420305
0.4,12,learned,0.9792592592592593,selective_forwarding,0.9795918367346939,0.4888888888888889,0.0,0.0,0.0,0.06125744322611006,0.22026794722049517,-0.1590105039943851
0.4,12,learned,0.9792592592592593,sinkhole,0.9977324263038548,0.9166666666666666,1.0,0.6666666666666666,0.8,0.24172131010756742,0.48086810463464136,-0.23914679452707394
0.4,12,learned,0.9792592592592593,wormhole,0.9931972789115646,0.6388888888888888,0.6666666666666666,0.6666666666666666,0.6666666666666666,0.43168637082974254,0.6358472802601284,-0.20416090943038584
0.4,12,learned,0.9792592592592593,sybil,1.0,1.0,1.0,0.6666666666666666,0.8,0.44280224899613735,0.2265075369544988,0.21629471204163855
0.4,13,handcrafted,0.8577777777777778,blackhole,1.0,1.0,0.0,0.0,0.0,0.12163013038140182,0.02114982419179001,0.1004803061896118
0.4,13,handcrafted,0.8577777777777778,selective_forwarding,0.8798185941043084,0.14603174603174604,0.08695652173913043,0.6666666666666666,0.15384615384615383,0.29021405067490197,0.9744759490247416,-0.6842618983498396
0.4,13,handcrafted,0.8577777777777778,sinkhole,0.9977324263038548,0.9166666666666666,0.75,1.0,0.8571428571428571,0.5444812529714074,0.5744381028691773,-0.02995684989776992
0.4,13,handcrafted,0.8577777777777778,wormhole,1.0,1.0,1.0,1.0,1.0,0.5798934297278564,0.5423054204996707,0.037588009228185726
0.4,13,handcrafted,0.8577777777777778,sybil,0.9909297052154195,0.5888888888888889,0.6,1.0,0.7499999999999999,0.5220069429483948,0.6974765237857221,-0.17546958083732733
0.4,13,learned,0.9353086419753086,blackhole,1.0,1.0,1.0,1.0,1.0,0.6543377448599308,0.33579540526770885,0.31854233959222195
0.4,13,learned,0.9353086419753086,selective_forwarding,0.8276643990929705,0.10160523719845753,0.0,0.0,0.0,0.009428568791720946,0.24584316891072128,-0.23641460011900034
0.4,13,learned,0.9353086419753086,sinkhole,0.9954648526077098,0.8055555555555555,1.0,0.3333333333333333,0.5,0.11092758669603894,0.4286537246238365,-0.3177261379277976
0.4,13,learned,0.9353086419753086,wormhole,1.0,1.0,1.0,0.6666666666666666,0.8,0.43389185139119574,0.312338907757533,0.12155294363366276
0.4,13,learned,0.9353086419753086,sybil,0.9909297052154195,0.5888888888888889,0.5,0.6666666666666666,0.5714285714285715,0.28892387129432145,0.8678954206028388,-0.5789715493085172
0.4,14,handcrafted,0.8918518518518519,blackhole,1.0,1.0,0.0,0.0,0.0,0.07712297729175348,0.019691903558401884,0.057431073733351594
0.4,14,handcrafted,0.8918518518518519,selective_forwarding,0.9909297052154195,0.7000000000000001,0.15789473684210525,1.0,0.2727272727272727,0.8126965322874279,0.9783019364195962,-0.1656054041321683
0.4,14,handcrafted,0.8918518518518519,sinkhole,0.9795918367346939,0.4444444444444444,0.375,1.0,0.5454545454545454,0.520697819159115,0.6870718385093197,-0.1663740193502048
0.4,14,handcrafted,0.8918518518518519,wormhole,1.0,1.0,1.0,1.0,1.0,0.5607918544470544,0.5126077405684306,0.04818411387862376
0.4,14,handcrafted,0.8918518518518519,sybil,0.9954648526077098,0.8055555555555555,0.5,1.0,0.6666666666666666,0.5995250277187361,0.6494060957013976,-0.049881067982661564
0.4,14,learned,0.9812345679012345,blackhole,1.0,1.0,1.0,1.0,1.0,0.6671753561667949,0.341298852717781,0.3258765034490139
0.4,14,learned,0.9812345679012345,selective_forwarding,0.9705215419501134,0.31746031746031744,0.0,0.0,0.0,0.08160908360837943,0.24723242299687703,-0.1656233393884976
0.4,14,learned,0.9812345679012345,sinkhole,0.9886621315192744,0.5555555555555555,0.5,0.3333333333333333,0.4,0.2511317343582641,0.6788914837491594,-0.42775974939089534
0.4,14,learned,0.9812345679012345,wormhole,1.0,1.0,1.0,0.3333333333333333,0.5,0.4683619013920672,0.22092910925995463,0.24743279213211256
0.4,14,learned,0.9812345679012345,sybil,1.0,1.0,0.75,1.0,0.8571428571428571,0.593378355587878,0.537105982406156,0.05627237318172196
0.4,15,handcrafted,0.9051851851851852,blackhole,1.0,1.0,0.0,0.0,0.0,0.1506637715354891,0.0146935091201945,0.13597026241529458
0.4,15,handcrafted,0.9051851851851852,selective_forwarding,0.9614512471655329,0.5555555555555556,0.13333333333333333,0.6666666666666666,0.2222222222222222,0.49268677913900355,0.9420625589556053,-0.44937577981660176
0.4,15,handcrafted,0.9051851851851852,sinkhole,0.9977324263038548,0.9166666666666666,0.42857142857142855,1.0,0.6,0.6283532829481823,0.6487452782657456,-0.020391995317563305
0.4,15,handcrafted,0.9051851851851852,wormhole,1.0,1.0,0.6666666666666666,0.6666666666666666,0.6666666666666666,0.5690321199028767,0.5427404580427658,0.026291661860110893
0.4,15,handcrafted,0.9051851851851852,sybil,0.9954648526077098,0.8055555555555555,0.5,0.6666666666666666,0.5714285714285715,0.5580080906765024,0.6014669560228416,-0.04345886534633925
0.4,15,learned,0.9846913580246913,blackhole,1.0,1.0,1.0,1.0,1.0,0.8062567671880383,0.25660798126783996,0.5496487859201984
0.4,15,learned,0.9846913580246913,selective_forwarding,0.9523809523809523,0.5990338164251207,0.0,0.0,0.0,0.02499629298523373,0.1671086988166356,-0.14211240583140186
0.4,15,learned,0.9846913580246913,sinkhole,1.0,1.0,1.0,1.0,1.0,0.5550078306060712,0.4759315620546235,0.07907626855144767
0.4,15,learned,0.9846913580246913,wormhole,1.0,1.0,1.0,0.6666666666666666,0.8,0.39849779761117465,0.32857335411077776,0.0699244435003969
0.4,15,learned,0.9846913580246913,sybil,0.9977324263038548,0.9166666666666666,1.0,0.3333333333333333,0.5,0.4047106489756619,0.40500334857691184,-0.0002926996012499461
0.4,16,handcrafted,0.8879012345679013,blackhole,1.0,1.0,0.0,0.0,0.0,0.3200928413193302,0.00815648496375388,0.3119363563555763
0.4,16,handcrafted,0.8879012345679013,selective_forwarding,0.9705215419501134,0.33535353535353535,0.14285714285714285,1.0,0.25,0.7034584760258306,0.9449481608812699,-0.2414896848554393
0.4,16,handcrafted,0.8879012345679013,sinkhole,0.9931972789115646,0.6388888888888888,0.42857142857142855,1.0,0.6,0.631140380895322,0.7132550680742917,-0.08211468717896975
0.4,16,handcrafted,0.8879012345679013,wormhole,1.0,1.0,0.75,1.0,0.8571428571428571,0.5218747596203177,0.5177067555197526,0.004168004100565059
0.4,16,handcrafted,0.8879012345679013,sybil,1.0,1.0,0.3,1.0,0.4615384615384615,0.6426694759742838,0.5301877538586446,0.11248172211563923
0.4,16,learned,0.9753086419753086,blackhole,1.0,1.0,1.0,1.0,1.0,0.8292073642173475,0.1361837492733512,0.6930236149439963
0.4,16,learned,0.9753086419753086,selective_forwarding,0.9478458049886621,0.22549019607843138,0.0,0.0,0.0,0.049070378658823445,0.17011240073529285,-0.12104202207646941
0.4,16,learned,0.9753086419753086,sinkhole,0.9931972789115646,0.6388888888888888,0.75,1.0,0.8571428571428571,0.5539966054881346,0.8627012949954626,-0.308704689507328
0.4,16,learned,0.9753086419753086,wormhole,1.0,1.0,1.0,0.6666666666666666,0.8,0.3146282906354099,0.26367414320323296,0.050954147432176966
0.4,16,learned,0.9753086419753086,sybil,1.0,1.0,1.0,1.0,1.0,0.57966043887003,0.20596280840154635,0.3736976304684837
0.4,17,handcrafted,0.8607407407407407,blackhole,1.0,1.0,0.0,0.0,0.0,0.09281868645074609,0.01927595284741913,0.07354273360332696
0.4,17,handcrafted,0.8607407407407407,selective_forwarding,0.9387755102040817,0.29347826086956524,0.1111111111111111,1.0,0.19999999999999998,0.575702918871425,0.9792493441317958,-0.40354642526037077
0.4,17,handcrafted,0.8607407407407407,sinkhole,0.9863945578231292,0.5,0.375,1.0,0.5454545454545454,0.5360643397580415,0.629733408668845,-0.09366906891080351
0.4,17,handcrafted,0.8607407407407407,wormhole,1.0,1.0,1.0,1.0,1.0,0.526368987622821,0.4867691621981935,0.03959982542462753
0.4,17,handcrafted,0.8607407407407407,sybil,1.0,1.0,1.0,1.0,1.0,0.6413195308618582,0.5435716284132637,0.09774790244859455
0.4,17,learned,0.9639506172839506,blackhole,1.0,1.0,1.0,1.0,1.0,0.8217808892907144,0.2229069316059165,0.5988739576847979
0.4,17,learned,0.9639506172839506,selective_forwarding,0.9138321995464853,0.26458333333333334,0.0,0.0,0.0,0.026955674345606327,0.2565270521102707,-0.22957137776466438
0.4,17,learned,0.9639506172839506,sinkhole,0.9931972789115646,0.7555555555555555,0.0,0.0,0.0,0.2844150155160309,0.4415293495677035,-0.15711433405167263
0.4,17,learned,0.9639506172839506,wormhole,1.0,1.0,1.0,0.6666666666666666,0.8,0.21851992770488243,0.1946539758237717,0.023865951881110736
0.4,17,learned,0.9639506172839506,sybil,1.0,1.0,1.0,0.6666666666666666,0.8,0.46045300145559065,0.2605147641632971,0.19993823729229354
0.4,18,handcrafted,0.8849382716049383,blackhole,1.0,1.0,0.0,0.0,0.0,0.08021797710207233,0.007577802391815819,0.07264017471025651
0.4,18,handcrafted,0.8849382716049383,selective_forwarding,0.8616780045351474,0.09188373894256248,0.09090909090909091,0.6666666666666666,0.16,0.3175565764907329,0.9359179512671851,-0.6183613747764523
0.4,18,handcrafted,0.8849382716049383,sinkhole,0.9931972789115646,0.6388888888888888,0.75,1.0,0.8571428571428571,0.5837445589230932,0.7268751204435434,-0.14313056152045023
0.4,18,handcrafted,0.8849382716049383,wormhole,1.0,1.0,1.0,0.6666666666666666,0.8,0.5834484277732688,0.49612836318824416,0.08732006458502461
0.4,18,handcrafted,0.8849382716049383,sybil,1.0,1.0,0.75,1.0,0.8571428571428571,0.5931095491168257,0.5194702964668348,0.07363925264999083
0.4,18,learned,0.9580246913580247,blackhole,1.0,1.0,1.0,1.0,1.0,0.650082067695048,0.0762559068266392,0.5738261608684088
0.4,18,learned,0.9580246913580247,selective_forwarding,0.8775510204081632,0.10811546840958607,0.0,0.0,0.0,0.014623769583202221,0.2525790227593758,-0.2379552531761736
0.4,18,learned,0.9580246913580247,sinkhole,0.9954648526077098,0.8055555555555555,0.6666666666666666,0.6666666666666666,0.6666666666666666,0.20996386917599405,0.5697340578388926,-0.35977018866289856
0.4,18,learned,0.9580246913580247,wormhole,1.0,1.0,1.0,0.3333333333333333,0.5,0.22024598357625222,0.1860573027369388,0.03418868083931342
0.4,18,learned,0.9580246913580247,sybil,1.0,1.0,1.0,0.6666666666666666,0.8,0.4063366254303536,0.1350287054512356,0.27130791997911796
0.4,19,handcrafted,0.8814814814814815,blackhole,1.0,1.0,0.0,0.0,0.0,0.14742399685464638,0.014219996434521086,0.13320400042012528
0.4,19,handcrafted,0.8814814814814815,selective_forwarding,0.891156462585034,0.1215437788018433,0.09523809523809523,0.6666666666666666,0.16666666666666666,0.3942984478521695,0.9830025868761849,-0.5887041390240154
0.4,19,handcrafted,0.8814814814814815,sinkhole,1.0,1.0,1.0,1.0,1.0,0.5711183753271206,0.4793562580403164,0.09176211728680422
0.4,19,handcrafted,0.8814814814814815,wormhole,0.9909297052154195,0.7000000000000001,0.75,1.0,0.8571428571428571,0.5733083935325918,0.7312012966878055,-0.15789290315521376
0.4,19,handcrafted,0.8814814814814815,sybil,1.0,1.0,0.75,1.0,0.8571428571428571,0.5913034064897782,0.5111668504229281,0.0801365560668501
0.4,19,learned,0.942716049382716,blackhole,1.0,1.0,1.0,1.0,1.0,0.7328855062329548,0.18235139841242598,0.5505341078205288
0.4,19,learned,0.942716049382716,selective_forwarding,0.8775510204081632,0.09656084656084656,0.0,0.0,0.0,0.019901330841990465,0.22449303504009524,-0.20459170419810477
0.4,19,learned,0.942716049382716,sinkhole,1.0,1.0,1.0,0.3333333333333333,0.5,0.2116445403464943,0.12529121078524835,0.08635332956124595
0.4,19,learned,0.942716049382716,wormhole,0.9909297052154195,0.7000000000000001,0.6,1.0,0.7499999999999999,0.5082644873812798,0.9133776225509047,-0.4051131351696249
0.4,19,learned,0.942716049382716,sybil,1.0,1.0,1.0,0.6666666666666666,0.8,0.38813314832818513,0.14128142435602972,0.2468517239721554
0.4,20,handcrafted,0.837037037037037,blackhole,1.0,1.0,0.0,0.0,0.0,0.14783523489183623,0.035647916574442266,0.11218731831739395
0.4,20,handcrafted,0.837037037037037,selective_forwarding,0.9365079365079365,0.19345238095238093,0.15789473684210525,1.0,0.2727272727272727,0.5566116650674288,0.9664989569192005,-0.40988729185177175
0.4,20,handcrafted,0.837037037037037,sinkhole,0.981859410430839,0.41111111111111115,0.375,1.0,0.5454545454545454,0.6116383978040194,0.8158374419490093,-0.2041990441449899
0.4,20,handcrafted,0.837037037037037,wormhole,1.0,1.0,0.75,1.0,0.8571428571428571,0.5275574535353007,0.5024835647700164,0.02507388876528427
0.4,20,handcrafted,0.837037037037037,sybil,1.0,1.0,0.75,1.0,0.8571428571428571,0.6359122004183564,0.5110131688804815,0.12489903153787485
0.4,20,learned,0.9545679012345679,blackhole,1.0,1.0,0.75,1.0,0.8571428571428571,0.8280005452144396,0.5477762956494693,0.2802242495649703
0.4,20,learned,0.9545679012345679,selective_forwarding,0.9183673469387755,0.14285714285714285,0.0,0.0,0.0,0.03355184897066861,0.2260483311416374,-0.19249648217096876
0.4,20,learned,0.9545679012345679,sinkhole,0.9863945578231292,0.4777777777777777,0.5,0.6666666666666666,0.5714285714285715,0.426302562929181,0.9376654904084875,-0.5113629274793065
0.4,20,learned,0.9545679012345679,wormhole,1.0,1.0,1.0,0.6666666666666666,0.8,0.35661286441243234,0.269064591159885,0.08754827325254733
0.4,20,learned,0.9545679012345679,sybil,1.0,1.0,1.0,1.0,1.0,0.6080186250301425,0.09095342669179456,0.517065198338348
0.4,21,handcrafted,0.9555555555555556,blackhole,1.0,1.0,0.0,0.0,0.0,0.05202048633516084,0.013936261607372697,0.03808422472778814
0.4,21,handcrafted,0.9555555555555556,selective_forwarding,0.9886621315192744,0.6666666666666666,0.17647058823529413,1.0,0.3,0.8356932362428343,0.9816427570459848,-0.1459495208031505
0.4,21,handcrafted,0.9555555555555556,sinkhole,1.0,1.0,0.6,1.0,0.7499999999999999,0.6627802505421291,0.5919190771306692,0.07086117341145992
0.4,21,handcrafted,0.9555555555555556,wormhole,1.0,1.0,0.75,1.0,0.8571428571428571,0.5428487641486601,0.5211314138257248,0.021717350322935314
0.4,21,handcrafted,0.9555555555555556,sybil,0.9977324263038548,0.9166666666666666,0.75,1.0,0.8571428571428571,0.5669097609834018,0.5756156569354748,-0.00870589595207294
0.4,21,learned,0.9901234567901235,blackhole,1.0,1.0,1.0,1.0,1.0,0.6108155193886067,0.3422678326125167,0.26854768677609
0.4,21,learned,0.9901234567901235,selective_forwarding,0.9659863945578231,0.27579365079365076,0.0,0.0,0.0,0.08988818597896364,0.2587674062805446,-0.16887922030158098
0.4,21,learned,0.9901234567901235,sinkhole,1.0,1.0,1.0,1.0,1.0,0.6252388695216246,0.16245968333952268,0.4627791861821019
0.4,21,learned,0.9901234567901235,wormhole,1.0,1.0,1.0,0.6666666666666666,0.8,0.30066872069286127,0.2734524530071915,0.02721626768566976
0.4,21,learned,0.9901234567901235,sybil,0.9977324263038548,0.9166666666666666,1.0,0.3333333333333333,0.5,0.2924845641096801,0.34328019438504914,-0.05079563027536904
0.4,22,handcrafted,0.9150617283950617,blackhole,1.0,1.0,0.0,0.0,0.0,0.16645619102613726,0.009374512399390956,0.1570816786267463
0.4,22,handcrafted,0.9150617283950617,selective_forwarding,0.9614512471655329,0.25,0.16666666666666666,1.0,0.2857142857142857,0.5853165828993516,0.9596061088313933,-0.3742895259320417
0.4,22,handcrafted,0.9150617283950617,sinkhole,1.0,1.0,0.5,1.0,0.6666666666666666,0.5875793606642123,0.5539407562900848,0.03363860437412758
0.4,22,handcrafted,0.9150617283950617,wormhole,1.0,1.0,0.42857142857142855,1.0,0.6,0.6190973169433163,0.5742222281389093,0.04487508880440694
0.4,22,handcrafted,0.9150617283950617,sybil,1.0,1.0,0.5,0.6666666666666666,0.5714285714285715,0.5541574566835171,0.5356324169515174,0.018525039731999704
0.4,22,learned,0.9669135802469135,blackhole,1.0,1.0,1.0,1.0,1.0,0.8181726725892339,0.1043144452520997,0.7138582273371342
0.4,22,learned,0.9669135802469135,selective_forwarding,0.927437641723356,0.15406162464985995,0.0,0.0,0.0,0.029769769486677155,0.19290793604974657,-0.16313816656306943
0.4,22,learned,0.9669135802469135,sinkhole,0.9909297052154195,0.7000000000000001,1.0,0.3333333333333333,0.5,0.2426830793525104,0.35054497394722556,-0.10786189459471515
0.4,22,learned,0.9669135802469135,wormhole,1.0,1.0,1.0,1.0,1.0,0.6884110594238674,0.45919997477486907,0.2292110846489983
0.4,22,learned,0.9669135802469135,sybil,0.9977324263038548,0.9166666666666666,1.0,0.3333333333333333,0.5,0.26498629742508045,0.32390194635225267,-0.058915648927172215
0.4,23,handcrafted,0.8982716049382716,blackhole,1.0,1.0,0.0,0.0,0.0,0.18682749569491466,0.005543243850029583,0.18128425184488509
0.4,23,handcrafted,0.8982716049382716,selective_forwarding,0.9387755102040817,0.17824074074074073,0.13333333333333333,0.6666666666666666,0.2222222222222222,0.4647797972326904,0.8885228136711721,-0.4237430164384817
0.4,23,handcrafted,0.8982716049382716,sinkhole,1.0,1.0,0.5,1.0,0.6666666666666666,0.6286239386062417,0.5243847866743565,0.10423915193188515
0.4,23,handcrafted,0.8982716049382716,wormhole,0.9977324263038548,0.9166666666666666,0.75,1.0,0.8571428571428571,0.5135625357062653,0.5717925680831937,-0.058230032376928365
0.4,23,handcrafted,0.8982716049382716,sybil,1.0,1.0,0.75,1.0,0.8571428571428571,0.5593604013214611,0.5286503307928061,0.030710070528655042
0.4,23,learned,0.9723456790123457,blackhole,1.0,1.0,1.0,1.0,1.0,0.7577079931813197,0.10053462219629533,0.6571733709850243
0.4,23,learned,0.9723456790123457,selective_forwarding,0.9319727891156463,0.1638888888888889,0.0,0.0,0.0,0.0320245544872058,0.21163468039049033,-0.1796101259032845
0.4,23,learned,0.9723456790123457,sinkhole,1.0,1.0,1.0,0.3333333333333333,0.5,0.39074727975955226,0.1457821249032021,0.24496515485635015
0.4,23,learned,0.9723456790123457,wormhole,0.9977324263038548,0.9166666666666666,1.0,0.6666666666666666,0.8,0.21892034485338224,0.4486824792836743,-0.22976213443029203
0.4,23,learned,0.9723456790123457,sybil,1.0,1.0,1.0,0.3333333333333333,0.5,0.22302246285914168,0.18798650770611922,0.03503595515302246
0.4,24,handcrafted,0.8641975308641975,blackhole,1.0,1.0,0.0,0.0,0.0,0.14419472497955552,0.008543505861227372,0.13565121911832814
0.4,24,handcrafted,0.8641975308641975,selective_forwarding,0.9024943310657596,0.15666666666666665,0.1,0.6666666666666666,0.1739130434782609,0.46101649468232975,0.9501884416303685,-0.4891719469480388
0.4,24,handcrafted,0.8641975308641975,sinkhole,0.9977324263038548,0.9166666666666666,0.375,1.0,0.5454545454545454,0.6109958308654873,0.6871129774655522,-0.07611714660006497
0.4,24,handcrafted,0.8641975308641975,wormhole,0.9954648526077098,0.8055555555555555,0.75,1.0,0.8571428571428571,0.5975198299887337,0.6381813507867109,-0.040661520797977246
0.4,24,handcrafted,0.8641975308641975,sybil,1.0,1.0,0.75,1.0,0.8571428571428571,0.588320477033903,0.5309208771169407,0.05739959991696231
0.4,24,learned,0.9506172839506173,blackhole,1.0,1.0,1.0,1.0,1.0,0.7922026137546501,0.13144395331480124,0.6607586604398488
0.4,24,learned,0.9506172839506173,selective_forwarding,0.8820861678004536,0.1079059829059829,0.0,0.0,0.0,0.024302443196098332,0.18970060818235415,-0.1653981649862558
0.4,24,learned,0.9506172839506173,sinkhole,0.9954648526077098,0.8666666666666667,0.6666666666666666,0.6666666666666666,0.6666666666666666,0.3233094919714982,0.7431272159835873,-0.4198177240120891
0.4,24,learned,0.9506172839506173,wormhole,0.9977324263038548,0.9166666666666666,0.75,1.0,0.8571428571428571,0.6101221260906673,0.6556494263213304,-0.04552730023066309
0.4,24,learned,0.9506172839506173,sybil,1.0,1.0,1.0,1.0,1.0,0.5039046362467863,0.16292736829404278,0.3409772679527435
0.4,25,handcrafted,0.8641975308641975,blackhole,1.0,1.0,0.0,0.0,0.0,0.2264750107111027,0.006835459233406848,0.21963955147769587
0.4,25,handcrafted,0.8641975308641975,selective_forwarding,0.9365079365079365,0.3162393162393162,0.08,0.6666666666666666,0.14285714285714285,0.48723681493056326,0.9218507338461073,-0.434613918915544
0.4,25,handcrafted,0.8641975308641975,sinkhole,0.9931972789115646,0.8333333333333334,0.4,0.6666666666666666,0.5,0.6171219326677743,0.6659893986350754,-0.04886746596730118
0.4,25,handcrafted,0.8641975308641975,wormhole,0.9886621315192744,0.5555555555555555,0.375,1.0,0.5454545454545454,0.5381704721255803,0.7203236405211226,-0.1821531683955423
0.4,25,handcrafted,0.8641975308641975,sybil,1.0,1.0,1.0,0.6666666666666666,0.8,0.6184879681057498,0.4662430097297073,0.15224495837604252
0.4,25,learned,0.9580246913580247,blackhole,1.0,1.0,1.0,1.0,1.0,0.8483428526229908,0.10472282775841142,0.7436200248645793
0.4,25,learned,0.9580246913580247,selective_forwarding,0.9433106575963719,0.4621212121212121,0.0,0.0,0.0,0.031974022215281894,0.13488350152958756,-0.10290947931430566
0.4,25,learned,0.9580246913580247,sinkhole,0.9977324263038548,0.9166666666666666,0.6,1.0,0.7499999999999999,0.5093968661419153,0.6797101439138798,-0.1703132777719646
0.4,25,learned,0.9580246913580247,wormhole,0.9886621315192744,0.5555555555555555,0.5,0.6666666666666666,0.5714285714285715,0.3251306202011503,0.9352378135221259,-0.6101071933209756
0.4,25,learned,0.9580246913580247,sybil,1.0,1.0,1.0,1.0,1.0,0.6879006138151343,0.06600888870268375,0.6218917251124506
0.4,26,handcrafted,0.8286419753086419,blackhole,1.0,1.0,0.0,0.0,0.0,0.14731908842530772,0.0067095542872860625,0.14060953413802166
0.4,26,handcrafted,0.8286419753086419,selective_forwarding,0.8299319727891157,0.07127389486260453,0.05263157894736842,0.3333333333333333,0.09090909090909091,0.39019794849546097,0.9191442624004592,-0.5289463139049982
0.4,26,handcrafted,0.8286419753086419,sinkhole,0.9931972789115646,0.6388888888888888,0.42857142857142855,1.0,0.6,0.6335802659191602,0.730126318737515,-0.09654605281835482
0.4,26,handcrafted,0.8286419753086419,wormhole,0.9931972789115646,0.6388888888888888,0.6,1.0,0.7499999999999999,0.5828724016842435,0.6607183529268466,-0.07784595124260307
0.4,26,handcrafted,0.8286419753086419,sybil,1.0,1.0,0.75,1.0,0.8571428571428571,0.6319612217166211,0.5965672544672909,0.035393967249330194
0.4,26,learned,0.9175308641975308,blackhole,1.0,1.0,1.0,1.0,1.0,0.6941693486445177,0.06075586744955634,0.6334134811949614
0.4,26,learned,0.9175308641975308,selective_forwarding,0.8072562358276644,0.06333333333333334,0.0,0.0,0.0,0.018812807607576938,0.24631073808403464,-0.2274979304764577
0.4,26,learned,0.9175308641975308,sinkhole,0.9931972789115646,0.6388888888888888,0.6666666666666666,0.6666666666666666,0.6666666666666666,0.42440380340308254,0.8159281807100186,-0.39152437730693607
0.4,26,learned,0.9175308641975308,wormhole,0.9931972789115646,0.6388888888888888,0.75,1.0,0.8571428571428571,0.5710284845362971,0.8207250965085926,-0.24969661197229553
0.4,26,learned,0.9175308641975308,sybil,1.0,1.0,1.0,1.0,1.0,0.6717465186421615,0.3894473097638155,0.28229920887834603
0.4,27,handcrafted,0.8948148148148148,blackhole,1.0,1.0,0.0,0.0,0.0,0.16845052610121497,0.002969960221491181,0.1654805658797238
0.4,27,handcrafted,0.8948148148148148,selective_forwarding,0.9909297052154195,0.5888888888888889,0.375,1.0,0.5454545454545454,0.6113610160037872,0.7593959296287974,-0.1480349136250102
0.4,27,handcrafted,0.8948148148148148,sinkhole,0.9886621315192744,0.6666666666666666,0.3333333333333333,1.0,0.5,0.5503002289328747,0.6637759416701233,-0.11347571273724866
0.4,27,handcrafted,0.8948148148148148,wormhole,1.0,1.0,1.0,1.0,1.0,0.584387645605662,0.49941749877290487,0.08497014683275717
0.4,27,handcrafted,0.8948148148148148,sybil,0.9954648526077098,0.8055555555555555,0.5,1.0,0.6666666666666666,0.570658938136131,0.6109773754620947,-0.04031843732596374
0.4,27,learned,0.9679012345679012,blackhole,1.0,1.0,1.0,1.0,1.0,0.7604827146992947,0.042021362269085365,0.7184613524302094
0.4,27,learned,0.9679012345679012,selective_forwarding,0.963718820861678,0.2686868686868687,0.0,0.0,0.0,0.04093081331672156,0.2052573990617824,-0.16432658574506082
0.4,27,learned,0.9679012345679012,sinkhole,0.9909297052154195,0.5888888888888889,0.5,0.3333333333333333,0.4,0.3352622138473092,0.6157791927540007,-0.2805169789066915
0.4,27,learned,0.9679012345679012,wormhole,1.0,1.0,1.0,1.0,1.0,0.5146085091102566,0.19228339111338297,0.3223251179968736
0.4,27,learned,0.9679012345679012,sybil,0.9954648526077098,0.8055555555555555,0.6666666666666666,0.6666666666666666,0.6666666666666666,0.4274217530168294,0.518596829916249,-0.09117507689941962
0.4,28,handcrafted,0.8933333333333333,blackhole,1.0,1.0,0.0,0.0,0.0,0.1921233707983093,0.00612972369874155,0.18599364709956775
0.4,28,handcrafted,0.8933333333333333,selective_forwarding,0.9659863945578231,0.5,0.1875,1.0,0.3157894736842105,0.6317521102620325,0.8250752727038433,-0.1933231624418108
0.4,28,handcrafted,0.8933333333333333,sinkhole,0.9931972789115646,0.6388888888888888,0.5,1.0,0.6666666666666666,0.5916457094749472,0.7038830203577691,-0.11223731088282185
0.4,28,handcrafted,0.8933333333333333,wormhole,1.0,1.0,1.0,1.0,1.0,0.5729215142720456,0.4577402025442381,0.11518131172780754
0.4,28,handcrafted,0.8933333333333333,sybil,0.9954648526077098,0.8055555555555555,0.5,1.0,0.6666666666666666,0.5511772412896182,0.6379910170259444,-0.0868137757363262
0.4,28,learned,0.9846913580246913,blackhole,1.0,1.0,1.0,1.0,1.0,0.81076578215133,0.07268685515889572,0.7380789269924343
0.4,28,learned,0.9846913580246913,selective_forwarding,0.963718820861678,0.2611111111111111,0.0,0.0,0.0,0.07579213596548717,0.15968239787128638,-0.08389026190579921
0.4,28,learned,0.9846913580246913,sinkhole,0.9931972789115646,0.6388888888888888,0.6666666666666666,0.6666666666666666,0.6666666666666666,0.30568235722086207,0.7098304088313504,-0.40414805161048833
0.4,28,learned,0.9846913580246913,wormhole,1.0,1.0,1.0,0.6666666666666666,0.8,0.46068770408775794,0.11115583886967488,0.34953186521808305
0.4,28,learned,0.9846913580246913,sybil,0.9954648526077098,0.8055555555555555,0.5,0.3333333333333333,0.4,0.3457843080992264,0.6711899739148429,-0.32540566581561653
0.4,29,handcrafted,0.8775308641975309,blackhole,1.0,1.0,0.0,0.0,0.0,0.15140988221676846,0.00913296280942107,0.14227691940734738
0.4,29,handcrafted,0.8775308641975309,selective_forwarding,0.927437641723356,0.4226190476190476,0.06666666666666667,0.3333333333333333,0.1111111111111111,0.436626584573517,0.9067385960848926,-0.4701120115113756
0.4,29,handcrafted,0.8775308641975309,sinkhole,0.9931972789115646,0.6388888888888888,0.3,1.0,0.4615384615384615,0.599737633519822,0.8493215099737761,-0.24958387645395408
0.4,29,handcrafted,0.8775308641975309,wormhole,0.9954648526077098,0.8055555555555555,0.75,1.0,0.8571428571428571,0.5760779335484622,0.6027252573187717,-0.02664732377030954
0.4,29,handcrafted,0.8775308641975309,sybil,0.9931972789115646,0.8333333333333334,0.5,0.6666666666666666,0.5714285714285715,0.5262197597603931,0.5457577301599967,-0.019537970399603588
0.4,29,learned,0.9555555555555556,blackhole,1.0,1.0,1.0,1.0,1.0,0.8345277413608182,0.18436513079575906,0.6501626105650591
0.4,29,learned,0.9555555555555556,selective_forwarding,0.9455782312925171,0.4476190476190476,0.0,0.0,0.0,0.03686104216248957,0.13516539633014366,-0.0983043541676541
0.4,29,learned,0.9555555555555556,sinkhole,0.9886621315192744,0.5333333333333333,0.0,0.0,0.0,0.3549806755223494,0.9741128827026753,-0.6191322071803258
0.4,29,learned,0.9555555555555556,wormhole,0.9977324263038548,0.9166666666666666,0.6666666666666666,0.6666666666666666,0.6666666666666666,0.4935408316727551,0.6090714634183433,-0.1155306317455882
0.4,29,learned,0.9555555555555556,sybil,1.0,1.0,1.0,0.6666666666666666,0.8,0.40068881457540795,0.381615679652399,0.01907313492300894
0.4,30,handcrafted,0.8824691358024691,blackhole,1.0,1.0,0.0,0.0,0.0,0.15327380128481313,0.02216381287215662,0.1311099884126565
0.4,30,handcrafted,0.8824691358024691,selective_forwarding,0.9024943310657596,0.14017094017094014,0.125,0.6666666666666666,0.21052631578947367,0.3364796180422365,0.9714188298589043,-0.6349392118166678
0.4,30,handcrafted,0.8824691358024691,sinkhole,0.9909297052154195,0.7000000000000001,0.5,1.0,0.6666666666666666,0.5659362897154783,0.6551778403868498,-0.08924155067137152
0.4,30,handcrafted,0.8824691358024691,wormhole,1.0,1.0,1.0,1.0,1.0,0.5825624803659158,0.49452634929732925,0.0880361310685866
0.4,30,handcrafted,0.8824691358024691,sybil,0.9977324263038548,0.9166666666666666,0.75,1.0,0.8571428571428571,0.5193355997275478,0.5583683423670991,-0.039032742639551254
0.4,30,learned,0.9639506172839506,blackhole,1.0,1.0,1.0,1.0,1.0,0.7273661605961026,0.4807439999793468,0.2466221606167558
0.4,30,learned,0.9639506172839506,selective_forwarding,0.8798185941043084,0.09808080808080809,0.0,0.0,0.0,0.0226428322179405,0.22983717480997026,-0.20719434259202976
0.4,30,learned,0.9639506172839506,sinkhole,0.9954648526077098,0.8666666666666667,0.5,0.6666666666666666,0.5714285714285715,0.22109110700448298,0.5549110365666541,-0.3338199295621711
0.4,30,learned,0.9639506172839506,wormhole,1.0,1.0,1.0,1.0,1.0,0.5161170879769038,0.2005973213768364,0.3155197666000674
0.4,30,learned,0.9639506172839506,sybil,1.0,1.0,1.0,0.3333333333333333,0.5,0.11442350854131643,0.09574024193446855,0.01868326660684788
0.6,1,handcrafted,0.8553086419753086,blackhole,0.9977324263038548,0.9166666666666666,0.0,0.0,0.0,0.00812251100523622,0.010333881360167808,-0.0022113703549315883
0.6,1,handcrafted,0.8553086419753086,selective_forwarding,0.8072562358276644,0.07991021324354657,0.043478260869565216,0.3333333333333333,0.07692307692307691,0.21543447485163258,0.9818618325958249,-0.7664273577441924
0.6,1,handcrafted,0.8553086419753086,sinkhole,0.927437641723356,0.15946918578497524,0.16666666666666666,0.3333333333333333,0.2222222222222222,0.40403006892323257,0.672019063668682,-0.26798899474544946
0.6,1,handcrafted,0.8553086419753086,wormhole,0.9977324263038548,0.9166666666666666,0.75,1.0,0.8571428571428571,0.5044647322746979,0.5350132262246525,-0.030548493949954625
0.6,1,handcrafted,0.8553086419753086,sybil,0.9705215419501134,0.3611111111111111,0.0,0.0,0.0,0.42605627235562216,0.5654765454553091,-0.13942027309968696
0.6,1,learned,0.9076543209876543,blackhole,1.0,1.0,1.0,0.6666666666666666,0.8,0.2692182374593671,0.2480442098357189,0.02117402762364823
0.6,1,learned,0.9076543209876543,selective_forwarding,0.8503401360544217,0.15961199294532627,0.0,0.0,0.0,0.020076072598527717,0.14854278208457966,-0.12846670948605193
0.6,1,learned,0.9076543209876543,sinkhole,0.9387755102040817,0.1737012987012987,0.0,0.0,0.0,0.05550007743471515,0.5006402393190117,-0.44514016188429656
0.6,1,learned,0.9076543209876543,wormhole,0.9977324263038548,0.9166666666666666,1.0,0.3333333333333333,0.5,0.24801422614045254,0.29309478725748406,-0.045080561117031515
0.6,1,learned,0.9076543209876543,sybil,0.9478458049886621,0.32539682539682535,0.0,0.0,0.0,0.04362619571338136,0.482735058495499,-0.4391088627821177
0.6,2,handcrafted,0.7758024691358024,blackhole,0.9954648526077098,0.8666666666666667,0.0,0.0,0.0,0.003917540574547277,0.006058769773723416,-0.0021412291991761397
0.6,2,handcrafted,0.7758024691358024,selective_forwarding,0.7709750566893424,0.06680044593088072,0.043478260869565216,0.3333333333333333,0.07692307692307691,0.1986277489694842,0.9557858670706252,-0.757158118101141
0.6,2,handcrafted,0.7758024691358024,sinkhole,0.9546485260770975,0.2380952380952381,0.25,0.3333333333333333,0.28571428571428575,0.40889585980755405,0.6389042485697836,-0.2300083887622295
0.6,2,handcrafted,0.7758024691358024,wormhole,0.9682539682539683,0.2888888888888889,0.0,0.0,0.0,0.42197579330219154,0.6889360097126893,-0.2669602164104978
0.6,2,handcrafted,0.7758024691358024,sybil,0.9727891156462585,0.3206349206349206,0.0,0.0,0.0,0.4300379728919084,0.5648848200327354,-0.134846847140827
0.6,2,learned,0.860246913580247,blackhole,0.9954648526077098,0.8666666666666667,1.0,0.6666666666666666,0.8,0.1293339868975604,0.2502134467988516,-0.1208794599012912
0.6,2,learned,0.860246913580247,selective_forwarding,0.8390022675736961,0.08782679738562092,0.0,0.0,0.0,0.017982111123157413,0.10522752899866748,-0.08724541787551007
0.6,2,learned,0.860246913580247,sinkhole,0.9591836734693877,0.2483164983164983,0.0,0.0,0.0,0.052629053415120926,0.5074536163888352,-0.4548245629737143
0.6,2,learned,0.860246913580247,wormhole,0.9705215419501134,0.3055555555555555,0.0,0.0,0.0,0.08653872816490991,0.8186363138840076,-0.7320975857190977
0.6,2,learned,0.860246913580247,sybil,0.9569160997732427,0.25,0.0,0.0,0.0,0.04732266989283667,0.33187135979128746,-0.2845486898984508
0.6,3,handcrafted,0.8360493827160493,blackhole,0.9954648526077098,0.8666666666666667,0.0,0.0,0.0,0.004824717585645292,0.013656942550658505,-0.008832224965013213
0.6,3,handcrafted,0.8360493827160493,selective_forwarding,0.9206349206349206,0.1616931216931217,0.1,0.6666666666666666,0.1739130434782609,0.45125840044726984,0.982147389650013,-0.5308889892027432
0.6,3,handcrafted,0.8360493827160493,sinkhole,0.9614512471655329,0.3333333333333333,0.2222222222222222,0.6666666666666666,0.3333333333333333,0.45430843495322165,0.7329320382557305,-0.27862360330250885
0.6,3,handcrafted,0.8360493827160493,wormhole,0.9863945578231292,0.6428571428571429,0.3333333333333333,0.3333333333333333,0.3333333333333333,0.457450299530786,0.5325929286431643,-0.07514262911237835
0.6,3,handcrafted,0.8360493827160493,sybil,0.9478458049886621,0.21536796536796535,0.0,0.0,0.0,0.38678573456582194,0.560165320469871,-0.17337958590404906
0.6,3,learned,0.8706172839506173,blackhole,0.9954648526077098,0.8666666666666667,1.0,0.6666666666666666,0.8,0.147828871422016,0.20494322480841903,-0.05711435338640303
0.6,3,learned,0.8706172839506173,selective_forwarding,0.8752834467120182,0.10038850038850039,0.0,0.0,0.0,0.023305498593197117,0.14559743507739537,-0.12229193648419825
0.6,3,learned,0.8706172839506173,sinkhole,0.9614512471655329,0.3625,0.5,0.3333333333333333,0.4,0.06134140277760435,0.7829753714352227,-0.7216339686576183
0.6,3,learned,0.8706172839506173,wormhole,0.9886621315192744,0.6666666666666666,1.0,0.3333333333333333,0.5,0.177292657378925,0.3741118192735834,-0.1968191618946584
0.6,3,learned,0.8706172839506173,sybil,0.9501133786848073,0.21216931216931215,0.0,0.0,0.0,0.04005925123445506,0.43651734958545857,-0.39645809835100354
0.6,4,handcrafted,0.8612345679012345,blackhole,1.0,1.0,0.0,0.0,0.0,0.014984479909092298,0.006490534833367288,0.008493945075725009
0.6,4,handcrafted,0.8612345679012345,selective_forwarding,0.8752834467120182,0.09461462450592885,0.13043478260869565,1.0,0.23076923076923078,0.5014768756238308,0.9836439149728348,-0.48216703934900396
0.6,4,handcrafted,0.8612345679012345,sinkhole,0.9705215419501134,0.4102564102564103,0.2,0.3333333333333333,0.25,0.4469635834145279,0.722452149369025,-0.2754885659544971
0.6,4,handcrafted,0.8612345679012345,wormhole,0.9727891156462585,0.33134920634920634,0.0,0.0,0.0,0.41905116756715577,0.5099981748751344,-0.09094700730797867
0.6,4,handcrafted,0.8612345679012345,sybil,0.9569160997732427,0.26111111111111107,0.0,0.0,0.0,0.4045693162562191,0.5592756196968237,-0.1547063034406046
0.6,4,learned,0.8908641975308642,blackhole,1.0,1.0,1.0,1.0,1.0,0.6271148555039756,0.13657064613380554,0.49054420937017007
0.6,4,learned,0.8908641975308642,selective_forwarding,0.9070294784580499,0.12301587301587301,0.0,0.0,0.0,0.041771273206376476,0.10233766959938552,-0.060566396393009043
0.6,4,learned,0.8908641975308642,sinkhole,0.9705215419501134,0.4102564102564103,0.5,0.3333333333333333,0.4,0.0697718150120333,0.788006118102413,-0.7182343030903796
0.6,4,learned,0.8908641975308642,wormhole,0.9773242630385488,0.36507936507936506,0.0,0.0,0.0,0.09767343665435475,0.35029234618626187,-0.25261890953190713
0.6,4,learned,0.8908641975308642,sybil,0.9614512471655329,0.2760942760942761,0.0,0.0,0.0,0.08271765291737283,0.34468930315636054,-0.2619716502389877
0.6,5,handcrafted,0.8503703703703703,blackhole,0.9977324263038548,0.9166666666666666,0.0,0.0,0.0,0.007992670436205152,0.008326680693857242,-0.0003340102576520898
0.6,5,handcrafted,0.8503703703703703,selective_forwarding,0.8458049886621315,0.08240431066518022,0.04,0.3333333333333333,0.07142857142857142,0.38577487966327356,0.9792912875048104,-0.5935164078415369
0.6,5,handcrafted,0.8503703703703703,sinkhole,0.9909297052154195,0.5888888888888889,0.5,1.0,0.6666666666666666,0.5422965947123819,0.6202836329818697,-0.07798703826948783
0.6,5,handcrafted,0.8503703703703703,wormhole,0.9841269841269841,0.4761904761904762,0.0,0.0,0.0,0.3783115918355427,0.5261382505640009,-0.14782665872845818
0.6,5,handcrafted,0.8503703703703703,sybil,0.9931972789115646,0.6388888888888888,0.75,1.0,0.8571428571428571,0.5376209844892283,0.6021085065506941,-0.0644875220614658
0.6,5,learned,0.9135802469135802,blackhole,1.0,1.0,1.0,0.6666666666666666,0.8,0.3310229152830459,0.29201593725574526,0.03900697802730063
0.6,5,learned,0.9135802469135802,selective_forwarding,0.8639455782312925,0.09259259259259257,0.0,0.0,0.0,0.027061263184788353,0.13086633679169654,-0.10380507360690819
0.6,5,learned,0.9135802469135802,sinkhole,0.9863945578231292,0.5,0.0,0.0,0.0,0.17048284607003,0.33591788034486886,-0.16543503427483885
0.6,5,learned,0.9135802469135802,wormhole,0.981859410430839,0.4583333333333333,0.0,0.0,0.0,0.05754711848515452,0.27269013510888657,-0.21514301662373203
0.6,5,learned,0.9135802469135802,sybil,0.9931972789115646,0.6388888888888888,0.0,0.0,0.0,0.322253318435696,0.6035372798769572,-0.28128396144126117
0.6,6,handcrafted,0.7451851851851852,blackhole,1.0,1.0,0.0,0.0,0.0,0.009847379986588965,0.002877706047384357,0.006969673939204607
0.6,6,handcrafted,0.7451851851851852,selective_forwarding,0.7619047619047619,0.05564102564102565,0.0,0.0,0.0,0.22839930217711402,0.983358482592035,-0.7549591804149209
0.6,6,handcrafted,0.7451851851851852,sinkhole,0.9773242630385488,0.41111111111111115,0.3333333333333333,0.3333333333333333,0.3333333333333333,0.43091832737420727,0.588824643956762,-0.15790631658255477
0.6,6,handcrafted,0.7451851851851852,wormhole,0.9387755102040817,0.1741452991452991,0.0,0.0,0.0,0.4454672085010299,0.6904325705260956,-0.24496536202506575
0.6,6,handcrafted,0.7451851851851852,sybil,0.9841269841269841,0.625,0.5,0.3333333333333333,0.4,0.42810160474904413,0.5197540637108433,-0.09165245896179919
0.6,6,learned,0.8464197530864197,blackhole,1.0,1.0,1.0,0.3333333333333333,0.5,0.45581923877316577,0.11540958148900334,0.34040965728416245
0.6,6,learned,0.8464197530864197,selective_forwarding,0.7165532879818595,0.045770202020202023,0.0,0.0,0.0,0.013197491662309595,0.12381228979418565,-0.11061479813187605
0.6,6,learned,0.8464197530864197,sinkhole,0.981859410430839,0.5916666666666667,0.0,0.0,0.0,0.055442186481743774,0.24362821508011384,-0.18818602859837008
0.6,6,learned,0.8464197530864197,wormhole,0.9410430839002267,0.18062678062678064,0.0,0.0,0.0,0.11043250922973562,0.7599097920797809,-0.6494772828500454
0.6,6,learned,0.8464197530864197,sybil,0.9909297052154195,0.8095238095238094,1.0,0.3333333333333333,0.5,0.1192703291673045,0.23629997063688812,-0.11702964146958363
0.6,7,handcrafted,0.7575308641975309,blackhole,0.9977324263038548,0.9166666666666666,0.0,0.0,0.0,0.017716428665279255,0.04126428929335207,-0.023547860628072813
0.6,7,handcrafted,0.7575308641975309,selective_forwarding,0.8707482993197279,0.1136759581881533,0.08,0.6666666666666666,0.14285714285714285,0.33854912671649595,0.9828763296221625,-0.6443272029056666
0.6,7,handcrafted,0.7575308641975309,sinkhole,0.9546485260770975,0.22186147186147184,0.0,0.0,0.0,0.4441086288958398,0.5907942384936806,-0.14668560959784083
0.6,7,handcrafted,0.7575308641975309,wormhole,0.9455782312925171,0.2698412698412698,0.0,0.0,0.0,0.3503110098353656,0.5915332837003666,-0.241222273865001
0.6,7,handcrafted,0.7575308641975309,sybil,0.9614512471655329,0.2507936507936508,0.0,0.0,0.0,0.40370260305895683,0.5407556149118897,-0.1370530118529329
0.6,7,learned,0.8548148148148148,blackhole,0.9977324263038548,0.9166666666666666,0.75,1.0,0.8571428571428571,0.5582020705742392,0.7725416742537237,-0.21433960367948446
0.6,7,learned,0.8548148148148148,selective_forwarding,0.8798185941043084,0.1263157894736842,0.0,0.0,0.0,0.024724659516305026,0.19464778843650438,-0.16992312892019934
0.6,7,learned,0.8548148148148148,sinkhole,0.9705215419501134,0.3055555555555555,0.0,0.0,0.0,0.09480858846432083,0.28383914462137894,-0.1890305561570581
0.6,7,learned,0.8548148148148148,wormhole,0.9546485260770975,0.32072829131652664,0.0,0.0,0.0,0.04650280066461244,0.5362763781441893,-0.48977357747957684
0.6,7,learned,0.8548148148148148,sybil,0.9410430839002267,0.18097643097643099,0.0,0.0,0.0,0.052590865438802356,0.21826286127286537,-0.165671995834063
0.6,8,handcrafted,0.8449382716049383,blackhole,0.9954648526077098,0.8055555555555555,0.0,0.0,0.0,0.01792464029017893,0.022671671699022938,-0.004747031408844006
0.6,8,handcrafted,0.8449382716049383,selective_forwarding,0.8480725623582767,0.09667342114150623,0.09090909090909091,0.6666666666666666,0.16,0.2938300256911179,0.9823519219495128,-0.688521896258395
0.6,8,handcrafted,0.8449382716049383,sinkhole,0.9319727891156463,0.42777777777777776,0.125,0.3333333333333333,0.18181818181818182,0.42200337660246584,0.6553676802019097,-0.23336430359944388
0.6,8,handcrafted,0.8449382716049383,wormhole,0.9659863945578231,0.3452380952380952,0.3333333333333333,0.3333333333333333,0.3333333333333333,0.3784508949209856,0.6210049506106559,-0.24255405568967026
0.6,8,handcrafted,0.8449382716049383,sybil,0.9365079365079365,0.22171717171717173,0.16666666666666666,0.3333333333333333,0.2222222222222222,0.36912074734668665,0.5988683914245786,-0.22974764407789194
0.6,8,learned,0.8888888888888888,blackhole,0.9931972789115646,0.6388888888888888,0.75,1.0,0.8571428571428571,0.6700699377920947,0.7846846149466408,-0.1146146771545461
0.6,8,learned,0.8888888888888888,selective_forwarding,0.8390022675736961,0.08985260770975056,0.0,0.0,0.0,0.01803434175453704,0.15365738548845664,-0.1356230437339196
0.6,8,learned,0.8888888888888888,sinkhole,0.9024943310657596,0.2368742368742369,0.5,0.3333333333333333,0.4,0.03352183762786355,0.6268352436155064,-0.5933134059876428
0.6,8,learned,0.8888888888888888,wormhole,0.9750566893424036,0.5833333333333334,0.5,0.3333333333333333,0.4,0.056498034553506125,0.5877633730371604,-0.5312653384836543
0.6,8,learned,0.8888888888888888,sybil,0.9455782312925171,0.2933723196881091,0.0,0.0,0.0,0.02868738717667326,0.6009715375816859,-0.5722841504050126
0.6,9,handcrafted,0.8148148148148148,blackhole,1.0,1.0,0.0,0.0,0.0,0.009284073949284056,0.005656313484826611,0.0036277604644574454
0.6,9,handcrafted,0.8148148148148148,selective_forwarding,0.9251700680272109,0.14814814814814814,0.125,0.6666666666666666,0.21052631578947367,0.48545038948728964,0.9807935544281204,-0.4953431649408308
0.6,9,handcrafted,0.8148148148148148,sinkhole,0.9047619047619048,0.12465608465608465,0.0,0.0,0.0,0.4098916104186464,0.8492861217008707,-0.4393945112822243
0.6,9,handcrafted,0.8148148148148148,wormhole,0.9727891156462585,0.5285714285714286,1.0,0.3333333333333333,0.5,0.4065297338953613,0.4812891882893638,-0.0747594543940025
0.6,9,handcrafted,0.8148148148148148,sybil,0.9773242630385488,0.7435897435897436,0.6666666666666666,0.6666666666666666,0.6666666666666666,0.4288808833113854,0.5157023617327898,-0.08682147842140442
0.6,9,learned,0.8395061728395061,blackhole,1.0,1.0,1.0,0.3333333333333333,0.5,0.2956452701279486,0.15451979865726892,0.1411254714706797
0.6,9,learned,0.8395061728395061,selective_forwarding,0.9024943310657596,0.12965367965367966,0.0,0.0,0.0,0.021120549732895105,0.11493798696703969,-0.09381743723414458
0.6,9,learned,0.8395061728395061,sinkhole,0.8639455782312925,0.09052287581699348,0.0,0.0,0.0,0.026450169162614556,0.9555205064274469,-0.9290703372648323
0.6,9,learned,0.8395061728395061,wormhole,0.9727891156462585,0.5285714285714286,1.0,0.3333333333333333,0.5,0.07560351210257657,0.173415572413986,-0.09781206031140943
0.6,9,learned,0.8395061728395061,sybil,0.9886621315192744,0.7916666666666666,0.0,0.0,0.0,0.10491196326254046,0.1712100077493685,-0.06629804448682805
0.6,10,handcrafted,0.8819753086419753,blackhole,0.9954648526077098,0.8055555555555555,0.0,0.0,0.0,0.014350092865515307,0.024107095835049257,-0.00975700296953395
0.6,10,handcrafted,0.8819753086419753,selective_forwarding,0.8253968253968254,0.07023809523809524,0.05555555555555555,0.3333333333333333,0.09523809523809525,0.33785934657638395,0.9831521113479794,-0.6452927647715955
0.6,10,handcrafted,0.8819753086419753,sinkhole,0.9546485260770975,0.3304093567251462,0.3333333333333333,0.3333333333333333,0.3333333333333333,0.39194149210618623,0.6224385443385958,-0.23049705223240957
0.6,10,handcrafted,0.8819753086419753,wormhole,0.9523809523809523,0.22692307692307692,0.0,0.0,0.0,0.3838821793149104,0.6611923142150054,-0.27731013490009493
0.6,10,handcrafted,0.8819753086419753,sybil,0.9863945578231292,0.5,0.25,0.3333333333333333,0.28571428571428575,0.48643651640580376,0.6390723321942987,-0.15263581578849494
0.6,10,learned,0.8814814814814815,blackhole,1.0,1.0,1.0,1.0,1.0,0.6289461941191445,0.3575167823733549,0.27142941174578966
0.6,10,learned,0.8814814814814815,selective_forwarding,0.5873015873015873,0.040388423505306616,0.0,0.0,0.0,0.005147652074563001,0.10070874538095975,-0.09556109330639675
0.6,10,learned,0.8814814814814815,sinkhole,0.9387755102040817,0.4829059829059829,0.0,0.0,0.0,0.025960486706621384,0.33479218303996927,-0.3088316963333479
0.6,10,learned,0.8814814814814815,wormhole,0.9591836734693877,0.24074074074074073,0.0,0.0,0.0,0.06628223069212252,0.699076078500581,-0.6327938478084585
0.6,10,learned,0.8814814814814815,sybil,0.9795918367346939,0.42063492063492064,0.5,0.3333333333333333,0.4,0.13093166411127155,0.7524805344886748,-0.6215488703774033
0.6,11,handcrafted,0.7950617283950617,blackhole,0.9931972789115646,0.7555555555555555,0.0,0.0,0.0,0.005251497892670199,0.012487524868766416,-0.007236026976096217
0.6,11,handcrafted,0.7950617283950617,selective_forwarding,0.6190476190476191,0.037178267376287176,0.0,0.0,0.0,0.0914435142806168,0.9829572501471762,-0.8915137358665594
0.6,11,handcrafted,0.7950617283950617,sinkhole,0.9886621315192744,0.5555555555555555,0.6666666666666666,0.6666666666666666,0.6666666666666666,0.46280072782932946,0.5283064624310293,-0.06550573460169984
0.6,11,handcrafted,0.7950617283950617,wormhole,0.9750566893424036,0.7380952380952381,1.0,0.6666666666666666,0.8,0.43906431729965556,0.49040123112765965,-0.051336913828004094
0.6,11,handcrafted,0.7950617283950617,sybil,0.9433106575963719,0.18835978835978837,0.0,0.0,0.0,0.3833353731061713,0.7542446451884193,-0.370909272082248
0.6,11,learned,0.8488888888888889,blackhole,0.9954648526077098,0.8666666666666667,0.0,0.0,0.0,0.12846588372622542,0.1711396113600229,-0.04267372763379748
0.6,11,learned,0.8488888888888889,selective_forwarding,0.655328798185941,0.036706919685643095,0.0,0.0,0.0,0.008621482588839678,0.1414334613279141,-0.1328119787390744
0.6,11,learned,0.8488888888888889,sinkhole,0.9931972789115646,0.6388888888888888,0.0,0.0,0.0,0.1025231999577063,0.2631836702632346,-0.16066047030552827
0.6,11,learned,0.8488888888888889,wormhole,0.9750566893424036,0.7380952380952381,0.0,0.0,0.0,0.10519034921130702,0.22204763737944955,-0.11685728816814253
0.6,11,learned,0.8488888888888889,sybil,0.9455782312925171,0.19266381766381765,0.0,0.0,0.0,0.04325874567264823,0.8948149574753568,-0.8515562118027086
0.6,12,handcrafted,0.8967901234567901,blackhole,0.9977324263038548,0.9166666666666666,0.0,0.0,0.0,0.024582948732351333,0.03178445371181776,-0.007201504979466429
0.6,12,handcrafted,0.8967901234567901,selective_forwarding,0.9047619047619048,0.14444444444444446,0.11764705882352941,0.6666666666666666,0.2,0.32716293067530944,0.9631154294094878,-0.6359524987341784
0.6,12,handcrafted,0.8967901234567901,sinkhole,0.9433106575963719,0.19956427015250544,0.0,0.0,0.0,0.40623814739236347,0.6389588889747209,-0.2327207415823574
0.6,12,handcrafted,0.8967901234567901,wormhole,0.9546485260770975,0.2216931216931217,0.0,0.0,0.0,0.42164289510086894,0.6155790317089015,-0.19393613660803255
0.6,12,handcrafted,0.8967901234567901,sybil,0.9909297052154195,0.7222222222222222,0.5,0.6666666666666666,0.5714285714285715,0.4337549789269343,0.5339626605435951,-0.10020768161666077
0.6,12,learned,0.9046913580246914,blackhole,0.9977324263038548,0.9166666666666666,0.75,1.0,0.8571428571428571,0.5984510529005965,0.7057780621457226,-0.10732700924512606
0.6,12,learned,0.9046913580246914,selective_forwarding,0.9160997732426304,0.20238095238095236,0.0,0.0,0.0,0.026186390903202933,0.09730508496844545,-0.07111869406524252
0.6,12,learned,0.9046913580246914,sinkhole,0.963718820861678,0.3444444444444444,0.0,0.0,0.0,0.04231788754531567,0.4709457913227255,-0.42862790377740984
0.6,12,learned,0.9046913580246914,wormhole,0.9614512471655329,0.25,0.0,0.0,0.0,0.09050184034631234,0.5989906892192249,-0.5084888488729126
0.6,12,learned,0.9046913580246914,sybil,0.9909297052154195,0.7000000000000001,1.0,0.3333333333333333,0.5,0.12035271744475845,0.3253856642709514,-0.20503294682619294
0.6,13,handcrafted,0.7960493827160494,blackhole,0.9931972789115646,0.6388888888888888,0.0,0.0,0.0,0.01219777626955155,0.02114982419179001,-0.008952047922238459
0.6,13,handcrafted,0.7960493827160494,selective_forwarding,0.7437641723356009,0.056238312676668845,0.045454545454545456,0.3333333333333333,0.08,0.1654815520652918,0.9837587210384329,-0.8182771689731411
0.6,13,handcrafted,0.7960493827160494,sinkhole,0.9501133786848073,0.456439393939394,0.5,0.3333333333333333,0.4,0.3745723743698768,0.5744381028691773,-0.1998657284993005
0.6,13,handcrafted,0.7960493827160494,wormhole,0.9659863945578231,0.4983164983164983,0.5,0.3333333333333333,0.4,0.43026272468801396,0.5423054204996707,-0.11204269581165671
0.6,13,handcrafted,0.7960493827160494,sybil,0.9705215419501134,0.3611111111111111,0.5,0.6666666666666666,0.5714285714285715,0.37221828685731095,0.6974765237857221,-0.32525823692841116
0.6,13,learned,0.8330864197530864,blackhole,0.9931972789115646,0.6388888888888888,0.0,0.0,0.0,0.3081506672700978,0.6066600848678214,-0.2985094175977236
0.6,13,learned,0.8330864197530864,selective_forwarding,0.7256235827664399,0.06008760325719494,0.0,0.0,0.0,0.00792459862981008,0.1519942830449479,-0.14406968441513782
0.6,13,learned,0.8330864197530864,sinkhole,0.8684807256235828,0.3925925925925926,1.0,0.3333333333333333,0.5,0.013600648617967207,0.44053851185263365,-0.4269378632346664
0.6,13,learned,0.8330864197530864,wormhole,0.963718820861678,0.49074074074074076,1.0,0.3333333333333333,0.5,0.07892980772890179,0.3120604278095216,-0.2331306200806198
0.6,13,learned,0.8330864197530864,sybil,0.9750566893424036,0.37777777777777777,0.0,0.0,0.0,0.07363341479119366,0.8769211858466441,-0.8032877710554505
0.6,14,handcrafted,0.8138271604938272,blackhole,0.9931972789115646,0.8333333333333334,0.0,0.0,0.0,0.005945460511976772,0.019691903558401884,-0.01374644304642511
0.6,14,handcrafted,0.8138271604938272,selective_forwarding,0.8684807256235828,0.22013888888888888,0.05,0.3333333333333333,0.08695652173913045,0.39261101419795036,0.9783019364195962,-0.5856909222216458
0.6,14,handcrafted,0.8138271604938272,sinkhole,0.9342403628117913,0.18095238095238095,0.14285714285714285,0.3333333333333333,0.2,0.3622988866681464,0.6870718385093197,-0.32477295184117333
0.6,14,handcrafted,0.8138271604938272,wormhole,0.9659863945578231,0.29444444444444445,0.0,0.0,0.0,0.4049306101754609,0.5126077405684306,-0.10767713039296972
0.6,14,handcrafted,0.8138271604938272,sybil,0.9591836734693877,0.32857142857142857,0.25,0.3333333333333333,0.28571428571428575,0.4114526323139858,0.6494060957013976,-0.2379534633874118
0.6,14,learned,0.8834567901234568,blackhole,0.9931972789115646,0.8333333333333334,0.6666666666666666,0.6666666666666666,0.6666666666666666,0.2295275056794387,0.5040326356866724,-0.27450513000723376
0.6,14,learned,0.8834567901234568,selective_forwarding,0.8684807256235828,0.1124465811965812,0.0,0.0,0.0,0.023084015111721434,0.12984101841614243,-0.10675700330442099
0.6,14,learned,0.8834567901234568,sinkhole,0.9478458049886621,0.1991452991452992,0.0,0.0,0.0,0.051268035479186874,0.5823084359479538,-0.5310404004687669
0.6,14,learned,0.8834567901234568,wormhole,0.9659863945578231,0.2785714285714285,0.0,0.0,0.0,0.09336988952367832,0.24703325992739728,-0.15366337040371897
0.6,14,learned,0.8834567901234568,sybil,0.9773242630385488,0.40277777777777773,0.0,0.0,0.0,0.1085121450375307,0.5813460209371903,-0.47283387589965964
0.6,15,handcrafted,0.84,blackhole,1.0,1.0,0.0,0.0,0.0,0.014468535329761105,0.007960720059950098,0.006507815269811007
0.6,15,handcrafted,0.84,selective_forwarding,0.9070294784580499,0.17104377104377103,0.11764705882352941,0.6666666666666666,0.2,0.33462559367210587,0.9837076797494461,-0.6490820860773402
0.6,15,handcrafted,0.84,sinkhole,0.9727891156462585,0.3333333333333333,0.3333333333333333,0.6666666666666666,0.4444444444444444,0.4684522990392805,0.6487452782657456,-0.1802929792264651
0.6,15,handcrafted,0.84,wormhole,0.9909297052154195,0.7222222222222222,0.6666666666666666,0.6666666666666666,0.6666666666666666,0.44310276439109325,0.5427404580427658,-0.09963769365167258
0.6,15,handcrafted,0.84,sybil,0.9659863945578231,0.39999999999999997,0.3333333333333333,0.3333333333333333,0.3333333333333333,0.38988955234967276,0.6014669560228416,-0.21157740367316885
0.6,15,learned,0.931358024691358,blackhole,1.0,1.0,1.0,1.0,1.0,0.5750109900705699,0.3999925822641684,0.1750184078064015
0.6,15,learned,0.931358024691358,selective_forwarding,0.8934240362811792,0.24494949494949494,0.0,0.0,0.0,0.017710939057344846,0.12506584931714854,-0.10735491025980369
0.6,15,learned,0.931358024691358,sinkhole,0.9682539682539683,0.3055555555555555,0.0,0.0,0.0,0.16962512979787658,0.45530922875030955,-0.28568409895243296
0.6,15,learned,0.931358024691358,wormhole,0.9727891156462585,0.6269841269841269,1.0,0.3333333333333333,0.5,0.0931896082389997,0.34379283683569983,-0.25060322859670014
0.6,15,learned,0.931358024691358,sybil,0.9863945578231292,0.5,0.0,0.0,0.0,0.08913675229722125,0.4589181191351416,-0.36978136683792034
0.6,16,handcrafted,0.7891358024691358,blackhole,1.0,1.0,0.0,0.0,0.0,0.06520852291781352,0.00815648496375388,0.057052037954059644
0.6,16,handcrafted,0.7891358024691358,selective_forwarding,0.8594104308390023,0.08430763609791743,0.08333333333333333,0.6666666666666666,0.14814814814814814,0.4346526629632401,0.9449481608812699,-0.5102954979180298
0.6,16,handcrafted,0.7891358024691358,sinkhole,0.9750566893424036,0.35555555555555557,0.3333333333333333,0.6666666666666666,0.4444444444444444,0.48758639611313415,0.7132550680742917,-0.22566867196115759
0.6,16,handcrafted,0.7891358024691358,wormhole,0.963718820861678,0.49999999999999994,0.5,0.3333333333333333,0.4,0.36745600226358976,0.5177067555197526,-0.15025075325616288
0.6,16,handcrafted,0.7891358024691358,sybil,0.9795918367346939,0.75,0.2222222222222222,0.6666666666666666,0.3333333333333333,0.46456568296747447,0.5301877538586446,-0.06562207089117011
0.6,16,learned,0.8725925925925926,blackhole,1.0,1.0,1.0,1.0,1.0,0.7686368289055053,0.2970025456737353,0.47163428323177004
0.6,16,learned,0.8725925925925926,selective_forwarding,0.8866213151927438,0.10354010025062656,0.0,0.0,0.0,0.033540358737300255,0.13408066985719427,-0.10054031111989402
0.6,16,learned,0.8725925925925926,sinkhole,0.9659863945578231,0.273015873015873,0.0,0.0,0.0,0.10770497503303617,0.8030098200403539,-0.6953048450073178
0.6,16,learned,0.8725925925925926,wormhole,0.9682539682539683,0.5075757575757576,0.0,0.0,0.0,0.06692891434513065,0.2924293541334703,-0.22550043978833967
0.6,16,learned,0.8725925925925926,sybil,0.9795918367346939,0.6,0.0,0.0,0.0,0.09804177377793252,0.32305368864138084,-0.22501191486344832
0.6,17,handcrafted,0.8246913580246914,blackhole,0.9977324263038548,0.9166666666666666,0.0,0.0,0.0,0.007712920477462025,0.01927595284741913,-0.011563032369957106
0.6,17,handcrafted,0.8246913580246914,selective_forwarding,0.8979591836734694,0.11499999999999999,0.10344827586206896,1.0,0.1875,0.5730363354829193,0.9792493441317958,-0.40621300864887644
0.6,17,handcrafted,0.8246913580246914,sinkhole,0.9138321995464853,0.1304093567251462,0.0,0.0,0.0,0.3827061152105056,0.629733408668845,-0.24702729345833935
0.6,17,handcrafted,0.8246913580246914,wormhole,0.9773242630385488,0.6388888888888888,1.0,0.3333333333333333,0.5,0.3772452420878438,0.4867691621981935,-0.10952392011034967
0.6,17,handcrafted,0.8246913580246914,sybil,0.9886621315192744,0.6984126984126983,1.0,0.6666666666666666,0.8,0.47345827394656137,0.5435716284132637,-0.0701133544667023
0.6,17,learned,0.8730864197530864,blackhole,1.0,1.0,1.0,0.6666666666666666,0.8,0.404914441419667,0.30591086037994025,0.09900358103972673
0.6,17,learned,0.8730864197530864,selective_forwarding,0.8888888888888888,0.11909279840968645,0.0,0.0,0.0,0.03204521680773127,0.16902648069000897,-0.13698126388227772
0.6,17,learned,0.8730864197530864,sinkhole,0.9410430839002267,0.18977591036414565,0.0,0.0,0.0,0.04943866134477749,0.3492402040152632,-0.2998015426704857
0.6,17,learned,0.8730864197530864,wormhole,0.9727891156462585,0.576923076923077,1.0,0.3333333333333333,0.5,0.037483569886544575,0.2434137135623378,-0.2059301436757932
0.6,17,learned,0.8730864197530864,sybil,0.9682539682539683,0.30757575757575756,0.0,0.0,0.0,0.08263971208464374,0.3928896778741246,-0.31024996578948083
0.6,18,handcrafted,0.7960493827160494,blackhole,0.9977324263038548,0.9166666666666666,0.0,0.0,0.0,0.006212171839121609,0.007577802391815819,-0.0013656305526942103
0.6,18,handcrafted,0.7960493827160494,selective_forwarding,0.7505668934240363,0.04965811965811965,0.0,0.0,0.0,0.19681457167944655,0.9835926203286269,-0.7867780486491804
0.6,18,handcrafted,0.7960493827160494,sinkhole,0.9750566893424036,0.35555555555555557,0.0,0.0,0.0,0.4567303302384962,0.7268751204435434,-0.2701447902050472
0.6,18,handcrafted,0.7960493827160494,wormhole,0.9909297052154195,0.7222222222222222,1.0,0.3333333333333333,0.5,0.44554805959231664,0.49612836318824416,-0.05058030359592752
0.6,18,handcrafted,0.7960493827160494,sybil,0.9863945578231292,0.5317460317460317,0.0,0.0,0.0,0.43694916084644625,0.5194702964668348,-0.0825211356203886
0.6,18,learned,0.8681481481481481,blackhole,1.0,1.0,1.0,0.3333333333333333,0.5,0.18715573439223984,0.12695911387255274,0.060196620519687105
0.6,18,learned,0.8681481481481481,selective_forwarding,0.7369614512471655,0.04869518428840463,0.0,0.0,0.0,0.01202059425916619,0.15111838264314623,-0.13909778838398004
0.6,18,learned,0.8681481481481481,sinkhole,0.9614512471655329,0.27777777777777773,0.0,0.0,0.0,0.04407777175375518,0.7004434803663326,-0.6563657086125775
0.6,18,learned,0.8681481481481481,wormhole,0.9591836734693877,0.49107142857142855,1.0,0.3333333333333333,0.5,0.043553351699381675,0.2303202886246381,-0.18676693692525642
0.6,18,learned,0.8681481481481481,sybil,0.981859410430839,0.611111111111111,0.0,0.0,0.0,0.08598244952318078,0.199060527594781,-0.11307807807160021
0.6,19,handcrafted,0.7930864197530865,blackhole,1.0,1.0,0.0,0.0,0.0,0.014666766583048985,0.014219996434521086,0.00044677014852789916
0.6,19,handcrafted,0.7930864197530865,selective_forwarding,0.7755102040816326,0.05656633722671458,0.0,0.0,0.0,0.23952862994402926,0.9837668596521862,-0.744238229708157
0.6,19,handcrafted,0.7930864197530865,sinkhole,0.9727891156462585,0.5353535353535354,1.0,0.3333333333333333,0.5,0.4022053128916393,0.4793562580403164,-0.0771509451486771
0.6,19,handcrafted,0.7930864197530865,wormhole,0.9750566893424036,0.34722222222222215,0.5,0.3333333333333333,0.4,0.43700584393989994,0.7312012966878055,-0.2941954527479056
0.6,19,handcrafted,0.7930864197530865,sybil,0.9931972789115646,0.7555555555555555,0.6666666666666666,0.6666666666666666,0.6666666666666666,0.4404388050307686,0.5111668504229281,-0.07072804539215949
0.6,19,learned,0.8281481481481482,blackhole,1.0,1.0,1.0,0.3333333333333333,0.5,0.43305523057165674,0.3598134582071792,0.07324177236447754
0.6,19,learned,0.8281481481481482,selective_forwarding,0.7664399092970522,0.05425685425685425,0.0,0.0,0.0,0.015350643025420253,0.16110594209365353,-0.14575529906823328
0.6,19,learned,0.8281481481481482,sinkhole,0.9478458049886621,0.29215686274509806,0.0,0.0,0.0,0.029964411492455812,0.2237962161960223,-0.19383180470356648
0.6,19,learned,0.8281481481481482,wormhole,0.9773242630385488,0.36507936507936506,0.3333333333333333,0.3333333333333333,0.3333333333333333,0.14196807337139378,0.8569883870120938,-0.7150203136407001
0.6,19,learned,0.8281481481481482,sybil,0.9931972789115646,0.8333333333333334,0.0,0.0,0.0,0.08922534087131605,0.1964097252796766,-0.10718438440836055
0.6,20,handcrafted,0.7955555555555556,blackhole,0.9954648526077098,0.8055555555555555,0.0,0.0,0.0,0.015532810236315088,0.035647916574442266,-0.02011510633812718
0.6,20,handcrafted,0.7955555555555556,selective_forwarding,0.8775510204081632,0.09636222910216719,0.1,0.6666666666666666,0.1739130434782609,0.44920286437684315,0.9837768407809915,-0.5345739764041484
0.6,20,handcrafted,0.7955555555555556,sinkhole,0.9659863945578231,0.27777777777777773,0.16666666666666666,0.3333333333333333,0.2222222222222222,0.4802144934538595,0.8158374419490093,-0.3356229484951498
0.6,20,handcrafted,0.7955555555555556,wormhole,0.9546485260770975,0.22692307692307692,0.0,0.0,0.0,0.3804192874811855,0.5024835647700164,-0.12206427728883096
0.6,20,handcrafted,0.7955555555555556,sybil,0.9954648526077098,0.8055555555555555,0.75,1.0,0.8571428571428571,0.5044582802075757,0.5110131688804815,-0.006554888672905879
0.6,20,learned,0.8701234567901235,blackhole,0.9954648526077098,0.8055555555555555,0.75,1.0,0.8571428571428571,0.6021184433468472,0.7898986651762959,-0.18778022182944876
0.6,20,learned,0.8701234567901235,selective_forwarding,0.854875283446712,0.08268921095008051,0.0,0.0,0.0,0.03003263134611374,0.15432644759621594,-0.1242938162501022
0.6,20,learned,0.8701234567901235,sinkhole,0.9705215419501134,0.31746031746031744,0.0,0.0,0.0,0.09297631959426124,0.8708015051323555,-0.7778251855380943
0.6,20,learned,0.8701234567901235,wormhole,0.9682539682539683,0.3055555555555555,0.0,0.0,0.0,0.0833021597508191,0.33494000875816043,-0.2516378490073413
0.6,20,learned,0.8701234567901235,sybil,1.0,1.0,0.0,0.0,0.0,0.17947171422410088,0.1713549199667973,0.008116794257303578
0.6,21,handcrafted,0.8824691358024691,blackhole,0.9863945578231292,0.5,0.0,0.0,0.0,0.002748088968001803,0.013402429715268994,-0.01065434074726719
0.6,21,handcrafted,0.8824691358024691,selective_forwarding,0.9501133786848073,0.2106060606060606,0.17647058823529413,1.0,0.3,0.5572767933626783,0.9816427570459848,-0.4243659636833065
0.6,21,handcrafted,0.8824691358024691,sinkhole,0.9931972789115646,0.7555555555555555,0.6,1.0,0.7499999999999999,0.5054787311231507,0.5919190771306692,-0.08644034600751849
0.6,21,handcrafted,0.8824691358024691,wormhole,0.9795918367346939,0.5777777777777777,0.5,0.3333333333333333,0.4,0.39997871895684006,0.5211314138257248,-0.12115269486888475
0.6,21,handcrafted,0.8824691358024691,sybil,0.9750566893424036,0.5575757575757575,0.5,0.3333333333333333,0.4,0.4046496945013404,0.5756156569354748,-0.17096596243413437
0.6,21,learned,0.931358024691358,blackhole,0.9773242630385488,0.3595238095238095,0.0,0.0,0.0,0.09129915969486276,0.5495762837583457,-0.4582771240634829
0.6,21,learned,0.931358024691358,selective_forwarding,0.9251700680272109,0.1508870214752568,0.0,0.0,0.0,0.0375268046872246,0.15452239319088623,-0.11699558850366162
0.6,21,learned,0.931358024691358,sinkhole,1.0,1.0,0.0,0.0,0.0,0.19303883504422298,0.1887733069425694,0.004265528101653565
0.6,21,learned,0.931358024691358,wormhole,0.9750566893424036,0.5575757575757575,1.0,0.3333333333333333,0.5,0.0562400574671036,0.3079314196230169,-0.2516913621559133
0.6,21,learned,0.931358024691358,sybil,0.9795918367346939,0.6464646464646464,1.0,0.3333333333333333,0.5,0.047128645227867146,0.39965430089458404,-0.3525256556667169
0.6,22,handcrafted,0.8562962962962963,blackhole,1.0,1.0,0.0,0.0,0.0,0.01968363995066258,0.009374512399390956,0.010309127551271623
0.6,22,handcrafted,0.8562962962962963,selective_forwarding,0.854875283446712,0.08235867446393762,0.0,0.0,0.0,0.3910289064705943,0.9783214327649785,-0.5872925262943842
0.6,22,handcrafted,0.8562962962962963,sinkhole,0.9523809523809523,0.46249999999999997,0.25,0.3333333333333333,0.28571428571428575,0.4132215951069222,0.5539407562900848,-0.14071916118316258
0.6,22,handcrafted,0.8562962962962963,wormhole,0.9795918367346939,0.6464646464646464,0.3333333333333333,0.6666666666666666,0.4444444444444444,0.4399392305328023,0.5742222281389093,-0.134282997606107
0.6,22,handcrafted,0.8562962962962963,sybil,0.9705215419501134,0.5277777777777778,0.25,0.3333333333333333,0.28571428571428575,0.3979519382954353,0.5356324169515174,-0.13768047865608213
0.6,22,learned,0.8839506172839506,blackhole,1.0,1.0,1.0,1.0,1.0,0.5845538723755934,0.1830405753021543,0.4015132970734391
0.6,22,learned,0.8839506172839506,selective_forwarding,0.8412698412698413,0.07595704948646124,0.0,0.0,0.0,0.018926472396256833,0.1452743168944362,-0.12634784449817937
0.6,22,learned,0.8839506172839506,sinkhole,0.9251700680272109,0.2058714232627276,0.0,0.0,0.0,0.025147799289279446,0.3488185394838972,-0.3236707401946177
0.6,22,learned,0.8839506172839506,wormhole,0.9863945578231292,0.7777777777777778,1.0,0.3333333333333333,0.5,0.14869596601444332,0.45661833505755683,-0.30792236904311354
0.6,22,learned,0.8839506172839506,sybil,0.963718820861678,0.49074074074074076,1.0,0.3333333333333333,0.5,0.04756347686402994,0.44424741950452656,-0.3966839426404966
0.6,23,handcrafted,0.8380246913580247,blackhole,1.0,1.0,0.0,0.0,0.0,0.024664692991735633,0.005543243850029583,0.01912144914170605
0.6,23,handcrafted,0.8380246913580247,selective_forwarding,0.8458049886621315,0.08754208754208753,0.058823529411764705,0.3333333333333333,0.1,0.26000096286682167,0.9628143383881709,-0.7028133755213493
0.6,23,handcrafted,0.8380246913580247,sinkhole,0.9841269841269841,0.5138888888888888,0.4,0.6666666666666666,0.5,0.4825311722136244,0.5243847866743565,-0.0418536144607321
0.6,23,handcrafted,0.8380246913580247,wormhole,0.9727891156462585,0.576923076923077,0.5,0.3333333333333333,0.4,0.35519279326590936,0.5717925680831937,-0.21659977481728432
0.6,23,handcrafted,0.8380246913580247,sybil,0.9909297052154195,0.7222222222222222,0.5,0.3333333333333333,0.4,0.4175847395647654,0.5286503307928061,-0.11106559122804072
0.6,23,learned,0.8720987654320987,blackhole,1.0,1.0,1.0,1.0,1.0,0.5138167112061357,0.19938572480175515,0.31443098640438055
0.6,23,learned,0.8720987654320987,selective_forwarding,0.8526077097505669,0.08920505871725383,0.0,0.0,0.0,0.018925812862401335,0.1658666326322899,-0.14694081976988857
0.6,23,learned,0.8720987654320987,sinkhole,0.9773242630385488,0.38888888888888884,0.0,0.0,0.0,0.07599940487376755,0.18637155117251128,-0.11037214629874373
0.6,23,learned,0.8720987654320987,wormhole,0.9727891156462585,0.6269841269841269,0.0,0.0,0.0,0.036222885691686725,0.4481468940798262,-0.4119240083881395
0.6,23,learned,0.8720987654320987,sybil,0.9886621315192744,0.6984126984126983,0.0,0.0,0.0,0.05091511433386566,0.27356712933363775,-0.22265201499977208
0.6,24,handcrafted,0.7664197530864197,blackhole,1.0,1.0,0.0,0.0,0.0,0.014097608884068687,0.008543505861227372,0.005554103022841315
0.6,24,handcrafted,0.7664197530864197,selective_forwarding,0.800453514739229,0.06247150022799817,0.047619047619047616,0.3333333333333333,0.08333333333333333,0.27549224414178686,0.9835776537049393,-0.7080854095631525
0.6,24,handcrafted,0.7664197530864197,sinkhole,0.9727891156462585,0.37777777777777777,0.375,1.0,0.5454545454545454,0.5005469827767819,0.6871129774655522,-0.18656599468877033
0.6,24,handcrafted,0.7664197530864197,wormhole,0.9659863945578231,0.2972582972582973,0.0,0.0,0.0,0.43875183509713744,0.6381813507867109,-0.19942951568957346
0.6,24,handcrafted,0.7664197530864197,sybil,0.9909297052154195,0.5888888888888889,0.5,0.3333333333333333,0.4,0.44335414535905104,0.5309208771169407,-0.08756673175788965
0.6,24,learned,0.8587654320987654,blackhole,1.0,1.0,1.0,0.6666666666666666,0.8,0.48732752612689456,0.16321010794265298,0.32411741818424156
0.6,24,learned,0.8587654320987654,selective_forwarding,0.7414965986394558,0.04867715078630897,0.0,0.0,0.0,0.016884204599290686,0.16026551567992306,-0.14338131108063237
0.6,24,learned,0.8587654320987654,sinkhole,0.9750566893424036,0.37777777777777777,0.0,0.0,0.0,0.11952578254606708,0.6205022193551014,-0.5009764368090344
0.6,24,learned,0.8587654320987654,wormhole,0.9705215419501134,0.31746031746031744,0.0,0.0,0.0,0.16604795775922676,0.5801050942011361,-0.41405713644190933
0.6,24,learned,0.8587654320987654,sybil,0.9909297052154195,0.7000000000000001,0.0,0.0,0.0,0.14083230506680608,0.204061819984418,-0.06322951491761192
0.6,25,handcrafted,0.762962962962963,blackhole,1.0,1.0,0.0,0.0,0.0,0.023523010064979685,0.006835459233406848,0.016687550831572837
0.6,25,handcrafted,0.762962962962963,selective_forwarding,0.8208616780045351,0.06746031746031746,0.037037037037037035,0.3333333333333333,0.06666666666666667,0.3663472592966192,0.9669071046006248,-0.6005598453040055
0.6,25,handcrafted,0.762962962962963,sinkhole,0.9863945578231292,0.7777777777777778,0.25,0.3333333333333333,0.28571428571428575,0.46778990543784277,0.6659893986350754,-0.19819949319723268
0.6,25,handcrafted,0.762962962962963,wormhole,0.9546485260770975,0.2277167277167277,0.2857142857142857,0.6666666666666666,0.4,0.38642131442922256,0.7203236405211226,-0.33390232609190007
0.6,25,handcrafted,0.762962962962963,sybil,0.9954648526077098,0.8666666666666667,1.0,0.3333333333333333,0.5,0.44752232774787687,0.4662430097297073,-0.01872068198183041
0.6,25,learned,0.8661728395061729,blackhole,1.0,1.0,1.0,1.0,1.0,0.6676387018961119,0.24010060619167212,0.42753809570443974
0.6,25,learned,0.8661728395061729,selective_forwarding,0.8412698412698413,0.07722832722832723,0.0,0.0,0.0,0.026864092328210434,0.11143257576161138,-0.08456848343340094
0.6,25,learned,0.8661728395061729,sinkhole,0.9863945578231292,0.7777777777777778,0.4,0.6666666666666666,0.5,0.1289043089920047,0.5601818827580869,-0.4312775737660822
0.6,25,learned,0.8661728395061729,wormhole,0.9591836734693877,0.2833333333333334,0.0,0.0,0.0,0.06442850107805136,0.906686288663259,-0.8422577875852076
0.6,25,learned,0.8661728395061729,sybil,1.0,1.0,1.0,0.6666666666666666,0.8,0.21522877026206214,0.12267450101111156,0.09255426925095057
0.6,26,handcrafted,0.7520987654320987,blackhole,1.0,1.0,0.0,0.0,0.0,0.01160275566300763,0.0067095542872860625,0.004893201375721568
0.6,26,handcrafted,0.7520987654320987,selective_forwarding,0.673469387755102,0.038785472421320404,0.0,0.0,0.0,0.21185958790262863,0.9794860220364134,-0.7676264341337848
0.6,26,handcrafted,0.7520987654320987,sinkhole,0.9569160997732427,0.24090909090909088,0.2,0.3333333333333333,0.25,0.4660156649511155,0.730126318737515,-0.2641106537863995
0.6,26,handcrafted,0.7520987654320987,wormhole,0.9750566893424036,0.35555555555555557,0.0,0.0,0.0,0.4100754289677413,0.6607183529268466,-0.25064292395910526
0.6,26,handcrafted,0.7520987654320987,sybil,0.9931972789115646,0.6388888888888888,0.75,1.0,0.8571428571428571,0.5040928937168675,0.5965672544672909,-0.09247436075042337
0.6,26,learned,0.8261728395061728,blackhole,1.0,1.0,1.0,0.6666666666666666,0.8,0.20715133455738113,0.1287550749909395,0.07839625956644164
0.6,26,learned,0.8261728395061728,selective_forwarding,0.6598639455782312,0.03695286566739724,0.0,0.0,0.0,0.014653919154476062,0.15403830465510024,-0.13938438550062418
0.6,26,learned,0.8261728395061728,sinkhole,0.9569160997732427,0.2333333333333333,0.0,0.0,0.0,0.07389015050783114,0.7672057076171186,-0.6933155571092875
0.6,26,learned,0.8261728395061728,wormhole,0.9773242630385488,0.36944444444444446,0.0,0.0,0.0,0.10939094618617369,0.774995889219031,-0.6656049430328572
0.6,26,learned,0.8261728395061728,sybil,0.9931972789115646,0.6388888888888888,0.0,0.0,0.0,0.2931912364921652,0.4958991339044678,-0.2027078974123026
0.6,27,handcrafted,0.8,blackhole,1.0,1.0,0.0,0.0,0.0,0.015010741147536298,0.002969960221491181,0.012040780926045117
0.6,27,handcrafted,0.8,selective_forwarding,0.9342403628117913,0.16984126984126982,0.1111111111111111,0.3333333333333333,0.16666666666666666,0.4622214757504464,0.9836562017481556,-0.5214347259977092
0.6,27,handcrafted,0.8,sinkhole,0.9410430839002267,0.2253968253968254,0.14285714285714285,0.3333333333333333,0.2,0.41204319297313996,0.6637759416701233,-0.25173274869698337
0.6,27,handcrafted,0.8,wormhole,0.9841269841269841,0.7666666666666666,1.0,0.6666666666666666,0.8,0.3956036713362287,0.49941749877290487,-0.10381382743667616
0.6,27,handcrafted,0.8,sybil,0.963718820861678,0.26666666666666666,0.0,0.0,0.0,0.42516379469982724,0.6109773754620947,-0.1858135807622675
0.6,27,learned,0.8903703703703704,blackhole,1.0,1.0,1.0,0.6666666666666666,0.8,0.4110141171973643,0.07841322625390505,0.33260089094345924
0.6,27,learned,0.8903703703703704,selective_forwarding,0.9047619047619048,0.12253808992939426,0.0,0.0,0.0,0.02924517194692009,0.154094057270164,-0.12484888532324392
0.6,27,learned,0.8903703703703704,sinkhole,0.963718820861678,0.33164983164983164,0.0,0.0,0.0,0.08529498190519115,0.5487971476868903,-0.4635021657816991
0.6,27,learned,0.8903703703703704,wormhole,0.9886621315192744,0.7916666666666666,0.0,0.0,0.0,0.070423184718528,0.2318324570603373,-0.1614092723418093
0.6,27,learned,0.8903703703703704,sybil,0.963718820861678,0.2611111111111111,0.0,0.0,0.0,0.11301467456678325,0.5639210648018568,-0.4509063902350735
0.6,28,handcrafted,0.8765432098765432,blackhole,1.0,1.0,0.0,0.0,0.0,0.020880431112717257,0.003987905384720947,0.01689252572799631
0.6,28,handcrafted,0.8765432098765432,selective_forwarding,0.8662131519274376,0.09015873015873016,0.05555555555555555,0.3333333333333333,0.09523809523809525,0.4144373870572165,0.9752370748877087,-0.5607996878304922
0.6,28,handcrafted,0.8765432098765432,sinkhole,0.9682539682539683,0.2888888888888889,0.0,0.0,0.0,0.4345327179938929,0.7038830203577691,-0.26935030236387614
0.6,28,handcrafted,0.8765432098765432,wormhole,0.9909297052154195,0.7000000000000001,1.0,0.3333333333333333,0.5,0.4247987277071461,0.4577402025442381,-0.03294147483709198
0.6,28,handcrafted,0.8765432098765432,sybil,0.9727891156462585,0.37777777777777777,0.25,0.3333333333333333,0.28571428571428575,0.3986502032576685,0.6379910170259444,-0.23934081376827593
0.6,28,learned,0.9061728395061729,blackhole,1.0,1.0,1.0,1.0,1.0,0.5810700285856246,0.13991134198207658,0.44115868660354807
0.6,28,learned,0.9061728395061729,selective_forwarding,0.873015873015873,0.09614695340501793,0.0,0.0,0.0,0.02844468402423979,0.11327547472695018,-0.08483079070271039
0.6,28,learned,0.9061728395061729,sinkhole,0.9614512471655329,0.2880952380952381,0.0,0.0,0.0,0.05491376819264631,0.6065861503529687,-0.5516723821603224
0.6,28,learned,0.9061728395061729,wormhole,0.981859410430839,0.5916666666666667,1.0,0.3333333333333333,0.5,0.09385868510406255,0.16901013884551816,-0.07515145374145561
0.6,28,learned,0.9061728395061729,sybil,0.9750566893424036,0.39999999999999997,0.0,0.0,0.0,0.05861583390461408,0.7045196291134987,-0.6459037952088846
0.6,29,handcrafted,0.8128395061728395,blackhole,1.0,1.0,0.0,0.0,0.0,0.014847817953767804,0.006186280065168593,0.00866153788859921
0.6,29,handcrafted,0.8128395061728395,selective_forwarding,0.7868480725623582,0.07037037037037037,0.058823529411764705,0.3333333333333333,0.1,0.24478462067021164,0.9835699414661974,-0.7387853207959857
0.6,29,handcrafted,0.8128395061728395,sinkhole,0.9319727891156463,0.1603174603174603,0.0,0.0,0.0,0.4263199116298967,0.8493215099737761,-0.4230015983438794
0.6,29,handcrafted,0.8128395061728395,wormhole,0.9614512471655329,0.32407407407407407,0.0,0.0,0.0,0.3920228216407733,0.6027252573187717,-0.2107024356779984
0.6,29,handcrafted,0.8128395061728395,sybil,0.9659863945578231,0.2853535353535353,0.3333333333333333,0.3333333333333333,0.3333333333333333,0.36184191665401005,0.5457577301599967,-0.18391581350598668
0.6,29,learned,0.8404938271604938,blackhole,1.0,1.0,1.0,1.0,1.0,0.5827068234393689,0.1947907496169475,0.3879160738224213
0.6,29,learned,0.8404938271604938,selective_forwarding,0.8412698412698413,0.10270467836257309,0.0,0.0,0.0,0.023286834982196712,0.11419227893015811,-0.0909054439479614
0.6,29,learned,0.8404938271604938,sinkhole,0.9115646258503401,0.12888430225891526,0.0,0.0,0.0,0.05821213884175933,0.9413925881505909,-0.8831804493088315
0.6,29,learned,0.8404938271604938,wormhole,0.9682539682539683,0.3769230769230769,0.0,0.0,0.0,0.0689364377201648,0.5882187708416965,-0.5192823331215317
0.6,29,learned,0.8404938271604938,sybil,0.9705215419501134,0.3055555555555555,0.0,0.0,0.0,0.07250924199189224,0.3910881545947399,-0.31857891260284765
0.6,30,handcrafted,0.7866666666666666,blackhole,0.9931972789115646,0.6388888888888888,0.0,0.0,0.0,0.01260055295314546,0.02216381287215662,-0.00956325991901116
0.6,30,handcrafted,0.7866666666666666,selective_forwarding,0.8253968253968254,0.08888888888888889,0.05555555555555555,0.3333333333333333,0.09523809523809525,0.21804531288147805,0.9836762493779141,-0.765630936496436
0.6,30,handcrafted,0.7866666666666666,sinkhole,0.9433106575963719,0.20643939393939395,0.0,0.0,0.0,0.4094577892823441,0.6551778403868498,-0.24572005110450568
0.6,30,handcrafted,0.7866666666666666,wormhole,0.9682539682539683,0.29444444444444445,0.0,0.0,0.0,0.40998545679217957,0.49452634929732925,-0.08454089250514968
0.6,30,handcrafted,0.7866666666666666,sybil,0.9705215419501134,0.4102564102564103,1.0,0.3333333333333333,0.5,0.36245154998708257,0.5583683423670991,-0.19591679238001652
0.6,30,learned,0.845925925925926,blackhole,0.9931972789115646,0.6388888888888888,0.0,0.0,0.0,0.30976129402603403,0.7119991093184314,-0.4022378152923973
0.6,30,learned,0.845925925925926,selective_forwarding,0.8208616780045351,0.07314118629908103,0.0,0.0,0.0,0.018617365722893575,0.1778752737596157,-0.15925790803672213
0.6,30,learned,0.845925925925926,sinkhole,0.9455782312925171,0.321256038647343,0.0,0.0,0.0,0.03266162225319764,0.6063260629786219,-0.5736644407254242
0.6,30,learned,0.845925925925926,wormhole,0.9750566893424036,0.35555555555555557,0.0,0.0,0.0,0.09023646848722239,0.24273425508470575,-0.15249778659748336
0.6,30,learned,0.845925925925926,sybil,0.9591836734693877,0.5526315789473685,0.0,0.0,0.0,0.01969979009203547,0.23187584988130863,-0.21217605978927317
0.8,1,handcrafted,0.6958024691358025,blackhole,0.8798185941043084,0.11029411764705882,0.0,0.0,0.0,0.0006118605563325431,0.010333881360167808,-0.009722020803835265
0.8,1,handcrafted,0.6958024691358025,selective_forwarding,0.6326530612244898,0.03580246913580246,0.0,0.0,0.0,0.1311678311052134,0.9678996675276242,-0.8367318364224108
0.8,1,handcrafted,0.6958024691358025,sinkhole,0.7414965986394558,0.05023923444976077,0.0,0.0,0.0,0.2584838519474121,0.672019063668682,-0.41353521172126995
0.8,1,handcrafted,0.6958024691358025,wormhole,0.9727891156462585,0.576923076923077,0.5,0.3333333333333333,0.4,0.3650376686105763,0.5350132262246525,-0.16997555761407623
0.8,1,handcrafted,0.6958024691358025,sybil,0.8344671201814059,0.0841834390221487,0.0,0.0,0.0,0.28017751125858636,0.5654765454553091,-0.28529903419672276
0.8,1,learned,0.7051851851851851,blackhole,0.9047619047619048,0.15993265993265993,0.0,0.0,0.0,0.02293697467279667,0.31106419345809805,-0.2881272187853014
0.8,1,learned,0.7051851851851851,selective_forwarding,0.7346938775510204,0.05989008862572081,0.0,0.0,0.0,0.019331838721296547,0.0661793193560999,-0.04684748063480335
0.8,1,learned,0.7051851851851851,sinkhole,0.7528344671201814,0.050339147286821706,0.0,0.0,0.0,0.021614845907576955,0.20785352432904228,-0.18623867842146533
0.8,1,learned,0.7051851851851851,wormhole,0.963718820861678,0.5291666666666667,0.0,0.0,0.0,0.04543374945007117,0.11501963553776348,-0.06958588608769231
0.8,1,learned,0.7051851851851851,sybil,0.7301587301587301,0.060653594771241826,0.0,0.0,0.0,0.011149879993697235,0.2801820430509711,-0.2690321630572739
0.8,2,handcrafted,0.5362962962962963,blackhole,0.8412698412698413,0.20982905982905983,0.0,0.0,0.0,0.0002470725597247006,0.006058769773723416,-0.005811697213998716
0.8,2,handcrafted,0.5362962962962963,selective_forwarding,0.4897959183673469,0.024844790717806587,0.0,0.0,0.0,0.11171530541911204,0.9034069727634866,-0.7916916673443746
0.8,2,handcrafted,0.5362962962962963,sinkhole,0.782312925170068,0.057276850133992994,0.0,0.0,0.0,0.27065448340952175,0.6389042485697836,-0.3682497651602618
0.8,2,handcrafted,0.5362962962962963,wormhole,0.8616780045351474,0.0858366335039763,0.0,0.0,0.0,0.2649343400702352,0.6889360097126893,-0.4240016696424541
0.8,2,handcrafted,0.5362962962962963,sybil,0.800453514739229,0.06122616122616123,0.0,0.0,0.0,0.2903426215425965,0.5648848200327354,-0.27454219849013894
0.8,2,learned,0.551604938271605,blackhole,0.8616780045351474,0.23946360153256704,0.0,0.0,0.0,0.009746132408402948,0.2957618634107799,-0.286015731002377
0.8,2,learned,0.551604938271605,selective_forwarding,0.6303854875283447,0.03397327310370788,0.0,0.0,0.0,0.018191116291598013,0.06503326017211448,-0.04684214388051647
0.8,2,learned,0.551604938271605,sinkhole,0.7709750566893424,0.05707282913165266,0.0,0.0,0.0,0.015902405226407734,0.2764850472647042,-0.26058264203829645
0.8,2,learned,0.551604938271605,wormhole,0.8344671201814059,0.0739406072739406,0.0,0.0,0.0,0.019637079141731153,0.3065668582945968,-0.28692977915286566
0.8,2,learned,0.551604938271605,sybil,0.7687074829931972,0.06048352311939268,0.0,0.0,0.0,0.011734225212628045,0.14341391992424066,-0.13167969471161262
0.8,3,handcrafted,0.6785185185185185,blackhole,0.8639455782312925,0.35000000000000003,0.0,0.0,0.0,0.00022982007927803666,0.013656942550658505,-0.013427122471380469
0.8,3,handcrafted,0.6785185185185185,selective_forwarding,0.8367346938775511,0.07416529830322934,0.0,0.0,0.0,0.3724607076473886,0.982147389650013,-0.6096866820026244
0.8,3,handcrafted,0.6785185185185185,sinkhole,0.8662131519274376,0.1392253136933988,0.125,0.3333333333333333,0.18181818181818182,0.2884085119823761,0.7329320382557305,-0.4445235262733544
0.8,3,handcrafted,0.6785185185185185,wormhole,0.9070294784580499,0.24444444444444444,0.3333333333333333,0.3333333333333333,0.3333333333333333,0.30477118143938464,0.5325929286431643,-0.22782174720377968
0.8,3,handcrafted,0.6785185185185185,sybil,0.8049886621315193,0.07357357357357358,0.0,0.0,0.0,0.2409441827702933,0.560165320469871,-0.3192211376995777
0.8,3,learned,0.654320987654321,blackhole,0.8752834467120182,0.6839080459770116,0.0,0.0,0.0,0.007339923104084081,0.19520906355730208,-0.187869140453218
0.8,3,learned,0.654320987654321,selective_forwarding,0.6054421768707483,0.03298726980595724,0.0,0.0,0.0,0.019423452390045573,0.07513435107267614,-0.05571089868263057
0.8,3,learned,0.654320987654321,sinkhole,0.8117913832199547,0.1307043650793651,0.0,0.0,0.0,0.015943258091416695,0.41134890178514893,-0.3954056436937322
0.8,3,learned,0.654320987654321,wormhole,0.9229024943310657,0.21017871017871018,0.0,0.0,0.0,0.035716953190013744,0.16702939185453816,-0.1313124386645244
0.8,3,learned,0.654320987654321,sybil,0.764172335600907,0.05441595441595442,0.0,0.0,0.0,0.014203589140118237,0.28030771361864215,-0.26610412447852394
0.8,4,handcrafted,0.7081481481481482,blackhole,0.9591836734693877,0.5526315789473685,0.0,0.0,0.0,0.0011321218539519656,0.006490534833367288,-0.005358412979415323
0.8,4,handcrafted,0.7081481481481482,selective_forwarding,0.6870748299319728,0.04211614211614212,0.0,0.0,0.0,0.16678164733352197,0.9714126773523464,-0.8046310300188244
0.8,4,handcrafted,0.7081481481481482,sinkhole,0.9002267573696145,0.2115009746588694,0.2,0.3333333333333333,0.25,0.3066079003754542,0.722452149369025,-0.4158442489935708
0.8,4,handcrafted,0.7081481481481482,wormhole,0.8095238095238095,0.06401821862348178,0.0,0.0,0.0,0.2521777378275146,0.5099981748751344,-0.2578204370476198
0.8,4,handcrafted,0.7081481481481482,sybil,0.8027210884353742,0.063511813418495,0.0,0.0,0.0,0.26332398171092664,0.5592756196968237,-0.2959516379858971
0.8,4,learned,0.7224691358024692,blackhole,0.9727891156462585,0.6269841269841269,0.0,0.0,0.0,0.08362647391892068,0.22590756536826606,-0.14228109144934536
0.8,4,learned,0.7224691358024692,selective_forwarding,0.6870748299319728,0.04055683779344187,0.0,0.0,0.0,0.018305709124178643,0.055537885320998986,-0.037232176196820344
0.8,4,learned,0.7224691358024692,sinkhole,0.8866213151927438,0.26296296296296295,0.0,0.0,0.0,0.021706148970647703,0.4420726638208791,-0.4203665148502314
0.8,4,learned,0.7224691358024692,wormhole,0.800453514739229,0.06135531135531136,0.0,0.0,0.0,0.021726191417400134,0.16254260609336493,-0.14081641467596479
0.8,4,learned,0.7224691358024692,sybil,0.780045351473923,0.0582081317375435,0.0,0.0,0.0,0.022125828042098238,0.20158347887568634,-0.1794576508335881
0.8,5,handcrafted,0.6982716049382716,blackhole,0.8571428571428571,0.38454106280193234,0.0,0.0,0.0,0.0004501604004031281,0.008326680693857242,-0.007876520293454113
0.8,5,handcrafted,0.6982716049382716,selective_forwarding,0.562358276643991,0.0295305264300717,0.0,0.0,0.0,0.11106239924226938,0.9790233478172988,-0.8679609485750295
0.8,5,handcrafted,0.6982716049382716,sinkhole,0.9433106575963719,0.18525641025641026,0.0,0.0,0.0,0.412925701906239,0.6202836329818697,-0.20735793107563072
0.8,5,handcrafted,0.6982716049382716,wormhole,0.7913832199546486,0.12071172555043523,0.0,0.0,0.0,0.20040342738953187,0.5261382505640009,-0.325734823174469
0.8,5,handcrafted,0.6982716049382716,sybil,0.9750566893424036,0.34722222222222215,0.0,0.0,0.0,0.4276533187642989,0.6021085065506941,-0.17445518778639524
0.8,5,learned,0.7219753086419753,blackhole,0.9047619047619048,0.4174603174603175,1.0,0.3333333333333333,0.5,0.022132391708457176,0.3371399321457371,-0.31500754043727996
0.8,5,learned,0.7219753086419753,selective_forwarding,0.6099773242630385,0.03841575091575092,0.0,0.0,0.0,0.012989739136892244,0.07131361410449139,-0.05832387496759914
0.8,5,learned,0.7219753086419753,sinkhole,0.8820861678004536,0.09952380952380951,0.0,0.0,0.0,0.03421057599449267,0.15757821957770327,-0.12336764358321059
0.8,5,learned,0.7219753086419753,wormhole,0.7664399092970522,0.07037037037037036,0.0,0.0,0.0,0.01614756679460185,0.12465733835567808,-0.10850977156107622
0.8,5,learned,0.7219753086419753,sybil,0.9501133786848073,0.20519480519480518,0.0,0.0,0.0,0.0653486639175141,0.3848700589208264,-0.3195213950033123
0.8,6,handcrafted,0.5209876543209877,blackhole,0.9206349206349206,0.15873015873015875,0.0,0.0,0.0,0.0007566086979601219,0.002877706047384357,-0.0021210973494242354
0.8,6,handcrafted,0.5209876543209877,selective_forwarding,0.47845804988662133,0.024407522787585095,0.0,0.0,0.0,0.08661087191092574,0.7519840714637928,-0.665373199552867
0.8,6,handcrafted,0.5209876543209877,sinkhole,0.8208616780045351,0.10793650793650794,0.0,0.0,0.0,0.27639838278407636,0.588824643956762,-0.3124262611726857
0.8,6,handcrafted,0.5209876543209877,wormhole,0.8480725623582767,0.07865497076023391,0.0,0.0,0.0,0.26824799221726625,0.6904325705260956,-0.4221845783088294
0.8,6,handcrafted,0.5209876543209877,sybil,0.9002267573696145,0.155458089668616,0.0,0.0,0.0,0.2957251562824106,0.5197540637108433,-0.22402890742843273
0.8,6,learned,0.5733333333333334,blackhole,0.9546485260770975,0.255050505050505,0.0,0.0,0.0,0.05026939160981128,0.16139558622659755,-0.11112619461678627
0.8,6,learned,0.5733333333333334,selective_forwarding,0.3673469387755102,0.02029017457761419,0.0,0.0,0.0,0.011879880477179151,0.04782110870176817,-0.03594122822458902
0.8,6,learned,0.5733333333333334,sinkhole,0.7619047619047619,0.0693869335173683,0.0,0.0,0.0,0.016015048890593107,0.11111044201855552,-0.09509539312796242
0.8,6,learned,0.5733333333333334,wormhole,0.8253968253968254,0.07130952380952381,0.0,0.0,0.0,0.019122840167871066,0.2457768518863794,-0.22665401171850835
0.8,6,learned,0.5733333333333334,sybil,0.927437641723356,0.20634920634920637,0.0,0.0,0.0,0.03464073450072013,0.14646311866702375,-0.1118223841663036
0.8,7,handcrafted,0.6281481481481481,blackhole,0.9682539682539683,0.3769230769230769,0.0,0.0,0.0,0.0018139339508751672,0.04126428929335207,-0.0394503553424769
0.8,7,handcrafted,0.6281481481481481,selective_forwarding,0.7142857142857143,0.04951048411964231,0.041666666666666664,0.3333333333333333,0.07407407407407407,0.18721235669912217,0.9828763296221625,-0.7956639729230404
0.8,7,handcrafted,0.6281481481481481,sinkhole,0.7188208616780045,0.04551521218187885,0.0,0.0,0.0,0.26990073381857693,0.5907942384936806,-0.3208935046751037
0.8,7,handcrafted,0.6281481481481481,wormhole,0.7414965986394558,0.052084274570043075,0.0,0.0,0.0,0.1886670257278235,0.5915332837003666,-0.4028662579725431
0.8,7,handcrafted,0.6281481481481481,sybil,0.7256235827664399,0.045596468561584835,0.0,0.0,0.0,0.26161559616314767,0.5407556149118897,-0.27914001874874206
0.8,7,learned,0.6483950617283951,blackhole,0.9773242630385488,0.41111111111111115,0.5,0.3333333333333333,0.4,0.08577888743114075,0.7442307772370068,-0.6584518898058661
0.8,7,learned,0.6483950617283951,selective_forwarding,0.673469387755102,0.04667955198731292,0.0,0.0,0.0,0.01817253147452559,0.08236932450241982,-0.06419679302789423
0.8,7,learned,0.6483950617283951,sinkhole,0.8344671201814059,0.07344379758172861,0.0,0.0,0.0,0.02853434413305274,0.12051155645756824,-0.0919772123245155
0.8,7,learned,0.6483950617283951,wormhole,0.780045351473923,0.060195852534562215,0.0,0.0,0.0,0.01620379057636989,0.19671204239122053,-0.18050825181485064
0.8,7,learned,0.6483950617283951,sybil,0.6349206349206349,0.03453575410097149,0.0,0.0,0.0,0.013006875912016621,0.11650121517249332,-0.1034943392604767
0.8,8,handcrafted,0.7071604938271605,blackhole,0.9410430839002267,0.1791958041958042,0.0,0.0,0.0,0.001559627601086193,0.022671671699022938,-0.021112044097936745
0.8,8,handcrafted,0.7071604938271605,selective_forwarding,0.7029478458049887,0.048123228846120414,0.0,0.0,0.0,0.15964007931934518,0.9823519219495128,-0.8227118426301676
0.8,8,handcrafted,0.7071604938271605,sinkhole,0.7278911564625851,0.13794124615020137,0.125,0.3333333333333333,0.18181818181818182,0.2553664485684024,0.6553676802019097,-0.4000012316335073
0.8,8,handcrafted,0.7071604938271605,wormhole,0.8412698412698413,0.11574074074074074,0.0,0.0,0.0,0.2141354351205905,0.6210049506106559,-0.40686951549006534
0.8,8,handcrafted,0.7071604938271605,sybil,0.7074829931972789,0.05599647266313932,0.0,0.0,0.0,0.1957257194112116,0.5988683914245786,-0.40314267201336695
0.8,8,learned,0.7288888888888889,blackhole,0.9727891156462585,0.3206349206349206,0.0,0.0,0.0,0.11161055221157402,0.7895318039153019,-0.6779212517037279
0.8,8,learned,0.7288888888888889,selective_forwarding,0.7142857142857143,0.0562077369306285,0.0,0.0,0.0,0.01737671058060206,0.07326431547942526,-0.055887604898823204
0.8,8,learned,0.7288888888888889,sinkhole,0.7369614512471655,0.1388569970659523,0.0,0.0,0.0,0.015337031812635151,0.2831713402726088,-0.2678343084599737
0.8,8,learned,0.7288888888888889,wormhole,0.8684807256235828,0.19738562091503267,0.0,0.0,0.0,0.017772922566704655,0.21448092355073797,-0.19670800098403332
0.8,8,learned,0.7288888888888889,sybil,0.6621315192743764,0.0791609977324263,0.0,0.0,0.0,0.007128436685153963,0.2782125902090231,-0.27108415352386916
0.8,9,handcrafted,0.6513580246913581,blackhole,0.9319727891156463,0.18434343434343434,0.0,0.0,0.0,0.0006405601045518895,0.005656313484826611,-0.005015753380274721
0.8,9,handcrafted,0.6513580246913581,selective_forwarding,0.8571428571428571,0.09259259259259257,0.07142857142857142,0.3333333333333333,0.11764705882352941,0.2720854944323665,0.8919943164427593,-0.6199088220103928
0.8,9,handcrafted,0.6513580246913581,sinkhole,0.7097505668934241,0.0428696951780318,0.0,0.0,0.0,0.2611862925046836,0.8492861217008707,-0.5880998291961871
0.8,9,handcrafted,0.6513580246913581,wormhole,0.8571428571428571,0.38278388278388276,0.0,0.0,0.0,0.25527371375579266,0.4812891882893638,-0.22601547453357113
0.8,9,handcrafted,0.6513580246913581,sybil,0.8752834467120182,0.09859006734006732,0.0,0.0,0.0,0.29354822353935367,0.5157023617327898,-0.22215413819343616
0.8,9,learned,0.5812345679012346,blackhole,0.9183673469387755,0.1606837606837607,0.0,0.0,0.0,0.021726615125076575,0.17997479308631412,-0.15824817796123755
0.8,9,learned,0.5812345679012346,selective_forwarding,0.8253968253968254,0.09193121693121692,0.0,0.0,0.0,0.01969816225013812,0.05898275674607177,-0.03928459449593365
0.8,9,learned,0.5812345679012346,sinkhole,0.5578231292517006,0.029462041226747105,0.0,0.0,0.0,0.008409057277100247,0.6632812704789938,-0.6548722132018935
0.8,9,learned,0.5812345679012346,wormhole,0.8117913832199547,0.37083333333333335,0.0,0.0,0.0,0.01956931587748018,0.09135025957629778,-0.0717809436988176
0.8,9,learned,0.5812345679012346,sybil,0.8662131519274376,0.0888888888888889,0.0,0.0,0.0,0.029009668082872815,0.10792228743103849,-0.07891261934816568
0.8,10,handcrafted,0.788641975308642,blackhole,0.9387755102040817,0.27310924369747897,0.0,0.0,0.0,0.001102704501291552,0.024107095835049257,-0.023004391333757705
0.8,10,handcrafted,0.788641975308642,selective_forwarding,0.7120181405895691,0.047504025764895326,0.0,0.0,0.0,0.19255520346136074,0.9780039399367809,-0.7854487364754201
0.8,10,handcrafted,0.788641975308642,sinkhole,0.8049886621315193,0.07907150530101349,0.0,0.0,0.0,0.2191564912810385,0.6224385443385958,-0.40328205305755727
0.8,10,handcrafted,0.788641975308642,wormhole,0.782312925170068,0.05660268270120259,0.0,0.0,0.0,0.2163665613056991,0.6611923142150054,-0.44482575290930626
0.8,10,handcrafted,0.788641975308642,sybil,0.9342403628117913,0.19017094017094016,0.25,0.3333333333333333,0.28571428571428575,0.3538664883968872,0.6390723321942987,-0.2852058437974115
0.8,10,learned,0.7303703703703703,blackhole,0.9705215419501134,0.3619047619047619,0.0,0.0,0.0,0.08702656219842421,0.4090651877582193,-0.3220386255597951
0.8,10,learned,0.7303703703703703,selective_forwarding,0.43537414965986393,0.02353955110293282,0.0,0.0,0.0,0.009620117007228564,0.09027832793790434,-0.08065821093067578
0.8,10,learned,0.7303703703703703,sinkhole,0.691609977324263,0.06294261294261294,0.0,0.0,0.0,0.007551094988489202,0.1808236244127885,-0.17327252942429927
0.8,10,learned,0.7303703703703703,wormhole,0.7619047619047619,0.05176538524995875,0.0,0.0,0.0,0.01893180844938068,0.2571710527552185,-0.23823924430583782
0.8,10,learned,0.7303703703703703,sybil,0.9138321995464853,0.1981074481074481,0.0,0.0,0.0,0.028914041806541908,0.33964333635388455,-0.31072929454734266
0.8,11,handcrafted,0.6567901234567901,blackhole,0.8072562358276644,0.06618357487922705,0.0,0.0,0.0,0.00032385640604046863,0.012487524868766416,-0.012163668462725947
0.8,11,handcrafted,0.6567901234567901,selective_forwarding,0.4331065759637188,0.023708663014810307,0.0,0.0,0.0,0.04080282963183733,0.9791464145150712,-0.9383435848832339
0.8,11,handcrafted,0.6567901234567901,sinkhole,0.9160997732426304,0.14069264069264067,0.0,0.0,0.0,0.3325691010518479,0.5283064624310293,-0.1957373613791814
0.8,11,handcrafted,0.6567901234567901,wormhole,0.8594104308390023,0.08728213507625272,0.0,0.0,0.0,0.28360357586739904,0.49040123112765965,-0.20679765526026062
0.8,11,handcrafted,0.6567901234567901,sybil,0.7301587301587301,0.04646142343395412,0.0,0.0,0.0,0.2233940790690051,0.7542446451884193,-0.5308505661194142
0.8,11,learned,0.6562962962962963,blackhole,0.764172335600907,0.061447811447811446,0.0,0.0,0.0,0.00865205172581438,0.24729518236714357,-0.2386431306413292
0.8,11,learned,0.6562962962962963,selective_forwarding,0.40589569160997735,0.021833925990573193,0.0,0.0,0.0,0.010520207538816877,0.080610048169881,-0.07008984063106413
0.8,11,learned,0.6562962962962963,sinkhole,0.8639455782312925,0.09922360248447204,0.0,0.0,0.0,0.022654355230268593,0.13772558996550158,-0.11507123473523298
0.8,11,learned,0.6562962962962963,wormhole,0.8344671201814059,0.07633477633477634,0.0,0.0,0.0,0.023463342996230357,0.11047032618139907,-0.08700698318516871
0.8,11,learned,0.6562962962962963,sybil,0.6485260770975056,0.03632053105737316,0.0,0.0,0.0,0.010482499287759841,0.5501680497252698,-0.53968555043751
0.8,12,handcrafted,0.802962962962963,blackhole,0.9841269841269841,0.4761904761904762,0.0,0.0,0.0,0.0022922598613764407,0.03178445371181776,-0.02949219385044132
0.8,12,handcrafted,0.802962962962963,selective_forwarding,0.7165532879818595,0.05760775172539878,0.0625,0.3333333333333333,0.10526315789473684,0.12406032362691564,0.9334617609928181,-0.8094014373659024
0.8,12,handcrafted,0.802962962962963,sinkhole,0.7052154195011338,0.04224466081660456,0.0,0.0,0.0,0.2535301634829788,0.6389588889747209,-0.38542872549174206
0.8,12,handcrafted,0.802962962962963,wormhole,0.8594104308390023,0.08453583453583453,0.0,0.0,0.0,0.2710414423744435,0.6155790317089015,-0.344537589334458
0.8,12,handcrafted,0.802962962962963,sybil,0.8798185941043084,0.22934472934472935,0.3333333333333333,0.3333333333333333,0.3333333333333333,0.2943941821329667,0.5339626605435951,-0.2395684784106284
0.8,12,learned,0.7777777777777778,blackhole,0.9886621315192744,0.5555555555555555,0.0,0.0,0.0,0.09471362542737978,0.6420792215130334,-0.5473655960856536
0.8,12,learned,0.7777777777777778,selective_forwarding,0.7437641723356009,0.058773151730898206,0.0,0.0,0.0,0.017278573153908135,0.047648917917755204,-0.03037034476384707
0.8,12,learned,0.7777777777777778,sinkhole,0.7551020408163265,0.05782608695652174,0.0,0.0,0.0,0.013557266134746053,0.22442741641662844,-0.21087015028188238
0.8,12,learned,0.7777777777777778,wormhole,0.8458049886621315,0.07754385964912282,0.0,0.0,0.0,0.02606628395364069,0.20770810940899218,-0.18164182545535149
0.8,12,learned,0.7777777777777778,sybil,0.854875283446712,0.21787439613526569,0.0,0.0,0.0,0.02218133644237203,0.16724907250831744,-0.14506773606594542
0.8,13,handcrafted,0.6271604938271605,blackhole,0.8956916099773242,0.11143790849673203,0.0,0.0,0.0,0.001099966890177069,0.02114982419179001,-0.02004985730161294
0.8,13,handcrafted,0.6271604938271605,selective_forwarding,0.5782312925170068,0.03176498519635775,0.0,0.0,0.0,0.08494731168544695,0.9744759490247416,-0.8895286373392945
0.8,13,handcrafted,0.6271604938271605,sinkhole,0.6825396825396826,0.3562606753383261,0.5,0.3333333333333333,0.4,0.2046634957683462,0.5744381028691773,-0.3697746071008311
0.8,13,handcrafted,0.6271604938271605,wormhole,0.8662131519274376,0.11187739463601531,0.0,0.0,0.0,0.28063201964817147,0.5423054204996707,-0.2616734008514992
0.8,13,handcrafted,0.6271604938271605,sybil,0.8276643990929705,0.11033283656234477,0.0,0.0,0.0,0.222429630766227,0.6974765237857221,-0.4750468930194951
0.8,13,learned,0.6202469135802469,blackhole,0.8979591836734694,0.11388888888888889,0.0,0.0,0.0,0.03667777334616501,0.5898134354410269,-0.553135662094862
0.8,13,learned,0.6202469135802469,selective_forwarding,0.5056689342403629,0.03092614216902642,0.0,0.0,0.0,0.009760448318549936,0.05205355314094673,-0.042293104822396795
0.8,13,learned,0.6202469135802469,sinkhole,0.5510204081632653,0.12754910408519474,0.0,0.0,0.0,0.006812512634313635,0.2223310280970429,-0.21551851546272927
0.8,13,learned,0.6202469135802469,wormhole,0.8390022675736961,0.10235358511220578,0.0,0.0,0.0,0.019967198365521122,0.144119548365163,-0.12415234999964188
0.8,13,learned,0.6202469135802469,sybil,0.8798185941043084,0.1281746031746032,0.0,0.0,0.0,0.02002801550835844,0.44835919025350834,-0.4283311747451499
0.8,14,handcrafted,0.691358024691358,blackhole,0.9024943310657596,0.4682539682539682,0.0,0.0,0.0,0.0004278827237011133,0.019691903558401884,-0.01926402083470077
0.8,14,handcrafted,0.691358024691358,selective_forwarding,0.5691609977324263,0.18378522062732586,0.05263157894736842,0.3333333333333333,0.09090909090909091,0.10651089373197643,0.9783019364195962,-0.8717910426876198
0.8,14,handcrafted,0.691358024691358,sinkhole,0.7346938775510204,0.05343635889410537,0.0,0.0,0.0,0.2038999541771779,0.6870718385093197,-0.48317188433214187
0.8,14,handcrafted,0.691358024691358,wormhole,0.8095238095238095,0.06604406130268199,0.0,0.0,0.0,0.2444294764275941,0.5126077405684306,-0.2681782641408365
0.8,14,handcrafted,0.691358024691358,sybil,0.7845804988662132,0.06594787283777466,0.0,0.0,0.0,0.22338023690923536,0.6494060957013976,-0.42602585879216226
0.8,14,learned,0.7076543209876544,blackhole,0.9183673469387755,0.4944444444444444,1.0,0.3333333333333333,0.5,0.018762474042629054,0.46989832456450575,-0.4511358505218767
0.8,14,learned,0.7076543209876544,selective_forwarding,0.5147392290249433,0.03987150415721844,0.0,0.0,0.0,0.01315332213268226,0.06120991889249706,-0.0480565967598148
0.8,14,learned,0.7076543209876544,sinkhole,0.7619047619047619,0.05345589888342117,0.0,0.0,0.0,0.017930083233975585,0.23999327030527878,-0.2220631870713032
0.8,14,learned,0.7076543209876544,wormhole,0.8321995464852607,0.07263630089717045,0.0,0.0,0.0,0.022959146533039303,0.13939956667733816,-0.11644042014429885
0.8,14,learned,0.7076543209876544,sybil,0.8299319727891157,0.10222222222222221,0.0,0.0,0.0,0.017134950604704657,0.232055239891207,-0.21492028928650234
0.8,15,handcrafted,0.68,blackhole,0.9455782312925171,0.2342171717171717,0.0,0.0,0.0,0.00111922487464347,0.007960720059950098,-0.006841495185306628
0.8,15,handcrafted,0.68,selective_forwarding,0.7868480725623582,0.10213433772755805,0.0625,0.3333333333333333,0.10526315789473684,0.20884627071844564,0.9420625589556053,-0.7332162882371597
0.8,15,handcrafted,0.68,sinkhole,0.8707482993197279,0.1164021164021164,0.0,0.0,0.0,0.3085513151303786,0.6487452782657456,-0.340193963135367
0.8,15,handcrafted,0.68,wormhole,0.909297052154195,0.18878833584715937,0.0,0.0,0.0,0.31717340887930967,0.5427404580427658,-0.22556704916345616
0.8,15,handcrafted,0.68,sybil,0.8299319727891157,0.1582784365393061,0.0,0.0,0.0,0.22177101402284305,0.6014669560228416,-0.37969594199999857
0.8,15,learned,0.7822222222222223,blackhole,0.9795918367346939,0.3873015873015873,0.0,0.0,0.0,0.06076520260031829,0.4738229554676061,-0.4130577528672878
0.8,15,learned,0.7822222222222223,selective_forwarding,0.7505668934240363,0.12474747474747476,0.0,0.0,0.0,0.016011010436753216,0.056992479622516884,-0.04098146918576367
0.8,15,learned,0.7822222222222223,sinkhole,0.9433106575963719,0.18514818514818518,0.0,0.0,0.0,0.052707857931213874,0.20756653334714298,-0.1548586754159291
0.8,15,learned,0.7822222222222223,wormhole,0.8684807256235828,0.14417989417989419,0.0,0.0,0.0,0.024998115103305196,0.12850765180829246,-0.10350953670498726
0.8,15,learned,0.7822222222222223,sybil,0.854875283446712,0.13345864661654136,0.0,0.0,0.0,0.021399830988149578,0.17258534667378936,-0.1511855156856398
0.8,16,handcrafted,0.6469135802469136,blackhole,1.0,1.0,0.0,0.0,0.0,0.009416164127569874,0.00815648496375388,0.0012596791638159934
0.8,16,handcrafted,0.6469135802469136,selective_forwarding,0.6303854875283447,0.03594459652036622,0.0,0.0,0.0,0.1541872317027148,0.9671191794564019,-0.8129319477536872
0.8,16,handcrafted,0.6469135802469136,sinkhole,0.8503401360544217,0.07962962962962963,0.0,0.0,0.0,0.3440324113309463,0.7132550680742917,-0.3692226567433454
0.8,16,handcrafted,0.6469135802469136,wormhole,0.7573696145124716,0.09735449735449736,0.0,0.0,0.0,0.21303724490686182,0.5177067555197526,-0.3046695106128908
0.8,16,handcrafted,0.6469135802469136,sybil,0.8752834467120182,0.10555555555555556,0.0,0.0,0.0,0.286461889960665,0.5301877538586446,-0.24372586389797957
0.8,16,learned,0.6276543209876543,blackhole,0.9954648526077098,0.8055555555555555,0.0,0.0,0.0,0.19561822615759827,0.34132311502943535,-0.14570488887183708
0.8,16,learned,0.6276543209876543,selective_forwarding,0.7233560090702947,0.04483463396506874,0.0,0.0,0.0,0.022291868636367746,0.07170910394352938,-0.04941723530716163
0.8,16,learned,0.6276543209876543,sinkhole,0.8163265306122449,0.06806526806526807,0.0,0.0,0.0,0.020844502700514102,0.41528031600281523,-0.39443581330230115
0.8,16,learned,0.6276543209876543,wormhole,0.782312925170068,0.07677838577291381,0.0,0.0,0.0,0.01922790711455772,0.15889326476720736,-0.13966535765264965
0.8,16,learned,0.6276543209876543,sybil,0.8321995464852607,0.09859584859584859,0.0,0.0,0.0,0.01705540684847148,0.18639588589789913,-0.16934047904942764
0.8,17,handcrafted,0.705679012345679,blackhole,0.8888888888888888,0.18504594820384293,0.0,0.0,0.0,0.0005901539739655944,0.01927595284741913,-0.018685798873453535
0.8,17,handcrafted,0.705679012345679,selective_forwarding,0.8412698412698413,0.07630094043887148,0.10714285714285714,1.0,0.19354838709677416,0.501686016974292,0.9792493441317958,-0.4775633271575037
0.8,17,handcrafted,0.705679012345679,sinkhole,0.691609977324263,0.04135132813171192,0.0,0.0,0.0,0.22934789066296957,0.629733408668845,-0.4003855180058754
0.8,17,handcrafted,0.705679012345679,wormhole,0.8594104308390023,0.3879432624113475,1.0,0.3333333333333333,0.5,0.2281214965528665,0.4867691621981935,-0.258647665645327
0.8,17,handcrafted,0.705679012345679,sybil,0.8798185941043084,0.11591591591591592,0.0,0.0,0.0,0.3055970170312644,0.5435716284132637,-0.23797461138199927
0.8,17,learned,0.7195061728395061,blackhole,0.9365079365079365,0.2220496894409938,0.0,0.0,0.0,0.044965898874240844,0.2779076126564663,-0.23294171378222545
0.8,17,learned,0.7195061728395061,selective_forwarding,0.8752834467120182,0.09469556243550052,0.0,0.0,0.0,0.03204352800552588,0.07990043169997808,-0.0478569036944522
0.8,17,learned,0.7195061728395061,sinkhole,0.7868480725623582,0.06527777777777777,0.0,0.0,0.0,0.015820752005144306,0.21867305896804462,-0.20285230696290033
0.8,17,learned,0.7195061728395061,wormhole,0.8072562358276644,0.37957211870255353,0.0,0.0,0.0,0.013876208915442683,0.10757124507295154,-0.09369503615750886
0.8,17,learned,0.7195061728395061,sybil,0.800453514739229,0.06578388931330108,0.0,0.0,0.0,0.01691842235382886,0.2751648123939965,-0.25824639004016764
0.8,18,handcrafted,0.6237037037037036,blackhole,0.8435374149659864,0.07727501256913022,0.0,0.0,0.0,0.00044783522422492405,0.007577802391815819,-0.007129967167590895
0.8,18,handcrafted,0.6237037037037036,selective_forwarding,0.546485260770975,0.028174603174603175,0.0,0.0,0.0,0.10351041410342585,0.9359179512671851,-0.8324075371637593
0.8,18,handcrafted,0.6237037037037036,sinkhole,0.8276643990929705,0.07021103896103896,0.0,0.0,0.0,0.314134198718916,0.7268751204435434,-0.4127409217246274
0.8,18,handcrafted,0.6237037037037036,wormhole,0.927437641723356,0.4226190476190476,1.0,0.3333333333333333,0.5,0.3076476914113643,0.49612836318824416,-0.18848067177687988
0.8,18,handcrafted,0.6237037037037036,sybil,0.8503401360544217,0.07986270022883295,0.0,0.0,0.0,0.28078877257606677,0.5194702964668348,-0.23868152389076808
0.8,18,learned,0.6612345679012346,blackhole,0.8321995464852607,0.080479735318445,0.0,0.0,0.0,0.013765226463043746,0.19952750869910324,-0.1857622822360595
0.8,18,learned,0.6612345679012346,selective_forwarding,0.4580498866213152,0.02467147813682467,0.0,0.0,0.0,0.012072627028360346,0.07995553238158519,-0.06788290535322485
0.8,18,learned,0.6612345679012346,sinkhole,0.7256235827664399,0.04517994702437365,0.0,0.0,0.0,0.016116985117552562,0.42207153874704384,-0.4059545536294913
0.8,18,learned,0.6612345679012346,wormhole,0.8707482993197279,0.3867521367521367,0.0,0.0,0.0,0.020828669147200437,0.09884765710176084,-0.0780189879545604
0.8,18,learned,0.6612345679012346,sybil,0.8390022675736961,0.07677738927738928,0.0,0.0,0.0,0.01919585640122299,0.10813583124349944,-0.08893997484227645
0.8,19,handcrafted,0.6301234567901235,blackhole,0.9478458049886621,0.2897727272727273,0.0,0.0,0.0,0.0011731005118719717,0.014219996434521086,-0.013046895922649114
0.8,19,handcrafted,0.6301234567901235,selective_forwarding,0.6145124716553289,0.03374131446420603,0.0,0.0,0.0,0.1307590255978209,0.9830025868761849,-0.852243561278364
0.8,19,handcrafted,0.6301234567901235,sinkhole,0.764172335600907,0.0646945646945647,0.0,0.0,0.0,0.2332922504561578,0.4793562580403164,-0.24606400758415858
0.8,19,handcrafted,0.6301234567901235,wormhole,0.8843537414965986,0.17226053639846742,0.5,0.3333333333333333,0.4,0.28622693340106875,0.7312012966878055,-0.4449743632867368
0.8,19,handcrafted,0.6301234567901235,sybil,0.9024943310657596,0.1325925925925926,0.0,0.0,0.0,0.2895742035717589,0.5111668504229281,-0.2215926468511692
0.8,19,learned,0.5985185185185186,blackhole,0.9410430839002267,0.20128205128205132,0.0,0.0,0.0,0.04569737850954383,0.35200355120503735,-0.30630617269549354
0.8,19,learned,0.5985185185185186,selective_forwarding,0.5850340136054422,0.03187087569110041,0.0,0.0,0.0,0.015073591723292203,0.06583970944351476,-0.05076611772022256
0.8,19,learned,0.5985185185185186,sinkhole,0.691609977324263,0.0667867548625876,0.0,0.0,0.0,0.009863068101327371,0.18011522791485904,-0.17025215981353167
0.8,19,learned,0.5985185185185186,wormhole,0.9138321995464853,0.19206349206349205,0.0,0.0,0.0,0.03773685291889702,0.33168820363970847,-0.29395135072081147
0.8,19,learned,0.5985185185185186,sybil,0.8798185941043084,0.13955026455026454,0.0,0.0,0.0,0.01959397427948939,0.09607944372730814,-0.07648546944781875
0.8,20,handcrafted,0.6637037037037037,blackhole,0.9569160997732427,0.3244047619047619,0.0,0.0,0.0,0.0014329150497507442,0.035647916574442266,-0.03421500152469152
0.8,20,handcrafted,0.6637037037037037,selective_forwarding,0.7301587301587301,0.048257080610021784,0.0,0.0,0.0,0.25584307942065226,0.9801982176746867,-0.7243551382540345
0.8,20,handcrafted,0.6637037037037037,sinkhole,0.8956916099773242,0.12116830537883168,0.0,0.0,0.0,0.3408005901411709,0.8158374419490093,-0.4750368518078384
0.8,20,handcrafted,0.6637037037037037,wormhole,0.7755102040816326,0.0571078431372549,0.0,0.0,0.0,0.23328112142707016,0.5024835647700164,-0.2692024433429463
0.8,20,handcrafted,0.6637037037037037,sybil,0.9387755102040817,0.1767857142857143,0.0,0.0,0.0,0.34535022201081433,0.5110131688804815,-0.1656629468696672
0.8,20,learned,0.6424691358024691,blackhole,0.9727891156462585,0.373015873015873,0.0,0.0,0.0,0.09945414082969899,0.7746884536323507,-0.6752343128026518
0.8,20,learned,0.6424691358024691,selective_forwarding,0.6689342403628118,0.03780119012779241,0.0,0.0,0.0,0.018807997788611645,0.06655097219113586,-0.047742974402524216
0.8,20,learned,0.6424691358024691,sinkhole,0.891156462585034,0.12663398692810457,0.0,0.0,0.0,0.024239685422589974,0.43412649176511087,-0.4098868063425209
0.8,20,learned,0.6424691358024691,wormhole,0.8027210884353742,0.06166932482721956,0.0,0.0,0.0,0.02267713314432547,0.14068246329105735,-0.11800533014673188
0.8,20,learned,0.6424691358024691,sybil,0.9024943310657596,0.12618502778685844,0.0,0.0,0.0,0.028896625304870756,0.12756690623252984,-0.09867028092765909
0.8,21,handcrafted,0.6888888888888889,blackhole,0.6394557823129252,0.03920346657578266,0.0,0.0,0.0,0.0001383618222238954,0.013402429715268994,-0.013264067893045099
0.8,21,handcrafted,0.6888888888888889,selective_forwarding,0.7936507936507936,0.11882426516572858,0.08333333333333333,0.3333333333333333,0.13333333333333333,0.25921552360981687,0.9816427570459848,-0.7224272334361679
0.8,21,handcrafted,0.6888888888888889,sinkhole,0.9138321995464853,0.19401709401709402,0.3333333333333333,0.3333333333333333,0.3333333333333333,0.34817721170417215,0.5919190771306692,-0.243741865426497
0.8,21,handcrafted,0.6888888888888889,wormhole,0.8798185941043084,0.14393939393939395,0.0,0.0,0.0,0.25710867376501995,0.5211314138257248,-0.26402274006070486
0.8,21,handcrafted,0.6888888888888889,sybil,0.8526077097505669,0.2204081632653061,0.5,0.3333333333333333,0.4,0.2423896280192788,0.5756156569354748,-0.333226028916196
0.8,21,learned,0.7348148148148148,blackhole,0.6666666666666666,0.03988045007032349,0.0,0.0,0.0,0.005704077806948393,0.5828220405468658,-0.5771179627399174
0.8,21,learned,0.7348148148148148,selective_forwarding,0.6281179138321995,0.034803921568627445,0.0,0.0,0.0,0.018151972910852954,0.044758662001857484,-0.02660668909100453
0.8,21,learned,0.7348148148148148,sinkhole,0.9365079365079365,0.17724867724867724,0.0,0.0,0.0,0.05064807629955638,0.11211625466172948,-0.061468178362173095
0.8,21,learned,0.7348148148148148,wormhole,0.854875283446712,0.16572104018912528,0.0,0.0,0.0,0.017806976986393698,0.1333802920123024,-0.1155733150259087
0.8,21,learned,0.7348148148148148,sybil,0.7891156462585034,0.3794871794871795,0.0,0.0,0.0,0.009994545027395125,0.179036301174986,-0.16904175614759087
0.8,22,handcrafted,0.7362962962962963,blackhole,0.9795918367346939,0.42063492063492064,0.0,0.0,0.0,0.002014795185716956,0.009374512399390956,-0.007359717213674
0.8,22,handcrafted,0.7362962962962963,selective_forwarding,0.7301587301587301,0.046253724989357176,0.0,0.0,0.0,0.21386853819989157,0.9596061088313933,-0.7457375706315017
0.8,22,handcrafted,0.7362962962962963,sinkhole,0.7845804988662132,0.07493585600407388,0.0,0.0,0.0,0.23120992720987962,0.5539407562900848,-0.3227308290802051
0.8,22,handcrafted,0.7362962962962963,wormhole,0.8979591836734694,0.15873015873015872,0.0,0.0,0.0,0.2607811441222883,0.5742222281389093,-0.313441084016621
0.8,22,handcrafted,0.7362962962962963,sybil,0.81859410430839,0.09660645867542418,0.0,0.0,0.0,0.24174641990735346,0.5356324169515174,-0.29388599704416396
0.8,22,learned,0.7111111111111111,blackhole,0.9773242630385488,0.3595238095238095,0.0,0.0,0.0,0.09042073161982213,0.20803996226226412,-0.117619230642442
0.8,22,learned,0.7111111111111111,selective_forwarding,0.655328798185941,0.03748581405499782,0.0,0.0,0.0,0.015549638788385582,0.07072884349426768,-0.0551792047058821
0.8,22,learned,0.7111111111111111,sinkhole,0.6575963718820862,0.06027421652421652,0.0,0.0,0.0,0.00697202335045271,0.19456620459995555,-0.18759418124950283
0.8,22,learned,0.7111111111111111,wormhole,0.9206349206349206,0.2111111111111111,0.0,0.0,0.0,0.026322105073877444,0.15548320758852807,-0.12916110251465063
0.8,22,learned,0.7111111111111111,sybil,0.691609977324263,0.07221281134324613,0.0,0.0,0.0,0.01264093879681351,0.22184750088853517,-0.20920656209172164
0.8,23,handcrafted,0.6903703703703704,blackhole,0.9773242630385488,0.36507936507936506,0.0,0.0,0.0,0.002751678703523977,0.005543243850029583,-0.002791565146505606
0.8,23,handcrafted,0.6903703703703704,selective_forwarding,0.6848072562358276,0.04736225861244414,0.0,0.0,0.0,0.1234993830439693,0.8885228136711721,-0.7650234306272028
0.8,23,handcrafted,0.6903703703703704,sinkhole,0.8616780045351474,0.08632692843219159,0.0,0.0,0.0,0.33643840582100715,0.5243847866743565,-0.18794638085334936
0.8,23,handcrafted,0.6903703703703704,wormhole,0.8253968253968254,0.1373737373737374,0.0,0.0,0.0,0.19682305082555326,0.5717925680831937,-0.3749695172576404
0.8,23,handcrafted,0.6903703703703704,sybil,0.8979591836734694,0.2492492492492492,0.0,0.0,0.0,0.27580907780806957,0.5286503307928061,-0.25284125298473653
0.8,23,learned,0.694320987654321,blackhole,0.9773242630385488,0.36507936507936506,0.0,0.0,0.0,0.07326826637478998,0.2630770755002049,-0.18980880912541495
0.8,23,learned,0.694320987654321,selective_forwarding,0.691609977324263,0.046483745013156774,0.0,0.0,0.0,0.016429962731281677,0.056507292006393865,-0.04007732927511219
0.8,23,learned,0.694320987654321,sinkhole,0.8117913832199547,0.07028388278388278,0.0,0.0,0.0,0.017976428388160177,0.11967185478350478,-0.10169542639534461
0.8,23,learned,0.694320987654321,wormhole,0.8027210884353742,0.12931951089845828,0.0,0.0,0.0,0.013172486795755188,0.15680726613326496,-0.14363477933750976
0.8,23,learned,0.694320987654321,sybil,0.8888888888888888,0.2722222222222222,0.0,0.0,0.0,0.01652855199980418,0.15546689050399085,-0.13893833850418666
0.8,24,handcrafted,0.5560493827160494,blackhole,0.9251700680272109,0.4204545454545454,0.0,0.0,0.0,0.000973527466434226,0.008543505861227372,-0.007569978394793146
0.8,24,handcrafted,0.5560493827160494,selective_forwarding,0.5850340136054422,0.030543250892088102,0.0,0.0,0.0,0.14438832075416544,0.9730499986370794,-0.828661677882914
0.8,24,handcrafted,0.5560493827160494,sinkhole,0.909297052154195,0.12878787878787878,0.0,0.0,0.0,0.3900981346880766,0.6871129774655522,-0.29701484277747564
0.8,24,handcrafted,0.5560493827160494,wormhole,0.8049886621315193,0.062356001486436274,0.0,0.0,0.0,0.2799838402055411,0.6381813507867109,-0.3581975105811698
0.8,24,handcrafted,0.5560493827160494,sybil,0.8956916099773242,0.1377450980392157,0.0,0.0,0.0,0.2983878136841991,0.5309208771169407,-0.2325330634327416
0.8,24,learned,0.5935802469135802,blackhole,0.9319727891156463,0.2111111111111111,0.0,0.0,0.0,0.04891805819784767,0.19295452159659485,-0.14403646339874718
0.8,24,learned,0.5935802469135802,selective_forwarding,0.4671201814058957,0.02440760993392572,0.0,0.0,0.0,0.014691406219053843,0.09705090792734845,-0.0823595017082946
0.8,24,learned,0.5935802469135802,sinkhole,0.9206349206349206,0.16727272727272727,0.0,0.0,0.0,0.04344863937753232,0.24400864579131845,-0.20056000641378613
0.8,24,learned,0.5935802469135802,wormhole,0.8276643990929705,0.07123242349048801,0.0,0.0,0.0,0.033563416010639884,0.1979846116690539,-0.164421195658414
0.8,24,learned,0.5935802469135802,sybil,0.9070294784580499,0.12633689839572193,0.0,0.0,0.0,0.032627810689328844,0.17600462923419388,-0.14337681854486503
0.8,25,handcrafted,0.5896296296296296,blackhole,0.9523809523809523,0.22142857142857142,0.0,0.0,0.0,0.001978134770623789,0.006835459233406848,-0.004857324462783059
0.8,25,handcrafted,0.5896296296296296,selective_forwarding,0.6870748299319728,0.04044731278513408,0.0,0.0,0.0,0.17864810210719376,0.9218507338461073,-0.7432026317389135
0.8,25,handcrafted,0.5896296296296296,sinkhole,0.8956916099773242,0.20216802168021678,0.25,0.3333333333333333,0.28571428571428575,0.31845787820791116,0.6659893986350754,-0.3475315204271643
0.8,25,handcrafted,0.5896296296296296,wormhole,0.8344671201814059,0.08178815004262574,0.0,0.0,0.0,0.23467215673286473,0.7203236405211226,-0.4856514837882579
0.8,25,handcrafted,0.5896296296296296,sybil,0.9342403628117913,0.5878136200716845,1.0,0.3333333333333333,0.5,0.2765566873900039,0.4662430097297073,-0.1896863223397034
0.8,25,learned,0.6340740740740741,blackhole,0.9591836734693877,0.23888888888888885,0.0,0.0,0.0,0.09647486774173668,0.3215543335695151,-0.22507946582777844
0.8,25,learned,0.6340740740740741,selective_forwarding,0.6643990929705216,0.03772083682859249,0.0,0.0,0.0,0.01834832185135985,0.0692567335007348,-0.05090841164937495
0.8,25,learned,0.6340740740740741,sinkhole,0.9229024943310657,0.30808080808080807,0.0,0.0,0.0,0.03329308591505068,0.32129074502526944,-0.28799765911021874
0.8,25,learned,0.6340740740740741,wormhole,0.8344671201814059,0.08526487518084157,0.0,0.0,0.0,0.018294652455891073,0.44028853345236224,-0.42199388099647117
0.8,25,learned,0.6340740740740741,sybil,0.963718820861678,0.7192982456140351,0.0,0.0,0.0,0.040338076257279504,0.11590325998130216,-0.07556518372402266
0.8,26,handcrafted,0.6083950617283951,blackhole,0.9160997732426304,0.24957264957264957,0.0,0.0,0.0,0.0007969673012107663,0.0067095542872860625,-0.005912586986075296
0.8,26,handcrafted,0.6083950617283951,selective_forwarding,0.46938775510204084,0.0242312888913823,0.0,0.0,0.0,0.09612947881457003,0.9191442624004592,-0.8230147835858892
0.8,26,handcrafted,0.6083950617283951,sinkhole,0.7981859410430839,0.0698190068581447,0.0,0.0,0.0,0.29536347762232057,0.730126318737515,-0.4347628411151944
0.8,26,handcrafted,0.6083950617283951,wormhole,0.800453514739229,0.06809269162210338,0.0,0.0,0.0,0.2154668977217033,0.6607183529268466,-0.44525145520514325
0.8,26,handcrafted,0.6083950617283951,sybil,0.9591836734693877,0.24090909090909088,0.0,0.0,0.0,0.37622456571711393,0.5965672544672909,-0.22034268875017693
0.8,26,learned,0.6103703703703703,blackhole,0.873015873015873,0.413939393939394,0.0,0.0,0.0,0.013068148770287438,0.18531411994306413,-0.17224597117277668
0.8,26,learned,0.6103703703703703,selective_forwarding,0.4421768707482993,0.022746697746697752,0.0,0.0,0.0,0.014560629154823914,0.0848760696923023,-0.07031544053747839
0.8,26,learned,0.6103703703703703,sinkhole,0.7687074829931972,0.05323011789428143,0.0,0.0,0.0,0.021452802640852243,0.38113133132982124,-0.359678528688969
0.8,26,learned,0.6103703703703703,wormhole,0.8639455782312925,0.10714285714285714,0.0,0.0,0.0,0.02101538966346117,0.3175004265011043,-0.29648503683764316
0.8,26,learned,0.6103703703703703,sybil,0.9841269841269841,0.4444444444444444,0.0,0.0,0.0,0.06912157720274908,0.22722893719308873,-0.15810735999033965
0.8,27,handcrafted,0.6138271604938271,blackhole,0.9795918367346939,0.4444444444444444,0.0,0.0,0.0,0.001145142122762263,0.002969960221491181,-0.001824818098728918
0.8,27,handcrafted,0.6138271604938271,selective_forwarding,0.8027210884353742,0.09365079365079365,0.1111111111111111,0.3333333333333333,0.16666666666666666,0.26175684702119195,0.7593959296287974,-0.4976390826076055
0.8,27,handcrafted,0.6138271604938271,sinkhole,0.746031746031746,0.07735352205398288,0.14285714285714285,0.3333333333333333,0.2,0.24793322411873064,0.6637759416701233,-0.4158427175513927
0.8,27,handcrafted,0.6138271604938271,wormhole,0.8412698412698413,0.12438146648672964,0.0,0.0,0.0,0.20681969706679518,0.49941749877290487,-0.2925978017061097
0.8,27,handcrafted,0.6138271604938271,sybil,0.8049886621315193,0.06325963812352196,0.0,0.0,0.0,0.260546245264483,0.6109773754620947,-0.35043113019761174
0.8,27,learned,0.6607407407407407,blackhole,0.9841269841269841,0.4761904761904762,0.0,0.0,0.0,0.04035125357188154,0.1183178609179632,-0.07796660734608166
0.8,27,learned,0.6607407407407407,selective_forwarding,0.7233560090702947,0.04482758620689655,0.0,0.0,0.0,0.020558530363104496,0.049533490677363574,-0.028974960314259078
0.8,27,learned,0.6607407407407407,sinkhole,0.8707482993197279,0.11443001443001444,0.0,0.0,0.0,0.027141785250488472,0.23224244423352522,-0.20510065898303675
0.8,27,learned,0.6607407407407407,wormhole,0.8253968253968254,0.43018018018018017,0.0,0.0,0.0,0.01407413425958227,0.10400551048312687,-0.08993137622354459
0.8,27,learned,0.6607407407407407,sybil,0.8072562358276644,0.06333078686019862,0.0,0.0,0.0,0.025222632905331346,0.2159626315444132,-0.19073999863908186
0.8,28,handcrafted,0.7634567901234568,blackhole,0.963718820861678,0.49074074074074076,0.0,0.0,0.0,0.001908721515341384,0.003987905384720947,-0.0020791838693795628
0.8,28,handcrafted,0.7634567901234568,selective_forwarding,0.6757369614512472,0.03985247629083246,0.0,0.0,0.0,0.17531734982086175,0.9077874363961015,-0.7324700865752397
0.8,28,handcrafted,0.7634567901234568,sinkhole,0.7845804988662132,0.05729517396184062,0.0,0.0,0.0,0.27741972651283864,0.7038830203577691,-0.4264632938449304
0.8,28,handcrafted,0.7634567901234568,wormhole,0.8888888888888888,0.39444444444444443,1.0,0.3333333333333333,0.5,0.2766759411422464,0.4577402025442381,-0.18106426140199167
0.8,28,handcrafted,0.7634567901234568,sybil,0.8231292517006803,0.125,0.0,0.0,0.0,0.23314943090814533,0.6379910170259444,-0.4048415861177991
0.8,28,learned,0.7565432098765432,blackhole,0.9863945578231292,0.6805555555555555,0.0,0.0,0.0,0.08327379673025184,0.21083175367942658,-0.12755795694917474
0.8,28,learned,0.7565432098765432,selective_forwarding,0.6984126984126984,0.04288766788766788,0.0,0.0,0.0,0.018540791983331723,0.07492695809967638,-0.05638616611634466
0.8,28,learned,0.7565432098765432,sinkhole,0.7755102040816326,0.06214752567693744,0.0,0.0,0.0,0.01599648286778276,0.23323040038420845,-0.21723391751642568
0.8,28,learned,0.7565432098765432,wormhole,0.8571428571428571,0.3819444444444444,0.0,0.0,0.0,0.023268715621354637,0.10125198288034808,-0.07798326725899343
0.8,28,learned,0.7565432098765432,sybil,0.8752834467120182,0.13809523809523808,0.0,0.0,0.0,0.016111599107259435,0.33266415367600066,-0.3165525545687412
0.8,29,handcrafted,0.6750617283950617,blackhole,0.963718820861678,0.2896825396825397,0.0,0.0,0.0,0.0012714808419234834,0.006186280065168593,-0.00491479922324511
0.8,29,handcrafted,0.6750617283950617,selective_forwarding,0.5941043083900227,0.03197292181426734,0.0,0.0,0.0,0.11776334024484929,0.9067385960848926,-0.7889752558400434
0.8,29,handcrafted,0.6750617283950617,sinkhole,0.6825396825396826,0.03997811131957474,0.0,0.0,0.0,0.2529021897399713,0.8493215099737761,-0.5964193202338048
0.8,29,handcrafted,0.6750617283950617,wormhole,0.8253968253968254,0.07677738927738928,0.0,0.0,0.0,0.20796770973308437,0.6027252573187717,-0.3947575475856873
0.8,29,handcrafted,0.6750617283950617,sybil,0.8072562358276644,0.10292658730158728,0.0,0.0,0.0,0.19746407354762685,0.5457577301599967,-0.3482936566123699
0.8,29,learned,0.654320987654321,blackhole,0.9705215419501134,0.30277777777777776,0.0,0.0,0.0,0.08635419030441471,0.27873401664167474,-0.19237982633726003
0.8,29,learned,0.654320987654321,selective_forwarding,0.7120181405895691,0.04449275362318841,0.0,0.0,0.0,0.020495853892055597,0.07589904160271842,-0.05540318771066282
0.8,29,learned,0.654320987654321,sinkhole,0.6167800453514739,0.03588491088491088,0.0,0.0,0.0,0.014553692600829001,0.5947244036457415,-0.5801707110449126
0.8,29,learned,0.654320987654321,wormhole,0.8412698412698413,0.09027777777777778,0.0,0.0,0.0,0.015835553949930484,0.2112238435031044,-0.19538828955317394
0.8,29,learned,0.654320987654321,sybil,0.8458049886621315,0.08428853754940711,0.0,0.0,0.0,0.01902101567428507,0.16899876639537156,-0.1499777507210865
0.8,30,handcrafted,0.6548148148148148,blackhole,0.909297052154195,0.12589165220744167,0.0,0.0,0.0,0.0008829477738730711,0.02216381287215662,-0.021280865098283547
0.8,30,handcrafted,0.6548148148148148,selective_forwarding,0.7414965986394558,0.10007680491551459,0.0625,0.3333333333333333,0.10526315789473684,0.13138020690048097,0.9714188298589043,-0.8400386229584234
0.8,30,handcrafted,0.6548148148148148,sinkhole,0.7233560090702947,0.045238095238095244,0.0,0.0,0.0,0.25031187026537044,0.6551778403868498,-0.40486597012147935
0.8,30,handcrafted,0.6548148148148148,wormhole,0.7573696145124716,0.05130411621283832,0.0,0.0,0.0,0.23740843321844313,0.49452634929732925,-0.2571179160788861
0.8,30,handcrafted,0.6548148148148148,sybil,0.7981859410430839,0.09429045249940772,0.0,0.0,0.0,0.20556750024661727,0.5583683423670991,-0.3528008421204818
0.8,30,learned,0.6281481481481481,blackhole,0.8594104308390023,0.08617604617604617,0.0,0.0,0.0,0.021283355173191555,0.7016878666421956,-0.680404511469004
0.8,30,learned,0.6281481481481481,selective_forwarding,0.7709750566893424,0.059290382819794575,0.0,0.0,0.0,0.02174298128002367,0.06611243702214523,-0.04436945574212156
0.8,30,learned,0.6281481481481481,sinkhole,0.746031746031746,0.07235665191601544,0.0,0.0,0.0,0.010364718262553613,0.3551854161139226,-0.34482069785136904
0.8,30,learned,0.6281481481481481,wormhole,0.7913832199546486,0.06111486740289986,0.0,0.0,0.0,0.019689840635895843,0.10712442820639446,-0.08743458757049863
0.8,30,learned,0.6281481481481481,sybil,0.7596371882086168,0.12198067632850242,0.0,0.0,0.0,0.007679317432666994,0.1441497037039897,-0.13647038627132269
1.0,1,handcrafted,0.5140740740740741,blackhole,0.38095238095238093,0.020854145854145856,0.0,0.0,0.0,4.5770365412261156e-05,0.010333881360167808,-0.010288110994755547
1.0,1,handcrafted,0.5140740740740741,selective_forwarding,0.3492063492063492,0.020180636357106947,0.0,0.0,0.0,0.04879528983626859,0.9678996675276242,-0.9191043776913557
1.0,1,handcrafted,0.5140740740740741,sinkhole,0.3922902494331066,0.02146789728347423,0.0,0.0,0.0,0.11293763497159165,0.672019063668682,-0.5590814286970904
1.0,1,handcrafted,0.5140740740740741,wormhole,0.81859410430839,0.10425073984396016,0.0,0.0,0.0,0.22561060494645474,0.5350132262246525,-0.3094026212781978
1.0,1,handcrafted,0.5140740740740741,sybil,0.4512471655328798,0.024714847885579594,0.0,0.0,0.0,0.1342987501615506,0.5654765454553091,-0.43117779529375855
1.0,1,learned,0.4266666666666667,blackhole,0.4512471655328798,0.02656948921075626,0.0,0.0,0.0,0.013370525079860486,0.05903102297085593,-0.045660497890995445
1.0,1,learned,0.4266666666666667,selective_forwarding,0.891156462585034,0.13596176821983275,0.0,0.0,0.0,0.024442004965934707,0.034486728457018334,-0.010044723491083627
1.0,1,learned,0.4266666666666667,sinkhole,0.5124716553287982,0.02740691701300771,0.0,0.0,0.0,0.014383156688589286,0.04190753257130499,-0.027524375882715703
1.0,1,learned,0.4266666666666667,wormhole,0.10430839002267574,0.01450142406438714,0.0,0.0,0.0,0.010126992323504879,0.04154935057257958,-0.0314223582490747
1.0,1,learned,0.4266666666666667,sybil,0.5532879818594104,0.040660919540229885,0.0,0.0,0.0,0.011056001850628895,0.06906706697546094,-0.05801106512483205
1.0,2,handcrafted,0.38222222222222224,blackhole,0.4467120181405896,0.025326955559513697,0.0,0.0,0.0,4.190766096290402e-05,0.006058769773723416,-0.006016862112760512
1.0,2,handcrafted,0.38222222222222224,selective_forwarding,0.1360544217687075,0.015102636534839925,0.0,0.0,0.0,0.04080282963183733,0.9034069727634866,-0.8626041431316492
1.0,2,handcrafted,0.38222222222222224,sinkhole,0.3197278911564626,0.01880055760622006,0.0,0.0,0.0,0.1324131070114896,0.6389042485697836,-0.506491141558294
1.0,2,handcrafted,0.38222222222222224,wormhole,0.41496598639455784,0.02187607761762432,0.0,0.0,0.0,0.10789288683827893,0.6889360097126893,-0.5810431228744104
1.0,2,handcrafted,0.38222222222222224,sybil,0.37188208616780044,0.02051654677420657,0.0,0.0,0.0,0.13634674943122047,0.5648848200327354,-0.42853807060151494
1.0,2,learned,0.4,blackhole,0.6054421768707483,0.039575398029235626,0.0,0.0,0.0,0.013773341574511292,0.06513002949750205,-0.05135668792299075
1.0,2,learned,0.4,selective_forwarding,0.8480725623582767,0.16137321410216876,0.0,0.0,0.0,0.02225338785810009,0.0436589905066169,-0.021405602648516812
1.0,2,learned,0.4,sinkhole,0.4376417233560091,0.037572721396250806,0.0,0.0,0.0,0.013402241111665178,0.05297856140155801,-0.03957632028989283
1.0,2,learned,0.4,wormhole,0.4126984126984127,0.023545349861139334,0.0,0.0,0.0,0.015329724127865249,0.038479328580230114,-0.023149604452364865
1.0,2,learned,0.4,sybil,0.30385487528344673,0.018801887262029197,0.0,0.0,0.0,0.011829956274891832,0.05182066227462721,-0.03999070599973538
1.0,3,handcrafted,0.4839506172839506,blackhole,0.6235827664399093,0.07482648930017351,0.0,0.0,0.0,4.190766096290402e-05,0.013656942550658505,-0.013615034889695602
1.0,3,handcrafted,0.4839506172839506,selective_forwarding,0.6462585034013606,0.03652868554829339,0.0,0.0,0.0,0.14023042157574825,0.982147389650013,-0.8419169680742647
1.0,3,handcrafted,0.4839506172839506,sinkhole,0.6167800453514739,0.060974569039085165,0.0,0.0,0.0,0.12250858901153065,0.7329320382557305,-0.6104234492441999
1.0,3,handcrafted,0.4839506172839506,wormhole,0.7029478458049887,0.08242306788818417,0.0,0.0,0.0,0.15209206334798347,0.5325929286431643,-0.38050086529518085
1.0,3,handcrafted,0.4839506172839506,sybil,0.3832199546485261,0.024494768732420846,0.0,0.0,0.0,0.09510263097476479,0.560165320469871,-0.4650626894951062
1.0,3,learned,0.42320987654320985,blackhole,0.6145124716553289,0.05325814536340851,0.0,0.0,0.0,0.010844269813195237,0.046391513633264936,-0.0355472438200697
1.0,3,learned,0.42320987654320985,selective_forwarding,0.013605442176870748,0.013531727287041412,0.0,0.0,0.0,0.01188383281379296,0.048039250501551486,-0.036155417687758526
1.0,3,learned,0.42320987654320985,sinkhole,0.5056689342403629,0.029628422425032594,0.0,0.0,0.0,0.014654923255941853,0.048654842432475746,-0.033999919176533895
1.0,3,learned,0.42320987654320985,wormhole,0.29931972789115646,0.01869688589289315,0.0,0.0,0.0,0.010256231184434285,0.03334696875719896,-0.023090737572764676
1.0,3,learned,0.42320987654320985,sybil,0.4399092970521542,0.022719506786771065,0.0,0.0,0.0,0.016002028911071327,0.08083003578778636,-0.06482800687671503
1.0,4,handcrafted,0.5224691358024691,blackhole,0.6258503401360545,0.0475095785440613,0.0,0.0,0.0,8.443742502480382e-05,0.006490534833367288,-0.006406097408342484
1.0,4,handcrafted,0.5224691358024691,selective_forwarding,0.4126984126984127,0.023333613692754107,0.0,0.0,0.0,0.04080282963183733,0.9141876147884371,-0.8733847851565998
1.0,4,handcrafted,0.5224691358024691,sinkhole,0.7142857142857143,0.1179256814570346,0.2,0.3333333333333333,0.25,0.16625221733638057,0.722452149369025,-0.5561999320326445
1.0,4,handcrafted,0.5224691358024691,wormhole,0.31519274376417233,0.018652611385169524,0.0,0.0,0.0,0.08530430808787351,0.5099981748751344,-0.42469386678726095
1.0,4,handcrafted,0.5224691358024691,sybil,0.3832199546485261,0.020835709114246995,0.0,0.0,0.0,0.12207864716563424,0.5592756196968237,-0.4371969725311895
1.0,4,learned,0.6562962962962963,blackhole,0.6984126984126984,0.04457378370421849,0.0,0.0,0.0,0.018727355001536647,0.052497955412725714,-0.03377060041118907
1.0,4,learned,0.6562962962962963,selective_forwarding,0.48072562358276644,0.025433640598671824,0.0,0.0,0.0,0.016698393623761437,0.047332221411355783,-0.030633827787594346
1.0,4,learned,0.6562962962962963,sinkhole,0.6598639455782312,0.10749394254067152,0.0,0.0,0.0,0.01661610380899881,0.05743265245941856,-0.040816548650419754
1.0,4,learned,0.6562962962962963,wormhole,0.655328798185941,0.06366571018651364,0.0,0.0,0.0,0.019632490291931776,0.044388361516349686,-0.02475587122441791
1.0,4,learned,0.6562962962962963,sybil,0.25170068027210885,0.0171701981293215,0.0,0.0,0.0,0.013175063418881151,0.05731273613397415,-0.044137672715092995
1.0,5,handcrafted,0.5190123456790123,blackhole,0.42857142857142855,0.055033750777156054,0.0,0.0,0.0,4.190766096290402e-05,0.008326680693857242,-0.008284773032894339
1.0,5,handcrafted,0.5190123456790123,selective_forwarding,0.2562358276643991,0.017614784789630734,0.0,0.0,0.0,0.04080282963183733,0.9473260224254872,-0.9065231927936499
1.0,5,handcrafted,0.5190123456790123,sinkhole,0.7959183673469388,0.061766187956664144,0.0,0.0,0.0,0.2835548091000962,0.6202836329818697,-0.33672882388177355
1.0,5,handcrafted,0.5190123456790123,wormhole,0.36054421768707484,0.0239387284581546,0.0,0.0,0.0,0.02249526294352118,0.5261382505640009,-0.5036429876204797
1.0,5,handcrafted,0.5190123456790123,sybil,0.8526077097505669,0.08086917562724014,0.0,0.0,0.0,0.30055004446758693,0.6021085065506941,-0.3015584620831072
1.0,5,learned,0.6177777777777778,blackhole,0.4852607709750567,0.048508318990246706,0.0,0.0,0.0,0.011588763032290565,0.056298074712837806,-0.044709311680547245
1.0,5,learned,0.6177777777777778,selective_forwarding,0.6077097505668935,0.1861150070126227,0.0,0.0,0.0,0.01699304583380854,0.03976106848317754,-0.022768022649369002
1.0,5,learned,0.6177777777777778,sinkhole,0.29024943310657597,0.018107898748713075,0.0,0.0,0.0,0.014372983609723416,0.04278695441587467,-0.028413970806151254
1.0,5,learned,0.6177777777777778,wormhole,0.6848072562358276,0.13791386606920586,0.0,0.0,0.0,0.017866671516481504,0.036093816765161345,-0.01822714524867984
1.0,5,learned,0.6177777777777778,sybil,0.35827664399092973,0.01991828633174265,0.0,0.0,0.0,0.015532647632657414,0.05873888311005359,-0.043206235477396174
1.0,6,handcrafted,0.2785185185185185,blackhole,0.35374149659863946,0.019725224270678816,0.0,0.0,0.0,5.764431715820491e-05,0.002877706047384357,-0.002820061730226152
1.0,6,handcrafted,0.2785185185185185,selective_forwarding,0.2562358276643991,0.017424829010194865,0.0,0.0,0.0,0.04080282963183733,0.7519840714637928,-0.7111812418319554
1.0,6,handcrafted,0.2785185185185185,sinkhole,0.46258503401360546,0.02525542784163474,0.0,0.0,0.0,0.12187843819394556,0.588824643956762,-0.4669462057628165
1.0,6,handcrafted,0.2785185185185185,wormhole,0.38095238095238093,0.020927960927960926,0.0,0.0,0.0,0.09102877593350275,0.6904325705260956,-0.5994037945925929
1.0,6,handcrafted,0.2785185185185185,sybil,0.5079365079365079,0.03473456319990973,0.0,0.0,0.0,0.16334870781577712,0.5197540637108433,-0.35640535589506617
1.0,6,learned,0.5081481481481481,blackhole,0.5215419501133787,0.030595238095238095,0.0,0.0,0.0,0.01377191135245461,0.050164676024863845,-0.036392764672409234
1.0,6,learned,0.5081481481481481,selective_forwarding,0.2698412698412698,0.018106861356289274,0.0,0.0,0.0,0.014556879605234488,0.04688358055144634,-0.03232670094621185
1.0,6,learned,0.5081481481481481,sinkhole,0.21541950113378686,0.016365839380525864,0.0,0.0,0.0,0.013590040119021164,0.035623765855625406,-0.02203372573660424
1.0,6,learned,0.5081481481481481,wormhole,0.5918367346938775,0.033074116743471584,0.0,0.0,0.0,0.01856681154498821,0.04041900964739467,-0.02185219810240646
1.0,6,learned,0.5081481481481481,sybil,0.63718820861678,0.034552343299563464,0.0,0.0,0.0,0.018784329902965805,0.054840377170221194,-0.03605604726725539
1.0,7,handcrafted,0.4390123456790124,blackhole,0.7868480725623582,0.13140806561859195,0.0,0.0,0.0,0.0001830632307456986,0.04126428929335207,-0.04108122606260637
1.0,7,handcrafted,0.4390123456790124,selective_forwarding,0.45351473922902497,0.025649577536369986,0.0,0.0,0.0,0.08921879913311795,0.9828763296221625,-0.8936575304890446
1.0,7,handcrafted,0.4390123456790124,sinkhole,0.2653061224489796,0.01745230078563412,0.0,0.0,0.0,0.09569283874131417,0.5907942384936806,-0.49510139975236644
1.0,7,handcrafted,0.4390123456790124,wormhole,0.2698412698412698,0.01756512024968401,0.0,0.0,0.0,0.02702304162028154,0.5915332837003666,-0.564510242080085
1.0,7,handcrafted,0.4390123456790124,sybil,0.21768707482993196,0.016810101845240333,0.0,0.0,0.0,0.11952858926733856,0.5407556149118897,-0.42122702564455117
1.0,7,learned,0.5762962962962963,blackhole,0.655328798185941,0.06485658590921749,0.0,0.0,0.0,0.015296094664743512,0.08454436850539566,-0.06924827384065216
1.0,7,learned,0.5762962962962963,selective_forwarding,0.35147392290249435,0.019868265608630722,0.0,0.0,0.0,0.017137680080836753,0.03912704557933122,-0.021989365498494468
1.0,7,learned,0.5762962962962963,sinkhole,0.6281179138321995,0.0342931604373252,0.0,0.0,0.0,0.018041860915315035,0.03985615437738037,-0.021814293462065332
1.0,7,learned,0.5762962962962963,wormhole,0.8616780045351474,0.09722222222222222,0.0,0.0,0.0,0.023672856066957973,0.035872317783833214,-0.012199461716875241
1.0,7,learned,0.5762962962962963,sybil,0.24036281179138322,0.01712346197401738,0.0,0.0,0.0,0.01161649882094221,0.04730404275296559,-0.03568754393202338
1.0,8,handcrafted,0.47012345679012346,blackhole,0.4489795918367347,0.023207398316970548,0.0,0.0,0.0,0.0001336699751334104,0.022671671699022938,-0.022538001723889527
1.0,8,handcrafted,0.47012345679012346,selective_forwarding,0.4852607709750567,0.02551622418879056,0.0,0.0,0.0,0.07668492387030894,0.9823519219495128,-0.9056669980792039
1.0,8,handcrafted,0.47012345679012346,sinkhole,0.4489795918367347,0.061258641411313174,0.125,0.3333333333333333,0.18181818181818182,0.08872952053433905,0.6553676802019097,-0.5666381596675707
1.0,8,handcrafted,0.47012345679012346,wormhole,0.564625850340136,0.0398213610311018,0.0,0.0,0.0,0.04981997532019551,0.6210049506106559,-0.5711849752904603
1.0,8,handcrafted,0.47012345679012346,sybil,0.3287981859410431,0.021113380228424475,0.0,0.0,0.0,0.022330691475736686,0.5988683914245786,-0.5765376999488419
1.0,8,learned,0.37925925925925924,blackhole,0.6757369614512472,0.03890123981048968,0.0,0.0,0.0,0.022040467109627863,0.1135748726337866,-0.09153440552415873
1.0,8,learned,0.37925925925925924,selective_forwarding,0.8390022675736961,0.07506393861892584,0.0,0.0,0.0,0.02495572265395407,0.04724746748420511,-0.022291744830251037
1.0,8,learned,0.37925925925925924,sinkhole,0.6167800453514739,0.051739618406285076,0.0,0.0,0.0,0.015488990233895156,0.060520754910260266,-0.04503176467636511
1.0,8,learned,0.37925925925925924,wormhole,0.5374149659863946,0.0363104355681238,0.0,0.0,0.0,0.015118345523078216,0.0486915574139089,-0.03357321189083068
1.0,8,learned,0.37925925925925924,sybil,0.42403628117913833,0.034444444444444444,0.0,0.0,0.0,0.01008603431939856,0.06272443994562472,-0.05263840562622617
1.0,9,handcrafted,0.44246913580246916,blackhole,0.41043083900226757,0.021915064102564105,0.0,0.0,0.0,4.383972771761016e-05,0.005656313484826611,-0.005612473757109
1.0,9,handcrafted,0.44246913580246916,selective_forwarding,0.6984126984126984,0.05612287256122872,0.08333333333333333,0.3333333333333333,0.13333333333333333,0.12865907471523827,0.8919943164427593,-0.763335241727521
1.0,9,handcrafted,0.44246913580246916,sinkhole,0.31746031746031744,0.018734253871267027,0.0,0.0,0.0,0.11248097459072096,0.8492861217008707,-0.7368051471101498
1.0,9,handcrafted,0.44246913580246916,wormhole,0.5056689342403629,0.04580482241772565,0.0,0.0,0.0,0.1040176936162241,0.4812891882893638,-0.3772714946731397
1.0,9,handcrafted,0.44246913580246916,sybil,0.5963718820861678,0.031968838373441104,0.0,0.0,0.0,0.15821556376732201,0.5157023617327898,-0.3574867979654678
1.0,9,learned,0.3125925925925926,blackhole,0.38095238095238093,0.020648737120113083,0.0,0.0,0.0,0.011962296955901758,0.05320299420915799,-0.041240697253256235
1.0,9,learned,0.3125925925925926,selective_forwarding,0.6598639455782312,0.037062434691745035,0.0,0.0,0.0,0.021616842214799082,0.059405437338862714,-0.03778859512406363
1.0,9,learned,0.3125925925925926,sinkhole,0.17913832199546487,0.015633968318532077,0.0,0.0,0.0,0.009354048897216187,0.05941471666195382,-0.05006066776473763
1.0,9,learned,0.3125925925925926,wormhole,0.25396825396825395,0.017247154657226597,0.0,0.0,0.0,0.012019958444816039,0.03840997970892879,-0.02639002126411275
1.0,9,learned,0.3125925925925926,sybil,0.5374149659863946,0.030890133831310302,0.0,0.0,0.0,0.014896404829075057,0.09641835795654756,-0.0815219531274725
1.0,10,handcrafted,0.6192592592592593,blackhole,0.564625850340136,0.045675675675675674,0.0,0.0,0.0,8.369668236471063e-05,0.024107095835049257,-0.024023399152684546
1.0,10,handcrafted,0.6192592592592593,selective_forwarding,0.5941043083900227,0.03443401258935239,0.0,0.0,0.0,0.09760030114282323,0.9648442839816074,-0.8672439828387841
1.0,10,handcrafted,0.6192592592592593,sinkhole,0.47392290249433106,0.028636543085812722,0.0,0.0,0.0,0.04637149045589081,0.6224385443385958,-0.576067053882705
1.0,10,handcrafted,0.6192592592592593,wormhole,0.3492063492063492,0.01980998534505729,0.0,0.0,0.0,0.048850943296487884,0.6611923142150054,-0.6123413709185175
1.0,10,handcrafted,0.6192592592592593,sybil,0.7891156462585034,0.06302521008403361,0.0,0.0,0.0,0.22129646038797074,0.6390723321942987,-0.41777587180632797
1.0,10,learned,0.5027160493827161,blackhole,0.6643990929705216,0.05103046594982078,0.0,0.0,0.0,0.01850043730547262,0.06794765323965898,-0.04944721593418636
1.0,10,learned,0.5027160493827161,selective_forwarding,0.07936507936507936,0.014273115773115774,0.0,0.0,0.0,0.013221718649439596,0.04392140679583805,-0.030699688146398455
1.0,10,learned,0.5027160493827161,sinkhole,0.31746031746031744,0.020129615781789695,0.0,0.0,0.0,0.010089290601138506,0.05230340314886175,-0.04221411254772324
1.0,10,learned,0.5027160493827161,wormhole,0.5782312925170068,0.037733764696599066,0.0,0.0,0.0,0.017293349249940627,0.043923726101115224,-0.026630376851174597
1.0,10,learned,0.5027160493827161,sybil,0.5147392290249433,0.02824332487616286,0.0,0.0,0.0,0.01568159028805549,0.03965586681687667,-0.023974276528821177
1.0,11,handcrafted,0.5180246913580246,blackhole,0.25510204081632654,0.017185853530031613,0.0,0.0,0.0,4.190766096290402e-05,0.012487524868766416,-0.012445617207803513
1.0,11,handcrafted,0.5180246913580246,selective_forwarding,0.26643990929705214,0.016962236912088747,0.0,0.0,0.0,0.04080282963183733,0.9791464145150712,-0.9383435848832339
1.0,11,handcrafted,0.5180246913580246,sinkhole,0.5941043083900227,0.031474762433666544,0.0,0.0,0.0,0.20233747427436644,0.5283064624310293,-0.32596898815666286
1.0,11,handcrafted,0.5180246913580246,wormhole,0.5555555555555556,0.02928444104914693,0.0,0.0,0.0,0.1281428344351426,0.49040123112765965,-0.362258396692517
1.0,11,handcrafted,0.5180246913580246,sybil,0.17913832199546487,0.01568103504975815,0.0,0.0,0.0,0.06345278503183908,0.7542446451884193,-0.6907918601565802
1.0,11,learned,0.4390123456790124,blackhole,0.16780045351473924,0.015537872089596227,0.0,0.0,0.0,0.007695182549230009,0.06940300392519967,-0.06170782137596966
1.0,11,learned,0.4390123456790124,selective_forwarding,0.5555555555555556,0.02854295462991115,0.0,0.0,0.0,0.02017074733898213,0.03386465059710953,-0.013693903258127402
1.0,11,learned,0.4390123456790124,sinkhole,0.5215419501133787,0.0315625,0.0,0.0,0.0,0.012881974827297612,0.03998581460048096,-0.02710383977318335
1.0,11,learned,0.4390123456790124,wormhole,0.5124716553287982,0.035834357392937465,0.0,0.0,0.0,0.015283965526691697,0.05273451158137787,-0.037450546054686173
1.0,11,learned,0.4390123456790124,sybil,0.3333333333333333,0.02175805187975573,0.0,0.0,0.0,0.009824923197491668,0.04634349571069396,-0.03651857251320229
1.0,12,handcrafted,0.6474074074074074,blackhole,0.7777777777777778,0.06451388888888888,0.0,0.0,0.0,0.00020940470316012076,0.03178445371181776,-0.03157504900865764
1.0,12,handcrafted,0.6474074074074074,selective_forwarding,0.41156462585034015,0.023256402469885615,0.0,0.0,0.0,0.04080282963183733,0.9334617609928181,-0.8926589313609807
1.0,12,handcrafted,0.6474074074074074,sinkhole,0.1655328798185941,0.015582885684666856,0.0,0.0,0.0,0.09322303909120531,0.6389588889747209,-0.5457358498835155
1.0,12,handcrafted,0.6474074074074074,wormhole,0.35600907029478457,0.020151217040051277,0.0,0.0,0.0,0.12043998964801815,0.6155790317089015,-0.4951390420608833
1.0,12,handcrafted,0.6474074074074074,sybil,0.5895691609977324,0.08482905982905982,0.0,0.0,0.0,0.15503338533899913,0.5339626605435951,-0.37892927520459596
1.0,12,learned,0.5496296296296296,blackhole,0.9160997732426304,0.19719169719169719,0.0,0.0,0.0,0.02678706399386637,0.07165953685140689,-0.044872472857540514
1.0,12,learned,0.5496296296296296,selective_forwarding,0.5351473922902494,0.02780626780626781,0.0,0.0,0.0,0.017780381558009817,0.046601900147963275,-0.02882151858995346
1.0,12,learned,0.5496296296296296,sinkhole,0.5487528344671202,0.0355580693815988,0.0,0.0,0.0,0.01373449810752919,0.04828737879017199,-0.0345528806826428
1.0,12,learned,0.5496296296296296,wormhole,0.6938775510204082,0.043705967235379006,0.0,0.0,0.0,0.02000348431538891,0.03857779540125428,-0.018574311085865366
1.0,12,learned,0.5496296296296296,sybil,0.47165532879818595,0.025793650793650796,0.0,0.0,0.0,0.014111961678463061,0.06239640360415781,-0.04828444192569475
1.0,13,handcrafted,0.42518518518518517,blackhole,0.41723356009070295,0.022191522882258032,0.0,0.0,0.0,9.818877950585238e-05,0.02114982419179001,-0.021051635412284157
1.0,13,handcrafted,0.42518518518518517,selective_forwarding,0.3163265306122449,0.019648302096679678,0.0,0.0,0.0,0.04080282963183733,0.9744759490247416,-0.9336731193929042
1.0,13,handcrafted,0.42518518518518517,sinkhole,0.3877551020408163,0.12319886459310576,0.3333333333333333,0.3333333333333333,0.3333333333333333,0.03475461716681563,0.5744381028691773,-0.5396834857023617
1.0,13,handcrafted,0.42518518518518517,wormhole,0.5102040816326531,0.03304507337526205,0.0,0.0,0.0,0.11854779126037071,0.5423054204996707,-0.42375762923929994
1.0,13,handcrafted,0.42518518518518517,sybil,0.47165532879818595,0.026684254405500166,0.0,0.0,0.0,0.07264097467514313,0.6974765237857221,-0.624835549110579
1.0,13,learned,0.4508641975308642,blackhole,0.3968253968253968,0.02198990130337231,0.0,0.0,0.0,0.009876674445025685,0.06863547683441878,-0.0587588023893931
1.0,13,learned,0.4508641975308642,selective_forwarding,0.5759637188208617,0.03627000736348487,0.0,0.0,0.0,0.016905827689817986,0.0393397727927635,-0.022433945102945517
1.0,13,learned,0.4508641975308642,sinkhole,0.30612244897959184,0.02017195767195767,0.0,0.0,0.0,0.011158825830442727,0.04878341398534586,-0.03762458815490313
1.0,13,learned,0.4508641975308642,wormhole,0.4036281179138322,0.022155353584977753,0.0,0.0,0.0,0.012145380745068832,0.04754080250290739,-0.03539542175783856
1.0,13,learned,0.4508641975308642,sybil,0.6462585034013606,0.04380601037665926,0.0,0.0,0.0,0.0165798094065028,0.049377265685661524,-0.032797456279158727
1.0,14,handcrafted,0.5382716049382716,blackhole,0.5839002267573696,0.13263733532189906,0.0,0.0,0.0,4.190766096290402e-05,0.019691903558401884,-0.01964999589743898
1.0,14,handcrafted,0.5382716049382716,selective_forwarding,0.3673469387755102,0.17829135077851146,0.05555555555555555,0.3333333333333333,0.09523809523809525,0.04080282963183733,0.9783019364195962,-0.9374991067877588
1.0,14,handcrafted,0.5382716049382716,sinkhole,0.3242630385487528,0.019263108171941424,0.0,0.0,0.0,0.045501021686209425,0.6870718385093197,-0.6415708168231103
1.0,14,handcrafted,0.5382716049382716,wormhole,0.3968253968253968,0.021238476671413858,0.0,0.0,0.0,0.0839283426797274,0.5126077405684306,-0.42867939788870324
1.0,14,handcrafted,0.5382716049382716,sybil,0.37188208616780044,0.02115069615069615,0.0,0.0,0.0,0.035307841504485016,0.6494060957013976,-0.6140982541969127
1.0,14,learned,0.6375308641975309,blackhole,0.5056689342403629,0.12653664302600473,0.0,0.0,0.0,0.009768088060390584,0.07053391399228491,-0.06076582593189433
1.0,14,learned,0.6375308641975309,selective_forwarding,0.43537414965986393,0.025693098416708405,0.0,0.0,0.0,0.011033837285031654,0.03780267238093766,-0.026768835095906003
1.0,14,learned,0.6375308641975309,sinkhole,0.4217687074829932,0.02242568285349034,0.0,0.0,0.0,0.01410246357371306,0.04686712352881987,-0.032764659955106815
1.0,14,learned,0.6375308641975309,wormhole,0.6122448979591837,0.061171215386694545,0.0,0.0,0.0,0.015364066534735422,0.037682137046861665,-0.022318070512126243
1.0,14,learned,0.6375308641975309,sybil,0.6145124716553289,0.10251765778081567,0.0,0.0,0.0,0.015842734896000365,0.060322099276060206,-0.04447936438005984
1.0,15,handcrafted,0.4577777777777778,blackhole,0.4512471655328798,0.026653353897150223,0.0,0.0,0.0,8.166376111664205e-05,0.007960720059950098,-0.007879056298833455
1.0,15,handcrafted,0.4577777777777778,selective_forwarding,0.5170068027210885,0.03264685820570275,0.0,0.0,0.0,0.11182423496612116,0.9420625589556053,-0.8302383239894842
1.0,15,handcrafted,0.4577777777777778,sinkhole,0.5714285714285714,0.033456428836863616,0.0,0.0,0.0,0.14865033122147683,0.6487452782657456,-0.5000949470442687
1.0,15,handcrafted,0.4577777777777778,wormhole,0.7029478458049887,0.047137605042016806,0.0,0.0,0.0,0.19124405336752626,0.5427404580427658,-0.35149640467523957
1.0,15,handcrafted,0.4577777777777778,sybil,0.5102040816326531,0.037904817099253495,0.0,0.0,0.0,0.05365247569601347,0.6014669560228416,-0.5478144803268281
1.0,15,learned,0.6014814814814815,blackhole,0.4126984126984127,0.02195521313168372,0.0,0.0,0.0,0.013733820963003227,0.08513370082349928,-0.07139987986049605
1.0,15,learned,0.6014814814814815,selective_forwarding,0.5351473922902494,0.03261219100008895,0.0,0.0,0.0,0.018163873940902808,0.046755914257259897,-0.02859204031635709
1.0,15,learned,0.6014814814814815,sinkhole,0.7845804988662132,0.061935885465297234,0.0,0.0,0.0,0.024259110258179784,0.0562834402177742,-0.032024329959594415
1.0,15,learned,0.6014814814814815,wormhole,0.3945578231292517,0.022506172839506174,0.0,0.0,0.0,0.013984751743037696,0.03915841081008063,-0.025173659067042935
1.0,15,learned,0.6014814814814815,sybil,0.40589569160997735,0.021623058465163728,0.0,0.0,0.0,0.017015460204767113,0.05884640418445835,-0.04183094397969124
1.0,16,handcrafted,0.49876543209876545,blackhole,0.9047619047619048,0.11993927125506072,0.0,0.0,0.0,0.0012628697917262458,0.00815648496375388,-0.006893615172027635
1.0,16,handcrafted,0.49876543209876545,selective_forwarding,0.3424036281179138,0.020734791273944033,0.0,0.0,0.0,0.04080282963183733,0.9449481608812699,-0.9041453312494325
1.0,16,handcrafted,0.49876543209876545,sinkhole,0.4897959183673469,0.02502889578756906,0.0,0.0,0.0,0.20047842654875853,0.7132550680742917,-0.5127766415255333
1.0,16,handcrafted,0.49876543209876545,wormhole,0.3378684807256236,0.030377705560187308,0.0,0.0,0.0,0.05861848755013393,0.5177067555197526,-0.4590882679696187
1.0,16,handcrafted,0.49876543209876545,sybil,0.5873015873015873,0.03888888888888889,0.0,0.0,0.0,0.10835809695385559,0.5301877538586446,-0.421829656904789
1.0,16,learned,0.4128395061728395,blackhole,0.7596371882086168,0.06845238095238095,0.0,0.0,0.0,0.0199327836254557,0.05882518280070949,-0.03889239917525379
1.0,16,learned,0.4128395061728395,selective_forwarding,0.8208616780045351,0.11983273596176823,0.0,0.0,0.0,0.02123240866425932,0.03941535918572309,-0.018182950521463768
1.0,16,learned,0.4128395061728395,sinkhole,0.4036281179138322,0.025598955751627506,0.0,0.0,0.0,0.012627842422032172,0.04957770085383298,-0.036949858431800806
1.0,16,learned,0.4128395061728395,wormhole,0.562358276643991,0.041353383458646614,0.0,0.0,0.0,0.01263193395572208,0.037389458579745585,-0.024757524624023506
1.0,16,learned,0.4128395061728395,sybil,0.49206349206349204,0.0253936884371667,0.0,0.0,0.0,0.017883122047329735,0.0542802866446771,-0.03639716459734736
1.0,17,handcrafted,0.5703703703703704,blackhole,0.4467120181405896,0.025059254471019175,0.0,0.0,0.0,4.485826012921297e-05,0.01927595284741913,-0.01923109458728992
1.0,17,handcrafted,0.5703703703703704,selective_forwarding,0.7913832199546486,0.058736672963759146,0.041666666666666664,0.3333333333333333,0.07407407407407407,0.2889370689776092,0.9792493441317958,-0.6903122751541866
1.0,17,handcrafted,0.5703703703703704,sinkhole,0.22448979591836735,0.016477809447086583,0.0,0.0,0.0,0.07598966611543362,0.629733408668845,-0.5537437425534113
1.0,17,handcrafted,0.5703703703703704,wormhole,0.4603174603174603,0.06154401154401154,0.0,0.0,0.0,0.07899775101788928,0.4867691621981935,-0.40777141118030424
1.0,17,handcrafted,0.5703703703703704,sybil,0.6122448979591837,0.03908730158730159,0.0,0.0,0.0,0.13773576011596758,0.5435716284132637,-0.4058358682972961
1.0,17,learned,0.5160493827160494,blackhole,0.5782312925170068,0.029954973505751863,0.0,0.0,0.0,0.018557654239344475,0.053583881464293555,-0.03502622722494908
1.0,17,learned,0.5160493827160494,selective_forwarding,0.6099773242630385,0.033432147562582344,0.0,0.0,0.0,0.018545300129592036,0.04069915436760414,-0.022153854238012107
1.0,17,learned,0.5160493827160494,sinkhole,0.5850340136054422,0.06596921596921597,0.0,0.0,0.0,0.015930310623508543,0.05754401819349856,-0.04161370756999001
1.0,17,learned,0.5160493827160494,wormhole,0.47845804988662133,0.030291005291005296,0.0,0.0,0.0,0.013627216799323294,0.03731251849168078,-0.02368530169235749
1.0,17,learned,0.5160493827160494,sybil,0.2585034013605442,0.017426720861835363,0.0,0.0,0.0,0.012304581946428307,0.05093730922567069,-0.038632727279242385
1.0,18,handcrafted,0.46469135802469136,blackhole,0.24603174603174602,0.017701701113396678,0.0,0.0,0.0,4.190766096290402e-05,0.007577802391815819,-0.007535894730852915
1.0,18,handcrafted,0.46469135802469136,selective_forwarding,0.29138321995464855,0.01861649450729628,0.0,0.0,0.0,0.04080282963183733,0.9359179512671851,-0.8951151216353478
1.0,18,handcrafted,0.46469135802469136,sinkhole,0.38095238095238093,0.020666838976479713,0.0,0.0,0.0,0.14889213948381158,0.7268751204435434,-0.5779829809597319
1.0,18,handcrafted,0.46469135802469136,wormhole,0.7551020408163265,0.19682539682539682,0.0,0.0,0.0,0.16974732323041208,0.49612836318824416,-0.3263810399578321
1.0,18,handcrafted,0.46469135802469136,sybil,0.3764172335600907,0.020649807235173092,0.0,0.0,0.0,0.1246283843056874,0.5194702964668348,-0.39484191216114745
1.0,18,learned,0.46123456790123457,blackhole,0.2562358276643991,0.018046010901695737,0.0,0.0,0.0,0.010051037031006259,0.059431611942823606,-0.04938057491181735
1.0,18,learned,0.46123456790123457,selective_forwarding,0.3378684807256236,0.01924949475368267,0.0,0.0,0.0,0.01571344281862787,0.051168803573456496,-0.03545536075482862
1.0,18,learned,0.46123456790123457,sinkhole,0.23356009070294784,0.01690993148227866,0.0,0.0,0.0,0.014314545751790681,0.05889667219695912,-0.04458212644516844
1.0,18,learned,0.46123456790123457,wormhole,0.30612244897959184,0.021688883453589335,0.0,0.0,0.0,0.009662268711764847,0.03900924469988657,-0.029346975988121724
1.0,18,learned,0.46123456790123457,sybil,0.2471655328798186,0.017009025832555244,0.0,0.0,0.0,0.012720290831852112,0.06424945080674085,-0.051529159974888744
1.0,19,handcrafted,0.4469135802469136,blackhole,0.5714285714285714,0.0482422208420051,0.0,0.0,0.0,9.266132270235298e-05,0.014219996434521086,-0.014127335111818733
1.0,19,handcrafted,0.4469135802469136,selective_forwarding,0.42403628117913833,0.024485217284405923,0.0,0.0,0.0,0.06415252908565135,0.9830025868761849,-0.9188500577905335
1.0,19,handcrafted,0.4469135802469136,sinkhole,0.30612244897959184,0.018746139435794607,0.0,0.0,0.0,0.06437918802067645,0.4793562580403164,-0.41497707001963996
1.0,19,handcrafted,0.4469135802469136,wormhole,0.5986394557823129,0.060526315789473685,0.0,0.0,0.0,0.12597814237253108,0.7312012966878055,-0.6052231543152744
1.0,19,handcrafted,0.4469135802469136,sybil,0.5510204081632653,0.03139636421370168,0.0,0.0,0.0,0.1387096021127493,0.5111668504229281,-0.3724572483101788
1.0,19,learned,0.4,blackhole,0.3877551020408163,0.02121995145250959,0.0,0.0,0.0,0.01088115793804745,0.05577106004885063,-0.04488990211080318
1.0,19,learned,0.4,selective_forwarding,0.5351473922902494,0.04439378588314758,0.0,0.0,0.0,0.017805499993819363,0.03705992161427087,-0.01925442162045151
1.0,19,learned,0.4,sinkhole,0.4013605442176871,0.024882873093488925,0.0,0.0,0.0,0.013330168950347042,0.05842822233597042,-0.04509805338562338
1.0,19,learned,0.4,wormhole,0.6009070294784581,0.059462142795476125,0.0,0.0,0.0,0.011021072881124843,0.03642217761183826,-0.025401104730713418
1.0,19,learned,0.4,sybil,0.5736961451247166,0.034565580618212195,0.0,0.0,0.0,0.015131715408010794,0.042172506444079674,-0.02704079103606888
1.0,20,handcrafted,0.4666666666666667,blackhole,0.6802721088435374,0.04998797498797499,0.0,0.0,0.0,0.00013049111128121116,0.035647916574442266,-0.035517425463161056
1.0,20,handcrafted,0.4666666666666667,selective_forwarding,0.562358276643991,0.03441043083900227,0.0,0.0,0.0,0.0940529355503912,0.9664989569192005,-0.8724460213688093
1.0,20,handcrafted,0.4666666666666667,sinkhole,0.6848072562358276,0.047067901234567895,0.0,0.0,0.0,0.20138668682848238,0.8158374419490093,-0.6144507551205269
1.0,20,handcrafted,0.4666666666666667,wormhole,0.29931972789115646,0.018748594242015294,0.0,0.0,0.0,0.08447820157279338,0.5024835647700164,-0.41800536319722303
1.0,20,handcrafted,0.4666666666666667,sybil,0.63718820861678,0.036112989257005484,0.0,0.0,0.0,0.1845299592152514,0.5110131688804815,-0.32648320966523015
1.0,20,learned,0.48691358024691356,blackhole,0.782312925170068,0.06363636363636364,0.0,0.0,0.0,0.02028148978961953,0.09846662387998266,-0.07818513409036312
1.0,20,learned,0.48691358024691356,selective_forwarding,0.35374149659863946,0.02320041816009558,0.0,0.0,0.0,0.015320587186598258,0.05385640178458509,-0.03853581459798683
1.0,20,learned,0.48691358024691356,sinkhole,0.6575963718820862,0.043964765393336824,0.0,0.0,0.0,0.016117432971086688,0.05562702839650136,-0.03950959542541467
1.0,20,learned,0.48691358024691356,wormhole,0.6621315192743764,0.042490149724192273,0.0,0.0,0.0,0.018908665993154484,0.03487006683665395,-0.01596140084349947
1.0,20,learned,0.48691358024691356,sybil,0.4603174603174603,0.05130748880748881,0.0,0.0,0.0,0.011470658834200387,0.06486020719307876,-0.05338954835887838
1.0,21,handcrafted,0.5259259259259259,blackhole,0.07482993197278912,0.014277886497064579,0.0,0.0,0.0,4.190766096290402e-05,0.013402429715268994,-0.01336052205430609
1.0,21,handcrafted,0.5259259259259259,selective_forwarding,0.5056689342403629,0.03284223151479789,0.0,0.0,0.0,0.08777140949489695,0.9816427570459848,-0.8938713475510879
1.0,21,handcrafted,0.5259259259259259,sinkhole,0.6780045351473923,0.04932631967515688,0.0,0.0,0.0,0.19087569228519374,0.5919190771306692,-0.4010433848454754
1.0,21,handcrafted,0.5259259259259259,wormhole,0.5578231292517006,0.04323361823361823,0.0,0.0,0.0,0.11423862857319991,0.5211314138257248,-0.4068927852525249
1.0,21,handcrafted,0.5259259259259259,sybil,0.5510204081632653,0.06013071895424837,0.0,0.0,0.0,0.08012956153721727,0.5756156569354748,-0.4954860953982575
1.0,21,learned,0.5851851851851851,blackhole,0.1927437641723356,0.016104661875806153,0.0,0.0,0.0,0.011099193042170372,0.08638237715253468,-0.0752831841103643
1.0,21,learned,0.5851851851851851,selective_forwarding,0.09750566893424037,0.014436078587460058,0.0,0.0,0.0,0.011871929191703825,0.03359962686907537,-0.021727697677371545
1.0,21,learned,0.5851851851851851,sinkhole,0.7687074829931972,0.06331699346405228,0.0,0.0,0.0,0.020777002069809546,0.04136928796676655,-0.020592285896957007
1.0,21,learned,0.5851851851851851,wormhole,0.6145124716553289,0.03811968498437145,0.0,0.0,0.0,0.017762081894471322,0.042698289905817095,-0.024936208011345773
1.0,21,learned,0.5851851851851851,sybil,0.4217687074829932,0.02488368931201772,0.0,0.0,0.0,0.01004810179275031,0.05291662884691025,-0.042868527054159944
1.0,22,handcrafted,0.5604938271604938,blackhole,0.6689342403628118,0.04509953501888986,0.0,0.0,0.0,0.0001642950054690701,0.009374512399390956,-0.009210217393921886
1.0,22,handcrafted,0.5604938271604938,selective_forwarding,0.5668934240362812,0.029886585149743045,0.0,0.0,0.0,0.10073260577558743,0.9596061088313933,-0.8588735030558059
1.0,22,handcrafted,0.5604938271604938,sinkhole,0.42630385487528344,0.026150095115612355,0.0,0.0,0.0,0.04919825931283717,0.5539407562900848,-0.5047424969772476
1.0,22,handcrafted,0.5604938271604938,wormhole,0.6666666666666666,0.07744444444444444,0.0,0.0,0.0,0.08162305771177439,0.5742222281389093,-0.49259917042713497
1.0,22,handcrafted,0.5604938271604938,sybil,0.4308390022675737,0.027172364672364672,0.0,0.0,0.0,0.08554090151927171,0.5356324169515174,-0.4500915154322457
1.0,22,learned,0.4325925925925926,blackhole,0.546485260770975,0.028173374613003094,0.0,0.0,0.0,0.015959422873044957,0.05575752035160899,-0.03979809747856403
1.0,22,learned,0.4325925925925926,selective_forwarding,0.3197278911564626,0.031092732281718518,0.0,0.0,0.0,0.012692338842189526,0.04027732750425811,-0.027584988662068585
1.0,22,learned,0.4325925925925926,sinkhole,0.34467120181405897,0.02426588881485935,0.0,0.0,0.0,0.010119188438565718,0.04938903386565117,-0.03926984542708545
1.0,22,learned,0.4325925925925926,wormhole,0.31519274376417233,0.019518796992481203,0.0,0.0,0.0,0.013610331114998792,0.03402122852035838,-0.02041089740535959
1.0,22,learned,0.4325925925925926,sybil,0.2811791383219955,0.017957353416575745,0.0,0.0,0.0,0.009629758771615461,0.04609878286776589,-0.03646902409615043
1.0,23,handcrafted,0.49777777777777776,blackhole,0.7278911564625851,0.04567865003668378,0.0,0.0,0.0,0.0002912641705720295,0.005543243850029583,-0.005251979679457553
1.0,23,handcrafted,0.49777777777777776,selective_forwarding,0.4965986394557823,0.03285742321656363,0.0,0.0,0.0,0.049820668291195656,0.8885228136711721,-0.8387021453799764
1.0,23,handcrafted,0.49777777777777776,sinkhole,0.5170068027210885,0.02619406737053796,0.0,0.0,0.0,0.19034563942838995,0.5243847866743565,-0.33403914724596656
1.0,23,handcrafted,0.49777777777777776,wormhole,0.5736961451247166,0.05153795975713784,0.0,0.0,0.0,0.03845330838519727,0.5717925680831937,-0.5333392596979964
1.0,23,handcrafted,0.49777777777777776,sybil,0.5941043083900227,0.050298117505191926,0.0,0.0,0.0,0.1340334160513738,0.5286503307928061,-0.3946169147414323
1.0,23,learned,0.4676543209876543,blackhole,0.6689342403628118,0.054138950480413894,0.0,0.0,0.0,0.01573892644283923,0.056608802736861266,-0.040869876294022035
1.0,23,learned,0.4676543209876543,selective_forwarding,0.5306122448979592,0.028578693109585555,0.0,0.0,0.0,0.017073008928428623,0.03453708396507687,-0.017464075036648246
1.0,23,learned,0.4676543209876543,sinkhole,0.3877551020408163,0.024541800346646016,0.0,0.0,0.0,0.012910850271477738,0.04433738735130329,-0.03142653707982555
1.0,23,learned,0.4676543209876543,wormhole,0.3786848072562358,0.024680112773801777,0.0,0.0,0.0,0.012660237781484738,0.035909723113329704,-0.02324948533184497
1.0,23,learned,0.4676543209876543,sybil,0.6893424036281179,0.043411144072915686,0.0,0.0,0.0,0.018917603566957576,0.04687874723388073,-0.027961143666923156
1.0,24,handcrafted,0.3674074074074074,blackhole,0.5306122448979592,0.08253079507278836,0.0,0.0,0.0,6.640519355170416e-05,0.008543505861227372,-0.008477100667675668
1.0,24,handcrafted,0.3674074074074074,selective_forwarding,0.3333333333333333,0.019490289787570118,0.0,0.0,0.0,0.06638334076640216,0.9501884416303685,-0.8838051008639664
1.0,24,handcrafted,0.3674074074074074,sinkhole,0.7324263038548753,0.047929209998175515,0.0,0.0,0.0,0.27964928659937127,0.6871129774655522,-0.40746369086618095
1.0,24,handcrafted,0.3674074074074074,wormhole,0.4421768707482993,0.022882825635119213,0.0,0.0,0.0,0.12121584531394494,0.6381813507867109,-0.516965505472766
1.0,24,handcrafted,0.3674074074074074,sybil,0.564625850340136,0.030320300057142164,0.0,0.0,0.0,0.15342148200934713,0.5309208771169407,-0.37749939510759356
1.0,24,learned,0.49037037037037035,blackhole,0.5192743764172335,0.026522959391631438,0.0,0.0,0.0,0.015674072648439855,0.04705822362774235,-0.03138415097930249
1.0,24,learned,0.49037037037037035,selective_forwarding,0.2675736961451247,0.018420909597380186,0.0,0.0,0.0,0.013426100672111151,0.041048898247831735,-0.027622797575720583
1.0,24,learned,0.49037037037037035,sinkhole,0.7845804988662132,0.07715759849906191,0.0,0.0,0.0,0.02370448877456424,0.04637464760531603,-0.022670158830751793
1.0,24,learned,0.49037037037037035,wormhole,0.46258503401360546,0.044560357675111774,0.0,0.0,0.0,0.014453480436605189,0.03568967549155655,-0.021236195054951362
1.0,24,learned,0.49037037037037035,sybil,0.5079365079365079,0.026030313264355814,0.0,0.0,0.0,0.017538276317952076,0.05951152163849393,-0.04197324532054185
1.0,25,handcrafted,0.4079012345679012,blackhole,0.6666666666666666,0.03788918699694266,0.0,0.0,0.0,0.0001630534310227366,0.006835459233406848,-0.006672405802384112
1.0,25,handcrafted,0.4079012345679012,selective_forwarding,0.41496598639455784,0.022078983768260563,0.0,0.0,0.0,0.042852387178624586,0.9218507338461073,-0.8789983466674827
1.0,25,handcrafted,0.4079012345679012,sinkhole,0.764172335600907,0.18787878787878787,0.25,0.3333333333333333,0.28571428571428575,0.16912585097797972,0.6659893986350754,-0.4968635476570957
1.0,25,handcrafted,0.4079012345679012,wormhole,0.5124716553287982,0.028071895424836606,0.0,0.0,0.0,0.08292299903650693,0.7203236405211226,-0.6374006414846157
1.0,25,handcrafted,0.4079012345679012,sybil,0.6780045351473923,0.1509216589861751,0.0,0.0,0.0,0.10559104703213101,0.4662430097297073,-0.36065196269757627
1.0,25,learned,0.5165432098765432,blackhole,0.6984126984126984,0.04152585765488991,0.0,0.0,0.0,0.018247988158416464,0.06683037779515535,-0.04858238963673889
1.0,25,learned,0.5165432098765432,selective_forwarding,0.4331065759637188,0.02517361111111111,0.0,0.0,0.0,0.016630262657683706,0.04886309905919221,-0.0322328364015085
1.0,25,learned,0.5165432098765432,sinkhole,0.8095238095238095,0.1407862407862408,0.0,0.0,0.0,0.02207686629644987,0.06007733779131032,-0.03800047149486045
1.0,25,learned,0.5165432098765432,wormhole,0.45351473922902497,0.023496503496503496,0.0,0.0,0.0,0.01632584887972067,0.038508696963269876,-0.022182848083549207
1.0,25,learned,0.5165432098765432,sybil,0.7256235827664399,0.05313441832429174,0.0,0.0,0.0,0.01933729837394249,0.05722162673549321,-0.03788432836155072
1.0,26,handcrafted,0.42271604938271606,blackhole,0.46485260770975056,0.027395398608881755,0.0,0.0,0.0,5.419015125560441e-05,0.0067095542872860625,-0.006655364136030458
1.0,26,handcrafted,0.42271604938271606,selective_forwarding,0.3072562358276644,0.018990710167180756,0.0,0.0,0.0,0.04080282963183733,0.9191442624004592,-0.8783414327686219
1.0,26,handcrafted,0.42271604938271606,sinkhole,0.3242630385487528,0.02014701783723523,0.0,0.0,0.0,0.12471129029352572,0.730126318737515,-0.6054150284439893
1.0,26,handcrafted,0.42271604938271606,wormhole,0.40816326530612246,0.023479960899315738,0.0,0.0,0.0,0.020858366475665423,0.6607183529268466,-0.6398599864511811
1.0,26,handcrafted,0.42271604938271606,sybil,0.7482993197278912,0.049658238256758136,0.0,0.0,0.0,0.24653799040837504,0.5965672544672909,-0.3500292640589158
1.0,26,learned,0.4419753086419753,blackhole,0.5351473922902494,0.10042643923240936,0.0,0.0,0.0,0.009483797023043349,0.05168458786582341,-0.04220079084278006
1.0,26,learned,0.4419753086419753,selective_forwarding,0.46258503401360546,0.08055555555555556,0.0,0.0,0.0,0.01596451512118891,0.04060394024298532,-0.024639425121796406
1.0,26,learned,0.4419753086419753,sinkhole,0.4421768707482993,0.023043389884646936,0.0,0.0,0.0,0.015336101569437915,0.0416523757967768,-0.026316274227338888
1.0,26,learned,0.4419753086419753,wormhole,0.7301587301587301,0.08344325105206958,0.0,0.0,0.0,0.02107810018863517,0.03766711342469226,-0.016589013236057094
1.0,26,learned,0.4419753086419753,sybil,0.8571428571428571,0.08444444444444443,0.0,0.0,0.0,0.028596300863993392,0.08099188303724557,-0.05239558217325217
1.0,27,handcrafted,0.35802469135802467,blackhole,0.3877551020408163,0.02091269841269841,0.0,0.0,0.0,8.623943679469865e-05,0.002969960221491181,-0.0028837207846964825
1.0,27,handcrafted,0.35802469135802467,selective_forwarding,0.6303854875283447,0.06801888442035321,0.16666666666666666,0.3333333333333333,0.2222222222222222,0.12673272707266411,0.7593959296287974,-0.6326632025561333
1.0,27,handcrafted,0.35802469135802467,sinkhole,0.42630385487528344,0.04361367008656875,0.0,0.0,0.0,0.08382325526432143,0.6637759416701233,-0.5799526864058019
1.0,27,handcrafted,0.35802469135802467,wormhole,0.5034013605442177,0.03688109161793372,0.0,0.0,0.0,0.018035722797361778,0.49941749877290487,-0.4813817759755431
1.0,27,handcrafted,0.35802469135802467,sybil,0.3492063492063492,0.019689395304149402,0.0,0.0,0.0,0.09592869582913888,0.6109773754620947,-0.5150486796329559
1.0,27,learned,0.5190123456790123,blackhole,0.5850340136054422,0.03300811850163795,0.0,0.0,0.0,0.013431894716194933,0.04485629876248389,-0.03142440404628896
1.0,27,learned,0.5190123456790123,selective_forwarding,0.22675736961451248,0.0165346256496699,0.0,0.0,0.0,0.011698710725891931,0.036442097664275475,-0.024743386938383544
1.0,27,learned,0.5190123456790123,sinkhole,0.7891156462585034,0.059457399258514954,0.0,0.0,0.0,0.02535320355640525,0.04142356882768277,-0.01607036527127752
1.0,27,learned,0.5190123456790123,wormhole,0.6802721088435374,0.039849668498875286,0.0,0.0,0.0,0.020354918465283634,0.03665076605635033,-0.016295847591066694
1.0,27,learned,0.5190123456790123,sybil,0.5918367346938775,0.033946847242152196,0.0,0.0,0.0,0.015155856994219124,0.05878398191468502,-0.043628124920465895
1.0,28,handcrafted,0.554074074074074,blackhole,0.6349206349206349,0.0374300153664203,0.0,0.0,0.0,0.00017146141948951518,0.003987905384720947,-0.0038164439652314318
1.0,28,handcrafted,0.554074074074074,selective_forwarding,0.3900226757369615,0.021100780292385424,0.0,0.0,0.0,0.05542811974220689,0.8250752727038433,-0.7696471529616364
1.0,28,handcrafted,0.554074074074074,sinkhole,0.2834467120181406,0.01781795440332026,0.0,0.0,0.0,0.1203067350317844,0.7038830203577691,-0.5835762853259847
1.0,28,handcrafted,0.554074074074074,wormhole,0.5714285714285714,0.35038363171355497,0.0,0.0,0.0,0.12855315457734687,0.4577402025442381,-0.32918704796689124
1.0,28,handcrafted,0.554074074074074,sybil,0.4376417233560091,0.039417285896159136,0.0,0.0,0.0,0.06764865855862227,0.6379910170259444,-0.5703423584673222
1.0,28,learned,0.4928395061728395,blackhole,0.7256235827664399,0.05268518518518519,0.0,0.0,0.0,0.018703439123466302,0.05479587478690914,-0.03609243566344284
1.0,28,learned,0.4928395061728395,selective_forwarding,0.7278911564625851,0.07207620636907246,0.0,0.0,0.0,0.019176964008295876,0.0357025554510963,-0.016525591442800427
1.0,28,learned,0.4928395061728395,sinkhole,0.5102040816326531,0.028202690634632557,0.0,0.0,0.0,0.015087915567378474,0.050987482441948034,-0.03589956687456956
1.0,28,learned,0.4928395061728395,wormhole,0.47392290249433106,0.028713114351647268,0.0,0.0,0.0,0.011772322070723354,0.04287937383822316,-0.03110705176749981
1.0,28,learned,0.4928395061728395,sybil,0.6462585034013606,0.036080266312824454,0.0,0.0,0.0,0.019123488312551944,0.06662145222731265,-0.04749796391476071
1.0,29,handcrafted,0.4414814814814815,blackhole,0.5963718820861678,0.032451449479313256,0.0,0.0,0.0,0.00010752729658248283,0.006186280065168593,-0.00607875276858611
1.0,29,handcrafted,0.4414814814814815,selective_forwarding,0.34467120181405897,0.019821065214019145,0.0,0.0,0.0,0.048625694653104616,0.9067385960848926,-0.858112901431788
1.0,29,handcrafted,0.4414814814814815,sinkhole,0.2494331065759637,0.017150600305353102,0.0,0.0,0.0,0.07948446785004606,0.8493215099737761,-0.76983704212373
1.0,29,handcrafted,0.4414814814814815,wormhole,0.2834467120181406,0.017962962962962962,0.0,0.0,0.0,0.023912597825395558,0.6027252573187717,-0.5788126594933761
1.0,29,handcrafted,0.4414814814814815,sybil,0.42857142857142855,0.03162662373188689,0.0,0.0,0.0,0.03308623044124378,0.5457577301599967,-0.5126714997187529
1.0,29,learned,0.5437037037037037,blackhole,0.7165532879818595,0.04434772714342607,0.0,0.0,0.0,0.017488608713406673,0.0625102811879225,-0.04502167247451583
1.0,29,learned,0.5437037037037037,selective_forwarding,0.6213151927437641,0.04458323870088576,0.0,0.0,0.0,0.020729088506304567,0.05847144579534511,-0.037742357289040546
1.0,29,learned,0.5437037037037037,sinkhole,0.31065759637188206,0.022069141472126547,0.0,0.0,0.0,0.012697564565851012,0.0664734304845665,-0.053775865918715485
1.0,29,learned,0.5437037037037037,wormhole,0.7437641723356009,0.057164307164307156,0.0,0.0,0.0,0.020383453201358214,0.05037567305411226,-0.029992219852754045
1.0,29,learned,0.5437037037037037,sybil,0.46258503401360546,0.024405512520266615,0.0,0.0,0.0,0.014360756057211755,0.06403850885591776,-0.04967775279870601
1.0,30,handcrafted,0.5101234567901235,blackhole,0.31746031746031744,0.018786714160729908,0.0,0.0,0.0,6.119472505726278e-05,0.02216381287215662,-0.022102618147099358
1.0,30,handcrafted,0.5101234567901235,selective_forwarding,0.6145124716553289,0.10415358861686545,0.06666666666666667,0.3333333333333333,0.1111111111111111,0.07360918859185281,0.9714188298589043,-0.8978096412670514
1.0,30,handcrafted,0.5101234567901235,sinkhole,0.23809523809523808,0.017039735838586964,0.0,0.0,0.0,0.09116595124839685,0.6551778403868498,-0.5640118891384529
1.0,30,handcrafted,0.5101234567901235,wormhole,0.22675736961451248,0.016660425638145165,0.0,0.0,0.0,0.06483140964470677,0.49452634929732925,-0.4296949396526225
1.0,30,handcrafted,0.5101234567901235,sybil,0.4421768707482993,0.02794751721954787,0.0,0.0,0.0,0.048683450506152026,0.5583683423670991,-0.5096848918609471
1.0,30,learned,0.48641975308641977,blackhole,0.2494331065759637,0.01710535920232412,0.0,0.0,0.0,0.010880730971439344,0.1110067741426486,-0.10012604317120927
1.0,30,learned,0.48641975308641977,selective_forwarding,0.6077097505668935,0.08108843537414966,0.0,0.0,0.0,0.012766503507672082,0.050104982526996265,-0.03733847901932418
1.0,30,learned,0.48641975308641977,sinkhole,0.5714285714285714,0.052042160737812905,0.0,0.0,0.0,0.012533140315696908,0.06574249804720622,-0.05320935773150931
1.0,30,learned,0.48641975308641977,wormhole,0.81859410430839,0.07175278622087132,0.0,0.0,0.0,0.02283042029727644,0.03669577846498315,-0.013865358167706707
1.0,30,learned,0.48641975308641977,sybil,0.5147392290249433,0.02730306063639397,0.0,0.0,0.0,0.015042377193697965,0.05827527506976125,-0.043232897876063284
