seed,n_stages,candidates,qubits,n_routes,mixer,objective,depth,restarts,maxiter,optimizer_objective,optimizer_nfev,elapsed_seconds,penalty_weight,feasible_probability,probability_of_optimum,conditional_probability_of_optimum,conditional_mode_probability,conditional_mode_is_optimal,global_mode_is_feasible,approximation_ratio,n_optimal_routes,best_cost,worst_cost,uniform_cost,conditional_expected_cost,normalized_approximation_ratio,random_normalized_gap,enrichment_over_uniform,top_decile_mass,mode_cost_percentile
1,3,3,9,27,xy,expectation,1,3,120,4.582252375606665,145,0.0896160239999517,0.0,1.0000000000000002,0.0696516328489359,0.0696516328489359,0.174849328576417,False,True,0.9829855319037748,,,,,,,,,,
1,3,3,9,27,xy,expectation,2,3,120,4.433017360575046,360,0.2332905720001008,0.0,1.0,0.0628882946613308,0.0628882946613308,0.2320260139373026,False,True,0.968288950906652,,,,,,,,,,
1,3,3,9,27,xy,expectation,3,3,120,4.715210087856348,360,0.254247308999993,0.0,1.000000000000001,0.2726567989888445,0.2726567989888442,0.2726567989888442,True,True,1.0,,,,,,,,,,
1,3,3,9,27,xy,cvar,1,3,120,4.132577359843758,135,0.0777256789999683,0.0,0.9999999999999998,0.0809313487396692,0.0809313487396692,0.1459385456368732,False,True,0.968288950906652,,,,,,,,,,
1,3,3,9,27,xy,cvar,2,3,120,4.111608400257962,158,0.0951810109999087,0.0,0.9999999999999996,0.2776656993598284,0.2776656993598285,0.2776656993598285,True,True,1.0,,,,,,,,,,
1,3,3,9,27,xy,cvar,3,3,120,4.111608400257962,269,0.1878418569999667,0.0,0.9999999999999998,0.2716495043857576,0.2716495043857576,0.2716495043857576,True,True,1.0,,,,,,,,,,
1,3,3,9,27,penalty_x,expectation,1,3,120,15.7716064453125,352,0.5434072869999227,2.1321006334839168,0.0796281343791633,0.0046727424487471,0.0586820535879576,0.0659108030490727,False,False,0.4475659252846261,,,,,,,,,,
1,3,3,9,27,penalty_x,expectation,2,3,120,15.541481018066406,360,0.7061586490000309,2.1321006334839168,0.0573197951016482,0.0025019503664225,0.0436489760995428,0.0845612887258344,False,False,0.9694149524450962,,,,,,,,,,
1,3,3,9,27,penalty_x,expectation,3,3,120,14.052422523498535,360,0.9146413479999184,2.1321006334839168,0.0837784419127274,0.0005439586821012,0.0064928240449716,0.1769877850344921,False,False,0.4384745731405959,,,,,,,,,,
1,3,3,9,27,penalty_x,cvar,1,3,120,4.78145694732666,275,0.4858357709999836,2.1321006334839168,0.1288669668138027,0.0065831900574266,0.051085163406838,0.0925709958842768,False,False,0.9668191758685636,,,,,,,,,,
1,3,3,9,27,penalty_x,cvar,2,3,120,5.117114543914795,360,0.8024042240000426,2.1321006334839168,0.0222429133209516,0.0009629317210055,0.0432916186432538,0.1263253576198214,False,False,0.9972380793756636,,,,,,,,,,
1,3,3,9,27,penalty_x,cvar,3,3,120,4.347201824188232,360,1.0091393679999785,2.1321006334839168,0.0336795467155752,0.0023567848838865,0.069976740001571,0.0892527152088645,False,False,0.9972380793756636,,,,,,,,,,
1,5,5,25,3125,xy,expectation,1,3,120,6.291215323664453,151,0.118756822000023,0.0,0.9999999999999996,0.0009620611386629,0.0009620611386629,0.0023495308784267,False,True,0.912403942387303,,,,,,,,,,
1,5,5,25,3125,xy,expectation,2,3,120,5.894980618597707,360,0.3808791779999865,0.0,1.0000000000000004,0.0004774963743127,0.0004774963743127,0.0028886238350785,False,True,0.950032651212906,,,,,,,,,,
1,5,5,25,3125,xy,expectation,3,3,120,5.937628532617617,360,0.471787221999989,0.0,0.9999999999999972,0.000188916066676,0.000188916066676,0.0034500688099254,False,True,0.912403942387303,,,,,,,,,,
1,5,5,25,3125,xy,cvar,1,3,120,5.426444224674652,138,0.1145229139999628,0.0,0.9999999999999996,0.0008373314399911,0.0008373314399911,0.0044834428961914,False,True,0.950032651212906,,,,,,,,,,
1,5,5,25,3125,xy,cvar,2,3,120,5.407114246917082,334,0.372263283000052,0.0,0.9999999999999984,0.0008695770265363,0.0008695770265363,0.0071524937545078,False,True,0.9558653443100226,,,,,,,,,,
1,5,5,25,3125,xy,cvar,3,3,120,5.324583891701108,360,0.4946928329999309,0.0,0.9999999999999998,0.0063458390256182,0.0063458390256182,0.0103157483331918,False,True,0.9806562614787224,,,,,,,,,,
1,5,5,25,3125,penalty_x,expectation,1,3,120,13.268168449401855,217,9.129843308999966,1.8057799097747576,0.0062703607315945,1.9944093310186872e-06,0.0003180693131368,0.0008527752708221,False,False,0.4942008547036562,,,,,,,,,,
1,5,5,25,3125,penalty_x,expectation,2,3,120,79.07324981689453,352,28.828687261000027,1.8057799097747576,0.0002475306619033,1.9828917174891103e-08,8.010691290694117e-05,0.0110755264715513,False,False,0.4769799767896306,,,,,,,,,,
1,5,5,25,3125,penalty_x,expectation,3,3,120,67.14922332763672,360,43.89041143099996,1.8057799097747576,0.0006570232299664,4.3008846262182494e-08,6.546016076841162e-05,0.0062349838228445,False,False,0.471853469204433,,,,,,,,,,
1,5,5,25,3125,penalty_x,cvar,1,3,120,6.883749895319337,360,15.479223391000003,1.8057799097747576,0.0009613720777403,2.867042780962948e-07,0.0002982240536569,0.0018612090488648,False,False,0.4840789558297317,,,,,,,,,,
1,5,5,25,3125,penalty_x,cvar,2,3,120,22.33075656478146,360,29.877825540000003,1.8057799097747576,0.0005945512363912,2.6164435951159252e-08,4.4007033119582944e-05,0.0105588275704828,False,False,0.4947766995692917,,,,,,,,,,
1,5,5,25,3125,penalty_x,cvar,3,3,120,21.78079154720407,360,44.27631206700005,1.8057799097747576,0.0002796381400722,2.115927877355261e-09,7.566664106723352e-06,0.004521675237881,False,False,0.8607723546750711,,,,,,,,,,
2,5,4,20,1024,xy,expectation,1,3,120,7.949438345750007,172,0.1361924410000483,0.0,0.9999999999999996,0.0346390362713128,0.0346390362713128,0.0488918784310911,False,True,0.922324109358528,,,,,,,,,,
2,5,4,20,1024,xy,expectation,2,3,120,7.287521847862086,355,0.2936491579998801,0.0,0.9999999999999998,0.0264502813438151,0.0264502813438151,0.0292454568010744,False,True,0.9828297607957094,,,,,,,,,,
2,5,4,20,1024,xy,expectation,3,3,120,5.9187708950728455,360,0.354667142000153,0.0,0.9999999999999978,2.949725867087917e-06,2.9497258670879235e-06,0.0252355402765721,False,True,0.9070840430703484,,,,,,,,,,
2,5,4,20,1024,xy,cvar,1,3,120,5.371089216787898,155,0.109795664999865,0.0,1.0000000000000004,0.0315228270539597,0.0315228270539597,0.0399577659734766,False,True,0.922324109358528,,,,,,,,,,
2,5,4,20,1024,xy,cvar,2,3,120,5.240064539849689,298,0.252071628000067,0.0,1.0000000000000018,0.1329070096240187,0.1329070096240185,0.1329070096240185,True,True,1.0,,,,,,,,,,
2,5,4,20,1024,xy,cvar,3,3,120,5.200638557369135,324,0.3231046010000682,0.0,0.9999999999999986,0.2510402423775454,0.2510402423775458,0.2510402423775458,True,True,1.0,,,,,,,,,,
2,5,4,20,1024,penalty_x,expectation,1,3,120,46.82623291015625,163,0.3306259290000071,1.85884002948092,0.0025827518035264,5.610409971268382e-06,0.002172260595698,0.0035427550286463,False,False,0.4863776069846235,,,,,,,,,,
2,5,4,20,1024,penalty_x,expectation,2,3,120,43.578948974609375,285,0.9296903939998628,1.85884002948092,0.0044857195788381,3.264796760049649e-06,0.0007278200749444,0.0021375726796408,False,False,0.4907818381130881,,,,,,,,,,
2,5,4,20,1024,penalty_x,expectation,3,3,120,10.599934577941896,360,1.615916904000187,1.85884002948092,0.0264068422177388,5.439329834189266e-05,0.002059818356674,0.0032785230521761,False,False,0.9388736776827232,,,,,,,,,,
2,5,4,20,1024,penalty_x,cvar,1,3,120,15.87676049747938,271,0.6297444710000946,1.85884002948092,0.0036662206184701,4.195391284156358e-06,0.0011443368309643,0.0015003504544049,False,False,0.9266776268646264,,,,,,,,,,
2,5,4,20,1024,penalty_x,cvar,2,3,120,13.745134622438597,360,1.2781305369999243,1.85884002948092,0.0009721490871186,6.341287530631234e-07,0.0006522957861768,0.0030255890168021,False,False,0.4907818381130881,,,,,,,,,,
2,5,4,20,1024,penalty_x,cvar,3,3,120,10.842158932428488,360,1.7299683889998505,1.85884002948092,0.010336659331692,1.2295220130909e-06,0.0001189477154694,0.0062625042223949,False,False,0.4834589654134279,,,,,,,,,,
3,4,4,16,256,xy,expectation,1,3,120,5.153491689611123,131,0.1106988159999673,0.0,1.0,0.0206984804940323,0.0206984804940323,0.0225667947998221,False,True,0.9941006171472764,,,,,,,,,,
3,4,4,16,256,xy,expectation,2,3,120,4.842422839533529,358,0.2647518569999647,0.0,0.9999999999999996,0.0014983158038462,0.0014983158038462,0.0192987634057631,False,True,0.9184224817960662,,,,,,,,,,
3,4,4,16,256,xy,expectation,3,3,120,4.762242323592875,360,0.2994976929999211,0.0,1.0,0.0063079320417252,0.0063079320417252,0.0806988997737525,False,True,0.9599238515832964,,,,,,,,,,
3,4,4,16,256,xy,cvar,1,3,120,4.537394062258706,133,0.0800310429999626,0.0,1.0,0.0222185124653057,0.0222185124653057,0.026120729075297,False,True,0.9941006171472764,,,,,,,,,,
3,4,4,16,256,xy,cvar,2,3,120,4.470571958995188,360,0.2714192849998653,0.0,0.9999999999999988,0.1700657011246662,0.1700657011246664,0.1708840468205509,False,True,0.9964435208993294,,,,,,,,,,
3,4,4,16,256,xy,cvar,3,3,120,4.468369720313984,360,0.294363113999907,0.0,1.000000000000003,0.204609417981866,0.2046094179818654,0.2053884728860022,False,True,0.9964435208993294,,,,,,,,,,
3,4,4,16,256,penalty_x,expectation,1,3,120,32.496849060058594,157,0.2966687260000071,1.9140737350106372,0.0523422892147209,0.0001780431048246,0.003401515438009,0.0051838138360479,False,False,0.4502576576509705,,,,,,,,,,
3,4,4,16,256,penalty_x,expectation,2,3,120,29.78360748291016,324,0.8928016370000478,1.9140737350106372,0.0028025004082223,3.4523909562267363e-06,0.0012318966827257,0.0181820702193512,False,False,0.4502576576509705,,,,,,,,,,
3,4,4,16,256,penalty_x,expectation,3,3,120,8.365593910217285,360,1.3489889919999314,1.9140737350106372,0.0402560993643419,0.0002964092709589,0.0073630897091219,0.0074754272098509,False,False,0.4498393306320577,,,,,,,,,,
3,4,4,16,256,penalty_x,cvar,1,3,120,5.9459393088889945,218,0.4494245050000245,1.9140737350106372,0.0094002703790465,1.9769502614508383e-05,0.0021030780836448,0.0098166130351874,False,False,0.9309672230919422,,,,,,,,,,
3,4,4,16,256,penalty_x,cvar,2,3,120,8.445205238175705,360,1.0964540560000842,1.9140737350106372,0.0301614229974802,9.631444845581429e-05,0.0031932992174759,0.0065048792744816,False,False,0.4509328424632118,,,,,,,,,,
3,4,4,16,256,penalty_x,cvar,3,3,120,4.765655801633346,360,1.4387110909999592,1.9140737350106372,0.1451840694644488,0.0009500741725787,0.0065439285183516,0.0072419879199107,False,False,0.4567897143655698,,,,,,,,,,
4,4,3,12,81,xy,expectation,1,3,120,5.348841318168563,152,0.0898995319998903,0.0,0.9999999999999992,0.8110172044882085,0.8110172044882091,0.8110172044882091,True,True,1.0,,,,,,,,,,
4,4,3,12,81,xy,expectation,2,3,120,5.690278979706359,360,0.2523665559999699,0.0,0.9999999999999996,0.663462239017214,0.6634622390172142,0.6634622390172142,True,True,1.0,,,,,,,,,,
4,4,3,12,81,xy,expectation,3,3,120,5.451016763880274,360,0.2747055190000083,0.0,1.0000000000000016,0.7525174520605437,0.7525174520605424,0.7525174520605424,True,True,1.0,,,,,,,,,,
4,4,3,12,81,xy,cvar,1,3,120,4.645221902463726,76,0.045558839000023,0.0,1.0,0.3974385399814554,0.3974385399814554,0.3974385399814554,True,True,1.0,,,,,,,,,,
4,4,3,12,81,xy,cvar,2,3,120,4.645221902463726,105,0.0803635100000974,0.0,0.9999999999999998,0.2894188132428372,0.2894188132428373,0.2894188132428373,True,True,1.0,,,,,,,,,,
4,4,3,12,81,xy,cvar,3,3,120,4.645221902463726,190,0.1415495789999568,0.0,0.9999999999999994,0.2600475662696556,0.2600475662696557,0.2600475662696557,True,True,1.0,,,,,,,,,,
4,4,3,12,81,penalty_x,expectation,1,3,120,22.93948554992676,286,0.4545451719998254,2.1144283869480907,0.0159115710921469,0.0002778102061711,0.0174596339080706,0.0276274716231044,False,False,0.477422456884285,,,,,,,,,,
4,4,3,12,81,penalty_x,expectation,2,3,120,28.34929656982422,360,0.8356070390000241,2.1144283869480907,0.0140432456755661,0.0003300214302726,0.0235003672154517,0.0372502948878281,False,False,0.4682952411198562,,,,,,,,,,
4,4,3,12,81,penalty_x,expectation,3,3,120,21.237215042114254,360,1.1185613059999469,2.1144283869480907,0.017309253624262,0.0003239123325329,0.0187132466577822,0.0391349870504764,False,False,0.468279473868175,,,,,,,,,,
4,4,3,12,81,penalty_x,cvar,1,3,120,11.509272157040575,297,0.5455869090001215,2.1144283869480907,0.0063956483998026,0.0001748248905641,0.0273349752262162,0.0865209704080409,False,False,0.9754760184267816,,,,,,,,,,
4,4,3,12,81,penalty_x,cvar,2,3,120,8.635889053344727,360,0.9315584019998367,2.1144283869480907,0.0069986025287107,9.64063438004814e-05,0.0137750848694418,0.0348298736301642,False,False,0.3076303480795401,,,,,,,,,,
4,4,3,12,81,penalty_x,cvar,3,3,120,6.232457637786865,360,1.1991410809998797,2.1144283869480907,0.0054490466712877,8.119009180518333e-06,0.0014899870877045,0.0473548380557685,False,False,0.468279473868175,,,,,,,,,,
5,3,3,9,27,xy,expectation,1,3,120,4.671821318792529,166,0.0958914160000858,0.0,0.9999999999999996,0.0933380308613377,0.0933380308613377,0.2446722251734047,False,True,0.989330711482334,,,,,,,,,,
5,3,3,9,27,xy,expectation,2,3,120,4.6255086148334135,360,0.2395882509999864,0.0,1.000000000000001,0.7115460932723328,0.711546093272332,0.711546093272332,True,True,1.0,,,,,,,,,,
5,3,3,9,27,xy,expectation,3,3,120,4.000473573986864,360,0.254567685999973,0.0,1.0000000000000009,0.3129228278108524,0.3129228278108522,0.5985390316323843,False,True,0.9996503490678018,,,,,,,,,,
5,3,3,9,27,xy,cvar,1,3,120,3.963106005159623,134,0.0783725059998232,0.0,1.0,0.2545285203359929,0.2545285203359929,0.2545285203359929,True,True,1.0,,,,,,,,,,
5,3,3,9,27,xy,cvar,2,3,120,3.963106005159623,179,0.1069634699999824,0.0,1.0000000000000009,0.266867743307994,0.2668677433079938,0.2668677433079938,True,True,1.0,,,,,,,,,,
5,3,3,9,27,xy,cvar,3,3,120,3.963106005159623,129,0.0787417359999835,0.0,1.0000000000000004,0.2520671444103962,0.252067144410396,0.252067144410396,True,True,1.0,,,,,,,,,,
5,3,3,9,27,penalty_x,expectation,1,3,120,14.227287292480469,304,0.432786101000147,2.20026393815248,0.0346401574788615,0.0026694873813539,0.07706337313804,0.07706337313804,True,False,1.0,,,,,,,,,,
5,3,3,9,27,penalty_x,expectation,2,3,120,21.132951736450195,360,0.7150998600000094,2.20026393815248,0.0433834863215452,0.0022836746647953,0.0526392611204525,0.1033482547810464,False,False,0.2780159250420799,,,,,,,,,,
5,3,3,9,27,penalty_x,expectation,3,3,120,16.255830764770508,360,0.9197018550000848,2.20026393815248,0.0275858581935608,0.0006675354088656,0.0241984644516688,0.165809795002109,False,False,0.989330711482334,,,,,,,,,,
5,3,3,9,27,penalty_x,cvar,1,3,120,4.469413757324219,235,0.3912818730000253,2.20026393815248,0.1456975031178444,0.0082750488072633,0.0567960921098988,0.0572855018806702,False,False,0.9996503490678018,,,,,,,,,,
5,3,3,9,27,penalty_x,cvar,2,3,120,5.9828436395116285,347,0.7795624520001638,2.20026393815248,0.0262955158395925,0.0012425677850842,0.0472539802095588,0.1151799497673977,False,False,0.989330711482334,,,,,,,,,,
5,3,3,9,27,penalty_x,cvar,3,3,120,4.672082225804462,360,1.01553025599992,2.20026393815248,0.0078375899811362,0.0003806804597843,0.0485711118724731,0.0659051914166671,False,False,0.989330711482334,,,,,,,,,,
5,5,5,25,3125,xy,expectation,1,3,120,6.229270266889142,158,0.123189069999853,0.0,0.9999999999999996,0.0001557109599362,0.0001557109599362,0.0083927582956961,False,True,0.835916535676851,,,,,,,,,,
5,5,5,25,3125,xy,expectation,2,3,120,6.389399801048531,360,0.388254968999945,0.0,1.0000000000000004,7.522556897859095e-06,7.522556897859092e-06,0.0116741177749259,False,True,0.870515622482913,,,,,,,,,,
5,5,5,25,3125,xy,expectation,3,3,120,6.247728380216356,360,0.4728289769998355,0.0,1.0,5.6246101829021306e-05,5.6246101829021306e-05,0.0078052631483918,False,True,0.8914806802473244,,,,,,,,,,
5,5,5,25,3125,xy,cvar,1,3,120,5.483247983035226,185,0.1612781470000754,0.0,1.0000000000000009,0.0002827824923139,0.0002827824923139,0.0013205899157104,False,True,0.9008961569237212,,,,,,,,,,
5,5,5,25,3125,xy,cvar,2,3,120,5.411960592595564,329,0.3720053869999447,0.0,0.9999999999999988,0.0020340522367595,0.0020340522367595,0.0053691815793421,False,True,0.4984257265405992,,,,,,,,,,
5,5,5,25,3125,xy,cvar,3,3,120,5.280171403863891,360,0.5020780520001153,0.0,1.0000000000000002,0.0050616154707568,0.0050616154707568,0.0750002216927834,False,True,0.987614899893436,,,,,,,,,,
5,5,5,25,3125,penalty_x,expectation,1,3,120,79.71637725830078,101,4.282011221999937,1.7970577600520876,9.35950771854266e-05,2.99650828594622e-08,0.0003201566125117,0.0003212391084264,False,False,0.4745931363914006,,,,,,,,,,
5,5,5,25,3125,penalty_x,expectation,2,3,120,77.02703857421875,303,24.83165791700003,1.7970577600520876,3.303904647920531e-05,2.744401927934348e-10,8.30654095801968e-06,0.0193693759003664,False,False,0.4740094584131762,,,,,,,,,,
5,5,5,25,3125,penalty_x,expectation,3,3,120,69.45272827148438,360,43.901509067000006,1.7970577600520876,0.0002946123123857,3.237703438685457e-10,1.0989708517158869e-06,0.0126533533857013,False,False,0.8854204529097099,,,,,,,,,,
5,5,5,25,3125,penalty_x,cvar,1,3,120,5.840088238721385,307,13.217032790999838,1.7970577600520876,0.0203647108343965,1.031427746056579e-05,0.0005064779728246,0.0010156311887239,False,False,0.4789166842465725,,,,,,,,,,
5,5,5,25,3125,penalty_x,cvar,2,3,120,33.23223084634999,302,25.096156191999853,1.7970577600520876,0.0005108185557256,1.8318080208246101e-07,0.0003586024822889,0.0075991388655924,False,False,0.964230986416,,,,,,,,,,
5,5,5,25,3125,penalty_x,cvar,3,3,120,29.79596519470215,360,44.308393343000034,1.7970577600520876,0.0006978832790597,2.447440863306838e-07,0.0003506948707245,0.0048442762184531,False,False,0.3280817535214793,,,,,,,,,,
6,5,4,20,1024,xy,expectation,1,3,120,6.2337309568278805,141,0.0943782239999109,0.0,0.9999999999999996,0.0010448535162895,0.0010448535162895,0.0109413486455576,False,True,0.9290831080656232,,,,,,,,,,
6,5,4,20,1024,xy,expectation,2,3,120,6.045662398015846,360,0.3030054000000746,0.0,1.0000000000000009,0.005040204702197,0.005040204702197,0.0073601176595715,False,True,0.9835864251553352,,,,,,,,,,
6,5,4,20,1024,xy,expectation,3,3,120,5.887640268245407,360,0.351161970000021,0.0,0.9999999999999988,0.0253818991355428,0.0253818991355429,0.0268982894281777,False,True,0.9949693365443072,,,,,,,,,,
6,5,4,20,1024,xy,cvar,1,3,120,5.337501813537908,174,0.1225570230001267,0.0,1.0,0.0057605248977038,0.0057605248977038,0.0087646046063674,False,True,0.9835864251553352,,,,,,,,,,
6,5,4,20,1024,xy,cvar,2,3,120,5.280596125140284,360,0.3149661689999448,0.0,0.9999999999999996,0.0317223940597416,0.0317223940597416,0.0350048075569515,False,True,0.9915052214933052,,,,,,,,,,
6,5,4,20,1024,xy,cvar,3,3,120,5.258676703936355,360,0.3824963449999359,0.0,0.999999999999998,0.0779385619809145,0.0779385619809146,0.0779385619809146,True,True,1.0,,,,,,,,,,
6,5,4,20,1024,penalty_x,expectation,1,3,120,45.931617736816406,115,0.231595076000076,1.9550394915346636,0.0146840326215169,2.0894343833788295e-05,0.001422929543426,0.0014299477003121,False,False,0.9759149045612088,,,,,,,,,,
6,5,4,20,1024,penalty_x,expectation,2,3,120,42.33846282958984,306,1.0159241430001202,1.9550394915346636,0.00226093482804,4.903169610770419e-06,0.0021686470348289,0.0038685215176334,False,False,0.9418457393996934,,,,,,,,,,
6,5,4,20,1024,penalty_x,expectation,3,3,120,43.7412109375,360,1.67781587699983,1.9550394915346636,0.0028461094956071,5.423841230367543e-06,0.001905703641669,0.0031513827156763,False,False,0.4996857258381733,,,,,,,,,,
6,5,4,20,1024,penalty_x,cvar,1,3,120,12.705219633320503,234,0.5462893610001629,1.9550394915346636,0.0019575304557406,1.5273353710654192e-06,0.0007802358152775,0.0019945891154404,False,False,0.9280109415337614,,,,,,,,,,
6,5,4,20,1024,penalty_x,cvar,2,3,120,13.390368461608888,314,1.1176637579999351,1.9550394915346636,0.0014097113023936,2.7917319584958022e-06,0.0019803572219046,0.0045634613052888,False,False,0.4931959475559728,,,,,,,,,,
6,5,4,20,1024,penalty_x,cvar,3,3,120,13.308441162109377,360,1.717352473000119,1.9550394915346636,0.0072083897208123,9.252717973140534e-06,0.0012836040130329,0.0028024071938598,False,False,0.4987201212690114,,,,,,,,,,
7,4,4,16,256,xy,expectation,1,3,120,5.011733665050265,153,0.1245378090000031,0.0,0.9999999999999998,0.006888167577251,0.006888167577251,0.0182981804961391,False,True,0.9194920793547068,,,,,,,,,,
7,4,4,16,256,xy,expectation,2,3,120,4.842781974471611,360,0.2549490330000026,0.0,0.9999999999999994,0.0067418187353161,0.0067418187353161,0.0286451005710149,False,True,0.93396008065555,,,,,,,,,,
7,4,4,16,256,xy,expectation,3,3,120,4.8243290846040745,360,0.2920385129998522,0.0,1.0000000000000004,0.1367539108768174,0.1367539108768173,0.1367539108768173,True,True,1.0,,,,,,,,,,
7,4,4,16,256,xy,cvar,1,3,120,4.595458615415892,142,0.0866805329999351,0.0,1.0,0.0355939207690781,0.0355939207690781,0.0520698174955091,False,True,0.4707325877231992,,,,,,,,,,
7,4,4,16,256,xy,cvar,2,3,120,4.527060744032328,310,0.2215261970000028,0.0,0.9999999999999988,0.1656552990426193,0.1656552990426195,0.1656552990426195,True,True,1.0,,,,,,,,,,
7,4,4,16,256,xy,cvar,3,3,120,4.514992808247445,296,0.236993203999873,0.0,0.9999999999999998,0.2602155195551386,0.2602155195551386,0.2602155195551386,True,True,1.0,,,,,,,,,,
7,4,4,16,256,penalty_x,expectation,1,3,120,37.867713928222656,259,0.4682653830000163,1.9311246263580089,0.0447090789020876,0.0001552993926452,0.0034735538387035,0.0048905441240576,False,False,0.3030943729756257,,,,,,,,,,
7,4,4,16,256,penalty_x,expectation,2,3,120,35.80909729003906,360,1.0195957819998966,1.9311246263580089,0.0036048596781104,4.1295930941487313e-07,0.0001145562785487,0.0968279421690809,False,False,0.306325873211289,,,,,,,,,,
7,4,4,16,256,penalty_x,expectation,3,3,120,36.26533126831055,360,1.3692782369998897,1.9311246263580089,0.0058890024312763,2.15325553654111e-06,0.0003656401167547,0.138767698216729,False,False,0.3050494691464735,,,,,,,,,,
7,4,4,16,256,penalty_x,cvar,1,3,120,10.275938034057615,226,0.4684629219998442,1.9311246263580089,0.0005117584380913,2.636302042446914e-06,0.0051514578875907,0.0191070605341385,False,False,0.9223709932112952,,,,,,,,,,
7,4,4,16,256,penalty_x,cvar,2,3,120,9.325095732515797,360,1.0965287510000508,1.9311246263580089,0.0088369885830859,4.5533135562436655e-05,0.0051525624520538,0.0318988175337209,False,False,0.4566461187675015,,,,,,,,,,
7,4,4,16,256,penalty_x,cvar,3,3,120,10.008223533630373,360,1.4383166570000867,1.9311246263580089,0.0227282083067166,0.0001301883457927,0.0057280514168039,0.0105821232505711,False,False,0.948921007305575,,,,,,,,,,
8,4,3,12,81,xy,expectation,1,3,120,4.8706285900825135,160,0.0936309510000228,0.0,0.9999999999999994,0.0570459349885377,0.0570459349885377,0.6914484100301231,False,True,0.9988007625050184,,,,,,,,,,
8,4,3,12,81,xy,expectation,2,3,120,4.81954953149375,360,0.2512077859998953,0.0,0.9999999999999992,0.0020280307301914,0.0020280307301914,0.3174287805882973,False,True,0.9817459906634246,,,,,,,,,,
8,4,3,12,81,xy,expectation,3,3,120,4.705922586399263,360,0.2770245350000095,0.0,1.0000000000000016,0.0392055673936628,0.0392055673936627,0.49350193745309,False,True,0.9988007625050184,,,,,,,,,,
8,4,3,12,81,xy,cvar,1,3,120,4.616361091425102,139,0.0819414929999311,0.0,0.9999999999999996,0.0786198427350757,0.0786198427350758,0.3954931575649157,False,True,0.9988007625050184,,,,,,,,,,
8,4,3,12,81,xy,cvar,2,3,120,4.6146591056781805,336,0.2362195040000188,0.0,0.9999999999999992,0.1554491890704481,0.1554491890704482,0.3983483931476497,False,True,0.9988007625050184,,,,,,,,,,
8,4,3,12,81,xy,cvar,3,3,120,4.613485889093614,360,0.2822631660001207,0.0,0.9999999999999996,0.2084093642453601,0.2084093642453602,0.2084093642453602,True,True,1.0,,,,,,,,,,
8,4,3,12,81,penalty_x,expectation,1,3,120,21.961462020874023,117,0.1752078269998946,2.0362748799576456,0.0128694578270369,0.0001626299199415,0.0126368897685708,0.0232710983615786,False,False,0.9988007625050184,,,,,,,,,,
8,4,3,12,81,penalty_x,expectation,2,3,120,20.983448028564453,278,0.6396318839999822,2.0362748799576456,0.0071693272841706,3.2708710477891145e-06,0.0004562312359502,0.0801185827261662,False,False,0.473908352336605,,,,,,,,,,
8,4,3,12,81,penalty_x,expectation,3,3,120,20.248180389404297,360,1.1085196940000517,2.0362748799576456,0.0069079598249288,1.601872281753458e-05,0.0023188789778029,0.0481576232365384,False,False,0.3120834789116961,,,,,,,,,,
8,4,3,12,81,penalty_x,cvar,1,3,120,9.158286910261284,153,0.2775539679998928,2.0362748799576456,0.0299128645128803,0.0002522907161619,0.0084341877740701,0.0279949235579439,False,False,0.9988007625050184,,,,,,,,,,
8,4,3,12,81,penalty_x,cvar,2,3,120,5.436872329525491,317,0.8175188039999739,2.0362748799576456,0.0803148418199271,0.0009288144065067,0.0115646670709904,0.0143683272194018,False,False,0.4679586623585808,,,,,,,,,,
8,4,3,12,81,penalty_x,cvar,3,3,120,4.824427226117519,360,1.2063978799999404,2.0362748799576456,0.1729041240178048,0.0040536387823522,0.0234444308681427,0.0246929281464686,False,False,0.4790797190500681,,,,,,,,,,
9,3,3,9,27,xy,expectation,1,3,120,7.891163511003186,183,0.1083059609998144,0.0,1.0000000000000009,0.1302765955051824,0.1302765955051823,0.2316870886532699,False,True,0.9890399443292552,,,,,,,,,,
9,3,3,9,27,xy,expectation,2,3,120,6.925203578045916,348,0.2300622279999515,0.0,0.9999999999999996,0.438358329351845,0.4383583293518452,0.4383583293518452,True,True,1.0,,,,,,,,,,
9,3,3,9,27,xy,expectation,3,3,120,5.33446851170434,360,0.2599085039998954,0.0,1.0000000000000004,0.1831827612664643,0.1831827612664642,0.3288612128262493,False,True,0.9890399443292552,,,,,,,,,,
9,3,3,9,27,xy,cvar,1,3,120,4.101459254186899,146,0.0829186570001638,0.0,1.0000000000000009,0.1319491531218184,0.1319491531218184,0.219594505731602,False,True,0.9890399443292552,,,,,,,,,,
9,3,3,9,27,xy,cvar,2,3,120,4.080109159324729,267,0.1781187990000035,0.0,0.9999999999999998,0.4195657900812536,0.4195657900812537,0.4195657900812537,True,True,1.0,,,,,,,,,,
9,3,3,9,27,xy,cvar,3,3,120,4.080109159324729,100,0.0572371660000499,0.0,1.0,0.2661658788825525,0.2661658788825525,0.2661658788825525,True,True,1.0,,,,,,,,,,
9,3,3,9,27,penalty_x,expectation,1,3,120,29.964923858642575,244,0.3394463649999579,2.25714930781233,0.0446045521093765,0.001682210015133,0.037713864069479,0.0887251352597137,False,False,0.2861608675330986,,,,,,,,,,
9,3,3,9,27,penalty_x,expectation,2,3,120,16.32520294189453,360,0.7212427089998528,2.25714930781233,0.0186103008018108,0.0006784567376598,0.0364559791313989,0.1125938908154825,False,False,0.2861608675330986,,,,,,,,,,
9,3,3,9,27,penalty_x,expectation,3,3,120,23.720733642578125,360,0.9268157710000652,2.25714930781233,0.0372929297882365,0.005063752643764,0.1357831812227663,0.1357831812227663,True,False,1.0,,,,,,,,,,
9,3,3,9,27,penalty_x,cvar,1,3,120,6.936275005340576,300,0.5077025370001138,2.25714930781233,0.0069814958615097,0.0005446651484817,0.0780155369688842,0.1163004678428798,False,False,0.4553856280637645,,,,,,,,,,
9,3,3,9,27,penalty_x,cvar,2,3,120,4.512598098826182,360,0.8176802590000989,2.25714930781233,0.1506894421763718,0.0164615232497453,0.1092413842137544,0.1143100993592728,False,False,0.2854527262098721,,,,,,,,,,
9,3,3,9,27,penalty_x,cvar,3,3,120,4.581645965576172,307,0.8606220299998313,2.25714930781233,0.0395668174896854,0.0042317532934248,0.1069520765608202,0.1158009646503106,False,False,0.2854527262098721,,,,,,,,,,
9,5,5,25,3125,xy,expectation,1,3,120,6.279002448195759,149,0.1154779359999338,0.0,1.0,0.0002074524211939,0.0002074524211939,0.002078512301105,False,True,0.905398484797376,,,,,,,,,,
9,5,5,25,3125,xy,expectation,2,3,120,5.888163417555233,351,0.3742085380001754,0.0,1.0,0.0002085349606916,0.0002085349606916,0.0028143622666797,False,True,0.9032023924203504,,,,,,,,,,
9,5,5,25,3125,xy,expectation,3,3,120,6.164563479091089,360,0.4684686509999665,0.0,0.9999999999999996,0.0001784815885402,0.0001784815885402,0.0037734428691176,False,True,0.9331570394810538,,,,,,,,,,
9,5,5,25,3125,xy,cvar,1,3,120,5.548884418194518,127,0.1043423030000667,0.0,1.0000000000000009,0.0012887943340017,0.0012887943340017,0.0025928714955975,False,True,0.502759354587366,,,,,,,,,,
9,5,5,25,3125,xy,cvar,2,3,120,5.478722241093016,335,0.3817994050000379,0.0,0.9999999999999992,0.0037725543394733,0.0037725543394733,0.0049926553947629,False,True,0.502759354587366,,,,,,,,,,
9,5,5,25,3125,xy,cvar,3,3,120,5.535678915516903,360,0.5008474650001062,0.0,0.999999999999998,0.0007456415995801,0.0007456415995801,0.0049175801050865,False,True,0.9465544361843324,,,,,,,,,,
9,5,5,25,3125,penalty_x,expectation,1,3,120,70.70082092285156,120,5.076005475000102,1.9006865939519493,4.057490346491034e-05,3.2457620591230814e-08,0.0007999432609691,0.0021110289789599,False,False,0.9131464423102326,,,,,,,,,,
9,5,5,25,3125,penalty_x,expectation,2,3,120,16.071592330932617,331,27.117684053999938,1.9006865939519493,0.0008209413127239,2.5412870741092775e-07,0.0003095577034218,0.0019300934799291,False,False,0.3348954606478118,,,,,,,,,,
9,5,5,25,3125,penalty_x,expectation,3,3,120,65.29044342041016,360,43.89502583000012,1.9006865939519493,0.0002088843147374,6.064388458071335e-07,0.0029032282609131,0.0033317860760568,False,False,0.3330273778608204,,,,,,,,,,
9,5,5,25,3125,penalty_x,cvar,1,3,120,26.98461252175793,171,7.407278045999874,1.9006865939519493,0.002435151536531,1.0450046374899102e-06,0.0004291333092882,0.0005298585281069,False,False,0.972791537300267,,,,,,,,,,
9,5,5,25,3125,penalty_x,cvar,2,3,120,7.151886940002441,360,29.917280062999907,1.9006865939519493,0.0012180785975756,2.9142449875507737e-07,0.0002392493385362,0.0027480655076315,False,False,0.3275702190295309,,,,,,,,,,
9,5,5,25,3125,penalty_x,cvar,3,3,120,21.522063550703106,360,44.319383904000006,1.9006865939519493,0.0001670403867195,1.1777375164001569e-07,0.0007050615360327,0.0055931729059371,False,False,0.9402137723017652,,,,,,,,,,
10,5,4,20,1024,xy,expectation,1,3,120,6.266778943810103,171,0.1147599609998906,0.0,0.9999999999999996,0.0003352541745609,0.0003352541745609,0.0101306445162073,False,True,0.8937897553451264,,,,,,,,,,
10,5,4,20,1024,xy,expectation,2,3,120,6.035246288931235,360,0.3023225770000408,0.0,0.9999999999999998,0.0010108913144151,0.0010108913144151,0.0075509206029192,False,True,0.931515506570128,,,,,,,,,,
10,5,4,20,1024,xy,expectation,3,3,120,6.085099429296187,360,0.3474014180001177,0.0,1.0000000000000024,0.0070715194361523,0.0070715194361523,0.0318137223220769,False,True,0.9758935462010876,,,,,,,,,,
10,5,4,20,1024,xy,cvar,1,3,120,5.32806486997293,145,0.09897890000002,0.0,1.000000000000001,0.0004591670329188,0.0004591670329188,0.0374616257036513,False,True,0.5011435325997262,,,,,,,,,,
10,5,4,20,1024,xy,cvar,2,3,120,5.244530554953281,360,0.3201156659999924,0.0,1.0000000000000002,0.0044633143135408,0.0044633143135408,0.0213593337423074,False,True,0.9901183721028664,,,,,,,,,,
10,5,4,20,1024,xy,cvar,3,3,120,5.230419141431953,360,0.3624456520001331,0.0,1.0000000000000022,0.0097218131704609,0.0097218131704609,0.095082400647749,False,True,0.9918081401587248,,,,,,,,,,
10,5,4,20,1024,penalty_x,expectation,1,3,120,49.56090545654297,110,0.2163616380000803,1.9720064182644983,0.0089565389607741,1.271077690034872e-05,0.0014191616824329,0.0016049846600689,False,False,0.9108688806044828,,,,,,,,,,
10,5,4,20,1024,penalty_x,expectation,2,3,120,41.71149063110352,360,1.2487980190001051,1.9720064182644983,0.0025009872743818,5.53096742805792e-06,0.0022115136229251,0.111429707926086,False,False,0.327604988394697,,,,,,,,,,
10,5,4,20,1024,penalty_x,expectation,3,3,120,10.567716598510742,360,1.6753963420001128,1.9720064182644983,0.0098185499815457,4.558584805636201e-06,0.0004642828945418,0.0054107379471171,False,False,0.9398614744710626,,,,,,,,,,
10,5,4,20,1024,penalty_x,cvar,1,3,120,19.946212298129524,209,0.5587742449999951,1.9720064182644983,0.0062085501883899,9.506954370408494e-07,0.0001531268022635,0.0189033956480856,False,False,0.4839918444778605,,,,,,,,,,
10,5,4,20,1024,penalty_x,cvar,2,3,120,8.603019642469926,360,1.3197685420000198,1.9720064182644983,0.0019522869119175,4.834570972889196e-06,0.0024763629481799,0.0039783012844948,False,False,0.9974221250975774,,,,,,,,,,
10,5,4,20,1024,penalty_x,cvar,3,3,120,21.787492752075195,357,1.6862432320001517,1.9720064182644983,0.0011659016019023,2.8909878437843872e-06,0.0024796156374323,0.0228725831835463,False,False,0.948924022147208,,,,,,,,,,
11,4,4,16,256,xy,expectation,1,3,120,4.959537344953455,145,0.1032465970001794,0.0,1.0000000000000002,0.0071453228331188,0.0071453228331188,0.0216718841733385,False,True,0.9375521902149268,,,,,,,,,,
11,4,4,16,256,xy,expectation,2,3,120,5.115242749289968,360,0.2589963380000881,0.0,0.9999999999999996,0.0053035129396993,0.0053035129396993,0.0227547475682888,False,True,0.9375521902149268,,,,,,,,,,
11,4,4,16,256,xy,expectation,3,3,120,4.893116224810696,360,0.2871021299999938,0.0,1.0,0.0048781214698341,0.0048781214698341,0.0905915684252432,False,True,0.9507285205167428,,,,,,,,,,
11,4,4,16,256,xy,cvar,1,3,120,4.70828082386663,173,0.107153690999894,0.0,1.0,0.0022340827331046,0.0022340827331046,0.0871947397107012,False,True,0.477924718233352,,,,,,,,,,
11,4,4,16,256,xy,cvar,2,3,120,4.667508305923613,360,0.2680035769999449,0.0,1.0000000000000024,0.017507775257413,0.0175077752574129,0.0722810424219953,False,True,0.9883098555133072,,,,,,,,,,
11,4,4,16,256,xy,cvar,3,3,120,4.6441751392499535,360,0.2926012069999615,0.0,0.9999999999999992,0.0769982289018986,0.0769982289018986,0.0812791386216665,False,True,0.9970651975366212,,,,,,,,,,
11,4,4,16,256,penalty_x,expectation,1,3,120,8.422125816345215,196,0.3491747109999323,1.9312351687392175,0.0514337960048578,0.0001282564917346,0.002493622903558,0.0070540639332808,False,False,0.4644798669402572,,,,,,,,,,
11,4,4,16,256,penalty_x,expectation,2,3,120,24.72692108154297,336,0.9323867969999357,1.9312351687392175,0.0036859906015109,5.58119927518419e-06,0.0015141653570403,0.0144166371388863,False,False,0.4624727591893447,,,,,,,,,,
11,4,4,16,256,penalty_x,expectation,3,3,120,8.44627571105957,360,1.3547859149998658,1.9312351687392175,0.0432747608720092,0.0001077425404218,0.0024897316184035,0.0072628490702491,False,False,0.4644798669402572,,,,,,,,,,
11,4,4,16,256,penalty_x,cvar,1,3,120,8.185578368375106,301,0.6299312640001062,1.9312351687392175,0.0035631563904132,9.701424460217822e-06,0.0027227052077533,0.016723075993767,False,False,0.9507717977943032,,,,,,,,,,
11,4,4,16,256,penalty_x,cvar,2,3,120,6.527566131643518,357,1.126338062000059,1.9312351687392175,0.0103497656710942,2.562973168096505e-05,0.0024763586438044,0.0107143102001525,False,False,0.462850756986537,,,,,,,,,,
11,4,4,16,256,penalty_x,cvar,3,3,120,4.948181516148863,331,1.3655563429999802,1.9312351687392175,0.0488365853989307,4.353402255219408e-05,0.0008914223260405,0.010367034872229,False,False,0.4558427538078722,,,,,,,,,,
12,4,3,12,81,xy,expectation,1,3,120,5.549189535440971,154,0.0915317980000054,0.0,1.0000000000000009,0.6819783268375174,0.6819783268375168,0.6819783268375168,True,True,1.0,,,,,,,,,,
12,4,3,12,81,xy,expectation,2,3,120,5.536281902060377,333,0.2242534360000263,0.0,1.0000000000000009,0.0167122350791043,0.0167122350791043,0.1945951124190952,False,True,0.9745441141778136,,,,,,,,,,
12,4,3,12,81,xy,expectation,3,3,120,5.449467757439684,360,0.2777622959999917,0.0,0.9999999999999998,0.0314562048062832,0.0314562048062832,0.1564268843684911,False,True,0.9745441141778136,,,,,,,,,,
12,4,3,12,81,xy,cvar,1,3,120,4.680152315017849,144,0.0853282089999538,0.0,0.9999999999999996,0.0351328754492336,0.0351328754492336,0.0711056552341006,False,True,0.9857363896599308,,,,,,,,,,
12,4,3,12,81,xy,cvar,2,3,120,4.630001561525185,188,0.1307907939999495,0.0,0.9999999999999988,0.3773686424402128,0.3773686424402132,0.3773686424402132,True,True,1.0,,,,,,,,,,
12,4,3,12,81,xy,cvar,3,3,120,4.630001561525185,294,0.2316028770001139,0.0,0.999999999999998,0.2576302909446221,0.2576302909446226,0.2576302909446226,True,True,1.0,,,,,,,,,,
12,4,3,12,81,penalty_x,expectation,1,3,120,8.698810577392578,281,0.4453873620000195,2.2033025446795698,0.0304198259000259,0.0013393277768045,0.0440281210420545,0.0519904541621247,False,False,0.4795425778139741,,,,,,,,,,
12,4,3,12,81,penalty_x,expectation,2,3,120,16.15831756591797,360,0.8381706600000598,2.2033025446795698,0.0116323251513676,0.0003290491004008,0.0282874744403264,0.0282874744403264,True,False,1.0,,,,,,,,,,
12,4,3,12,81,penalty_x,expectation,3,3,120,19.972448348999023,360,1.1086048049999135,2.2033025446795698,0.0122978324249132,4.590388198266737e-05,0.0037326807193822,0.0930584585330372,False,False,0.3114790953136752,,,,,,,,,,
12,4,3,12,81,penalty_x,cvar,1,3,120,6.1337258656351725,318,0.5888618389999465,2.2033025446795698,0.0444607198878657,0.0007709619239903,0.0173402933181208,0.0222624778251926,False,False,0.4765140946472235,,,,,,,,,,
12,4,3,12,81,penalty_x,cvar,2,3,120,5.956334114074707,360,0.9334933909999564,2.2033025446795698,0.0275722339429194,0.0005028324667364,0.0182369142731564,0.024952292783017,False,False,0.4765140946472235,,,,,,,,,,
12,4,3,12,81,penalty_x,cvar,3,3,120,6.088178634643555,360,1.2020252039999375,2.2033025446795698,0.0049985955349711,9.808260801946744e-05,0.0196220332958051,0.0711147486467837,False,False,0.4765140946472235,,,,,,,,,,
13,3,3,9,27,xy,expectation,1,3,120,6.483993032583682,131,0.0730716399998527,0.0,0.9999999999999994,0.1026839285071504,0.1026839285071504,0.1810874042484419,False,True,0.9841406458682156,,,,,,,,,,
13,3,3,9,27,xy,expectation,2,3,120,4.235618094224325,340,0.2617391329999918,0.0,1.0000000000000004,0.905628040483724,0.9056280404837236,0.9056280404837236,True,True,1.0,,,,,,,,,,
13,3,3,9,27,xy,expectation,3,3,120,4.217715048748498,360,0.2634619810000913,0.0,1.0000000000000016,0.9182430882005016,0.9182430882005004,0.9182430882005004,True,True,1.0,,,,,,,,,,
13,3,3,9,27,xy,cvar,1,3,120,4.12361471389719,131,0.0756284519998189,0.0,1.0,0.1072422019571319,0.1072422019571319,0.1661840404537155,False,True,0.9841406458682156,,,,,,,,,,
13,3,3,9,27,xy,cvar,2,3,120,4.091636632574331,110,0.06402528600006,0.0,1.0,0.2775233126166073,0.2775233126166073,0.2775233126166073,True,True,1.0,,,,,,,,,,
13,3,3,9,27,xy,cvar,3,3,120,4.091636632574331,121,0.0731707960001131,0.0,1.0000000000000009,0.3356257902147719,0.3356257902147717,0.3356257902147717,True,True,1.0,,,,,,,,,,
13,3,3,9,27,penalty_x,expectation,1,3,120,13.843791007995604,249,0.3486798420001378,2.340825912236284,0.0314746050139547,0.0020521075930446,0.0651988354463799,0.1662152183621923,False,False,0.4453511404531677,,,,,,,,,,
13,3,3,9,27,penalty_x,expectation,2,3,120,13.848185539245604,360,0.7153959570000552,2.340825912236284,0.0282428123136924,0.0018564246129244,0.0657308695856907,0.1617792719176124,False,False,0.4453511404531677,,,,,,,,,,
13,3,3,9,27,penalty_x,expectation,3,3,120,7.49016809463501,360,0.960774985999933,2.340825912236284,0.0391655888524837,0.0028360872529447,0.0724127310743816,0.1100415328340971,False,False,0.9855633186829126,,,,,,,,,,
13,3,3,9,27,penalty_x,cvar,1,3,120,4.856879234313965,264,0.4409770889999436,2.340825912236284,0.1201859312132,0.006171922199428,0.0513531171005331,0.0801785692297884,False,False,0.4453511404531677,,,,,,,,,,
13,3,3,9,27,penalty_x,cvar,2,3,120,4.2955360060291286,309,0.6944051400000717,2.340825912236284,0.2288677782344166,0.0180517639964818,0.0788742047296516,0.0826357476089699,False,False,0.9855633186829126,,,,,,,,,,
13,3,3,9,27,penalty_x,cvar,3,3,120,4.379250832662136,360,1.039546524999878,2.340825912236284,0.1442553669621702,0.0130148427560925,0.0902208564587103,0.0998202689558034,False,False,0.4462386946882681,,,,,,,,,,
13,5,5,25,3125,xy,expectation,1,3,120,6.1629308327312415,140,0.1094675089998418,0.0,0.9999999999999998,0.0004144831612105,0.0004144831612105,0.0015995235259325,False,True,0.9299450072058408,1.0,5.218613008981192,11.034265310495783,7.644170695877734,6.1629308327312415,0.8376247796822177,0.3893198784145543,1.2952598787828542,0.1454159593961822,0.71968
13,5,5,25,3125,xy,expectation,2,3,120,5.75558238312715,360,0.3557742009998037,0.0,1.0000000000000009,0.0001619712451614,0.0001619712451614,0.0033653398014787,False,True,0.9217517398703654,1.0,5.218613008981192,11.034265310495783,7.644170695877734,5.755582383127145,0.9076682466030324,0.2213797581672837,0.5061601411294859,0.1280588614405823,0.63712
13,5,5,25,3125,xy,expectation,3,3,120,5.589977390169228,360,0.4363585040000544,0.0,1.0000000000000018,0.0050430175286708,0.0050430175286708,0.0084809807264823,False,True,0.982933788797879,1.0,5.218613008981192,11.034265310495783,7.644170695877734,5.589977390169217,0.9361439848989408,0.1531047408990627,15.759429777096404,0.4614227244823241,0.99584
13,5,5,25,3125,xy,cvar,1,3,120,5.420065701773984,131,0.1051492249998773,0.0,0.9999999999999996,0.0009236127913432,0.0009236127913432,0.0049658890936743,False,True,0.9548786091392164,1.0,5.218613008981192,11.034265310495783,7.644170695877734,6.851943248094842,0.7191492622954306,0.6733833822783521,2.8862899729475537,0.2501689975381363,0.93024
13,5,5,25,3125,xy,cvar,2,3,120,5.374266165680624,321,0.3346026539998092,0.0,1.0000000000000009,0.0032217495715654,0.0032217495715654,0.0163139538932087,False,True,0.9654081818007948,1.0,5.218613008981192,11.034265310495783,7.644170695877734,7.004906548543887,0.692847259954402,0.7364465290653325,10.067967411142083,0.3413342344536585,0.968
13,5,5,25,3125,xy,cvar,3,3,120,5.272535687353384,360,0.4659928659998513,0.0,1.0000000000000009,0.0521478834718121,0.0521478834718121,0.0521478834718121,True,True,1.0,1.0,5.218613008981192,11.034265310495783,7.644170695877734,6.02781062536864,0.8608586665030326,0.3336130164039932,162.96213584941296,0.6381048849077053,1.0
13,5,5,25,3125,penalty_x,expectation,1,3,120,68.95501708984375,129,5.502082061999772,1.8893414088660496,9.537480096977192e-05,2.8992451106546472e-08,0.0003039843943237,0.0007525979317666,False,False,0.4899621884826675,1.0,5.218613008981192,11.034265310495783,7.644170695877734,7.571248453673131,0.5954649069925942,0.9699358862505942,0.9499512322617892,0.1038487372718571,0.22432
13,5,5,25,3125,penalty_x,expectation,2,3,120,66.26580047607422,309,25.320428281000204,1.8893414088660496,0.0001376886617084,2.6246436135579646e-08,0.0001906216227967,0.0020909071686282,False,False,0.4828337222267884,1.0,5.218613008981192,11.034265310495783,7.644170695877734,7.723434782085552,0.5692965048044533,1.0326787058646438,0.5956925712399055,0.0920610701244595,0.07008
13,5,5,25,3125,penalty_x,expectation,3,3,120,12.033088684082031,354,43.16143691600018,1.8893414088660496,0.0130566896353343,8.759518095757812e-06,0.000670883534832,0.0011979298881106,False,False,0.9212808279483344,1.0,5.218613008981192,11.034265310495783,7.644170695877734,7.458103022122348,0.6149202364525959,0.9232887039708148,2.096511046350088,0.1319987974745189,0.63232
13,5,5,25,3125,penalty_x,cvar,1,3,120,5.902560109052665,279,12.10672224300015,1.8893414088660496,0.0271823074911026,1.6193485862459056e-05,0.0005957362474749,0.0005977796597365,False,False,0.9516815442104436,1.0,5.218613008981192,11.034265310495783,7.644170695877734,7.608736822281901,0.58901879112026,0.9853914529482206,1.861675773359145,0.1243170776904347,0.9088
13,5,5,25,3125,penalty_x,cvar,2,3,120,6.850322654862562,360,29.976782275999994,1.8893414088660496,0.0176970231101591,3.7066470213176217e-06,0.0002094503125324,0.0009417035735273,False,False,0.4901396912117743,1.0,5.218613008981192,11.034265310495783,7.644170695877734,7.663384170767738,0.5796221928278199,1.007921260745024,0.6545322266640454,0.0733496132518444,0.2272
13,5,5,25,3125,penalty_x,cvar,3,3,120,5.834570666006724,360,44.37602420599978,1.8893414088660496,0.0260150437301547,1.2699098078883251e-05,0.0004881444063906,0.0005540974671324,False,False,0.5009909713976537,1.0,5.218613008981192,11.034265310495783,7.644170695877734,7.637077512522615,0.5841456163203612,0.99707564846079,1.5254512699707896,0.1207181969516277,0.3824
14,5,4,20,1024,xy,expectation,1,3,120,5.906040396617868,148,0.0964629089999107,0.0,1.0000000000000004,0.0008498086009512,0.0008498086009512,0.0031574431625921,False,True,0.951018960254265,1.0,5.268239320250409,16.19843511600672,7.551763098470928,5.906040396617865,0.9416477903703168,0.2793056426434389,0.8702040073741089,0.14764661570104,0.7841796875
14,5,4,20,1024,xy,expectation,2,3,120,5.475286794486965,360,0.2874015720003626,0.0,0.9999999999999984,0.0524071491884671,0.0524071491884672,0.0524071491884672,True,True,1.0,1.0,5.268239320250409,16.19843511600672,7.551763098470928,5.475286794486973,0.9810572950287908,0.0906701634602245,53.664920768990456,0.7770853683969405,1.0
14,5,4,20,1024,xy,expectation,3,3,120,5.4699569152588605,360,0.3442192410002462,0.0,1.0000000000000004,0.023709320599211,0.0237093205992109,0.0303294642110106,False,True,0.995949268865023,1.0,5.268239320250409,16.19843511600672,7.551763098470928,5.469956915258858,0.9815449239173952,0.0883361044594164,24.278344293592056,0.6937624794008914,0.994140625
14,5,4,20,1024,xy,cvar,1,3,120,5.355668315071081,136,0.0925292869997065,0.0,1.0000000000000002,0.0346300142072852,0.0346300142072852,0.0346300142072852,True,True,1.0,1.0,5.268239320250409,16.19843511600672,7.551763098470928,6.54473913796663,0.8832134536682474,0.559004390447363,35.46113454826009,0.3002534291507973,1.0
14,5,4,20,1024,xy,cvar,2,3,120,5.275995664408302,353,0.2967292850003105,0.0,1.0000000000000002,0.1006542903846022,0.1006542903846022,0.1006542903846022,True,True,1.0,1.0,5.268239320250409,16.19843511600672,7.551763098470928,5.798092078466919,0.9515239463119016,0.2320329498076906,103.06999335383269,0.7093251696998345,1.0
14,5,4,20,1024,xy,cvar,3,3,120,5.26835833103883,360,0.3416695909995724,0.0,0.9999999999999992,0.2448881932560595,0.2448881932560597,0.2448881932560597,True,True,1.0,1.0,5.268239320250409,16.19843511600672,7.551763098470928,5.813073227440927,0.9501533259448058,0.2385934897577858,250.76550989420517,0.7640130785766189,1.0
14,5,4,20,1024,penalty_x,expectation,1,3,120,9.804503440856934,242,0.5080524690001766,1.8916670255186363,0.031658996091977,7.668139005545527e-05,0.0024221042838085,0.0024233961174987,False,False,0.9951267239018328,1.0,5.268239320250409,16.19843511600672,7.551763098470928,7.169326838659066,0.826070131410934,0.8325236358563852,2.480234786619937,0.1708275590366128,0.9921875
14,5,4,20,1024,penalty_x,expectation,2,3,120,9.775957107543944,360,1.210174378999909,1.8916670255186363,0.0261166171258508,6.305723218247294e-05,0.0024144486967286,0.0025981121382103,False,False,0.9633699921515588,1.0,5.268239320250409,16.19843511600672,7.551763098470928,7.213812464520105,0.8220001562071677,0.8520047668545943,2.472395465450181,0.1661476636272943,0.880859375
14,5,4,20,1024,penalty_x,expectation,3,3,120,22.14401626586914,360,1.6482671099997788,1.8916670255186363,0.0146627744032403,6.740590379195055e-07,4.5970770563757945e-05,0.1385050827271629,False,False,0.4850813489757774,1.0,5.268239320250409,16.19843511600672,7.551763098470928,11.73689648951851,0.4081846940217135,2.832752271276513,0.0470740690572881,0.0035755993878752,0.1240234375
14,5,4,20,1024,penalty_x,cvar,1,3,120,14.92064851049474,235,0.5571272610000051,1.8916670255186363,0.0022897306880835,1.7547750985613677e-06,0.0007663674630792,0.0078814625655064,False,False,0.9354733949004772,1.0,5.268239320250409,16.19843511600672,7.551763098470928,7.486310840749457,0.7970693698496945,0.9713371683072746,0.7847602821931738,0.0931444927496027,0.626953125
14,5,4,20,1024,penalty_x,cvar,2,3,120,5.70242956847792,329,1.1871577920001073,1.8916670255186363,0.066631229288987,0.0001636233355384,0.0024556553628746,0.0026361772439414,False,False,0.9672545929299392,1.0,5.268239320250409,16.19843511600672,7.551763098470928,7.157120169579154,0.8271869155297189,0.8271780952509689,2.5145910915836507,0.1768285500131611,0.900390625
14,5,4,20,1024,penalty_x,cvar,3,3,120,17.225645211415912,360,1.7466516079998655,1.8916670255186363,0.0021226300246435,5.9161898491311156e-08,2.787197853815662e-05,0.0151864922356707,False,False,0.8918934189373983,1.0,5.268239320250409,16.19843511600672,7.551763098470928,8.359016287787512,0.7172258370031113,1.3535120575559108,0.0285409060230723,0.0320603728275312,0.3837890625
15,4,4,16,256,xy,expectation,1,3,120,8.897250633968078,157,0.0918198429999392,0.0,1.0,0.0288015403700111,0.0288015403700111,0.0288015403700111,True,True,1.0,1.0,4.664486803130425,15.121527371510544,11.394627752169558,8.897250633968078,0.5952235431086844,0.6289264761151796,7.373194334722865,0.3244428096020481,1.0
15,4,4,16,256,xy,expectation,2,3,120,7.688422609675131,337,0.2316173159997561,0.0,1.0,0.0383184890336388,0.0383184890336388,0.1702830701677301,False,True,0.9996238727441522,1.0,4.664486803130425,15.121527371510544,11.394627752169558,7.688422609675131,0.7108229822031628,0.4493124036245385,9.80953319261155,0.6263358789351811,0.99609375
15,4,4,16,256,xy,expectation,3,3,120,6.9553564574539255,360,0.2882878519999394,0.0,0.9999999999999996,0.0052229029045498,0.0052229029045498,0.1503641291192571,False,True,0.980290260987631,1.0,4.664486803130425,15.121527371510544,11.394627752169558,6.955356457453927,0.7809256223744021,0.3403895507791067,1.3370631435647502,0.6319135050814022,0.9765625
15,4,4,16,256,xy,cvar,1,3,120,7.16752861344821,152,0.0962337959999786,0.0,0.9999999999999984,0.0008483588346261,0.0008483588346261,0.0585492453651314,False,True,0.4817125551806481,1.0,4.664486803130425,15.121527371510544,11.394627752169558,10.987648476579276,0.3953201546746641,0.9395288629655838,0.2171798616643063,0.1663797544050105,0.89453125
15,4,4,16,256,xy,cvar,2,3,120,4.665977899168914,305,0.2206196170000112,0.0,1.0000000000000009,0.0376053514412626,0.0376053514412625,0.2123948873791118,False,True,0.9996238727441522,1.0,4.664486803130425,15.121527371510544,11.394627752169558,7.779253126596659,0.702136918844455,0.4628084830691296,9.626969968963222,0.6326028849186989,0.99609375
15,4,4,16,256,xy,cvar,3,3,120,4.666192075232414,331,0.2621796590001395,0.0,1.0000000000000002,0.0070976922680456,0.0070976922680456,0.2429048266414022,False,True,0.9996238727441522,1.0,4.664486803130425,15.121527371510544,11.394627752169558,8.56782697736355,0.6267261135013665,0.5799789638566794,1.817009220619693,0.4088444132709833,0.99609375
15,4,4,16,256,penalty_x,expectation,1,3,120,38.602989196777344,275,0.5105132670000785,2.00773433642965,0.0066379270095104,2.276138729939703e-06,0.0003428990295733,0.1596502167945618,False,False,0.474761850530484,1.0,4.664486803130425,15.121527371510544,11.394627752169558,10.598014791533425,0.4325805709939832,0.8816350256750765,0.0877821515707708,0.1653266935608558,0.609375
15,4,4,16,256,penalty_x,expectation,2,3,120,34.072532653808594,360,1.0172633860001952,2.00773433642965,0.0079656630550708,1.3385530337473028e-06,0.0001680403783706,0.276340977210091,False,False,0.474761850530484,1.0,4.664486803130425,15.121527371510544,11.394627752169558,10.299475128249425,0.4611297251578028,0.8372764207744431,0.0430183368628892,0.1195857882907709,0.609375
15,4,4,16,256,penalty_x,expectation,3,3,120,30.76879501342773,360,1.366962863000026,2.00773433642965,0.0103296352916658,5.985484108350647e-07,5.794477674521428e-05,0.0902419931020331,False,False,0.4797825961943898,1.0,4.664486803130425,15.121527371510544,11.394627752169558,10.40123240699518,0.4513987426603794,0.8523960563833054,0.0148338628467748,0.1860156350791321,0.8359375
15,4,4,16,256,penalty_x,cvar,1,3,120,16.652528762817383,207,0.4317514839999603,2.00773433642965,0.0050050327017245,1.1475181054265704e-06,0.000229272848713,0.1301728899275374,False,False,0.4786570697600672,1.0,4.664486803130425,15.121527371510544,11.394627752169558,10.825521591913626,0.4108242433893899,0.915439191457471,0.058693849270551,0.0797280992294896,0.77734375
15,4,4,16,256,penalty_x,cvar,2,3,120,12.364139340170585,360,1.1165165030001845,2.00773433642965,0.0074168679539425,5.927519737269904e-07,7.991944543274512e-05,0.1449459187715435,False,False,0.4834714370834977,1.0,4.664486803130425,15.121527371510544,11.394627752169558,10.399751149352872,0.4515403943669611,0.8521759632747774,0.0204593780307827,0.206194078363939,0.9375
15,4,4,16,256,penalty_x,cvar,3,3,120,11.032064207092334,360,1.4678296050001336,2.00773433642965,0.0099685820233594,8.010835728100575e-08,8.036083476394834e-06,0.1075966867832359,False,False,0.3087149904275545,1.0,4.664486803130425,15.121527371510544,11.394627752169558,10.67800029415159,0.424931609311648,0.8935196954351629,0.002057237369957,0.1079221686511709,0.015625
16,4,3,12,81,xy,expectation,1,3,120,5.427301693992469,137,0.0789129150002736,0.0,0.9999999999999996,0.6873912221584502,0.6873912221584505,0.6873912221584505,True,True,1.0,1.0,4.679031388037735,14.809835089500806,8.682832264391338,5.427301693992472,0.9261390973505218,0.1868899900527051,55.678688994834495,0.8384453425170073,1.0
16,4,3,12,81,xy,expectation,2,3,120,5.69799060313033,360,0.2538750210001126,0.0,0.999999999999999,0.4722274385683703,0.4722274385683708,0.4722274385683708,True,True,1.0,1.0,4.679031388037735,14.809835089500806,8.682832264391338,5.697990603130336,0.8994197059661274,0.2544979749394033,38.25042252403804,0.7268647419605463,1.0
16,4,3,12,81,xy,expectation,3,3,120,4.8928605627372015,360,0.2729143860001386,0.0,1.0000000000000002,0.4367473976411034,0.4367473976411032,0.4367473976411032,True,True,1.0,1.0,4.679031388037735,14.809835089500806,8.682832264391338,4.892860562737201,0.9788931677090354,0.0534065457556437,35.376539208929366,0.9281386635486916,1.0
16,4,3,12,81,xy,cvar,1,3,120,4.679031388037735,39,0.0236000959998818,0.0,0.9999999999999994,0.6233386174070266,0.6233386174070269,0.6233386174070269,True,True,1.0,1.0,4.679031388037735,14.809835089500806,8.682832264391338,5.617469232224772,0.907367878024178,0.2343867422901668,50.49042800996918,0.8057067336084278,1.0
16,4,3,12,81,xy,cvar,2,3,120,4.679031388037735,72,0.0425105740000617,0.0,0.9999999999999994,0.2878097906135721,0.2878097906135722,0.2878097906135722,True,True,1.0,1.0,4.679031388037735,14.809835089500806,8.682832264391338,7.063527159739839,0.7646291605316823,0.5955580323149697,23.312593039699355,0.4782758740876727,1.0
16,4,3,12,81,xy,cvar,3,3,120,4.679031388037735,161,0.1102618549998624,0.0,1.0000000000000009,0.5310608814434414,0.531060881443441,0.531060881443441,True,True,1.0,1.0,4.679031388037735,14.809835089500806,8.682832264391338,6.032214841767156,0.8664288151655731,0.3379747134082778,43.01593139691872,0.714101985495525,1.0
16,4,3,12,81,penalty_x,expectation,1,3,120,16.434280395507812,260,0.422780259999854,2.335079259804704,0.0255705836825654,0.0002044128195848,0.007994061540496,0.0342799421615604,False,False,0.315940816340005,1.0,4.679031388037735,14.809835089500806,8.682832264391338,9.075828595081171,0.5659971966085515,1.0981558131451703,0.6475189847801769,0.1113319681692935,0.0123456790123456
16,4,3,12,81,penalty_x,expectation,2,3,120,24.76217460632324,312,0.7421728809999877,2.335079259804704,0.0277349945336027,0.0005218998994678,0.0188173788473443,0.0873017285984713,False,False,0.9437347363151166,1.0,4.679031388037735,14.809835089500806,8.682832264391338,8.39205571037925,0.6334916328696324,0.9273748712805846,1.5242076866348886,0.0760396470597329,0.7037037037037037
16,4,3,12,81,penalty_x,expectation,3,3,120,23.87787628173828,360,1.1328990139995767,2.335079259804704,0.0156207373697725,2.2671469196211547e-05,0.001451369974383,0.1625726276112646,False,False,0.4679784539971362,1.0,4.679031388037735,14.809835089500806,8.682832264391338,8.525873640867992,0.6202826186164575,0.9607975949927126,0.1175609679250292,0.0529970146718743,0.1111111111111111
16,4,3,12,81,penalty_x,cvar,1,3,120,5.110752105712891,210,0.3939904100002422,2.335079259804704,0.07941861510335,0.001981449779123,0.0249494375663003,0.0270344251381021,False,False,0.475709669438695,1.0,4.679031388037735,14.809835089500806,8.682832264391338,8.874189025408276,0.5859008069848709,1.047793775696261,2.020904442870327,0.1705722222852138,0.3209876543209876
16,4,3,12,81,penalty_x,cvar,2,3,120,7.865141868591309,360,0.9557823760001156,2.335079259804704,0.0218689939974865,0.0005033979541622,0.0230187979483677,0.0441598613286539,False,False,0.9736596120901378,1.0,4.679031388037735,14.809835089500806,8.682832264391338,8.617430864612414,0.6112451101973377,0.9836651717209056,1.8645226338177887,0.1428964182240961,0.8888888888888888
16,4,3,12,81,penalty_x,cvar,3,3,120,8.434520721435547,360,1.218035270999735,2.335079259804704,0.0544160932231534,0.0009655160829424,0.0177432084104793,0.026961937882434,False,False,0.46954896270877,1.0,4.679031388037735,14.809835089500806,8.682832264391338,8.455416774257634,0.627237335012767,0.943200099815948,1.4371998812488296,0.1425511030439956,0.1234567901234567
17,3,3,9,27,xy,expectation,1,3,120,5.061793163441622,148,0.0825368470000285,0.0,0.9999999999999998,0.7527212943731663,0.7527212943731665,0.7527212943731665,True,True,1.0,1.0,4.12358565303685,14.172545633945427,9.658163948821038,5.061793163441623,0.906636357176542,0.169517433897254,20.323474948075496,0.8161928726758079,1.0
17,3,3,9,27,xy,expectation,2,3,120,4.711531662856882,322,0.212171238999872,0.0,1.0000000000000009,0.8243443240533591,0.8243443240533586,0.8243443240533586,True,True,1.0,1.0,4.12358565303685,14.172545633945427,9.658163948821038,4.711531662856878,0.9414918547852682,0.1062314016350404,22.257296749440684,0.8857633276238795,1.0
17,3,3,9,27,xy,expectation,3,3,120,4.84346350299035,360,0.2617279370001597,0.0,1.000000000000001,0.6656976255921865,0.6656976255921856,0.6656976255921856,True,True,1.0,1.0,4.12358565303685,14.172545633945427,9.658163948821038,4.843463502990344,0.9283629498653444,0.1300691419438118,17.97383589098901,0.8644613326959621,1.0
17,3,3,9,27,xy,cvar,1,3,120,4.12358565303685,93,0.0519536300002982,0.0,1.0000000000000009,0.3520233735610451,0.3520233735610448,0.3520233735610448,True,True,1.0,1.0,4.12358565303685,14.172545633945427,9.658163948821038,7.1267325787209534,0.7011484838839438,0.5426153114450776,9.50463108614821,0.4261575825055267,1.0
17,3,3,9,27,xy,cvar,2,3,120,4.12358565303685,66,0.0364632490000076,0.0,1.0000000000000002,0.2870340798703745,0.2870340798703744,0.2870340798703744,True,True,1.0,1.0,4.12358565303685,14.172545633945427,9.658163948821038,7.678389128885742,0.6462516038871234,0.6422898522470385,7.74992015650011,0.3315353941148385,1.0
17,3,3,9,27,xy,cvar,3,3,120,4.12358565303685,184,0.1208551630002148,0.0,0.9999999999999992,0.2664447072338078,0.266444707233808,0.266444707233808,True,True,1.0,1.0,4.12358565303685,14.172545633945427,9.658163948821038,7.60196048401907,0.6538572312368067,0.6284805535467402,7.194007095312817,0.3851795051365081,1.0
17,3,3,9,27,penalty_x,expectation,1,3,120,7.478660583496094,247,0.3521056899999166,2.2949961085532595,0.0561091625968401,0.0070332000032067,0.1253485113250078,0.1253485113250078,True,False,1.0,1.0,4.12358565303685,14.172545633945427,9.658163948821038,9.566448818786828,0.4583655247816141,0.98342870492878,3.384409805775213,0.1604933369992681,1.0
17,3,3,9,27,penalty_x,expectation,2,3,120,7.435520648956299,360,0.7344507080001677,2.2949961085532595,0.0597601131994451,0.0075706122443079,0.1266833651911201,0.1266833651911201,True,False,1.0,1.0,4.12358565303685,14.172545633945427,9.658163948821038,9.770031348670065,0.4381064601351222,1.020212452308108,3.420450860160245,0.1392776355727909,1.0
17,3,3,9,27,penalty_x,expectation,3,3,120,19.14154815673828,360,0.9525473559997408,2.2949961085532595,0.068869839895342,0.0001604674762347,0.0023300108796336,0.2377790386163702,False,False,0.2915469784218727,1.0,4.12358565303685,14.172545633945427,9.658163948821038,12.127659762601178,0.203492289274632,1.446194033547454,0.0629102937501073,0.0988865726198498,0.1481481481481481
17,3,3,9,27,penalty_x,cvar,1,3,120,5.52201527619544,238,0.4082910179999999,2.2949961085532595,0.0134776956983841,0.0008290939149446,0.0615159989881709,0.1129530348973257,False,False,0.4465293499039051,1.0,4.12358565303685,14.172545633945427,9.658163948821038,9.280778274999204,0.4867933963554238,0.9318131113784592,1.6609319726806164,0.1160546926658751,0.3333333333333333
17,3,3,9,27,penalty_x,cvar,2,3,120,4.312980908929164,360,0.8292850240000007,2.2949961085532595,0.1169466391947935,0.0134204374626278,0.1147569314948331,0.1206957946337074,False,False,0.4540983579371624,1.0,4.12358565303685,14.172545633945427,9.658163948821038,9.726381065181766,0.4424502214369114,1.0123256213418628,3.0984371503604944,0.1383705084429688,0.4814814814814814
17,3,3,9,27,penalty_x,cvar,3,3,120,4.525777816772461,360,1.0506936049996511,2.2949961085532595,0.0840204337146133,0.0064446758478879,0.0767036727015502,0.0767036727015502,True,False,1.0,1.0,4.12358565303685,14.172545633945427,9.658163948821038,9.3964279958724,0.4752847704784267,0.9527089619189218,2.070999162941855,0.1397917113134394,1.0
17,5,5,25,3125,xy,expectation,1,3,120,5.72572222919293,142,0.1053479239999433,0.0,0.9999999999999992,0.0001343491072957,0.0001343491072957,0.0014963245315254,False,True,0.8684627839840482,1.0,5.153582574870367,11.059312099480174,6.596583393586957,5.725722229192934,0.9031212567493312,0.3964929519800484,0.4198409602992436,0.0669619703251744,0.20896
17,5,5,25,3125,xy,expectation,2,3,120,5.640955858881645,360,0.3612754920000043,0.0,0.9999999999999998,0.0001644557097127,0.0001644557097127,0.003770264861922,False,True,0.9229282484383852,1.0,5.153582574870367,11.059312099480174,6.596583393586957,5.640955858881647,0.917474499639656,0.3377498319403252,0.5139240928523423,0.1117445658540694,0.58176
17,5,5,25,3125,xy,expectation,3,3,120,5.579098753162772,360,0.4396973469997647,0.0,0.9999999999999996,0.0017764971083053,0.0017764971083053,0.0057249218709743,False,True,0.9729650820645872,1.0,5.153582574870367,11.059312099480174,6.596583393586957,5.579098753162775,0.9279485834020612,0.2948828391316256,5.551553463454256,0.2569195066767494,0.97664
17,5,5,25,3125,xy,cvar,1,3,120,5.349946801546289,164,0.1327605940000467,0.0,0.9999999999999998,0.0010853800546028,0.0010853800546028,0.0031237996387063,False,True,0.961193471204651,1.0,5.153582574870367,11.059312099480174,6.596583393586957,6.303594777342124,0.8052717792646051,0.7969588011007379,3.3918126706339877,0.177701223255928,0.93344
17,5,5,25,3125,xy,cvar,2,3,120,5.342537583686751,320,0.3410299470001519,0.0,1.0,5.166159479171192e-05,5.166159479171192e-05,0.006431920924627,False,True,0.962664670661599,1.0,5.153582574870367,11.059312099480174,6.596583393586957,6.493389779765128,0.773134343638387,0.9284867946827572,0.1614424837240997,0.1954083243219976,0.94112
17,5,5,25,3125,xy,cvar,3,3,120,5.169217841104962,360,0.4619084470000416,0.0,0.9999999999999992,0.026220754144148,0.026220754144148,0.1299709767209325,False,True,0.9989553626492056,1.0,5.153582574870367,11.059312099480174,6.596583393586957,6.701578207948476,0.7378824027366229,1.0727614378312702,81.93985670046257,0.5873379584302865,0.99968
17,5,5,25,3125,penalty_x,expectation,1,3,120,60.11975860595703,128,5.404530242999954,1.8111667918279848,0.0006776820489362,2.427888148304192e-07,0.0003582636063793,0.0012158038938545,False,False,0.9631348696614112,1.0,5.153582574870367,11.059312099480174,6.596583393586957,6.536384580040735,0.7658541591842153,0.9582822041641228,1.119573769935324,0.1142457123446253,0.94368
17,5,5,25,3125,penalty_x,expectation,2,3,120,10.1364164352417,291,23.835234770999705,1.8111667918279848,0.0143012797623214,3.600394165914622e-06,0.0002517532854227,0.0006599432451115,False,False,0.887291583245323,1.0,5.153582574870367,11.059312099480174,6.596583393586957,6.284886541262463,0.8084395904557039,0.7839939878885736,0.786729016946163,0.1008945143853907,0.25344
17,5,5,25,3125,penalty_x,expectation,3,3,120,59.565650939941406,360,43.87565491500027,1.8111667918279848,0.0019163545374676,4.079764721609536e-07,0.0002128919592822,0.002162112499499,False,False,0.9522467469236128,1.0,5.153582574870367,11.059312099480174,6.596583393586957,6.901968090826813,0.7039509668245495,1.2116316867453103,0.6652873727570944,0.0906377696580186,0.88192
17,5,5,25,3125,penalty_x,cvar,1,3,120,26.325585520546685,208,9.009263432999887,1.8111667918279848,0.0017776649523852,4.6515171447936165e-07,0.0002616644457411,0.000570935977522,False,False,0.8966408928921661,1.0,5.153582574870367,11.059312099480174,6.596583393586957,6.600265901863168,0.7550373207976563,1.002551979339476,0.8177013929410863,0.0907267146368233,0.30784
17,5,5,25,3125,penalty_x,cvar,2,3,120,5.6140241622924805,315,26.20837431100017,1.8111667918279848,0.0757202319418866,2.1094663679832596e-05,0.0002785868867388,0.0006371979156326,False,False,0.8763092308455533,1.0,5.153582574870367,11.059312099480174,6.596583393586957,6.341672011261183,0.7988242720158584,0.8233463356226696,0.8705840210588558,0.0972843378932816,0.2208
17,5,5,25,3125,penalty_x,cvar,3,3,120,21.829818725585938,360,44.33648321300007,1.8111667918279848,0.0017125403441266,2.542299739616283e-07,0.0001484519619251,0.0017133707779617,False,False,0.9316400853916914,1.0,5.153582574870367,11.059312099480174,6.596583393586957,6.385797084167845,0.7913527017851547,0.8539250243762263,0.4639123810162084,0.1049341786717191,0.69056
18,5,4,20,1024,xy,expectation,1,3,120,5.537228722023217,143,0.0941911009999785,0.0,1.0000000000000004,0.0243383169636498,0.0243383169636498,0.0290944466981082,False,True,0.9900477673076522,1.0,4.938001332995676,15.900700574308772,6.690633504488475,5.537228722023215,0.945339430022002,0.3419013976658599,24.92243657077748,0.3957157873647936,0.9990234375
18,5,4,20,1024,xy,expectation,2,3,120,5.232249728756755,360,0.2986285990000397,0.0,0.9999999999999988,0.0868798954202531,0.0868798954202532,0.0868798954202532,True,True,1.0,1.0,4.938001332995676,15.900700574308772,6.690633504488475,5.232249728756761,0.973159129035283,0.1678894182973143,88.96501291033933,0.776424106603541,1.0
18,5,4,20,1024,xy,expectation,3,3,120,5.405855514227888,360,0.3475674639998942,0.0,1.0000000000000004,0.0109612656483173,0.0109612656483173,0.0109612656483173,True,True,1.0,1.0,4.938001332995676,15.900700574308772,6.690633504488475,5.405855514227886,0.9573230852243856,0.2669437368787521,11.22433602387698,0.2786165590735809,1.0
18,5,4,20,1024,xy,cvar,1,3,120,5.029203490698754,154,0.1070089810000354,0.0,1.0,0.0435865778375948,0.0435865778375948,0.0435865778375948,True,True,1.0,1.0,4.938001332995676,15.900700574308772,6.690633504488475,6.159556661521827,0.8885716645474774,0.6969832851383156,44.63265570569712,0.4348546259147026,1.0
18,5,4,20,1024,xy,cvar,2,3,120,4.950799908047533,292,0.2464016750000155,0.0,1.0,0.1875276475684142,0.1875276475684142,0.1875276475684142,True,True,1.0,1.0,4.938001332995676,15.900700574308772,6.690633504488475,5.297696916190072,0.967189140623426,0.2052316447483824,192.0283111100562,0.7583801644280342,1.0
18,5,4,20,1024,xy,cvar,3,3,120,4.939096334553219,360,0.3506505089999336,0.0,0.9999999999999992,0.2444850805980066,0.2444850805980069,0.2444850805980069,True,True,1.0,1.0,4.938001332995676,15.900700574308772,6.690633504488475,5.283857120342345,0.9684515848028278,0.1973350672047104,250.35272253235905,0.7353502509245813,1.0
18,5,4,20,1024,penalty_x,expectation,1,3,120,40.105072021484375,114,0.2341191030000118,1.810866418019314,0.0010426628206801,1.007231048788526e-06,0.0009660179962411,0.0010823256210125,False,False,0.914495025732445,1.0,4.938001332995676,15.900700574308772,6.690633504488475,6.684160774471735,0.840718111202428,0.996306851989812,0.9892024281509216,0.1011804097581791,0.63671875
18,5,4,20,1024,penalty_x,expectation,2,3,120,38.48217010498047,337,1.144081720000031,1.810866418019314,0.004563082872699,8.974227057478856e-06,0.0019667026236082,0.0053699905174104,False,False,0.9114413108424968,1.0,4.938001332995676,15.900700574308772,6.690633504488475,6.900599661599106,0.8209748999400304,1.1198004695599035,2.0139034865748084,0.1177507584741387,0.595703125
18,5,4,20,1024,penalty_x,expectation,3,3,120,36.849246978759766,331,1.54013969000016,1.810866418019314,0.0006686852709942,2.966070553611644e-07,0.0004435675021227,0.0050755699649991,False,False,0.8824197299898323,1.0,4.938001332995676,15.900700574308772,6.690633504488475,6.701575228149682,0.8391295924175359,1.006243023401703,0.4542131221736653,0.0681677181187578,0.34375
18,5,4,20,1024,penalty_x,cvar,1,3,120,17.365631103515625,132,0.3133583249996263,1.810866418019314,0.0017936968881144,9.658488124841824e-07,0.0005384682433716,0.0041894166121954,False,False,0.4659764246074184,1.0,4.938001332995676,15.900700574308772,6.690633504488475,7.08988545275305,0.8037085509335177,1.2278013349056085,0.5513914812125594,0.0680488024372354,0.099609375
18,5,4,20,1024,penalty_x,cvar,2,3,120,12.585035731192145,277,1.0116879699999115,1.810866418019314,0.0142540504803037,1.26242257465492e-05,0.0008856588352898,0.001424233287289,False,False,0.8914310423415401,1.0,4.938001332995676,15.900700574308772,6.690633504488475,6.757225203148822,0.8340532901516284,1.037995250654122,0.9069146473368564,0.0922013288579643,0.4150390625
18,5,4,20,1024,penalty_x,cvar,3,3,120,14.368454173987606,360,1.7817462109996995,1.810866418019314,0.0086980883043281,4.114947387279244e-06,0.0004730864120144,0.0058428529378233,False,False,0.8825766426633526,1.0,4.938001332995676,15.900700574308772,6.690633504488475,6.530812996570932,0.8547062517620915,0.9088111524385536,0.4844404859027709,0.0715501652837976,0.345703125
19,4,4,16,256,xy,expectation,1,3,120,5.147317870430012,165,0.0987133459998403,0.0,1.0000000000000004,0.0738656505850119,0.0738656505850119,0.0816454437822104,False,True,0.9379034007043084,1.0,4.6031195122162,10.033462112218404,7.895171155947986,5.14731787043001,0.8997856307972927,0.1653067500474934,18.90960654976305,0.350547153553791,0.7265625
19,4,4,16,256,xy,expectation,2,3,120,5.035401418224368,360,0.2630711960000553,0.0,0.9999999999999994,0.0616511695740256,0.0616511695740257,0.0616511695740257,True,True,1.0,1.0,4.6031195122162,10.033462112218404,7.895171155947986,5.035401418224372,0.9203950951440896,0.1313107911995415,15.782699410950586,0.2904983962713974,1.0
19,4,4,16,256,xy,expectation,3,3,120,4.991208881904614,360,0.2895879400002741,0.0,1.0000000000000009,0.1019782364125136,0.1019782364125135,0.1019782364125135,True,True,1.0,1.0,4.6031195122162,10.033462112218404,7.895171155947986,4.99120888190461,0.9285331703218408,0.1178867805513774,26.10642852160347,0.6226729482672334,1.0
19,4,4,16,256,xy,cvar,1,3,120,4.636414908511847,136,0.0846865439998509,0.0,1.0000000000000004,0.0634499145546244,0.0634499145546244,0.0714771349893247,False,True,0.985315626278509,1.0,4.6031195122162,10.033462112218404,7.895171155947986,5.586715642090676,0.8188703361231616,0.2987790704156439,16.24317812598385,0.4236095912600368,0.9609375
19,4,4,16,256,xy,cvar,2,3,120,4.61561623568004,352,0.2604475210000601,0.0,0.9999999999999998,0.005285388717272,0.005285388717272,0.1202624367575871,False,True,0.9986079045383748,1.0,4.6031195122162,10.033462112218404,7.895171155947986,7.177250266986679,0.5259726790038195,0.7819229566679913,1.353059511621637,0.447730268933021,0.99609375
19,4,4,16,256,xy,cvar,3,3,120,4.6031195122162,298,0.2414313089998359,0.0,1.0000000000000004,0.2562663390160793,0.2562663390160792,0.2562663390160792,True,True,1.0,1.0,4.6031195122162,10.033462112218404,7.895171155947986,5.651815989884746,0.8068820781826693,0.3185540784772653,65.60418278811628,0.6233221886721434,1.0
19,4,4,16,256,penalty_x,expectation,1,3,120,36.25310897827149,273,0.5191697660002319,2.198291036395388,0.0184416606007289,9.155498264590278e-05,0.0049645736698073,0.0080442940194871,False,False,0.4790524162189149,1.0,4.6031195122162,10.033462112218404,7.895171155947986,7.938698571879498,0.385751635695703,1.0132219723874594,1.2709308594706858,0.0863933190223801,0.49609375
19,4,4,16,256,penalty_x,expectation,2,3,120,40.71850204467773,360,1.035220777000177,2.198291036395388,0.0156393229008244,6.718105578329414e-05,0.0042956498954153,0.0096165154379586,False,False,0.478694059963176,1.0,4.6031195122162,10.033462112218404,7.895171155947986,7.911230601792973,0.3908098745785524,1.0048782484550522,1.0996863732263389,0.0994181089414307,0.48828125
19,4,4,16,256,penalty_x,expectation,3,3,120,40.95260620117188,360,1.3906452149999495,2.198291036395388,0.0023538135545528,1.605232864676509e-05,0.0068197111940815,0.0151214242263996,False,False,0.4706368793892024,1.0,4.6031195122162,10.033462112218404,7.895171155947986,8.195984714677675,0.338372278305237,1.091375710737239,1.745846065684865,0.1223117020845342,0.25
19,4,4,16,256,penalty_x,cvar,1,3,120,7.634553388899969,360,0.7803653590003705,2.198291036395388,0.0159143268419938,7.3369694291614e-05,0.0046102920356021,0.0106594896669513,False,False,0.4774490903841574,1.0,4.6031195122162,10.033462112218404,7.895171155947986,7.937996407473031,0.3858809395828033,1.0130086815638466,1.1802347611141506,0.0776569372284365,0.46484375
19,4,4,16,256,penalty_x,cvar,2,3,120,12.230562659434955,360,1.1413510719999067,2.198291036395388,0.0030285369535079,1.3034651601628866e-05,0.0043039433897384,0.014777221132848,False,False,0.4817275657963985,1.0,4.6031195122162,10.033462112218404,7.895171155947986,8.042817724977253,0.3665780474403851,1.0448494085171451,1.1018095077730323,0.0926978812783629,0.55078125
19,4,4,16,256,penalty_x,cvar,3,3,120,5.14902053487056,360,1.498694873000204,2.198291036395388,0.043356758722048,0.0002256543957628,0.005204595602025,0.0153660487787727,False,False,0.4743915247786177,1.0,4.6031195122162,10.033462112218404,7.895171155947986,7.947635117469707,0.3841059668588591,1.0159365548294523,1.3323764741184043,0.1256580629219058,0.375
20,4,3,12,81,xy,expectation,1,3,120,4.920704865399984,200,0.1241367540001192,0.0,1.0,0.6490278857790489,0.6490278857790489,0.6490278857790489,True,True,1.0,1.0,4.443696738085731,14.974157960874244,10.866526853778172,4.920704865399984,0.9547020669634128,0.0742675921240409,52.57125874810296,0.9085396934162142,1.0
20,4,3,12,81,xy,expectation,2,3,120,5.155359302049645,360,0.2578475680002157,0.0,0.999999999999999,0.4188954508429794,0.4188954508429799,0.4188954508429799,True,True,1.0,1.0,4.443696738085731,14.974157960874244,10.866526853778172,5.15535930204965,0.9324186710432169,0.1108020220284457,33.93053151828138,0.8640699614504868,1.0
20,4,3,12,81,xy,expectation,3,3,120,5.147783351123683,360,0.2817949489999591,0.0,1.0000000000000009,0.4297400758106752,0.4297400758106748,0.4297400758106748,True,True,1.0,1.0,4.443696738085731,14.974157960874244,10.866526853778172,5.147783351123677,0.9331381030572274,0.1096224873389849,34.80894614066466,0.8184188984332031,1.0
20,4,3,12,81,xy,cvar,1,3,120,4.443696738085731,110,0.0669486639999377,0.0,1.0000000000000004,0.258220179571575,0.2582201795715749,0.2582201795715749,True,True,1.0,1.0,4.443696738085731,14.974157960874244,10.866526853778172,6.279575938610519,0.8256601338076396,0.2858364875694463,20.91583454529757,0.6582445773095771,1.0
20,4,3,12,81,xy,cvar,2,3,120,4.443696738085731,196,0.1418094740001834,0.0,1.000000000000001,0.2871273414968834,0.2871273414968831,0.2871273414968831,True,True,1.0,1.0,4.443696738085731,14.974157960874244,10.866526853778172,7.392705041258889,0.7199544976442876,0.4591446838937958,23.25731466124753,0.551758718576907,1.0
20,4,3,12,81,xy,cvar,3,3,120,4.443696738085731,207,0.1495960279999053,0.0,0.9999999999999994,0.2550907404427512,0.2550907404427514,0.2550907404427514,True,True,1.0,1.0,4.443696738085731,14.974157960874244,10.866526853778172,6.472184074502668,0.8073695640199333,0.3158245352715897,20.662349975862867,0.6868300335304885,1.0
20,4,3,12,81,penalty_x,expectation,1,3,120,23.66324615478516,203,0.3313687169998047,2.001756011627416,0.0116312814388948,0.0002821557573042,0.0242583552626245,0.0242583552626245,True,False,1.0,1.0,4.443696738085731,14.974157960874244,10.866526853778172,10.119222030803478,0.461037349395904,0.8836486705216041,1.9649267762725888,0.17910232723899,1.0
20,4,3,12,81,penalty_x,expectation,2,3,120,28.001903533935547,360,0.8795698449998781,2.001756011627416,0.0180873281792628,0.0002691553090699,0.0148808771755736,0.0508820210581902,False,False,0.3000463120047498,1.0,4.443696738085731,14.974157960874244,10.866526853778172,11.855789384582264,0.2961283945990566,1.1540228393067873,1.205351051221462,0.1092986080522866,0.2839506172839506
20,4,3,12,81,penalty_x,expectation,3,3,120,18.480201721191406,360,1.1430486849999395,2.001756011627416,0.0065086508366221,0.0001105149131035,0.0169796960810542,0.0701140928171088,False,False,0.3000463120047498,1.0,4.443696738085731,14.974157960874244,10.866526853778172,11.399072324514878,0.3394994350886245,1.0829144568895843,1.375355382565398,0.1423384260292094,0.2839506172839506
20,4,3,12,81,penalty_x,cvar,1,3,120,6.099257469177246,292,0.5618137090000346,2.001756011627416,0.0588483487081248,0.0011937125818803,0.0202845552693576,0.0205878766315976,False,False,0.9783874378350516,1.0,4.443696738085731,14.974157960874244,10.866526853778172,10.278714077731893,0.445891569590622,0.9084807218222825,1.6430489768179706,0.1584622586156203,0.9506172839506172
20,4,3,12,81,penalty_x,cvar,2,3,120,5.773031234741211,340,0.9162145919999602,2.001756011627416,0.0183604735036624,0.0002492443018127,0.0135750476022857,0.0341572259960469,False,False,0.2980706940725771,1.0,4.443696738085731,14.974157960874244,10.866526853778172,11.158343007349156,0.3623597174706316,1.0454342008607718,1.0995788557851438,0.14289705629815,0.0617283950617283
20,4,3,12,81,penalty_x,cvar,3,3,120,7.26789721633229,360,1.245665033000023,2.001756011627416,0.0165312152969363,0.0002984299499075,0.0180525112369017,0.0398610243728968,False,False,0.9840404394740369,1.0,4.443696738085731,14.974157960874244,10.866526853778172,10.481532283362942,0.4266314250119459,0.9400584223028724,1.4622534101890436,0.1425479968706023,0.9629629629629628
21,3,3,9,27,xy,expectation,1,3,120,5.322271855862823,152,0.0888670330000422,0.0,1.0000000000000004,0.7740133357787264,0.7740133357787261,0.7740133357787261,True,True,1.0,1.0,4.188088633400505,14.208148362358225,10.816475391522154,5.32227185586282,0.8868087363606671,0.1711099946110748,20.898360066025607,0.7832171169658904,1.0
21,3,3,9,27,xy,expectation,2,3,120,4.88029795666846,360,0.2410522830000445,0.0,1.0000000000000004,0.2227197830256351,0.222719783025635,0.3556580474521928,False,True,0.9968609709275236,1.0,4.188088633400505,14.208148362358225,10.816475391522154,4.880297956668457,0.9309176450049008,0.1044310400897774,6.013434141692146,0.8637444032020408,0.9629629629629628
21,3,3,9,27,xy,expectation,3,3,120,4.39660659143223,360,0.2656804399998691,0.0,0.9999999999999992,0.8972454200353118,0.8972454200353124,0.8972454200353124,True,True,1.0,1.0,4.188088633400505,14.208148362358225,10.816475391522154,4.396606591432232,0.9791899485959036,0.0314583269867639,24.22562634095344,0.9592052447082594,1.0
21,3,3,9,27,xy,cvar,1,3,120,4.188727668966121,141,0.083388745999855,0.0,1.0,0.2378859760230681,0.2378859760230681,0.2420892223636255,False,True,0.9968609709275236,1.0,4.188088633400505,14.208148362358225,10.816475391522154,6.078211227810339,0.8113661349794724,0.2851557495636324,6.422921352622841,0.6568594671901574,0.9629629629629628
21,3,3,9,27,xy,cvar,2,3,120,4.188088633400505,261,0.1793823279999742,0.0,1.0000000000000004,0.350398853505199,0.3503988535051988,0.3503988535051988,True,True,1.0,1.0,4.188088633400505,14.208148362358225,10.816475391522154,7.836567541134628,0.6358825190243016,0.5504324115160758,9.460769044640369,0.3868263226053897,1.0
21,3,3,9,27,xy,cvar,3,3,120,4.188088633400505,126,0.0758806799999547,0.0,1.000000000000002,0.3512260313324296,0.3512260313324288,0.3512260313324288,True,True,1.0,1.0,4.188088633400505,14.208148362358225,10.816475391522154,7.40889435488849,0.6785642193149868,0.4859109522451428,9.48310284597558,0.437967519464962,1.0
21,3,3,9,27,penalty_x,expectation,1,3,120,23.536333084106445,270,0.3985075049999977,2.31848695300577,0.0755134588107466,0.0147785674780607,0.1957077282752874,0.1957077282752874,True,False,1.0,1.0,4.188088633400505,14.208148362358225,10.816475391522154,9.29143597756518,0.4906869337898124,0.7699229888647688,5.284108663432763,0.3043917543975473,1.0
21,3,3,9,27,penalty_x,expectation,2,3,120,18.83431625366211,360,0.7562653940003656,2.31848695300577,0.0238297597861674,0.0028314548544585,0.1188201173602328,0.1553380813410745,False,False,0.4595728051104661,1.0,4.188088633400505,14.208148362358225,10.816475391522154,10.118157363664595,0.4081803012484703,0.8946473624216449,3.208143168726288,0.1666261798900768,0.7407407407407407
21,3,3,9,27,penalty_x,expectation,3,3,120,14.179603576660156,360,0.9617969119999544,2.31848695300577,0.1051389620170084,0.0288670435547828,0.2745608573738155,0.2745608573738155,True,False,1.0,1.0,4.188088633400505,14.208148362358225,10.816475391522154,7.202614694805337,0.6991508890218558,0.45479030892565,7.4131431490930195,0.5233170339676996,1.0
21,3,3,9,27,penalty_x,cvar,1,3,120,6.875091686833896,220,0.3790143969999917,2.31848695300577,0.0549051073903683,0.0076772379688918,0.1398273919092384,0.1952223011077045,False,False,0.4534244781752671,1.0,4.188088633400505,14.208148362358225,10.816475391522154,8.885231618124257,0.5312260493668388,0.7086404514595385,3.7753395815494377,0.304963889627497,0.5925925925925926
21,3,3,9,27,penalty_x,cvar,2,3,120,4.513413844893712,360,0.8487515550000353,2.31848695300577,0.0556844508473659,0.0219263471662998,0.393760678836559,0.393760678836559,True,False,1.0,1.0,4.188088633400505,14.208148362358225,10.816475391522154,6.476399546543239,0.7716270186963483,0.3452289367905253,10.631538328587094,0.650532712111327,1.0
21,3,3,9,27,penalty_x,cvar,3,3,120,6.59403442037721,360,1.0600726449997635,2.31848695300577,0.0521499810338355,0.0012056491104885,0.0231188791747854,0.2658129533682808,False,False,0.9968609709275236,1.0,4.188088633400505,14.208148362358225,10.816475391522154,8.263331630689263,0.5932915464055158,0.6148167187582156,0.6242097377192061,0.29886792740478,0.9629629629629628
21,5,5,25,3125,xy,expectation,1,3,120,7.457009065154784,131,0.0965947270001379,0.0,0.999999999999999,0.0005313252708307,0.0005313252708307,0.0040846830832552,False,True,0.9367005938855212,1.0,5.185016175160582,20.982391809674205,8.43597710239548,7.457009065154792,0.8561790931254157,0.6988681011083857,1.6603914713462264,0.1925599179001541,0.79136
21,5,5,25,3125,xy,expectation,2,3,120,5.783611183928469,329,0.3335628710001401,0.0,0.9999999999999992,2.7553270168412204e-05,2.7553270168412228e-05,0.0053670497656405,False,True,0.9167210896843272,1.0,5.185016175160582,20.982391809674205,8.43597710239548,5.783611183928475,0.962107946116056,0.1841286383214169,0.0861039692762882,0.0579833993075221,0.59616
21,5,5,25,3125,xy,expectation,3,3,120,5.736707322702962,360,0.443405311999868,0.0,1.0000000000000009,0.0001507629711273,0.0001507629711273,0.0059350699199635,False,True,0.9162865548028232,1.0,5.185016175160582,20.982391809674205,8.43597710239548,5.736707322702957,0.9650770380912476,0.1697009468556163,0.4711342847730265,0.116771568714374,0.592
21,5,5,25,3125,xy,cvar,1,3,120,5.404184405900247,157,0.130712707999919,0.0,0.9999999999999992,0.0008575211469417,0.0008575211469417,0.0032102804147428,False,True,0.9367005938855212,1.0,5.185016175160582,20.982391809674205,8.43597710239548,7.554841291341517,0.8499861514336967,0.7289614268592848,2.679753584192877,0.2018956027627743,0.79136
21,5,5,25,3125,xy,cvar,2,3,120,5.4071660487042426,360,0.3893950149999909,0.0,1.0000000000000009,0.0009200103475425,0.0009200103475425,0.0045739449118706,False,True,0.9414662139379943,1.0,5.185016175160582,20.982391809674205,8.43597710239548,7.836570208036458,0.8321522451436273,0.8156216245672179,2.875032336070489,0.1986063780627304,0.83744
21,5,5,25,3125,xy,cvar,3,3,120,5.328710499698914,360,0.474608315000296,0.0,1.000000000000002,0.0077218552446277,0.0077218552446277,0.0079180542175961,False,True,0.9903779448269652,1.0,5.185016175160582,20.982391809674205,8.43597710239548,7.366280448011843,0.861922364618228,0.6709598551547445,24.130797639461665,0.3539934684745516,0.99904
21,5,5,25,3125,penalty_x,expectation,1,3,120,74.42389678955078,140,5.903294603000177,1.8866689200546432,0.0001476969623456,8.756209979310371e-09,5.928496998347992e-05,0.0105548561366748,False,False,0.906135157059007,1.0,5.185016175160582,20.982391809674205,8.43597710239548,9.170005028322873,0.7477436160689875,1.2257879877232851,0.1852655311983747,0.0901564170195025,0.52416
21,5,5,25,3125,penalty_x,expectation,2,3,120,75.32120513916016,278,22.78922212199996,1.8866689200546432,9.267964694632812e-05,6.39189678963703e-08,0.0006896764284545,0.030116133394284,False,False,0.4951899577735052,1.0,5.185016175160582,20.982391809674205,8.43597710239548,9.12515046709827,0.750582983965425,1.2119906637232232,2.155238838920404,0.1558293918934488,0.44256
21,5,5,25,3125,penalty_x,expectation,3,3,120,68.62335968017578,360,43.89692582799989,1.8866689200546432,0.0002631782341163,1.6978864536554283e-08,6.451469892090605e-05,0.0152764842743844,False,False,0.9343247982781022,1.0,5.185016175160582,20.982391809674205,8.43597710239548,7.909543588465268,0.8275329094946491,0.8380683355742544,0.2016084341278314,0.0757523166403909,0.768
21,5,5,25,3125,penalty_x,cvar,1,3,120,35.23619538216481,153,6.634230331999788,1.8866689200546432,0.0001247437501068,1.3808787890923211e-08,0.000110697232359,0.0030988574673884,False,False,0.4790384872696711,1.0,5.185016175160582,20.982391809674205,8.43597710239548,8.649805544800783,0.7806731035710491,1.0657739195245188,0.3459288511221087,0.0795759153674061,0.14272
21,5,5,25,3125,penalty_x,cvar,2,3,120,26.52931180771064,360,29.90270214400016,1.8866689200546432,0.0006754813571986,2.7498565646766333e-09,4.070958488152437e-06,0.0049980893581783,False,False,0.3306201874127576,1.0,5.185016175160582,20.982391809674205,8.43597710239548,8.867855132248623,0.7668702041216335,1.1328462690016017,0.0127217452754763,0.0518264120746477,0.07808
21,5,5,25,3125,penalty_x,cvar,3,3,120,27.272008614063772,360,44.30511360999981,1.8866689200546432,0.0001775910404591,1.8111927957420452e-08,0.0001019867213491,0.0037729430977742,False,False,0.9193974953652546,1.0,5.185016175160582,20.982391809674205,8.43597710239548,9.1867149556513,0.7466858500377792,1.2309279840820353,0.3187085042161422,0.0663700095011112,0.62176
22,5,4,20,1024,xy,expectation,1,3,120,5.50893842034351,188,0.1253258729998378,0.0,1.0000000000000004,0.0001456249937515,0.0001456249937515,0.004856656785973,False,True,0.9111567401038402,1.0,5.179848741372,10.786062252545811,6.079825274458472,5.508938420343507,0.941299117788576,0.3656647333268717,0.1491199936015545,0.0434534709834854,0.142578125
22,5,4,20,1024,xy,expectation,2,3,120,5.346057647907749,360,0.2937283370001751,0.0,1.0,0.0023304707985152,0.0023304707985152,0.0334878294963784,False,True,0.99018984665688,1.0,5.179848741372,10.786062252545811,6.079825274458472,5.346057647907749,0.970352733408302,0.1846813782640921,2.3864020976796447,0.4716951668726235,0.9931640625
22,5,4,20,1024,xy,expectation,3,3,120,5.329215238848759,360,0.3374463350000951,0.0,0.9999999999999998,0.0395475972633997,0.0395475972633997,0.0452630202030423,False,True,0.9965287983083462,1.0,5.179848741372,10.786062252545811,6.079825274458472,5.329215238848761,0.9733569730836944,0.1659671024582252,40.49673959772139,0.5556038715892836,0.9970703125
22,5,4,20,1024,xy,cvar,1,3,120,5.275856246363819,144,0.0969938749999528,0.0,1.0000000000000009,0.0031343939639106,0.0031343939639106,0.0079533391568493,False,True,0.99018984665688,1.0,5.179848741372,10.786062252545811,6.079825274458472,5.744013710665839,0.8993679123762599,0.6268663110126148,3.2096194190445533,0.2551566884307745,0.9931640625
22,5,4,20,1024,xy,cvar,2,3,120,5.224662256468469,342,0.2914763919998222,0.0,0.999999999999999,0.0036976664734417,0.0036976664734417,0.0597598369170321,False,True,0.9965287983083462,1.0,5.179848741372,10.786062252545811,6.079825274458472,5.478370398337526,0.9467516432667898,0.3316993788068505,3.786410468804321,0.5075022767775798,0.9970703125
22,5,4,20,1024,xy,cvar,3,3,120,5.194886031163725,360,0.3520071979996828,0.0,0.9999999999999994,0.0647013262267145,0.0647013262267145,0.1459886026531405,False,True,0.9965287983083462,1.0,5.179848741372,10.786062252545811,6.079825274458472,5.34448019427395,0.9706341093549468,0.1829286063019285,66.25415805615572,0.5593388785564615,0.9970703125
22,5,4,20,1024,penalty_x,expectation,1,3,120,38.23701477050781,116,0.2335223069999301,1.8839927360277997,0.000847734563365,8.431912874584668e-07,0.0009946406857724,0.0010629953789019,False,False,0.9043911896064818,1.0,5.179848741372,10.786062252545811,6.079825274458472,6.081242570275486,0.8392152159194602,1.00157481419227,1.0185120622310244,0.1008795780900092,0.1328125
22,5,4,20,1024,penalty_x,expectation,2,3,120,34.24313735961914,324,1.07928428599962,1.8839927360277997,0.0013776508293396,1.4178862102198764e-06,0.0010292057900473,0.003643165285651,False,False,0.932883771490252,1.0,5.179848741372,10.786062252545811,6.079825274458472,6.019220741464308,0.8502782674225046,0.9326598741565842,1.0539067290085022,0.0465112789515218,0.2626953125
22,5,4,20,1024,penalty_x,expectation,3,3,120,28.67198371887207,360,1.649078775000362,1.8839927360277997,0.0013603746100107,5.032901526647038e-07,0.000369964382576,0.0040012429854618,False,False,0.4984934500737585,1.0,5.179848741372,10.786062252545811,6.079825274458472,6.646175081953848,0.738446219064027,1.6292939723140094,0.3788435277578436,0.0839020002873225,0.1025390625
22,5,4,20,1024,penalty_x,cvar,1,3,120,16.878482818603516,147,0.3430727529998876,1.8839927360277997,0.0017892891079469,3.8826777881695307e-07,0.0002169955526429,0.0022787405713721,False,False,0.944079437869272,1.0,5.179848741372,10.786062252545811,6.079825274458472,6.192810302861408,0.819314487493125,1.1255421938786043,0.2222034459063763,0.1035013918157591,0.421875
22,5,4,20,1024,penalty_x,cvar,2,3,120,12.795024871826172,360,1.3059520340002564,1.8839927360277997,0.0070329165220073,5.854538812855026e-06,0.0008324482161184,0.0050049100797286,False,False,0.4905013997589239,1.0,5.179848741372,10.786062252545811,6.079825274458472,6.4166111514498985,0.7793943438627708,1.3742162874363169,0.8524269733053006,0.0603763688946905,0.0263671875
22,5,4,20,1024,penalty_x,cvar,3,3,120,10.022823333740234,360,1.7432251769996585,1.8839927360277997,0.001000385368302,1.51124072544917e-06,0.0015106585655228,0.005502632976689,False,False,0.9327612928927072,1.0,5.179848741372,10.786062252545811,6.079825274458472,5.681338449203283,0.9105475189570006,0.5572253157662042,1.5469143710953472,0.0949086844365753,0.26171875
23,4,4,16,256,xy,expectation,1,3,120,5.928161985840079,212,0.1322836449999158,0.0,0.9999999999999992,0.0045970618040313,0.0045970618040313,0.0361437126388485,False,True,0.9409202556370218,1.0,4.579697683851137,20.197267561089618,10.215544292803171,5.928161985840083,0.9136572262785748,0.2392656144769858,1.1768478218320353,0.2715098523678797,0.81640625
23,4,4,16,256,xy,expectation,2,3,120,5.358724044867085,360,0.2577436549995582,0.0,0.9999999999999996,0.0036839600493072,0.0036839600493072,0.0700181241700627,False,True,0.9409202556370218,1.0,4.579697683851137,20.197267561089618,10.215544292803171,5.358724044867087,0.9501185928963682,0.1382270340322137,0.9430937726226648,0.2419526018690059,0.81640625
23,4,4,16,256,xy,expectation,3,3,120,4.883756741653085,360,0.2881268429996453,0.0,1.0000000000000009,0.2608196373437509,0.2608196373437507,0.2608196373437507,True,True,1.0,1.0,4.579697683851137,20.197267561089618,10.215544292803171,4.88375674165308,0.9805309622308724,0.0539509108212726,66.76982716000019,0.8417852837813063,1.0
23,4,4,16,256,xy,cvar,1,3,120,4.696127536988758,243,0.1580528089998552,0.0,1.0000000000000004,0.0060552920184033,0.0060552920184033,0.0282565383675958,False,True,0.9409202556370218,1.0,4.579697683851137,20.197267561089618,10.215544292803171,6.061110704243911,0.9051444602433424,0.2628554542346278,1.550154756711262,0.2723313508847326,0.81640625
23,4,4,16,256,xy,cvar,2,3,120,4.652030917835101,360,0.2666470110002592,0.0,1.0000000000000004,0.0031397414320412,0.0031397414320412,0.0464854504201219,False,True,0.9956877812146316,1.0,4.579697683851137,20.197267561089618,10.215544292803171,8.299620163162407,0.7618116961504493,0.6600467928638276,0.8037738066025493,0.3171825656996772,0.99609375
23,4,4,16,256,xy,cvar,3,3,120,4.579697683851137,285,0.2290972420000798,0.0,1.0000000000000004,0.2655886801666503,0.2655886801666502,0.2655886801666502,True,True,1.0,1.0,4.579697683851137,20.197267561089618,10.215544292803171,6.470345643468546,0.8789409636403871,0.3354683139555793,67.99070212266246,0.6508913927036314,1.0
23,4,4,16,256,penalty_x,expectation,1,3,120,43.79691696166992,158,0.2830229520000102,2.097008282338662,0.0421489363143336,0.0001520477671874,0.0036073927477918,0.009604236441966,False,False,0.2276725046490659,1.0,4.579697683851137,20.197267561089618,10.215544292803171,10.276373618918274,0.6352392862752837,1.0107932898703238,0.9234925434347184,0.1015324047661603,0.01953125
23,4,4,16,256,penalty_x,expectation,2,3,120,44.37539291381836,360,1.0235997280001357,2.097008282338662,0.0018779539955176,5.487133876158623e-06,0.0029218681018041,0.0105138245262721,False,False,0.4578418579970629,1.0,4.579697683851137,20.197267561089618,10.215544292803171,10.6650849415927,0.6103499260399923,1.07976452873566,0.7479982340618749,0.0852157917993236,0.390625
23,4,4,16,256,penalty_x,expectation,3,3,120,39.05424880981445,360,1.3725205370001277,2.097008282338662,0.0068299471783461,2.4418632165179588e-05,0.0035752300167996,0.0325800364137571,False,False,0.2272642332209288,1.0,4.579697683851137,20.197267561089618,10.215544292803171,10.90168356418534,0.5952004101772544,1.1217455546594006,0.9152588843007208,0.0959377423277796,0.0078125
23,4,4,16,256,penalty_x,cvar,1,3,120,9.09965977062576,285,0.599615888000244,2.097008282338662,0.0111563773862144,4.3525826185941696e-05,0.0039014300681263,0.0141852439091542,False,False,0.2276725046490659,1.0,4.579697683851137,20.197267561089618,10.215544292803171,9.958013184349298,0.6556240476095656,0.9543048052363934,0.9987660974403412,0.1186024297038304,0.01953125
23,4,4,16,256,penalty_x,cvar,2,3,120,8.731987953186035,360,1.1178518800002166,2.097008282338662,0.0053391529371609,3.911499879905023e-05,0.0073260682470447,0.0168337233531134,False,False,0.4660205311912659,1.0,4.579697683851137,20.197267561089618,10.215544292803171,8.756772233377719,0.7325400441707403,0.7411618589639529,1.875473471243452,0.1864551645832513,0.609375
23,4,4,16,256,penalty_x,cvar,3,3,120,15.822155019980071,360,1.4742943310002374,2.097008282338662,0.0057034134430811,2.4158720407285728e-05,0.0042358353726912,0.0639945970848411,False,False,0.3019952196001237,1.0,4.579697683851137,20.197267561089618,10.215544292803171,12.06361873484053,0.5208011803490192,1.3279142549944238,1.084373855408957,0.0492051826253322,0.046875
24,4,3,12,81,xy,expectation,1,3,120,4.8115424315637645,132,0.076158082999882,0.0,0.9999999999999988,0.0108496966966152,0.0108496966966152,0.720403463388165,False,True,0.9935151652662456,1.0,4.630051716398992,9.991271575019653,6.496732209949204,4.81154243156377,0.9661474962880048,0.0972264486567831,0.8788254324258333,0.7380283831141166,0.9876543209876544
24,4,3,12,81,xy,expectation,2,3,120,4.674940304214466,360,0.2518410679999761,0.0,0.9999999999999994,0.0193711475564689,0.0193711475564689,0.8278560624091281,False,True,0.9935151652662456,1.0,4.630051716398992,9.991271575019653,6.496732209949204,4.674940304214469,0.9916271690027229,0.0240472796338619,1.5690629520739885,0.8519682323650246,0.9876543209876544
24,4,3,12,81,xy,expectation,3,3,120,4.715003391147246,360,0.2730305219997717,0.0,1.000000000000003,0.084352558893761,0.0843525588937607,0.3979635312696349,False,True,0.9935151652662456,1.0,4.630051716398992,9.991271575019653,6.496732209949204,4.7150033911472296,0.9841544131767628,0.0455094886574132,6.832557270394624,0.5584578910849646,0.9876543209876544
24,4,3,12,81,xy,cvar,1,3,120,4.630051716398992,82,0.0506811660002313,0.0,1.0000000000000004,0.2512733464967314,0.2512733464967313,0.2512733464967313,True,True,1.0,1.0,4.630051716398992,9.991271575019653,6.496732209949204,5.497478793396825,0.8382034126798513,0.4646896348866251,20.353141066235235,0.4760091047369301,1.0
24,4,3,12,81,xy,cvar,2,3,120,4.630051716398992,109,0.0704552300003342,0.0,1.0,0.2516054362435363,0.2516054362435364,0.2516054362435364,True,True,1.0,1.0,4.630051716398992,9.991271575019653,6.496732209949204,5.590247546326557,0.8208997475856912,0.5143868129791099,20.38004033572645,0.5072529504103114,1.0
24,4,3,12,81,xy,cvar,3,3,120,4.630051716398992,253,0.1928941500000291,0.0,0.9999999999999984,0.2834300556906609,0.2834300556906614,0.2834300556906614,True,True,1.0,1.0,4.630051716398992,9.991271575019653,6.496732209949204,6.29921352838596,0.6886600706548134,0.8941872043739066,22.957834510943577,0.5738264272804128,1.0
24,4,3,12,81,penalty_x,expectation,1,3,120,18.568138122558597,148,0.2316299210001489,1.9557400120655464,0.1193030723370611,0.0017296876758337,0.0144982659872069,0.014640505648765,False,False,0.9828952695266764,1.0,4.630051716398992,9.991271575019653,6.496732209949204,6.4405918162586,0.6622895259651923,0.9699250118675472,1.1743595449637616,0.1199418020737802,0.925925925925926
24,4,3,12,81,penalty_x,expectation,2,3,120,12.273170471191406,324,0.773553297000035,1.9557400120655464,0.017890982391691,9.138075984083116e-05,0.0051076434954891,0.0502105646454226,False,False,0.9320044254663392,1.0,4.630051716398992,9.991271575019653,6.496732209949204,6.771917184959281,0.6004891563780504,1.1474194303529188,0.4137191231346183,0.074676852066256,0.3580246913580246
24,4,3,12,81,penalty_x,expectation,3,3,120,7.053464889526367,360,1.136447968000084,1.9557400120655464,0.0419722249007463,0.0009416756802238,0.0224356865153247,0.0250801088433065,False,False,0.4681923533794871,1.0,4.630051716398992,9.991271575019653,6.496732209949204,6.3578517296640085,0.6777225969409233,0.9256002938022564,1.817290607741304,0.1396604905786548,0.1851851851851851
24,4,3,12,81,penalty_x,cvar,1,3,120,5.209059548917982,138,0.251666871999987,1.9557400120655464,0.1084499877179041,0.0013214772334322,0.0121851303189596,0.014807102081696,False,False,0.9371245846172708,1.0,4.630051716398992,9.991271575019653,6.496732209949204,6.538669181790499,0.6439956734244886,1.0224660685029905,0.98699555583573,0.1088800253195249,0.3703703703703703
24,4,3,12,81,penalty_x,cvar,2,3,120,5.00982141494751,313,0.8377041889998509,1.9557400120655464,0.081583224089627,0.0006089663365855,0.0074643573281263,0.030246496260303,False,False,0.961442720655264,1.0,4.630051716398992,9.991271575019653,6.496732209949204,6.0729450969222345,0.7308647250861912,0.7729728710985914,0.6046129435782339,0.0919595072611383,0.5925925925925926
24,4,3,12,81,penalty_x,cvar,3,3,120,6.272874523319219,360,1.2299628529999609,1.9557400120655464,0.0180602329893417,0.0002286509115947,0.0126604630034218,0.0502211604436586,False,False,0.9536151264223116,1.0,4.630051716398992,9.991271575019653,6.496732209949204,6.84677583431347,0.5865261682282884,1.187521981171252,1.0254975032771725,0.1115850070368314,0.5061728395061729
25,3,3,9,27,xy,expectation,1,3,120,5.888119982915783,129,0.0719005430000834,0.0,1.0000000000000002,0.1245645681332223,0.1245645681332223,0.2181360225454714,False,True,0.947838532276617,1.0,4.196268271148428,14.376333036698428,9.823837347229857,5.88811998291578,0.833807372474418,0.300636329629101,3.3632433395970027,0.4665062086983009,0.8888888888888888
25,3,3,9,27,xy,expectation,2,3,120,4.791384666833533,332,0.2212036209998586,0.0,1.0000000000000002,0.7843624672510305,0.7843624672510303,0.7843624672510303,True,True,1.0,1.0,4.196268271148428,14.376333036698428,9.823837347229857,4.791384666833532,0.9415410010259448,0.1057501716352976,21.17778661577782,0.8834617175485224,1.0
25,3,3,9,27,xy,expectation,3,3,120,4.745381485473274,360,0.2679100179998386,0.0,1.0000000000000004,0.1370362888319048,0.1370362888319048,0.3305864601804059,False,True,0.947838532276617,1.0,4.196268271148428,14.376333036698428,9.823837347229857,4.745381485473272,0.946059948834208,0.0975755618280568,3.699979798461431,0.5892934380150738,0.8888888888888888
25,3,3,9,27,xy,cvar,1,3,120,4.220954737243639,132,0.0797716259999106,0.0,1.0000000000000009,0.1278877897953421,0.1278877897953421,0.2060115711052465,False,True,0.9587839339536446,1.0,4.196268271148428,14.376333036698428,9.823837347229857,5.976458905774252,0.8251297338843948,0.3163338575784131,3.452970324474237,0.4610336297709329,0.925925925925926
25,3,3,9,27,xy,cvar,2,3,120,4.196268271148428,208,0.1391829379999762,0.0,1.0000000000000009,0.2996026264081751,0.2996026264081748,0.2996026264081748,True,True,1.0,1.0,4.196268271148428,14.376333036698428,9.823837347229857,6.297212263332836,0.7936217459741377,0.3733306448629735,8.089270913020721,0.5461016039281715,1.0
25,3,3,9,27,xy,cvar,3,3,120,4.196268271148428,120,0.0783713810001245,0.0,1.000000000000001,0.2739453316858631,0.2739453316858628,0.2739453316858628,True,True,1.0,1.0,4.196268271148428,14.376333036698428,9.823837347229857,6.321304382147533,0.7912551481803569,0.3776117329294168,7.396523955518297,0.535282203498908,1.0
25,3,3,9,27,penalty_x,expectation,1,3,120,26.15716552734375,245,0.3590368059999491,2.3624835745573494,0.0902579859102843,0.0001796455035218,0.0019903557752824,0.0766204911974197,False,False,0.2927053971449814,1.0,4.196268271148428,14.376333036698428,9.823837347229857,11.006677834959945,0.3310052813358924,1.210186755904509,0.0537396059326263,0.015320075043325,0.1481481481481481
25,3,3,9,27,penalty_x,expectation,2,3,120,23.943735122680664,360,0.7434743959997832,2.3624835745573494,0.0164936719593242,0.0002790981961879,0.0169215318987963,0.2294144987467809,False,False,0.2926659025348448,1.0,4.196268271148428,14.376333036698428,9.823837347229857,10.521340892324442,0.3786805126642739,1.1239440219506414,0.4568813612675003,0.0414003543479477,0.1111111111111111
25,3,3,9,27,penalty_x,expectation,3,3,120,22.676658630371094,360,0.9628633829997852,2.3624835745573494,0.0527055481361458,0.0001170811156043,0.002221419181562,0.1866237939445009,False,False,0.4467268124693139,1.0,4.196268271148428,14.376333036698428,9.823837347229857,12.014640671787012,0.2319918801404424,1.389298344443006,0.0599783179021763,0.0058860348443155,0.2962962962962963
25,3,3,9,27,penalty_x,cvar,1,3,120,6.262245655059815,160,0.2747567149999668,2.3624835745573494,0.0276838967547519,0.0033085588365793,0.1195120349526448,0.1195120349526448,True,False,1.0,1.0,4.196268271148428,14.376333036698428,9.823837347229857,8.477717532402036,0.5794280920743933,0.7607990596598513,3.226824943721412,0.2774420725683243,1.0
25,3,3,9,27,penalty_x,cvar,2,3,120,5.908548127585873,360,0.8372759650001171,2.3624835745573494,0.0237827540258876,0.0006154280854389,0.0258770739826434,0.1803457483687901,False,False,0.2926659025348448,1.0,4.196268271148428,14.376333036698428,9.823837347229857,10.93708203893839,0.3378417600444632,1.197819818230238,0.698680997531373,0.0589619697441217,0.1111111111111111
25,3,3,9,27,penalty_x,cvar,3,3,120,4.530002117156982,360,1.0443424300001425,2.3624835745573494,0.0613035991991637,0.0014938465319573,0.0243680069599855,0.138262457997167,False,False,0.4477492544291408,1.0,4.196268271148428,14.376333036698428,9.823837347229857,10.206693773411487,0.4095886774116869,1.0680322926303774,0.6579361879196106,0.0486917255230235,0.3333333333333333
25,5,5,25,3125,xy,expectation,1,3,120,5.959695233305606,158,0.1255184130000088,0.0,1.0000000000000004,5.355855820521393e-05,5.35585582052139e-05,0.0031044172299641,False,True,0.8633835812743277,1.0,5.331297099177324,16.142272387309102,7.763237687272167,5.959695233305604,0.941874056930078,0.2583937030388396,0.1673704943912934,0.0623568037496684,0.36192
25,5,5,25,3125,xy,expectation,2,3,120,5.797305525883554,342,0.34564391899994,0.0,0.9999999999999996,0.0001340682089635,0.0001340682089635,0.0032203446016592,False,True,0.9140955355553494,1.0,5.331297099177324,16.142272387309102,7.763237687272167,5.797305525883557,0.956894876337585,0.1916199881639784,0.4189631530112236,0.0948709357152386,0.50624
25,5,5,25,3125,xy,expectation,3,3,120,5.867805923882556,360,0.4511306419999528,0.0,1.0000000000000004,4.8278989313460513e-05,4.827898931346049e-05,0.0060148764186535,False,True,0.9075863375079656,1.0,5.331297099177324,16.142272387309102,7.763237687272167,5.867805923882553,0.9503736887370184,0.2206093468449097,0.150871841604564,0.0364128762892288,0.46752
25,5,5,25,3125,xy,cvar,1,3,120,5.5169751210795,139,0.118383451000227,0.0,1.0000000000000009,0.0003215454597487,0.0003215454597487,0.0040917011058544,False,True,0.9567891358375954,1.0,5.331297099177324,16.142272387309102,7.763237687272167,6.746499690226372,0.8690957519251155,0.5819231760746684,1.0048295617149223,0.1870413883022529,0.88672
25,5,5,25,3125,xy,cvar,2,3,120,5.488745999838425,286,0.3087761470001169,0.0,1.0000000000000004,0.001462318936024,0.001462318936024,0.0076800295383222,False,True,0.9567891358375954,1.0,5.331297099177324,16.142272387309102,7.763237687272167,7.2965749526925565,0.8182145642611262,0.8081109641970368,4.569746675075296,0.2586848616650765,0.88672
25,5,5,25,3125,xy,cvar,3,3,120,5.433779866104129,360,0.4832418720002351,0.0,1.0,0.0087633101317372,0.0087633101317372,0.0185168663617304,False,True,0.9822602790687622,1.0,5.331297099177324,16.142272387309102,7.763237687272167,6.360911391997637,0.904762126877617,0.4233714827823576,27.385344161678848,0.4676107745766554,0.992
25,5,5,25,3125,penalty_x,expectation,1,3,120,66.95942687988281,120,5.070830060999924,1.8491243212997597,7.872403094921765e-05,2.56464982584248e-08,0.0003257772493251,0.0003399103868211,False,False,0.8979959926277767,1.0,5.331297099177324,16.142272387309102,7.763237687272167,7.762923588828948,0.7750779717051941,0.9998708445244276,1.0180539041411214,0.1002035989802356,0.4144
25,5,5,25,3125,penalty_x,expectation,2,3,120,58.93971252441406,274,22.457748706000075,1.8491243212997597,0.000941338111365,5.221272858513261e-10,5.546649812086773e-07,0.0303084389022997,False,False,0.9118602274954896,1.0,5.331297099177324,16.142272387309102,7.763237687272167,8.898806773698423,0.6700103756191645,1.4669394852757685,0.0017333280662771,0.0384620778761569,0.49248
25,5,5,25,3125,penalty_x,expectation,3,3,120,62.90521240234375,360,43.88075234100006,1.8491243212997597,0.0005552308222627,1.3409317034529522e-07,0.0002415088733705,0.0069789581010372,False,False,0.4866995683440029,1.0,5.331297099177324,16.142272387309102,7.763237687272167,8.017588878854186,0.7515217907651813,1.1045877489060183,0.7547152292830762,0.0759322364521887,0.08992
25,5,5,25,3125,penalty_x,cvar,1,3,120,32.530555725097656,196,8.485009392999928,1.8491243212997597,0.0001366138630784,9.660218580620494e-08,0.0007071184697463,0.0058331582057335,False,False,0.4839568888049673,1.0,5.331297099177324,16.142272387309102,7.763237687272167,8.238046658120393,0.731129756430571,1.195238721362098,2.2097452179574564,0.0796634475015416,0.06784
25,5,5,25,3125,penalty_x,cvar,2,3,120,21.58238725872192,337,28.005535050999697,1.8491243212997597,0.0013794688541713,1.7592067536043032e-07,0.0001275278342301,0.0055722738260599,False,False,0.4878492502117846,1.0,5.331297099177324,16.142272387309102,7.763237687272167,8.770074424576977,0.6819179367494511,1.41400548279576,0.3985244819692575,0.0588780880547513,0.10176
25,5,5,25,3125,penalty_x,cvar,3,3,120,21.57300124007471,360,44.31342429699998,1.8491243212997597,0.001233651838128,6.682087416720607e-08,5.41650991811451e-05,0.0191910004057794,False,False,0.4898071602638444,1.0,5.331297099177324,16.142272387309102,7.763237687272167,8.904354527511327,0.6694972161987565,1.4692206897756075,0.1692659349410784,0.0305822427514493,0.13952
26,5,4,20,1024,xy,expectation,1,3,120,8.063691799391542,150,0.0981168580001394,0.0,1.0,0.0015697785116098,0.0015697785116098,0.0072451448928052,False,True,0.9351872359148105,1.0,5.36168985175561,16.10641093220399,10.718304372832485,8.063691799391542,0.74852749295162,0.5044234445103828,1.6074531958885026,0.315304983184936,0.8955078125
26,5,4,20,1024,xy,expectation,2,3,120,7.053678132948079,328,0.2687454380002236,0.0,1.0000000000000009,0.0002089265804232,0.0002089265804232,0.0311098027480546,False,True,0.9112455176027282,1.0,5.36168985175561,16.10641093220399,10.718304372832485,7.053678132948073,0.8425284129272294,0.3158689643495779,0.2139408183533596,0.2734848934119575,0.841796875
26,5,4,20,1024,xy,expectation,3,3,120,7.3863149690683025,360,0.3378176419996634,0.0,0.9999999999999986,0.1387009588980942,0.1387009588980944,0.1387009588980944,True,True,1.0,1.0,5.36168985175561,16.10641093220399,10.718304372832485,7.386314969068314,0.8115702490410095,0.377967298066033,142.0297819116487,0.6318955481033716,1.0
26,5,4,20,1024,xy,cvar,1,3,120,5.573451875549992,184,0.130796707999707,0.0,0.9999999999999996,0.0012743024795422,0.0012743024795422,0.0100865998879533,False,True,0.9351872359148105,1.0,5.36168985175561,16.10641093220399,10.718304372832485,8.240301498762904,0.7320906121755588,0.5373938400235281,1.3048857390512452,0.3237993233713163,0.8955078125
26,5,4,20,1024,xy,cvar,2,3,120,5.369509945924103,298,0.2499337910003305,0.0,1.0,0.1830017130553281,0.1830017130553281,0.1830017130553281,True,True,1.0,1.0,5.36168985175561,16.10641093220399,10.718304372832485,7.735276724678923,0.7790927419007267,0.4431132506518567,187.393754168656,0.5688674010500988,1.0
26,5,4,20,1024,xy,cvar,3,3,120,5.36168985175561,328,0.3133462450000479,0.0,1.0,0.2516267336590718,0.2516267336590719,0.2516267336590719,True,True,1.0,1.0,5.36168985175561,16.10641093220399,10.718304372832485,8.063263973367434,0.7485673102740898,0.5043435757756765,257.6657752668896,0.5008708808390324,1.0
26,5,4,20,1024,penalty_x,expectation,1,3,120,13.642573356628418,194,0.4126340709999567,1.99194325065204,0.002289706832542,2.0215995846228907e-06,0.0008829076089092,0.0039077923814743,False,False,0.3362496111025416,1.0,5.36168985175561,16.10641093220399,10.718304372832485,11.14229114725626,0.4620054581017169,1.0791520040793487,0.9040973915230844,0.099018533552125,0.0146484375
26,5,4,20,1024,penalty_x,expectation,2,3,120,57.37299728393555,274,0.9271796289999656,1.99194325065204,0.0013837632136954,2.64259739424233e-07,0.0001909717911336,0.0045106763333059,False,False,0.3398629410491789,1.0,5.36168985175561,16.10641093220399,10.718304372832485,11.852622562284733,0.3958956531370235,1.211760279741804,0.1955551141208215,0.0488469196715175,0.087890625
26,5,4,20,1024,penalty_x,expectation,3,3,120,56.26485443115234,360,1.6813784619998842,1.99194325065204,0.0012154467042968,4.912444069304911e-07,0.0004041677888416,0.0265431388889538,False,False,0.3408663455155444,1.0,5.36168985175561,16.10641093220399,10.718304372832485,11.43104788237309,0.4351311695134106,1.1330585777147386,0.4138678157738231,0.0334530410723655,0.10546875
26,5,4,20,1024,penalty_x,cvar,1,3,120,6.709647178649902,324,0.7879738050000924,1.99194325065204,0.0021388242241542,2.335324097657576e-06,0.001091872848308,0.0061813072438741,False,False,0.3365575067127054,1.0,5.36168985175561,16.10641093220399,10.718304372832485,11.17211051636003,0.4592302004770188,1.0847188353281605,1.118077796667461,0.0983491663984734,0.017578125
26,5,4,20,1024,penalty_x,cvar,2,3,120,5.997073412290405,360,1.3297965609999665,1.99194325065204,0.0232107592034935,7.053225999698043e-05,0.003038774362295,0.003038774362295,True,False,1.0,1.0,5.36168985175561,16.10641093220399,10.718304372832485,10.206299954896958,0.5491171835109953,0.9044164152710776,3.1117049469901428,0.1517211827185158,1.0
26,5,4,20,1024,penalty_x,cvar,3,3,120,6.694267272949219,360,1.7741994120001436,1.99194325065204,0.0085733341385623,4.63680498796748e-06,0.0005408403443779,0.0094226564518149,False,False,0.5025487917257818,1.0,5.36168985175561,16.10641093220399,10.718304372832485,11.154900201350822,0.4608319465698536,1.081505926327244,0.5538205126430449,0.0348786786545118,0.5859375
27,4,4,16,256,xy,expectation,1,3,120,6.024841146988461,130,0.0767712589999973,0.0,1.0,0.0071536910981229,0.0071536910981229,0.0181515133659812,False,True,0.9292643900691484,1.0,4.620047280968231,20.354064863060017,8.962450501968995,6.024841146988461,0.9107161372681352,0.3235060851158075,1.8313449211194852,0.2415337181711435,0.75
27,4,4,16,256,xy,expectation,2,3,120,5.313895435441138,331,0.237348731000111,0.0,1.0000000000000009,0.0046452157450375,0.0046452157450375,0.0481467318307041,False,True,0.9267186422046318,1.0,4.620047280968231,20.354064863060017,8.962450501968995,5.313895435441134,0.955901399572438,0.1597843680470089,1.1891752307296224,0.1480326653849709,0.73046875
27,4,4,16,256,xy,expectation,3,3,120,5.884206004796416,360,0.290121949999957,0.0,0.9999999999999994,0.0267785888682387,0.0267785888682387,0.029995850159752,False,True,0.997866618295584,1.0,4.620047280968231,20.354064863060017,8.962450501968995,5.88420600479642,0.9196544228305024,0.2911196080811783,6.855318750269112,0.4120426282264331,0.9921875
27,4,4,16,256,xy,cvar,1,3,120,4.664130504599394,119,0.0734202120002009,0.0,1.0000000000000004,0.0191418545039519,0.0191418545039519,0.0414333827494276,False,True,0.9907673255654004,1.0,4.620047280968231,20.354064863060017,8.962450501968995,6.621209291113746,0.8728130307656954,0.4608420518084271,4.900314753011688,0.3607339077804508,0.97265625
27,4,4,16,256,xy,cvar,2,3,120,4.6290223137429125,350,0.2621223169999211,0.0,1.0000000000000004,0.130891338480888,0.130891338480888,0.130891338480888,True,True,1.0,1.0,4.620047280968231,20.354064863060017,8.962450501968995,6.4835172957108735,0.8815642600486467,0.4291333438890507,33.508182651107326,0.5019859033490243,1.0
27,4,4,16,256,xy,cvar,3,3,120,4.620047280968231,206,0.1612266070001169,0.0,0.9999999999999988,0.2628263119643769,0.2628263119643772,0.2628263119643772,True,True,1.0,1.0,4.620047280968231,20.354064863060017,8.962450501968995,6.403482110656588,0.8866510209243547,0.4107022629919064,67.28353586288057,0.6112813777006493,1.0
27,4,4,16,256,penalty_x,expectation,1,3,120,45.59535217285156,137,0.2483277439996527,2.1271390383883366,0.0062882928328136,1.143002009484917e-05,0.0018176666384244,0.0258702167093467,False,False,0.4652287750596344,1.0,4.620047280968231,20.354064863060017,8.962450501968995,9.420110681998812,0.6949244923627175,1.1053932941594364,0.46532265943667,0.0382605199388461,0.33984375
27,4,4,16,256,penalty_x,expectation,2,3,120,29.022628784179688,360,1.031810288000088,2.1271390383883366,0.0148201092974886,4.320810330682434e-05,0.0029155050370746,0.0145398532352933,False,False,0.4708932602160628,1.0,4.620047280968231,20.354064863060017,8.962450501968995,8.936639996470646,0.725652224997162,0.9940561702392068,0.7463692894910978,0.093108658269415,0.55078125
27,4,4,16,256,penalty_x,expectation,3,3,120,45.865501403808594,360,1.3870171110002047,2.1271390383883366,0.0038306982155544,3.299160880487761e-06,0.0008612427016807,0.0272493258308431,False,False,0.9306681687155895,1.0,4.620047280968231,20.354064863060017,8.962450501968995,9.145429640018694,0.7123822739208591,1.042137758457062,0.2204781316302712,0.0733387557208965,0.75390625
27,4,4,16,256,penalty_x,cvar,1,3,120,8.089300648445008,283,0.606347698999798,2.1271390383883366,0.0197961903650139,6.571604899363592e-05,0.0033196310897159,0.0100324978628049,False,False,0.9657736437794566,1.0,4.620047280968231,20.354064863060017,8.962450501968995,8.856941287309677,0.7307176006232627,0.9757025754427748,0.849825558967289,0.0983484219647652,0.921875
27,4,4,16,256,penalty_x,cvar,2,3,120,13.854857061181734,360,1.1393336109999836,2.1271390383883366,0.0067251331533371,2.148060593754053e-05,0.0031940789048736,0.0340236321379452,False,False,0.4681400659629404,1.0,4.620047280968231,20.354064863060017,8.962450501968995,9.60004145912215,0.6834887115022631,1.14682905402926,0.817684199647656,0.0740530746685654,0.46484375
27,4,4,16,256,penalty_x,cvar,3,3,120,13.326290449346253,360,1.496622969999862,2.1271390383883366,0.0069200037171626,3.7178951970417984e-06,0.000537267803458,0.0318607767233602,False,False,0.3108231061009112,1.0,4.620047280968231,20.354064863060017,8.962450501968995,9.607988550077536,0.6829836217555456,1.1486591675749007,0.1375405576852718,0.0663802153196623,0.09765625
28,4,3,12,81,xy,expectation,1,3,120,5.998501808806548,154,0.0926916260000325,0.0,1.0000000000000004,0.655741721322492,0.6557417213224916,0.6557417213224916,True,True,1.0,1.0,4.6696486951691085,15.14311335642331,10.946008151510943,5.998501808806545,0.8731219174726937,0.2117235513486597,53.11507942712183,0.7735962923483618,1.0
28,4,3,12,81,xy,expectation,2,3,120,7.94598455252923,357,0.2455073690002791,0.0,0.9999999999999996,0.021021396898588,0.021021396898588,0.1794528134206137,False,True,0.9830852716717228,1.0,4.6696486951691085,15.14311335642331,10.946008151510943,7.945984552529232,0.6871774562355967,0.5220121441657726,1.7027331487856356,0.4173193388548689,0.9876543209876544
28,4,3,12,81,xy,expectation,3,3,120,5.567370753805757,360,0.2821874870001011,0.0,1.000000000000001,0.7062632153957676,0.7062632153957669,0.7062632153957669,True,True,1.0,1.0,4.6696486951691085,15.14311335642331,10.946008151510943,5.567370753805749,0.9142860469126616,0.1430322888421492,57.20732044705712,0.880841214529139,1.0
28,4,3,12,81,xy,cvar,1,3,120,4.6696486951691085,81,0.0489989239999886,0.0,1.0,0.466071437126543,0.466071437126543,0.466071437126543,True,True,1.0,1.0,4.6696486951691085,15.14311335642331,10.946008151510943,7.065121226008089,0.7712817478918078,0.3816659239327853,37.75178640724999,0.6096457207236458,1.0
28,4,3,12,81,xy,cvar,2,3,120,4.735941393931848,326,0.2338633809999919,0.0,1.0000000000000009,0.0638513498939759,0.0638513498939758,0.1700534926356364,False,True,0.9830852716717228,1.0,4.6696486951691085,15.14311335642331,10.946008151510943,8.791707550736579,0.606428341634004,0.6567595250463881,5.171959341412046,0.3698996507206814,0.9876543209876544
28,4,3,12,81,xy,cvar,3,3,120,4.6696486951691085,204,0.1438842849997854,0.0,1.0,0.2777385927393479,0.2777385927393479,0.2777385927393479,True,True,1.0,1.0,4.6696486951691085,15.14311335642331,10.946008151510943,6.929521999422716,0.7842286791099949,0.3600611660267736,22.496826011887183,0.660567143397336,1.0
28,4,3,12,81,penalty_x,expectation,1,3,120,19.12591552734375,297,0.487215859999651,2.2266060708373225,0.0251807567401556,0.0006469762302003,0.0256932798675049,0.0273623286047485,False,False,0.4853689991408705,1.0,4.6696486951691085,15.14311335642331,10.946008151510943,10.960202794348726,0.3993817420847323,1.0022616045076005,2.0811556692679005,0.0960161250994647,0.8271604938271605
28,4,3,12,81,penalty_x,expectation,2,3,120,8.846632957458496,360,0.8676635249998981,2.2266060708373225,0.0088935495948589,0.0008644361514598,0.0971981032139865,0.1263012215991433,False,False,0.4789716349773691,1.0,4.6696486951691085,15.14311335642331,10.946008151510943,10.08998942038189,0.4824691827848595,0.8636122202554692,7.873046360332912,0.1581095582143929,0.7037037037037037
28,4,3,12,81,penalty_x,expectation,3,3,120,16.660499572753906,360,1.1488719969997874,2.2266060708373225,0.0062488749509839,1.190155035146745e-05,0.0019045908975332,0.0910406527247436,False,False,0.4904890923017532,1.0,4.6696486951691085,15.14311335642331,10.946008151510943,10.730271185063945,0.421335471506802,0.9656270537167828,0.1542718627001925,0.1795169964793579,0.9135802469135802
28,4,3,12,81,penalty_x,cvar,1,3,120,5.18459415435791,262,0.4963820629996007,2.2266060708373225,0.0372232194204116,0.0018861471908167,0.0506712535934604,0.0555854223876632,False,False,0.4789716349773691,1.0,4.6696486951691085,15.14311335642331,10.946008151510943,10.619197205092018,0.4319407471786468,0.9479298550868204,4.104371541070299,0.1349245251204676,0.7037037037037037
28,4,3,12,81,penalty_x,cvar,2,3,120,5.076655864715576,360,0.9679852899998878,2.2266060708373225,0.0457511393396998,0.0036610763054341,0.0800215329775899,0.0807775088895193,False,False,0.4853689991408705,1.0,4.6696486951691085,15.14311335642331,10.946008151510943,10.222079145805164,0.4698573365911228,0.8846578162481918,6.481744171184788,0.1564853544152617,0.8271604938271605
28,4,3,12,81,penalty_x,cvar,3,3,120,6.292494773864746,360,1.2397150789997795,2.2266060708373225,0.0116535704381561,0.000169942897628,0.0145829038859741,0.0330330587317651,False,False,0.4910389920566808,1.0,4.6696486951691085,15.14311335642331,10.946008151510943,10.760634343232208,0.4184364157358315,0.9704647559515686,1.181215214763908,0.1418278203391184,0.925925925925926
29,3,3,9,27,xy,expectation,1,3,120,5.329684714284861,140,0.0825620570003593,0.0,1.0,0.7971366407309707,0.7971366407309707,0.7971366407309707,True,True,1.0,1.0,4.205301602971124,14.439778765588288,12.531372476971924,5.329684714284861,0.8901377087028245,0.1350436632511457,21.52268929973621,0.850365232705786,1.0
29,3,3,9,27,xy,expectation,2,3,120,6.094837052621255,342,0.2318207309999707,0.0,0.9999999999999992,0.680521167845875,0.6805211678458755,0.6805211678458755,True,True,1.0,1.0,4.205301602971124,14.439778765588288,12.531372476971924,6.094837052621259,0.8153754784316757,0.2269420328321305,18.37407153183864,0.7637839347307185,1.0
29,3,3,9,27,xy,expectation,3,3,120,6.303051151379078,360,0.2675663069999245,0.0,0.9999999999999992,0.6375557149567299,0.6375557149567304,0.6375557149567304,True,True,1.0,1.0,4.205301602971124,14.439778765588288,12.531372476971924,6.303051151379083,0.7950310978199963,0.2519495185848639,17.21400430383172,0.6723466017606182,1.0
29,3,3,9,27,xy,cvar,1,3,120,4.205301602971124,71,0.0423781399999825,0.0,1.0,0.3167008922464062,0.3167008922464062,0.3167008922464062,True,True,1.0,1.0,4.205301602971124,14.439778765588288,12.531372476971924,9.197105896569122,0.5122560523334547,0.5995390105536494,8.55092409065297,0.4527132464613531,1.0
29,3,3,9,27,xy,cvar,2,3,120,4.205301602971124,68,0.0378909809996912,0.0,0.9999999999999992,0.2599412012454982,0.2599412012454984,0.2599412012454984,True,True,1.0,1.0,4.205301602971124,14.439778765588288,12.531372476971924,9.72473466583772,0.4607020001933185,0.6629096901038543,7.018412433628457,0.332417767581888,1.0
29,3,3,9,27,xy,cvar,3,3,120,4.205301602971124,127,0.0754272690001016,0.0,1.0,0.2500152395251143,0.2500152395251143,0.2500152395251143,True,True,1.0,1.0,4.205301602971124,14.439778765588288,12.531372476971924,9.394442991268798,0.4929744523489946,0.6232401173164908,6.750411467178088,0.3977361307050631,1.0
29,3,3,9,27,penalty_x,expectation,1,3,120,17.007991790771484,360,0.5329412080000111,2.237725810371745,0.0289088246063329,0.0030797393992543,0.1065328473638342,0.1065328473638342,True,False,1.0,1.0,4.205301602971124,14.439778765588288,12.531372476971924,11.626113305287037,0.2749202930051524,0.8912741453460752,2.8763868788235256,0.2105499906297158,1.0
29,3,3,9,27,penalty_x,expectation,2,3,120,16.738096237182617,360,0.7494431569998596,2.237725810371745,0.0210980431875213,0.0015387765597552,0.0729345629866436,0.0729345629866436,True,False,1.0,1.0,4.205301602971124,14.439778765588288,12.531372476971924,11.942523806094764,0.2440041557389067,0.9292765243308326,1.969233200639377,0.1802478001381343,1.0
29,3,3,9,27,penalty_x,expectation,3,3,120,20.92728614807129,360,0.9676496580000276,2.237725810371745,0.0328205892113047,0.0033075870014727,0.1007778068875572,0.305822483419316,False,False,0.4599851432000656,1.0,4.205301602971124,14.439778765588288,12.531372476971924,11.355149008122243,0.3013959295090401,0.8587300676814337,2.7210007859640464,0.1242289066156339,0.8518518518518519
29,3,3,9,27,penalty_x,cvar,1,3,120,5.750164031982422,310,0.5407636039999488,2.237725810371745,0.0938945654779672,0.0082368506118655,0.0877244659468425,0.0877244659468425,True,False,1.0,1.0,4.205301602971124,14.439778765588288,12.531372476971924,11.760003388640008,0.2618380337724067,0.9073549697083878,2.36856058056475,0.1781443691467724,1.0
29,3,3,9,27,penalty_x,cvar,2,3,120,5.828842898745191,335,0.7741935349999949,2.237725810371745,0.0187845315085724,0.0007272985531017,0.0387179500734321,0.0489805094571851,False,False,0.4678078209829887,1.0,4.205301602971124,14.439778765588288,12.531372476971924,12.313969405687134,0.2077105968506104,0.9738888757284476,1.0453846519826668,0.1347538819249732,0.9629629629629628
29,3,3,9,27,penalty_x,cvar,3,3,120,6.711679458618164,360,1.053424305000135,2.237725810371745,0.0453271505452619,0.0139848049730062,0.3085304239242122,0.3730263372700849,False,False,0.4599851432000656,1.0,4.205301602971124,14.439778765588288,12.531372476971924,8.827586288806796,0.5483614245855956,0.5551579797704264,8.33032144595373,0.3217277274964601,0.8518518518518519
29,5,5,25,3125,xy,expectation,1,3,120,6.329504245858328,179,0.1372110000002067,0.0,1.0000000000000004,0.0003715244917871,0.0003715244917871,0.0061466687592637,False,True,0.92507199136122,1.0,5.229354723988305,21.255627324262235,7.32710786895576,6.329504245858325,0.931353375216442,0.5244418412668322,1.161014036834981,0.1464984076641006,0.67616
29,5,5,25,3125,xy,expectation,2,3,120,5.789008250596564,360,0.3600364819999413,0.0,0.9999999999999992,0.0007086721189153,0.0007086721189153,0.0127312575318167,False,True,0.9252338745060016,1.0,5.229354723988305,21.255627324262235,7.32710786895576,5.789008250596568,0.9650789961853826,0.2667871231421494,2.2146003716105427,0.1707184140922897,0.67808
29,5,5,25,3125,xy,expectation,3,3,120,5.79820247199589,360,0.4414212690003296,0.0,1.0,4.841763079638822e-06,4.841763079638823e-06,0.0170119403103663,False,True,0.9189723455704026,1.0,5.229354723988305,21.255627324262235,7.32710786895576,5.79820247199589,0.9645052993796036,0.271170013198293,0.0151305096238713,0.1124367274368928,0.62528
29,5,5,25,3125,xy,cvar,1,3,120,5.429517087709345,184,0.1520329109998783,0.0,0.9999999999999992,0.000697963649639,0.000697963649639,0.0035066776923577,False,True,0.9371761195092492,1.0,5.229354723988305,21.255627324262235,7.32710786895576,6.723706802734553,0.9067561050521064,0.7123584022892415,2.1811364051221798,0.1648683634705489,0.78592
29,5,5,25,3125,xy,cvar,2,3,120,5.377136753764847,344,0.364790517000074,0.0,1.0000000000000002,0.0006077955817441,0.0006077955817441,0.0045939636449488,False,True,0.9681141256699496,1.0,5.229354723988305,21.255627324262235,7.32710786895576,6.007690243710432,0.951433777576651,0.3710329414065553,1.8993611929503904,0.2688652224130794,0.95552
29,5,5,25,3125,xy,cvar,3,3,120,5.366602517059069,360,0.4535189929997614,0.0,1.0000000000000009,0.0017119148211285,0.0017119148211285,0.0056888188642117,False,True,0.955514575227357,1.0,5.229354723988305,21.255627324262235,7.32710786895576,6.174813184933585,0.941005717016874,0.4507005331935511,5.349733816026731,0.3225473088418321,0.91424
29,5,5,25,3125,penalty_x,expectation,1,3,120,61.86868667602539,176,7.404957477999687,1.79987706012741,0.0008001294881943,3.326284456761641e-07,0.0004157182688352,0.0016734040299873,False,False,0.9088355689630236,1.0,5.229354723988305,21.255627324262235,7.32710786895576,7.215710288623813,0.876056297419928,0.9468967163275666,1.2991195901101351,0.1066003008605424,0.51808
29,5,5,25,3125,penalty_x,expectation,2,3,120,60.81681442260742,285,23.344325267000382,1.79987706012741,0.0001175060992638,2.746049609925194e-08,0.0002336942190345,0.0015435272264165,False,False,0.4828970563996104,1.0,5.229354723988305,21.255627324262235,7.32710786895576,7.505512225854384,0.8579733691895909,1.0850454484249588,0.7302944344828778,0.0968509170428624,0.14784
29,5,5,25,3125,penalty_x,expectation,3,3,120,53.04199981689453,360,43.87747303700007,1.79987706012741,0.0004149559348619,3.53633566874123e-09,8.522195663781307e-06,0.020364370195866,False,False,0.9088355689630236,1.0,5.229354723988305,21.255627324262235,7.32710786895576,8.16782007491887,0.8166469880912709,1.4007679397263657,0.0266318614493165,0.0411584947576366,0.51808
29,5,5,25,3125,penalty_x,cvar,1,3,120,6.193674933533367,222,9.609835734999706,1.79987706012741,0.0172956843720868,1.708399508970615e-06,9.877605720695082e-05,0.0027645506709106,False,False,0.4775104663699304,1.0,5.229354723988305,21.255627324262235,7.32710786895576,7.619309014180653,0.85087272943607,1.1392924357786756,0.3086751787717213,0.060300953419741,0.07968
29,5,5,25,3125,penalty_x,cvar,2,3,120,13.039737701416016,360,29.918930873000136,1.79987706012741,0.0004936125778841,8.288837172187868e-09,1.679219198124449e-05,0.0162256316607224,False,False,0.3286666935233102,1.0,5.229354723988305,21.255627324262235,7.32710786895576,7.612336238874446,0.8513078134684037,1.1359685102143475,0.052475599941389,0.0465701642054603,0.03648
29,5,5,25,3125,penalty_x,cvar,3,3,120,17.094047415966102,360,44.31729735099998,1.79987706012741,0.0038758804978832,9.546800017190547e-10,2.463130641516013e-07,0.020981769845928,False,False,0.4758711665197039,1.0,5.229354723988305,21.255627324262235,7.32710786895576,8.28287152300653,0.8094680606539768,1.4556130240317666,0.0007697283254737,0.0239994067101468,0.0656
30,5,4,20,1024,xy,expectation,1,3,120,5.763027154812711,162,0.1072754580000037,0.0,1.0000000000000004,0.00183614402505,0.00183614402505,0.0056234719254756,False,True,0.9451284314690545,1.0,5.400851983437006,15.966494542783511,8.492956001206903,5.7630271548127086,0.9657214249543852,0.1171290387691784,1.8802114816512443,0.1971164610254436,0.6279296875
30,5,4,20,1024,xy,expectation,2,3,120,5.8542565274607,360,0.2981570130000364,0.0,1.0000000000000016,0.0012082590296273,0.0012082590296273,0.0122242539736265,False,True,0.973396227845025,1.0,5.400851983437006,15.966494542783511,8.492956001206903,5.85425652746069,0.9570868935346866,0.146633017976766,1.2372572463384477,0.2139534773757138,0.9306640625
30,5,4,20,1024,xy,expectation,3,3,120,5.749106508483813,360,0.3400507360001938,0.0,1.0000000000000016,0.0026487656239595,0.0026487656239595,0.0277886064211007,False,True,0.9932960045410923,1.0,5.400851983437006,15.966494542783511,8.492956001206903,5.749106508483803,0.9670389639730216,0.1126270406963757,2.712335998934557,0.4086567759749878,0.99609375
30,5,4,20,1024,xy,cvar,1,3,120,5.51666023665605,143,0.0970109649997539,0.0,0.9999999999999998,0.0019093093738961,0.0019093093738961,0.0267522068243608,False,True,0.9651445302721016,1.0,5.400851983437006,15.966494542783511,8.492956001206903,7.850252157419631,0.7681730987751564,0.792146758293466,1.955132798869668,0.2333701631256771,0.8583984375
30,5,4,20,1024,xy,cvar,2,3,120,5.454469096892772,305,0.2566159160001007,0.0,1.0000000000000009,0.0009555585252853,0.0009555585252853,0.091492562892347,False,True,0.9932960045410923,1.0,5.400851983437006,15.966494542783511,8.492956001206903,6.4035110136228806,0.9051019353954096,0.3242643275982085,0.9784919298922204,0.6092339386053013,0.99609375
30,5,4,20,1024,xy,cvar,3,3,120,5.440888432708584,360,0.3446515769996949,0.0,1.0000000000000004,0.0011094188406135,0.0011094188406135,0.1107675871600297,False,True,0.991169107853166,1.0,5.400851983437006,15.966494542783511,8.492956001206903,6.2996630689511495,0.914930769192164,0.2906794468584497,1.1360448927882796,0.6250134075025217,0.9951171875
30,5,4,20,1024,penalty_x,expectation,1,3,120,46.10811614990234,153,0.319748005999827,1.980971873341409,0.0019516843937385,2.0812581169593614e-07,0.0001066390715443,0.0212691545304624,False,False,0.9378703606808996,1.0,5.400851983437006,15.966494542783511,8.492956001206903,7.044585482813165,0.8444265466919386,0.531590622414333,0.1091984092614448,0.2066809595499702,0.5615234375
30,5,4,20,1024,penalty_x,expectation,2,3,120,10.34645175933838,329,1.1016305889997966,1.980971873341409,0.0313693331120248,4.309311043471098e-05,0.0013737337125025,0.003701265314788,False,False,0.977040687174557,1.0,5.400851983437006,15.966494542783511,8.492956001206903,7.689210714751184,0.7834150910878709,0.74006524947521,1.406703321602609,0.1834457209445612,0.951171875
30,5,4,20,1024,penalty_x,expectation,3,3,120,11.79992389678955,360,1.6552764930002013,1.980971873341409,0.0218435102373177,2.234576822957024e-05,0.0010229934651892,0.0030092501860344,False,False,0.510914629572198,1.0,5.400851983437006,15.966494542783511,8.492956001206903,8.083604136515781,0.7460871747260106,0.8676138117157015,1.047545308353776,0.1692584716629902,0.4599609375
30,5,4,20,1024,penalty_x,cvar,1,3,120,13.005400657653809,213,0.505833636999796,1.980971873341409,0.0035879181779137,6.105178272264311e-06,0.0017015935061859,0.0024699580077559,False,False,0.9585645659000304,1.0,5.400851983437006,15.966494542783511,8.492956001206903,8.394858052851017,0.7166281129995757,0.9682746932858242,1.7424317503343618,0.1129894405543227,0.7900390625
30,5,4,20,1024,penalty_x,cvar,2,3,120,5.8095238435836025,360,1.3133316109997395,1.980971873341409,0.0352784550019164,5.616273483610712e-05,0.0015919839696227,0.0049753848858362,False,False,0.977040687174557,1.0,5.400851983437006,15.966494542783511,8.492956001206903,7.520404585855887,0.7993919829756216,0.6854726070785793,1.630191584893658,0.2162429790297914,0.951171875
30,5,4,20,1024,penalty_x,cvar,3,3,120,6.145264846650976,360,1.7544264409998505,1.980971873341409,0.0226287127145496,4.725089456769638e-05,0.0020880946770478,0.0032610137737474,False,False,0.9695137326884172,1.0,5.400851983437006,15.966494542783511,8.492956001206903,8.104931141585944,0.7440686505377874,0.8745110586865663,2.1382089492970056,0.1791748254175157,0.89453125
1,4,3,12,81,xy,expectation,1,3,120,5.461871692001612,163,0.0978555420000475,0.0,1.0000000000000009,0.0297733496826657,0.0297733496826657,0.1910450125594104,False,True,0.964922819008916,,,,,,,,,,
1,4,3,12,81,xy,expectation,2,3,120,5.0632103872958565,360,0.2682734339999797,0.0,0.999999999999999,0.0210144743416294,0.0210144743416294,0.1914602345306975,False,True,0.9525764048723864,,,,,,,,,,
1,4,3,12,81,xy,expectation,3,3,120,5.105974366120917,360,0.2966641209999352,0.0,1.0000000000000004,0.0669214146380847,0.0669214146380847,0.1804202847266457,False,True,0.9478925856544834,,,,,,,,,,
1,4,3,12,81,xy,cvar,1,3,120,4.731422556066407,127,0.0721992119999868,0.0,1.0000000000000004,0.0440562749049018,0.0440562749049018,0.0837005565866876,False,True,0.964922819008916,,,,,,,,,,
1,4,3,12,81,xy,cvar,2,3,120,4.688098009091396,360,0.2518490190000193,0.0,0.9999999999999986,0.2399382419947351,0.2399382419947354,0.2754255124237652,False,True,0.9992137693364664,,,,,,,,,,
1,4,3,12,81,xy,cvar,3,3,120,4.687949549467476,307,0.2238131719999501,0.0,0.9999999999999982,0.2508339060856684,0.2508339060856689,0.2508339060856689,True,True,1.0,,,,,,,,,,
1,4,3,12,81,penalty_x,expectation,1,3,120,20.878129959106445,286,0.5039058129999603,2.060134612458024,0.0122240968776168,0.0001429076510248,0.0116906510522298,0.0306297388665817,False,False,0.317662348204376,,,,,,,,,,
1,4,3,12,81,penalty_x,expectation,2,3,120,23.656421661376957,360,0.8321910270000217,2.060134612458024,0.027726998712751,9.46072323131375e-05,0.0034120978362374,0.0383440438651584,False,False,0.3166084285978395,,,,,,,,,,
1,4,3,12,81,penalty_x,expectation,3,3,120,19.36749267578125,360,1.108505101999981,2.060134612458024,0.0357767510795383,0.0003782126295845,0.0105714638186055,0.1172118237107778,False,False,0.484254985146168,,,,,,,,,,
1,4,3,12,81,penalty_x,cvar,1,3,120,7.336171150207519,195,0.3894423130000177,2.060134612458024,0.0282328329340089,0.0002978797128889,0.0105508261811781,0.0471466906565099,False,False,0.4844395739184411,,,,,,,,,,
1,4,3,12,81,penalty_x,cvar,2,3,120,9.790827751159668,360,0.9304079699999191,2.060134612458024,0.0153108926576805,2.0293393390602432e-05,0.00132542196228,0.1763162289960618,False,False,0.317662348204376,,,,,,,,,,
1,4,3,12,81,penalty_x,cvar,3,3,120,6.643350520333679,360,1.2002220840000746,2.060134612458024,0.027747425087,0.0002050069306278,0.0073883226996766,0.0891337435068807,False,False,0.317662348204376,,,,,,,,,,
2,3,3,9,27,xy,expectation,1,3,120,4.765770014799923,162,0.0901796360000162,0.0,0.9999999999999992,0.7045481095659518,0.7045481095659523,0.7045481095659523,True,True,1.0,,,,,,,,,,
2,3,3,9,27,xy,expectation,2,3,120,4.413855520155416,333,0.2192984780000415,0.0,1.0,0.590677433465621,0.590677433465621,0.590677433465621,True,True,1.0,,,,,,,,,,
2,3,3,9,27,xy,expectation,3,3,120,4.385909086566227,360,0.2628322379999872,0.0,0.9999999999999986,0.7988209468729917,0.7988209468729928,0.7988209468729928,True,True,1.0,,,,,,,,,,
2,3,3,9,27,xy,cvar,1,3,120,3.978795409210631,45,0.0265680369999472,0.0,0.9999999999999996,0.2565107939531553,0.2565107939531554,0.2565107939531554,True,True,1.0,,,,,,,,,,
2,3,3,9,27,xy,cvar,2,3,120,3.978795409210631,125,0.0768274229999406,0.0,1.0000000000000002,0.3064386206141049,0.3064386206141048,0.3064386206141048,True,True,1.0,,,,,,,,,,
2,3,3,9,27,xy,cvar,3,3,120,3.978795409210631,118,0.0669384330000184,0.0,1.0000000000000002,0.3553306205320645,0.3553306205320644,0.3553306205320644,True,True,1.0,,,,,,,,,,
2,3,3,9,27,penalty_x,expectation,1,3,120,16.08506202697754,237,0.3326260250000814,2.127792095270836,0.0584827178390696,0.0028352150693535,0.0484795367608497,0.0709150152087021,False,False,0.4381290576959615,,,,,,,,,,
2,3,3,9,27,penalty_x,expectation,2,3,120,18.590347290039062,360,0.7230381970000508,2.127792095270836,0.1451756491442211,0.0022970947902649,0.0158228656376316,0.1162305006345536,False,True,0.432554385253752,,,,,,,,,,
2,3,3,9,27,penalty_x,expectation,3,3,120,13.104551315307615,360,0.941883000999951,2.127792095270836,0.0191288111891481,0.0006559991161338,0.0342937733896422,0.0912110543083761,False,False,0.9819206656275986,,,,,,,,,,
2,3,3,9,27,penalty_x,cvar,1,3,120,5.375206470489502,281,0.4837368909999213,2.127792095270836,0.0121107322629541,0.0004795628483407,0.039598171103796,0.0515828508125096,False,False,0.4381290576959615,,,,,,,,,,
2,3,3,9,27,penalty_x,cvar,2,3,120,5.269318417866136,358,0.8412016779999476,2.127792095270836,0.0508847286182572,0.0035584589932113,0.0699317671497736,0.1203017574731159,False,False,0.4358772703470543,,,,,,,,,,
2,3,3,9,27,penalty_x,cvar,3,3,120,4.1236114501953125,360,1.0248288039999809,2.127792095270836,0.1151471476332517,0.0133572779595851,0.1160018136283206,0.1203358829572044,False,False,0.4358772703470543,,,,,,,,,,
2,5,5,25,3125,xy,expectation,1,3,120,6.983243699013415,155,0.1213922350000302,0.0,1.0000000000000009,0.0001760902118003,0.0001760902118003,0.0021451309319816,False,True,0.8403738393098509,,,,,,,,,,
2,5,5,25,3125,xy,expectation,2,3,120,7.509383568232482,360,0.3871382499999072,0.0,1.0000000000000004,2.877099736357531e-05,2.8770997363575297e-05,0.0037232356997926,False,True,0.876152632117408,,,,,,,,,,
2,5,5,25,3125,xy,expectation,3,3,120,6.057211973202263,360,0.4660420650000105,0.0,0.9999999999999998,9.112898019841606e-06,9.112898019841608e-06,0.0087182970720213,False,True,0.876152632117408,,,,,,,,,,
2,5,5,25,3125,xy,cvar,1,3,120,5.431693607245588,244,0.2131851400000641,0.0,1.0000000000000009,0.0013889686413604,0.0013889686413604,0.0022165645232055,False,True,0.9715431780669138,,,,,,,,,,
2,5,5,25,3125,xy,cvar,2,3,120,5.514286304008508,360,0.4107000149999749,0.0,1.0000000000000002,0.0003108685465049,0.0003108685465049,0.0047271578616043,False,True,0.930822459093314,,,,,,,,,,
2,5,5,25,3125,xy,cvar,3,3,120,5.319721810501208,360,0.4880269400000543,0.0,1.0,0.0107780360167032,0.0107780360167032,0.0121226124348601,False,True,0.9842352458282132,,,,,,,,,,
2,5,5,25,3125,penalty_x,expectation,1,3,120,80.29147338867188,102,4.332253856000079,1.85884002948092,9.314110783975592e-05,2.9858938432880684e-08,0.0003205774456135,0.0003215538008893,False,False,0.8883977272014285,,,,,,,,,,
2,5,5,25,3125,penalty_x,expectation,2,3,120,74.81483459472656,346,28.35193597699993,1.85884002948092,0.0002432381350069,9.883144969080604e-09,4.063156037928241e-05,0.0164220260365085,False,False,0.9111676709351956,,,,,,,,,,
2,5,5,25,3125,penalty_x,expectation,3,3,120,12.027871131896973,360,43.91016731700006,1.85884002948092,0.000748700092956,6.742893049471732e-11,9.006133581270274e-08,0.011008342961205,False,False,0.9065034420551004,,,,,,,,,,
2,5,5,25,3125,penalty_x,cvar,1,3,120,29.277759552001957,347,14.934864689999928,1.85884002948092,0.0023378548559094,7.021476449153852e-07,0.0003003384248344,0.0007044828778824,False,False,0.4835510487664537,,,,,,,,,,
2,5,5,25,3125,penalty_x,cvar,2,3,120,31.3486003487468,360,29.90102704699996,1.85884002948092,0.0002601171340435,2.862308576823125e-07,0.0011003921703763,0.0037986664729105,False,False,0.3343236446822502,,,,,,,,,,
2,5,5,25,3125,penalty_x,cvar,3,3,120,10.545991897583008,360,44.31230920499991,1.85884002948092,0.0200214546773302,4.534470008366043e-06,0.0002264805470653,0.0052241145057188,False,True,0.4878083996709097,,,,,,,,,,
3,5,4,20,1024,xy,expectation,1,3,120,5.83984473107588,122,0.0797356320001654,0.0,0.9999999999999992,0.0008147468860273,0.0008147468860273,0.0039266893577226,False,True,0.8949828929607481,,,,,,,,,,
3,5,4,20,1024,xy,expectation,2,3,120,5.687321367959924,330,0.2719929899999442,0.0,1.000000000000001,0.0006386532046738,0.0006386532046738,0.0082378759778558,False,True,0.8767440821618281,,,,,,,,,,
3,5,4,20,1024,xy,expectation,3,3,120,6.067445088213199,360,0.3509762269998191,0.0,1.0000000000000009,0.0004143691227031,0.0004143691227031,0.0202561120028558,False,True,0.947016700584242,,,,,,,,,,
3,5,4,20,1024,xy,cvar,1,3,120,5.244961284703994,161,0.1127088179998736,0.0,1.0000000000000002,0.0089023984514718,0.0089023984514718,0.011432768386805,False,True,0.9948050637624016,,,,,,,,,,
3,5,4,20,1024,xy,cvar,2,3,120,5.085382800802456,324,0.277765914000156,0.0,1.0000000000000009,0.1053682909793428,0.1053682909793427,0.1076389389381656,False,True,0.9968690819822448,,,,,,,,,,
3,5,4,20,1024,xy,cvar,3,3,120,5.081757270208637,360,0.3622287759999381,0.0,1.0,0.1377230098400304,0.1377230098400304,0.1418390179756953,False,True,0.9968690819822448,,,,,,,,,,
3,5,4,20,1024,penalty_x,expectation,1,3,120,39.05243682861328,143,0.2929484820001562,1.7951054864468128,3.142968376787514e-05,1.2352283640382213e-08,0.0003930132969714,0.0035495450549636,False,False,0.4732162018453812,,,,,,,,,,
3,5,4,20,1024,penalty_x,expectation,2,3,120,29.061185836791992,360,1.2022862829999212,1.7951054864468128,0.0042010687196309,7.393306532321731e-06,0.0017598632694994,0.0081088026127097,False,False,0.9137292925901,,,,,,,,,,
3,5,4,20,1024,penalty_x,expectation,3,3,120,9.593283653259276,360,1.6474947040001098,1.7951054864468128,0.0232421096818598,2.663598252183874e-06,0.0001146022580842,0.0022727414801354,False,False,0.9237334883501792,,,,,,,,,,
3,5,4,20,1024,penalty_x,cvar,1,3,120,14.308130062595612,170,0.3959237099998063,1.7951054864468128,0.0052185516025247,7.675804226892069e-06,0.0014708687029517,0.0022128128005579,False,False,0.910043432780216,,,,,,,,,,
3,5,4,20,1024,penalty_x,cvar,2,3,120,13.806015968322754,360,1.3030035889999,1.7951054864468128,0.0016915773802352,3.38998279403313e-06,0.002004036489044,0.0054149127759576,False,False,0.479232879128313,,,,,,,,,,
3,5,4,20,1024,penalty_x,cvar,3,3,120,5.602361488060774,360,1.7790153070000088,1.7951054864468128,0.0383361403186708,3.1985398436518157e-06,8.343406031655285e-05,0.0061780128117742,False,False,0.4753681755906686,,,,,,,,,,
4,4,4,16,256,xy,expectation,1,3,120,8.131277031051091,178,0.142759936999937,0.0,1.0000000000000004,0.0099115513168751,0.0099115513168751,0.0281130409998317,False,True,0.9589518798584602,,,,,,,,,,
4,4,4,16,256,xy,expectation,2,3,120,6.629733276401993,341,0.244261372999972,0.0,0.9999999999999992,0.014705167034465,0.014705167034465,0.0728585931929189,False,True,0.9730565167811176,,,,,,,,,,
4,4,4,16,256,xy,expectation,3,3,120,6.422586096278767,360,0.2861334229999102,0.0,1.0000000000000002,0.1348113512758522,0.1348113512758522,0.1348113512758522,True,True,1.0,,,,,,,,,,
4,4,4,16,256,xy,cvar,1,3,120,4.702720169418439,192,0.124429364999969,0.0,1.0000000000000002,0.0226801368980675,0.0226801368980675,0.0412933807858992,False,True,0.9876555414926276,,,,,,,,,,
4,4,4,16,256,xy,cvar,2,3,120,4.645585892694074,348,0.2659425279998686,0.0,1.0000000000000002,0.2421436943820459,0.2421436943820458,0.2421436943820458,True,True,1.0,,,,,,,,,,
4,4,4,16,256,xy,cvar,3,3,120,4.645221902463726,347,0.288959517999956,0.0,1.0000000000000016,0.253314950939885,0.2533149509398846,0.2533149509398846,True,True,1.0,,,,,,,,,,
4,4,4,16,256,penalty_x,expectation,1,3,120,45.88590240478516,133,0.2349411899999722,2.1144283869480907,0.0444896165136015,0.0001368330704281,0.0030756181138643,0.0064233001855913,False,False,0.4681076601463734,,,,,,,,,,
4,4,4,16,256,penalty_x,expectation,2,3,120,50.52654647827149,360,1.0086958370000048,2.1144283869480907,0.0026626046277868,3.4791059988492634e-06,0.0013066551310477,0.039341831828685,False,False,0.3124691053380399,,,,,,,,,,
4,4,4,16,256,penalty_x,expectation,3,3,120,50.29151916503906,360,1.3545630930000243,2.1144283869480907,0.0033376754091012,2.6087320748047205e-06,0.0007816014905737,0.0300629820493427,False,False,0.3097625381203642,,,,,,,,,,
4,4,4,16,256,penalty_x,cvar,1,3,120,5.847607612609863,248,0.5185578890000215,2.1144283869480907,0.0060643442330103,3.408453630981967e-05,0.0056204817866844,0.0082703355548018,False,False,0.4731799943124903,,,,,,,,,,
4,4,4,16,256,penalty_x,cvar,2,3,120,13.645583152770996,360,1.109713549999924,2.1144283869480907,0.0056840074984165,1.218698434968246e-05,0.0021440830880461,0.0197387201919278,False,False,0.471068143309403,,,,,,,,,,
4,4,4,16,256,penalty_x,cvar,3,3,120,7.884581558977459,360,1.4622128119999616,2.1144283869480907,0.0096979991697487,9.33887204155326e-05,0.009629689462837,0.0189321933835838,False,False,0.3137472856268983,,,,,,,,,,
5,4,3,12,81,xy,expectation,1,3,120,4.862463880277595,154,0.0896521810000194,0.0,0.9999999999999996,0.0089599254024376,0.0089599254024376,0.0543655009068354,False,True,0.9511566901841422,,,,,,,,,,
5,4,3,12,81,xy,expectation,2,3,120,4.706132041655049,360,0.2671109640000395,0.0,0.999999999999999,0.7353217585282033,0.735321758528204,0.735321758528204,True,True,1.0,,,,,,,,,,
5,4,3,12,81,xy,expectation,3,3,120,4.683659633642417,360,0.2689182730000539,0.0,1.0000000000000018,0.0488831102400213,0.0488831102400212,0.0597565297488563,False,True,0.9790765212004672,,,,,,,,,,
5,4,3,12,81,xy,cvar,1,3,120,4.534546739072343,80,0.047070733000055,0.0,0.9999999999999994,0.3444603108652153,0.3444603108652154,0.3444603108652154,True,True,1.0,,,,,,,,,,
5,4,3,12,81,xy,cvar,2,3,120,4.534546739072343,173,0.1140877369998634,0.0,1.0000000000000004,0.6839585102697483,0.683958510269748,0.683958510269748,True,True,1.0,,,,,,,,,,
5,4,3,12,81,xy,cvar,3,3,120,4.534546739072343,132,0.0882230099998651,0.0,1.0,0.2625515168838583,0.2625515168838583,0.2625515168838583,True,True,1.0,,,,,,,,,,
5,4,3,12,81,penalty_x,expectation,1,3,120,21.36703872680664,128,0.1960511499999029,1.9966558669053696,0.0440013321795049,0.0003414783568587,0.0077606367794875,0.0262696845965051,False,False,0.4643272226325369,,,,,,,,,,
5,4,3,12,81,penalty_x,expectation,2,3,120,21.531227111816406,263,0.6109232510000311,1.9966558669053696,0.023111394533771,0.0003508627123665,0.0151813734932271,0.0300382242272125,False,False,0.4722386403574209,,,,,,,,,,
5,4,3,12,81,penalty_x,expectation,3,3,120,11.945080757141112,360,1.1437068660000025,1.9966558669053696,0.0016130270311167,3.366115925018676e-05,0.0208683168978772,0.1895822238382619,False,False,0.9801086150104954,,,,,,,,,,
5,4,3,12,81,penalty_x,cvar,1,3,120,5.190187763582931,199,0.3678274080000392,1.9966558669053696,0.1220647078007459,0.001697186846286,0.0139039930284885,0.0161317450015367,False,False,0.4702801207783869,,,,,,,,,,
5,4,3,12,81,penalty_x,cvar,2,3,120,8.004495144158312,360,0.94378594900013,1.9966558669053696,0.0154373915529504,9.17362776817754e-05,0.0059424726882853,0.0792894848924965,False,False,0.9801086150104954,,,,,,,,,,
5,4,3,12,81,penalty_x,cvar,3,3,120,4.741909980773926,360,1.2144400669999411,1.9966558669053696,0.0935049876134144,0.0027196165174245,0.0290852561648211,0.0294359152711365,False,False,0.9909627979986564,,,,,,,,,,
6,3,3,9,27,xy,expectation,1,3,120,5.212275553176345,168,0.0961667090000446,0.0,1.000000000000001,0.8295362313446667,0.8295362313446658,0.8295362313446658,True,True,1.0,,,,,,,,,,
6,3,3,9,27,xy,expectation,2,3,120,4.494937795631382,360,0.2358729649999986,0.0,0.9999999999999996,0.9569120159379132,0.9569120159379136,0.9569120159379136,True,True,1.0,,,,,,,,,,
6,3,3,9,27,xy,expectation,3,3,120,4.806477482213528,360,0.264138315000082,0.0,0.999999999999999,0.8933383653673732,0.8933383653673741,0.8933383653673741,True,True,1.0,,,,,,,,,,
6,3,3,9,27,xy,cvar,1,3,120,5.212986059256789,161,0.0941209739999067,0.0,1.0000000000000004,0.2010483524087223,0.2010483524087222,0.2010483524087222,True,True,1.0,,,,,,,,,,
6,3,3,9,27,xy,cvar,2,3,120,4.251105364748208,161,0.1030937680000079,0.0,1.0000000000000004,0.507558001190657,0.5075580011906567,0.5075580011906567,True,True,1.0,,,,,,,,,,
6,3,3,9,27,xy,cvar,3,3,120,4.251105364748208,85,0.046659967000096,0.0,1.0,0.4401537473104304,0.4401537473104304,0.4401537473104304,True,True,1.0,,,,,,,,,,
6,3,3,9,27,penalty_x,expectation,1,3,120,28.561119079589844,276,0.3929568969999764,2.292364070362003,0.0777164031132997,0.009532818570733,0.1226616028129292,0.1226616028129292,True,False,1.0,,,,,,,,,,
6,3,3,9,27,penalty_x,expectation,2,3,120,15.337519645690918,351,0.7037743930000033,2.292364070362003,0.0269176166164015,0.0077787647023797,0.2889841553668577,0.2889841553668577,True,False,1.0,,,,,,,,,,
6,3,3,9,27,penalty_x,expectation,3,3,120,24.92416763305664,360,0.9303836670001148,2.292364070362003,0.0523451758490409,0.0015046434709802,0.0287446444982722,0.1133324937795587,False,False,0.2969602054971895,,,,,,,,,,
6,3,3,9,27,penalty_x,cvar,1,3,120,5.1686347227474885,338,0.5729222390000359,2.292364070362003,0.1031078413361683,0.0098421601578593,0.0954550112805714,0.0954550112805714,True,False,1.0,,,,,,,,,,
6,3,3,9,27,penalty_x,cvar,2,3,120,5.017131805419922,360,0.8251637669998217,2.292364070362003,0.041143623937387,0.0002446881553623,0.0059471707143433,0.07522691380468,False,False,0.4604193098653079,,,,,,,,,,
6,3,3,9,27,penalty_x,cvar,3,3,120,5.149872779846191,360,1.0316986769998948,2.292364070362003,0.071979154508881,0.0210393872112035,0.2922983376889716,0.2922983376889716,True,False,1.0,,,,,,,,,,
6,5,5,25,3125,xy,expectation,1,3,120,7.295484744502357,153,0.119127459000083,0.0,0.9999999999999988,0.0003989837453804,0.0003989837453804,0.0033326593966425,False,True,0.9290831080656232,,,,,,,,,,
6,5,5,25,3125,xy,expectation,2,3,120,6.318821429903943,360,0.3850368200000957,0.0,1.000000000000001,0.0002979399649157,0.0002979399649157,0.0106750179207982,False,True,0.9314716371220084,,,,,,,,,,
6,5,5,25,3125,xy,expectation,3,3,120,5.7289629904379655,360,0.4705615189998298,0.0,1.0000000000000024,0.0002975725654874,0.0002975725654874,0.0082635588471473,False,True,0.924623946383932,,,,,,,,,,
6,5,5,25,3125,xy,cvar,1,3,120,5.436548801190584,186,0.1620671969999421,0.0,1.0,0.000679101998219,0.000679101998219,0.0067232502760314,False,True,0.9431536554575596,,,,,,,,,,
6,5,5,25,3125,xy,cvar,2,3,120,5.4268275778541,353,0.3963539159999527,0.0,1.0,0.0008329256972495,0.0008329256972495,0.0042420349826191,False,True,0.941415804137394,,,,,,,,,,
6,5,5,25,3125,xy,cvar,3,3,120,5.347514952313618,360,0.4865572680000696,0.0,1.000000000000002,0.0082947251842018,0.0082947251842018,0.0130045093315066,False,True,0.99662386261947,,,,,,,,,,
6,5,5,25,3125,penalty_x,expectation,1,3,120,84.74288940429688,106,4.494859102999953,1.9550394915346636,5.926625060581614e-05,1.2470606769454662e-08,0.0002104166644925,0.0004841001806137,False,False,0.3294103075539508,,,,,,,,,,
6,5,5,25,3125,penalty_x,expectation,2,3,120,79.62162780761719,261,21.400766148999992,1.9550394915346636,0.0001292997921541,3.717148331361386e-07,0.0028748293167638,0.0062668277477959,False,False,0.9709431017388788,,,,,,,,,,
6,5,5,25,3125,penalty_x,expectation,3,3,120,75.69500732421875,360,43.89023098299981,1.9550394915346636,0.0003224080436527,2.83211903706615e-07,0.0008784269167044,0.0185847262648267,False,False,0.4857674851685332,,,,,,,,,,
6,5,5,25,3125,penalty_x,cvar,1,3,120,36.92530177242798,295,12.691256602000069,1.9550394915346636,0.0005642071523083,2.502572442608653e-07,0.0004435556040667,0.0732322233840303,False,False,0.4857674851685332,,,,,,,,,,
6,5,5,25,3125,penalty_x,cvar,2,3,120,20.29964828491211,360,29.878359602999808,1.9550394915346636,0.0013493963854383,1.468887035116495e-06,0.0010885511855282,0.0078009613096995,False,False,0.9239729583347108,,,,,,,,,,
6,5,5,25,3125,penalty_x,cvar,3,3,120,29.915878792791656,360,44.2789060099999,1.9550394915346636,0.0004516928872155,1.8791880052049242e-07,0.0004160322330487,0.0144710305482866,False,False,0.940113892796911,,,,,,,,,,
7,5,4,20,1024,xy,expectation,1,3,120,5.620706934522029,172,0.1137364100000013,0.0,1.0000000000000009,0.0001416725629279,0.0001416725629279,0.0222603752675773,False,True,0.9222747449065232,,,,,,,,,,
7,5,4,20,1024,xy,expectation,2,3,120,5.493415483473683,360,0.3008430150000549,0.0,1.0000000000000004,0.0006609606018658,0.0006609606018658,0.002267132364553,False,True,0.8960958247374907,,,,,,,,,,
7,5,4,20,1024,xy,expectation,3,3,120,5.53271270634221,360,0.347520164999878,0.0,1.0000000000000018,0.003599576915258,0.003599576915258,0.0204172796150255,False,True,0.9965090889898004,,,,,,,,,,
7,5,4,20,1024,xy,cvar,1,3,120,5.285812541096231,245,0.173858225999993,0.0,1.0000000000000004,0.0052337866459298,0.0052337866459298,0.0287290709586996,False,True,0.9647828632767204,,,,,,,,,,
7,5,4,20,1024,xy,cvar,2,3,120,5.205144729120061,304,0.2586064239999359,0.0,1.000000000000001,0.0018320454801501,0.0018320454801501,0.0776468285669073,False,True,0.9953248532828648,,,,,,,,,,
7,5,4,20,1024,xy,cvar,3,3,120,5.196474541096412,360,0.4159183289998509,0.0,0.9999999999999992,0.0087751947358432,0.0087751947358432,0.1252100600058601,False,True,0.9980782412457536,,,,,,,,,,
7,5,4,20,1024,penalty_x,expectation,1,3,120,32.42428970336914,149,0.3223850950000724,1.807326801607937,0.0028221879593813,4.865114988206187e-06,0.0017238805700498,0.0338886145505069,False,False,0.4917375729420379,,,,,,,,,,
7,5,4,20,1024,penalty_x,expectation,2,3,120,9.117782592773438,345,1.157313947000148,1.807326801607937,0.0134323862293399,1.4239612937672064e-05,0.0010600955552163,0.0031135642285721,False,False,0.9953248532828648,,,,,,,,,,
7,5,4,20,1024,penalty_x,expectation,3,3,120,37.7284049987793,360,1.6328730409998116,1.807326801607937,0.0021025418394969,4.1624926438998965e-07,0.0001979743073695,0.0427390519704021,False,False,0.9609903332336226,,,,,,,,,,
7,5,4,20,1024,penalty_x,cvar,1,3,120,12.077661514282228,223,0.5224431490000825,1.807326801607937,0.0038399848775797,1.0626281436998395e-05,0.0027672716887614,0.0370374531238793,False,False,0.4917375729420379,,,,,,,,,,
7,5,4,20,1024,penalty_x,cvar,2,3,120,5.552627271726998,333,1.1842474079999192,1.807326801607937,0.0544043786194379,6.15188546362333e-05,0.00113077028352,0.0017900211651094,False,False,0.9953248532828648,,,,,,,,,,
7,5,4,20,1024,penalty_x,cvar,3,3,120,14.173827606719112,360,1.740367064000111,1.807326801607937,0.0015329093054057,6.016790052854049e-07,0.0003925078953879,0.0149186994845544,False,False,0.9476132941977694,,,,,,,,,,
8,4,4,16,256,xy,expectation,1,3,120,5.362535029283086,203,0.1445884669999486,0.0,1.0000000000000009,0.0024827272381445,0.0024827272381445,0.0294774840512872,False,True,0.958658400894564,,,,,,,,,,
8,4,4,16,256,xy,expectation,2,3,120,4.889877358615227,360,0.2554134280001108,0.0,0.9999999999999994,0.0036091097838419,0.0036091097838419,0.0413403228069706,False,True,0.9664857795922792,,,,,,,,,,
8,4,4,16,256,xy,expectation,3,3,120,4.807478612373242,360,0.2883092680001482,0.0,1.0000000000000004,0.002511053225433,0.002511053225433,0.033718620033928,False,True,0.954473088863754,,,,,,,,,,
8,4,4,16,256,xy,cvar,1,3,120,4.673425900523616,136,0.0847897910000483,0.0,1.0,0.0133816469616886,0.0133816469616886,0.0278918029904377,False,True,0.9784558983256046,,,,,,,,,,
8,4,4,16,256,xy,cvar,2,3,120,4.645603957924308,360,0.2642071729999315,0.0,1.0000000000000004,0.0385992326518291,0.0385992326518291,0.0392659066026877,False,True,0.9961954011141144,,,,,,,,,,
8,4,4,16,256,xy,cvar,3,3,120,4.624285675901108,360,0.3137250980000772,0.0,1.0000000000000002,0.0713188266333456,0.0713188266333456,0.0713188266333456,True,True,1.0,,,,,,,,,,
8,4,4,16,256,penalty_x,expectation,1,3,120,40.29248046875,146,0.2563594559999274,2.0209476955908574,0.0053513100092459,2.05765481950948e-05,0.0038451422473268,0.005592202619505,False,False,0.9599840959262034,,,,,,,,,,
8,4,4,16,256,penalty_x,expectation,2,3,120,38.89201736450195,263,0.7290021710000474,2.0209476955908574,0.0062842549807227,3.457146158325486e-05,0.0055012824414834,0.0309099824749131,False,False,0.3107347250952652,,,,,,,,,,
8,4,4,16,256,penalty_x,expectation,3,3,120,31.68083000183105,360,1.3591697470001236,2.0209476955908574,0.0069971480780302,0.0001632446219446,0.0233301653936941,0.037119621576042,False,False,0.979582517846181,,,,,,,,,,
8,4,4,16,256,penalty_x,cvar,1,3,120,16.86096753347307,136,0.2783558819999143,2.0209476955908574,0.0043819637508875,4.225206339469878e-06,0.0009642266754521,0.0399598266798665,False,False,0.469793164955387,,,,,,,,,,
8,4,4,16,256,penalty_x,cvar,2,3,120,15.955702781677246,343,1.0549445960000412,2.0209476955908574,0.0166153020761647,0.0002208764635724,0.0132935569007408,0.0281182434766788,False,False,0.4760636580801291,,,,,,,,,,
8,4,4,16,256,penalty_x,cvar,3,3,120,13.15039028530005,360,1.450811136000084,2.0209476955908574,0.0054252368446601,7.604725396959111e-06,0.0014017315031037,0.0890607857123977,False,False,0.4753514129356018,,,,,,,,,,
9,4,3,12,81,xy,expectation,1,3,120,4.768428262178953,153,0.0899690829999144,0.0,0.999999999999999,0.0394928904549762,0.0394928904549763,0.7939169370859204,False,True,0.9962328652752116,,,,,,,,,,
9,4,3,12,81,xy,expectation,2,3,120,4.688620714272445,360,0.2448761399998602,0.0,1.0,0.0942131286500658,0.0942131286500658,0.549624559844278,False,True,0.9962328652752116,,,,,,,,,,
9,4,3,12,81,xy,expectation,3,3,120,4.747860471698938,360,0.2689440700000887,0.0,1.0000000000000002,0.0821968593954367,0.0821968593954366,0.637212564741227,False,True,0.9962328652752116,,,,,,,,,,
9,4,3,12,81,xy,cvar,1,3,120,4.645090919445353,149,0.088935617999823,0.0,1.0,0.0730912887436561,0.0730912887436561,0.4439143646218857,False,True,0.9962328652752116,,,,,,,,,,
9,4,3,12,81,xy,cvar,2,3,120,4.638971373850427,329,0.2329044660000363,0.0,1.0000000000000004,0.160423654709568,0.1604236547095679,0.3638427237827059,False,True,0.9962328652752116,,,,,,,,,,
9,4,3,12,81,xy,cvar,3,3,120,4.633686233559018,360,0.2736002520000511,0.0,0.9999999999999992,0.235848177486735,0.2358481774867351,0.2867272228197557,False,True,0.9962328652752116,,,,,,,,,,
9,4,3,12,81,penalty_x,expectation,1,3,120,23.518856048583984,215,0.3376092050000352,1.961970012608283,0.031037044351251,0.0008645736379548,0.0278561846344122,0.0303145391173132,False,False,0.4738349455725149,,,,,,,,,,
9,4,3,12,81,penalty_x,expectation,2,3,120,7.680666446685791,351,0.8215023779998774,1.961970012608283,0.0685827434172097,0.0019902132917195,0.0290191554399112,0.0304503208526863,False,False,0.9901865409932692,,,,,,,,,,
9,4,3,12,81,penalty_x,expectation,3,3,120,14.932387351989746,360,1.1075833200000034,1.961970012608283,0.010114106697074,0.0001230739289894,0.012168541688914,0.0724463989138518,False,False,0.4652798840751322,,,,,,,,,,
9,4,3,12,81,penalty_x,cvar,1,3,120,9.104598999023438,152,0.2751277999998365,1.961970012608283,0.0757293964852579,0.0010086303809657,0.0133188752027373,0.0141367835207133,False,False,0.473378132449801,,,,,,,,,,
9,4,3,12,81,penalty_x,cvar,2,3,120,6.213536526386323,324,0.8379241590000674,1.961970012608283,0.0889407720096642,0.0016678794054314,0.0187526976407425,0.0223554954443817,False,False,0.3091814498862937,,,,,,,,,,
9,4,3,12,81,penalty_x,cvar,3,3,120,5.287652330854674,360,1.1965985869999258,1.961970012608283,0.0139838374898317,0.0002068063477054,0.0147889553104289,0.037042422263208,False,False,0.4652198476023716,,,,,,,,,,
10,3,3,9,27,xy,expectation,1,3,120,5.355393160881561,150,0.0843889880000006,0.0,0.9999999999999996,0.7921274702094515,0.7921274702094517,0.7921274702094517,True,True,1.0,,,,,,,,,,
10,3,3,9,27,xy,expectation,2,3,120,5.999170642820881,360,0.24030902100003,0.0,0.9999999999999998,0.6802560907691692,0.6802560907691693,0.6802560907691693,True,True,1.0,,,,,,,,,,
10,3,3,9,27,xy,expectation,3,3,120,4.565012866780669,360,0.2598611220000748,0.0,1.0,0.9511187808078824,0.9511187808078824,0.9511187808078824,True,True,1.0,,,,,,,,,,
10,3,3,9,27,xy,cvar,1,3,120,4.309997937713058,117,0.0690453679999336,0.0,1.0000000000000002,0.3452191023453554,0.3452191023453553,0.3452191023453553,True,True,1.0,,,,,,,,,,
10,3,3,9,27,xy,cvar,2,3,120,4.309997937713058,74,0.0407352110000829,0.0,1.0000000000000004,0.2902271539533089,0.2902271539533088,0.2902271539533088,True,True,1.0,,,,,,,,,,
10,3,3,9,27,xy,cvar,3,3,120,4.309997937713058,130,0.0773306139999476,0.0,1.0000000000000009,0.5533599893382369,0.5533599893382366,0.5533599893382366,True,True,1.0,,,,,,,,,,
10,3,3,9,27,penalty_x,expectation,1,3,120,10.070199966430664,360,0.51385603000017,2.611703825276362,0.0214077004022783,0.0071690063923597,0.3348797982802842,0.3348797982802842,True,False,1.0,,,,,,,,,,
10,3,3,9,27,penalty_x,expectation,2,3,120,21.092256546020508,360,0.7205406010000388,2.611703825276362,0.050146436169598,0.0065139178186655,0.1298979212926532,0.2069325750895562,False,False,0.4666916326643848,,,,,,,,,,
10,3,3,9,27,penalty_x,expectation,3,3,120,19.80177879333496,360,0.9271060129999568,2.611703825276362,0.0463204140396555,0.0012621186906471,0.0272475692805048,0.1241502112860614,False,False,0.3050650286827434,,,,,,,,,,
10,3,3,9,27,penalty_x,cvar,1,3,120,6.007066010586499,336,0.5662204259999726,2.611703825276362,0.0253195654222508,0.0007594915805384,0.029996232868634,0.0789442858564025,False,False,0.3065217065776444,,,,,,,,,,
10,3,3,9,27,penalty_x,cvar,2,3,120,5.156590122770086,360,0.8473982570001226,2.611703825276362,0.0431295173839316,0.0011000366648659,0.0255054248595821,0.1240922292535262,False,False,0.4877801444438471,,,,,,,,,,
10,3,3,9,27,penalty_x,cvar,3,3,120,4.580745697021484,360,1.0279077249999773,2.611703825276362,0.0960590473259799,0.0136165134608745,0.1417514938979815,0.1417514938979815,True,False,1.0,,,,,,,,,,
10,5,5,25,3125,xy,expectation,1,3,120,6.442028829627772,175,0.1396279970001614,0.0,1.000000000000001,0.0006185082962971,0.000618508296297,0.00240853883568,False,True,0.9336699787702324,,,,,,,,,,
10,5,5,25,3125,xy,expectation,2,3,120,5.883711193709094,360,0.3883850229999552,0.0,1.0000000000000009,0.0006775512281321,0.0006775512281321,0.0053248660234582,False,True,0.9174779199733856,,,,,,,,,,
10,5,5,25,3125,xy,expectation,3,3,120,6.173906033198762,360,0.4841741410000395,0.0,1.0000000000000004,7.652949133008348e-05,7.652949133008344e-05,0.0087316556744926,False,True,0.8937897553451264,,,,,,,,,,
10,5,5,25,3125,xy,cvar,1,3,120,5.380631781207774,160,0.1366258760001528,0.0,0.9999999999999996,0.000620479009275,0.000620479009275,0.0034353747593626,False,True,0.9261503067424316,,,,,,,,,,
10,5,5,25,3125,xy,cvar,2,3,120,5.316259582225163,336,0.3826348309999048,0.0,1.0000000000000004,0.0009517335950019,0.0009517335950019,0.0206396071436993,False,True,0.9796372992951567,,,,,,,,,,
10,5,5,25,3125,xy,cvar,3,3,120,5.368113154340955,360,0.5060021000001598,0.0,1.0000000000000004,0.0002676192503993,0.0002676192503993,0.0148628671465246,False,True,0.974537283852073,,,,,,,,,,
10,5,5,25,3125,penalty_x,expectation,1,3,120,80.42152404785156,201,8.451249427999983,2.0007008609918686,1.7771224988289856e-05,7.980557326092708e-10,4.49071874974933e-05,0.012562312492328,False,False,0.482428852524935,,,,,,,,,,
10,5,5,25,3125,penalty_x,expectation,2,3,120,85.53768920898438,360,29.478070420999984,2.0007008609918686,0.0002308786859742,2.5338600551094718e-08,0.0001097485480054,0.012282584511378,False,False,0.931133183567079,,,,,,,,,,
10,5,5,25,3125,penalty_x,expectation,3,3,120,12.347397804260254,360,43.90323842900011,2.0007008609918686,0.0037949772205563,2.296755781117099e-07,6.052093721870579e-05,0.0036666996281496,False,False,0.4789100371303048,,,,,,,,,,
10,5,5,25,3125,penalty_x,cvar,1,3,120,28.834028621431752,340,14.632811285999878,2.0007008609918686,0.0013614234451182,3.366916132563347e-07,0.0002473085170257,0.0013785526741606,False,False,0.8576835401416503,,,,,,,,,,
10,5,5,25,3125,penalty_x,cvar,2,3,120,14.837920050373084,343,28.494524877000003,2.0007008609918686,0.0009174304046137,1.0078761079057583e-06,0.0010985859012706,0.0062985660076006,False,False,0.4748343455003855,,,,,,,,,,
10,5,5,25,3125,penalty_x,cvar,3,3,120,34.62589645385742,360,44.33136460399987,2.0007008609918686,0.0006957244878145,1.6708165162526714e-07,0.0002401549098122,0.0057818368239164,False,False,0.4710544664157768,,,,,,,,,,
11,5,4,20,1024,xy,expectation,1,3,120,5.936328464656896,191,0.128188456000089,0.0,1.0,0.0017346524928094,0.0017346524928094,0.0050137888390946,False,True,0.9183516177897468,,,,,,,,,,
11,5,4,20,1024,xy,expectation,2,3,120,6.044282258398359,360,0.3060642719999578,0.0,1.000000000000001,0.0001174828136237,0.0001174828136237,0.0404051042067655,False,True,0.9280566961949688,,,,,,,,,,
11,5,4,20,1024,xy,expectation,3,3,120,5.869016108164631,360,0.3549499410000862,0.0,0.9999999999999992,0.0006542870404137,0.0006542870404137,0.0249946177401061,False,True,0.9729414556962764,,,,,,,,,,
11,5,4,20,1024,xy,cvar,1,3,120,5.419248291626691,145,0.0997605640000074,0.0,1.0000000000000004,0.0024814120065369,0.0024814120065369,0.0308738263012288,False,True,0.4848439456766473,,,,,,,,,,
11,5,4,20,1024,xy,cvar,2,3,120,5.407716382945136,332,0.285899228000062,0.0,1.0000000000000018,0.0051704953934791,0.0051704953934791,0.0297814073480667,False,True,0.9905023288377526,,,,,,,,,,
11,5,4,20,1024,xy,cvar,3,3,120,5.359054169103354,360,0.3725801159998809,0.0,0.9999999999999996,0.0259610203628579,0.0259610203628579,0.0775562949951196,False,True,0.9975071173349156,,,,,,,,,,
11,5,4,20,1024,penalty_x,expectation,1,3,120,9.808788299560549,209,0.4348768269999254,1.8670043114141956,0.0301966344306947,4.975579940946773e-05,0.0016477266538979,0.002300606521208,False,False,0.4810781421104795,,,,,,,,,,
11,5,4,20,1024,penalty_x,expectation,2,3,120,31.125282287597656,360,1.2135366780000822,1.8670043114141956,0.0031740379130287,4.005906248494284e-06,0.0012620851918784,0.0111849995814379,False,False,0.3330157137872442,,,,,,,,,,
11,5,4,20,1024,penalty_x,expectation,3,3,120,9.744872093200684,360,1.6337006359999575,1.8670043114141956,0.030161434244377,4.1823252104222775e-05,0.0013866466616062,0.0022008611788615,False,False,0.9257159203395828,,,,,,,,,,
11,5,4,20,1024,penalty_x,cvar,1,3,120,13.899055230504898,279,0.6544777030001114,1.8670043114141956,0.0030007416273685,1.3461503556300158e-07,4.486058857424901e-05,0.0160140545912785,False,False,0.4873613118067911,,,,,,,,,,
11,5,4,20,1024,penalty_x,cvar,2,3,120,8.603284979649777,360,1.2836394150001524,1.8670043114141956,0.0039411178274022,5.968288860458415e-06,0.001514364482828,0.0067092731346593,False,False,0.9321573866869106,,,,,,,,,,
11,5,4,20,1024,penalty_x,cvar,3,3,120,6.705470884498463,360,1.722158688000036,1.8670043114141956,0.0017076730740651,1.3453498581839085e-07,7.878263577590209e-05,0.010168359026696,False,False,0.3330157137872442,,,,,,,,,,
12,4,4,16,256,xy,expectation,1,3,120,7.093568939976893,149,0.1210931189998518,0.0,1.0,0.0084164464599892,0.0084164464599892,0.0198703323700281,False,True,0.89927631784256,,,,,,,,,,
12,4,4,16,256,xy,expectation,2,3,120,6.112255654553128,281,0.1948475269998653,0.0,0.9999999999999992,0.001534665482158,0.001534665482158,0.0427834123576215,False,True,0.9262422804357276,,,,,,,,,,
12,4,4,16,256,xy,expectation,3,3,120,5.441930871108184,360,0.2899798799999189,0.0,1.0000000000000002,0.0006029949279912,0.0006029949279912,0.0778597091678517,False,True,0.9262422804357276,,,,,,,,,,
12,4,4,16,256,xy,cvar,1,3,120,4.70075335683596,146,0.0912021579999873,0.0,0.9999999999999996,0.0583508355061689,0.058350835506169,0.058350835506169,True,True,1.0,,,,,,,,,,
12,4,4,16,256,xy,cvar,2,3,120,4.648830230266561,341,0.252306998999984,0.0,0.9999999999999988,0.1330911430143586,0.1330911430143588,0.1330911430143588,True,True,1.0,,,,,,,,,,
12,4,4,16,256,xy,cvar,3,3,120,4.639831743335989,360,0.2992532470000242,0.0,0.9999999999999992,0.1848876259129318,0.184887625912932,0.184887625912932,True,True,1.0,,,,,,,,,,
12,4,4,16,256,penalty_x,expectation,1,3,120,41.92734909057617,113,0.195496434000006,2.2033025446795698,0.0246926916697702,9.239882638212292e-05,0.003741950355912,0.016877702709518,False,False,0.4742174220539347,,,,,,,,,,
12,4,4,16,256,penalty_x,expectation,2,3,120,15.430692672729492,360,1.024205191999954,2.2033025446795698,0.0015998070527594,1.7949425910046557e-06,0.0011219744205456,0.0269005811886459,False,False,0.9176629394603298,,,,,,,,,,
12,4,4,16,256,penalty_x,expectation,3,3,120,47.319297790527344,360,1.3525383999999576,2.2033025446795698,0.0068521570673372,5.687150405719876e-05,0.0082997957429045,0.0295569509632402,False,False,0.4688763586214473,,,,,,,,,,
12,4,4,16,256,penalty_x,cvar,1,3,120,8.55737584145357,280,0.580344802999889,2.2033025446795698,0.0097424584064356,2.8445725547499023e-05,0.0029197687442738,0.0200058120138255,False,False,0.4742174220539347,,,,,,,,,,
12,4,4,16,256,penalty_x,cvar,2,3,120,5.857058269626888,341,1.0814616610000485,2.2033025446795698,0.0222071699008665,6.479475268861279e-05,0.0029177402153384,0.0104007647171169,False,False,0.9460195428680608,,,,,,,,,,
12,4,4,16,256,penalty_x,cvar,3,3,120,12.029628517009527,360,1.480218258999912,2.2033025446795698,0.0093893039672252,4.628953320207074e-05,0.0049300281856515,0.0154160640017885,False,False,0.97544048753503,,,,,,,,,,
13,4,3,12,81,xy,expectation,1,3,120,7.71030182692423,135,0.079236309999942,0.0,0.999999999999999,0.0328377386535942,0.0328377386535943,0.0760094430363859,False,True,0.9743789358218832,,,,,,,,,,
13,4,3,12,81,xy,expectation,2,3,120,4.718728852412817,360,0.2490566290000515,0.0,1.0000000000000009,0.7979258924096465,0.797925892409646,0.797925892409646,True,True,1.0,,,,,,,,,,
13,4,3,12,81,xy,expectation,3,3,120,4.747453619198876,360,0.3071334990002015,0.0,1.0000000000000009,0.9362897369628532,0.9362897369628526,0.9362897369628526,True,True,1.0,,,,,,,,,,
13,4,3,12,81,xy,cvar,1,3,120,4.695776633691127,135,0.0927213739998933,0.0,1.0000000000000004,0.0334911969441306,0.0334911969441306,0.0738202471692573,False,True,0.9743789358218832,,,,,,,,,,
13,4,3,12,81,xy,cvar,2,3,120,4.612047654318902,70,0.0518677479999496,0.0,0.9999999999999984,0.2507161934240005,0.2507161934240009,0.2507161934240009,True,True,1.0,,,,,,,,,,
13,4,3,12,81,xy,cvar,3,3,120,4.612047654318902,155,0.1272053390000564,0.0,1.0000000000000009,0.2546188190530424,0.2546188190530422,0.2546188190530422,True,True,1.0,,,,,,,,,,
13,4,3,12,81,penalty_x,expectation,1,3,120,20.994626998901367,211,0.3753235650001443,2.112066230876469,0.0085172678610092,0.0005374667234718,0.0631031842889807,0.095753969312467,False,False,0.4806443260717228,,,,,,,,,,
13,4,3,12,81,penalty_x,expectation,2,3,120,19.493730545043945,351,0.8659625089999281,2.112066230876469,0.0266069833014626,0.000394134200178,0.0148131862869407,0.0180899129973,False,False,0.4764991822954453,,,,,,,,,,
13,4,3,12,81,penalty_x,expectation,3,3,120,8.414360046386719,360,1.1144799650001005,2.112066230876469,0.0229651736481173,0.0007111509912647,0.0309664974522424,0.0332620873349685,False,False,0.4764991822954453,,,,,,,,,,
13,4,3,12,81,penalty_x,cvar,1,3,120,5.981852887979322,201,0.3714545010000165,2.112066230876469,0.0684329267824068,0.0011562081053853,0.016895494022368,0.0210323379103567,False,False,0.4792656654226554,,,,,,,,,,
13,4,3,12,81,penalty_x,cvar,2,3,120,5.951389312744141,360,0.9428692239998782,2.112066230876469,0.046517973038135,0.0007091095321811,0.0152437753811811,0.0152709034352683,False,False,0.4744626924412209,,,,,,,,,,
13,4,3,12,81,penalty_x,cvar,3,3,120,4.842531103786098,360,1.2126182399999834,2.112066230876469,0.0417915506259305,0.0022974328603595,0.0549736208862768,0.0549736208862768,True,False,1.0,,,,,,,,,,
14,3,3,9,27,xy,expectation,1,3,120,6.333331239669539,163,0.0936874020001141,0.0,1.0000000000000002,0.2469796602699916,0.2469796602699915,0.3351144041041907,False,True,0.9808484341285212,,,,,,,,,,
14,3,3,9,27,xy,expectation,2,3,120,4.307065176337955,339,0.2214797560000079,0.0,0.9999999999999996,0.9473961533878342,0.9473961533878346,0.9473961533878346,True,True,1.0,,,,,,,,,,
14,3,3,9,27,xy,expectation,3,3,120,4.476328699423559,360,0.2577768520000063,0.0,0.9999999999999996,0.7980731017365297,0.7980731017365299,0.7980731017365299,True,True,1.0,,,,,,,,,,
14,3,3,9,27,xy,cvar,1,3,120,4.099762716819445,51,0.0303994329999568,0.0,1.0,0.2735011476783658,0.2735011476783658,0.2735011476783658,True,True,1.0,,,,,,,,,,
14,3,3,9,27,xy,cvar,2,3,120,4.099762716819445,66,0.0352251550000346,0.0,0.9999999999999994,0.2974491311205181,0.2974491311205183,0.2974491311205183,True,True,1.0,,,,,,,,,,
14,3,3,9,27,xy,cvar,3,3,120,4.099762716819445,99,0.056092572000125,0.0,0.9999999999999996,0.2661646534807606,0.2661646534807607,0.4189908891641403,False,True,0.9808484341285212,,,,,,,,,,
14,3,3,9,27,penalty_x,expectation,1,3,120,7.906691074371338,267,0.3761308470000131,2.223055796553316,0.0419621874257245,0.0069850613363087,0.166460848798044,0.166460848798044,True,False,1.0,,,,,,,,,,
14,3,3,9,27,penalty_x,expectation,2,3,120,7.748579025268555,360,0.7212817820000055,2.223055796553316,0.0163797885470557,0.0016698986291885,0.101948729337455,0.1290101400600121,False,False,0.4533210051594962,,,,,,,,,,
14,3,3,9,27,penalty_x,expectation,3,3,120,22.8017635345459,360,0.933256996999944,2.223055796553316,0.0638376340575632,0.0002642254112288,0.0041390226177646,0.3444689851887774,False,False,0.4533210051594962,,,,,,,,,,
14,3,3,9,27,penalty_x,cvar,1,3,120,4.561862945556641,208,0.3467292059999636,2.223055796553316,0.0471307514671934,0.0012891390360891,0.0273523972344578,0.0764640248633227,False,False,0.292585334534039,,,,,,,,,,
14,3,3,9,27,penalty_x,cvar,2,3,120,4.643241882324219,360,0.8156225400000494,2.223055796553316,0.0790340547973755,0.0045187883079051,0.0571752052895462,0.1389180712476955,False,False,0.4533210051594962,,,,,,,,,,
14,3,3,9,27,penalty_x,cvar,3,3,120,4.303932189941406,360,1.030616626999972,2.223055796553316,0.1257371687097475,0.0305896699428558,0.2432826367632727,0.3313566568359056,False,False,0.447780146260935,,,,,,,,,,
14,5,5,25,3125,xy,expectation,1,3,120,6.4537514895225945,233,0.1928642319999198,0.0,1.0000000000000009,0.0002859385124376,0.0002859385124376,0.0011227889434,False,True,0.904523362653502,1.0,5.268239320250409,21.1925246850912,8.90997618382912,6.45375148952259,0.9255531948774498,0.3255348240913777,0.8935578513676411,0.1414711895592655,0.53856
14,5,5,25,3125,xy,expectation,2,3,120,6.502406335688654,360,0.3694895409998935,0.0,1.0000000000000009,0.0001249019354899,0.0001249019354899,0.0021234474817389,False,True,0.8940509646661889,1.0,5.268239320250409,21.1925246850912,8.90997618382912,6.502406335688648,0.9224978084000456,0.3388951650464475,0.3903185484062255,0.1071751948127534,0.51328
14,5,5,25,3125,xy,expectation,3,3,120,6.437131303713782,360,0.453966360999857,0.0,0.9999999999999994,2.6212289461066408e-06,2.621228946106642e-06,0.0134511036908385,False,True,0.8959896668295078,1.0,5.268239320250409,21.1925246850912,8.90997618382912,6.4371313037137865,0.9265968954535208,0.3209710166469071,0.0081913404565832,0.0503104411117582,0.51776
14,5,5,25,3125,xy,cvar,1,3,120,5.442748319037972,140,0.1158172039999954,0.0,1.0000000000000009,0.0005509922831922,0.0005509922831922,0.0024620431751161,False,True,0.9593490699095996,1.0,5.268239320250409,21.1925246850912,8.90997618382912,7.625178135893424,0.851990920682262,0.6472018445964454,1.7218508849759009,0.1791538362589694,0.89792
14,5,5,25,3125,xy,cvar,2,3,120,5.393699316629218,347,0.3806954340002448,0.0,1.0,0.0008672994530434,0.0008672994530434,0.0111634306813988,False,True,0.9727749044328554,1.0,5.268239320250409,21.1925246850912,8.90997618382912,6.983552820193981,0.8922831724850391,0.4710152227357648,2.7103107907608157,0.2871647866132618,0.9648
14,5,5,25,3125,xy,cvar,3,3,120,5.337942908759073,360,0.4742366729997229,0.0,0.9999999999999988,0.0060569871438123,0.0060569871438123,0.0159781933476833,False,True,0.9649841871853306,1.0,5.268239320250409,21.1925246850912,8.90997618382912,6.365870850360193,0.9310718500100956,0.3014033059574625,18.928084824413503,0.4538007511903031,0.92576
14,5,5,25,3125,penalty_x,expectation,1,3,120,11.781519889831545,208,8.805035177999798,1.8916670255186356,0.0169620710303188,2.1159303287277e-05,0.0012474481004976,0.0012590240825698,False,False,0.9693128758010512,1.0,5.268239320250409,21.1925246850912,8.90997618382912,8.016341225124151,0.8274269870256613,0.7546129794158716,3.898275314055063,0.1825845472226782,0.94752
14,5,5,25,3125,penalty_x,expectation,2,3,120,13.422743797302246,333,27.290352753000207,1.8916670255186356,0.0035672865680609,2.6418244942760798e-06,0.0007405697422598,0.0013078358951482,False,False,0.9446315479631686,1.0,5.268239320250409,21.1925246850912,8.90997618382912,8.768971972467213,0.7801639086457175,0.9612810544407806,2.3142804445621783,0.1217414121547772,0.7936
14,5,5,25,3125,penalty_x,expectation,3,3,120,48.760772705078125,360,43.90963827799988,1.8916670255186356,0.0019986222388955,3.513685342682038e-08,1.758053760386353e-05,0.0674296255675573,False,False,0.3289079677119518,1.0,5.268239320250409,21.1925246850912,8.90997618382912,11.49101134359626,0.6092275489432573,1.7087374119696217,0.0549391800120735,0.0132585383460752,0.02976
14,5,5,25,3125,penalty_x,cvar,1,3,120,7.488026618957519,147,6.426187189999837,1.8916670255186356,0.0012323793018551,5.164314984540397e-07,0.0004190523953758,0.0043157558356095,False,False,0.4827170695085881,1.0,5.268239320250409,21.1925246850912,8.90997618382912,9.355576134242606,0.7433268294088334,1.1223591838471267,1.3095387355495771,0.0947720481655344,0.2064
14,5,5,25,3125,penalty_x,cvar,2,3,120,24.701781189229347,324,26.96101125599989,1.8916670255186356,0.0003150993633966,6.609363936149748e-07,0.0020975491238394,0.003372275920436,False,False,0.964785372313044,1.0,5.268239320250409,21.1925246850912,8.90997618382912,8.735958554507889,0.7822370577511847,0.9522157597212488,6.554841011998409,0.1750345252245509,0.9248
14,5,5,25,3125,penalty_x,cvar,3,3,120,30.715055772052818,360,44.3470037320003,1.8916670255186356,0.0007184328102865,2.244087404790207e-08,3.123587025340935e-05,0.0290838666315562,False,False,0.4785429579791977,1.0,5.268239320250409,21.1925246850912,8.90997618382912,10.773167181553609,0.6543061283329222,1.5116215332190537,0.0976120945419042,0.067630836285724,0.16704
15,5,4,20,1024,xy,expectation,1,3,120,6.069317661564336,178,0.1237669860001915,0.0,1.000000000000001,0.0001500955032718,0.0001500955032718,0.0169737603272649,False,True,0.9147873678879888,1.0,5.25347214345602,16.292774509754146,8.454897377720602,6.069317661564328,0.9260962793628154,0.2548382231065034,0.1536977953503918,0.0987928366285956,0.595703125
15,5,4,20,1024,xy,expectation,2,3,120,5.801010791344611,360,0.2978498190000209,0.0,1.0000000000000009,7.104671808404036e-07,7.104671808404032e-07,0.0204613654532229,False,True,0.8856229670476744,1.0,5.25347214345602,16.292774509754146,8.454897377720602,5.801010791344607,0.9504009737462968,0.171029653302013,0.0007275183931805,0.0181648030497182,0.515625
15,5,4,20,1024,xy,expectation,3,3,120,5.915391067456087,360,0.3518938170000183,0.0,1.000000000000001,0.0072470179313708,0.0072470179313708,0.0171681338389518,False,True,0.9752763663905956,1.0,5.25347214345602,16.292774509754146,8.454897377720602,5.915391067456079,0.9400397867513052,0.2067575768803209,7.420946361723699,0.2430046860988446,0.9580078125
15,5,4,20,1024,xy,cvar,1,3,120,5.326834197795668,169,0.1201320979998854,0.0,0.9999999999999992,0.0455082326545755,0.0455082326545756,0.0455082326545756,True,True,1.0,1.0,5.25347214345602,16.292774509754146,8.454897377720602,7.403218402506812,0.8052643013372157,0.6714966309511902,46.60043023828542,0.3037092811919107,1.0
15,5,4,20,1024,xy,cvar,2,3,120,5.278438472792489,341,0.2916811919999418,0.0,0.9999999999999996,0.089033719353248,0.0890337193532481,0.0890337193532481,True,True,1.0,1.0,5.25347214345602,16.292774509754146,8.454897377720602,6.374345132536646,0.8984652334098087,0.350116872036872,91.17052861772608,0.6775106376558452,1.0
15,5,4,20,1024,xy,cvar,3,3,120,5.273506401138384,360,0.3661388240002452,0.0,1.0000000000000009,0.1448664276844077,0.1448664276844076,0.1448664276844076,True,True,1.0,1.0,5.25347214345602,16.292774509754146,8.454897377720602,6.0753467275963855,0.925550133797452,0.2567214674713973,148.34322194883342,0.5598293629478117,1.0
15,5,4,20,1024,penalty_x,expectation,1,3,120,41.56941986083984,97,0.2019159629999194,1.803815912011863,0.0008763333224806,9.251397159459884e-07,0.0010556938692314,0.0012734109986181,False,False,0.9353992018163716,1.0,5.25347214345602,16.292774509754146,8.454897377720602,8.449308668864749,0.7105037601682788,0.998254305989708,1.0810305220929894,0.1126933270099476,0.69921875
15,5,4,20,1024,penalty_x,expectation,2,3,120,9.491978645324709,296,1.0014477560002888,1.803815912011863,0.0175985407297503,2.6373780201538463e-05,0.0014986344951291,0.0024685654422546,False,False,0.986082801453793,1.0,5.25347214345602,16.292774509754146,8.454897377720602,8.412312148852108,0.7138551060038262,0.9866980404812492,1.5346017230122102,0.1461327171597485,0.9892578125
15,5,4,20,1024,penalty_x,expectation,3,3,120,40.3558349609375,360,1.6612033810001776,1.803815912011863,0.0004742931371443,2.3707691809704562e-07,0.0004998531488868,0.008898120213398,False,False,0.981790324000587,1.0,5.25347214345602,16.292774509754146,8.454897377720602,8.434573588936626,0.711838543784054,0.9936516434722722,0.5118496244601296,0.0817739253107938,0.9794921875
15,5,4,20,1024,penalty_x,cvar,1,3,120,20.36208152770996,168,0.4003777009997975,1.803815912011863,0.0006515870278533,3.717039760431362e-07,0.0005704594477082,0.0041531574281846,False,False,0.9093079537714128,1.0,5.25347214345602,16.292774509754146,8.454897377720602,8.44089000588108,0.7112663684114745,0.9956246450207232,0.5841504744532924,0.0751494545076111,0.572265625
15,5,4,20,1024,penalty_x,cvar,2,3,120,14.642526788410333,332,1.211711825999828,1.803815912011863,0.0009823339363393,1.4823464198343572e-06,0.0015090045910032,0.0056111292103751,False,False,0.4909667525018805,1.0,5.25347214345602,16.292774509754146,8.454897377720602,8.46298230586626,0.7092651278210703,1.0025254152616547,1.545220701187292,0.082432068802458,0.205078125
15,5,4,20,1024,penalty_x,cvar,3,3,120,17.065377298914033,360,1.7651913029999378,1.803815912011863,0.0011737186193139,9.008008987620996e-07,0.0007674760235878,0.0146523742412168,False,False,0.4874624924179934,1.0,5.25347214345602,16.292774509754146,8.454897377720602,8.35148232309548,0.7193654021926809,0.967697182642818,0.7858954481539828,0.0763419829200349,0.1494140625
16,4,4,16,256,xy,expectation,1,3,120,6.196333267827299,141,0.085475573000167,0.0,1.0000000000000004,0.0079853480355366,0.0079853480355366,0.0304950782221899,False,True,0.9434978561457156,1.0,4.679031388037735,15.147831377366185,9.55063879770618,6.196333267827297,0.8550643931170478,0.3114581599449589,2.044249097097393,0.3259423197700792,0.8125
16,4,4,16,256,xy,expectation,2,3,120,5.369502893178007,359,0.2659561660002509,0.0,0.9999999999999996,0.006076800966317,0.006076800966317,0.0581580103929361,False,True,0.9434978561457156,1.0,4.679031388037735,15.147831377366185,9.55063879770618,5.3695028931780096,0.934044827884369,0.141733815366552,1.5556610473771748,0.3503234527109424,0.8125
16,4,4,16,256,xy,expectation,3,3,120,5.204145194718218,360,0.290055989999928,0.0,0.9999999999999998,0.0034560631449093,0.0034560631449093,0.0614986088057078,False,True,0.9560733139879511,1.0,4.679031388037735,15.147831377366185,9.55063879770618,5.204145194718219,0.9498401147012296,0.1077906658977312,0.8847521650967852,0.2747857674772305,0.8828125
16,4,4,16,256,xy,cvar,1,3,120,4.723060991501272,155,0.0998324259999208,0.0,1.0000000000000009,0.1036795326752083,0.1036795326752082,0.1036795326752082,True,True,1.0,1.0,4.679031388037735,15.147831377366185,9.55063879770618,7.037357371621239,0.7747281459204968,0.4840960663010419,26.54196036485332,0.5064343329280411,1.0
16,4,4,16,256,xy,cvar,2,3,120,4.702782727727771,317,0.2354838599999311,0.0,1.0000000000000009,0.1717946100225452,0.1717946100225451,0.1717946100225451,True,True,1.0,1.0,4.679031388037735,15.147831377366185,9.55063879770618,8.120192763361029,0.6712936173361703,0.706370831215542,43.97942016577154,0.3600906662163005,1.0
16,4,4,16,256,xy,cvar,3,3,120,4.679031388037735,297,0.2468818830002419,0.0,0.9999999999999992,0.2509420531669527,0.2509420531669529,0.2509420531669529,True,True,1.0,1.0,4.679031388037735,15.147831377366185,9.55063879770618,6.9061001372247,0.7872660905302264,0.457152755118774,64.24116561073996,0.5373749243329424,1.0
16,4,4,16,256,penalty_x,expectation,1,3,120,10.727422714233398,275,0.5161325700000816,2.3350792598047043,0.0108779252811785,0.00018468782946,0.0169782219206424,0.0169782219206424,True,False,1.0,1.0,4.679031388037735,15.147831377366185,9.55063879770618,9.511417067499512,0.5384011840528283,0.9919489140013976,4.346424811684475,0.1848134961624373,1.0
16,4,4,16,256,penalty_x,expectation,2,3,120,50.42383575439453,311,0.8889678729997286,2.3350792598047043,0.0048084585332901,1.5353782146121375e-05,0.003193077789862,0.0202323890350766,False,False,0.9428353131222892,1.0,4.679031388037735,15.147831377366185,9.55063879770618,9.1054612049689,0.5771788723212479,0.9086179251936928,0.8174279142046821,0.1104478976656214,0.80859375
16,4,4,16,256,penalty_x,expectation,3,3,120,44.84847259521485,360,1.3910162779998243,2.3350792598047043,0.0127007018361879,8.731874913792126e-06,0.00068751121209,0.057440229190542,False,False,0.4834705634800205,1.0,4.679031388037735,15.147831377366185,9.55063879770618,9.655819773732128,0.5246075585771466,1.021590610076091,0.1760028702950568,0.138485015716009,0.76171875
16,4,4,16,256,penalty_x,cvar,1,3,120,6.293216228485107,360,0.7805913090001013,2.3350792598047043,0.010404629781533,7.153377373469993e-05,0.006875186838619,0.0082653469884394,False,False,0.9875459414101316,1.0,4.679031388037735,15.147831377366185,9.55063879770618,9.841862922595798,0.5068363575748048,1.0597798838041912,1.7600478306864873,0.1210261583892985,0.9921875
16,4,4,16,256,penalty_x,cvar,2,3,120,5.337589263916016,360,1.1354036249999808,2.3350792598047043,0.0304702831395218,0.0004239632107783,0.0139139898647152,0.025667949227919,False,False,0.9875459414101316,1.0,4.679031388037735,15.147831377366185,9.55063879770618,9.664302902007153,0.5237972337754817,1.0233319507798158,3.561981405367106,0.1666346144746651,0.9921875
16,4,4,16,256,penalty_x,cvar,3,3,120,15.594919204711914,360,1.4819393820002915,2.3350792598047043,0.0023364969834496,6.402345206879545e-06,0.0027401470030691,0.0147988420020645,False,False,0.4661524194033623,1.0,4.679031388037735,15.147831377366185,9.55063879770618,9.417909198554309,0.5473332363454044,0.972754454948802,0.7014776327856977,0.0938372527693255,0.18359375
17,4,3,12,81,xy,expectation,1,3,120,4.638519620131143,148,0.0908612359999097,0.0,1.000000000000001,0.066970725471251,0.0669707254712509,0.6422510664067638,False,True,0.998821940089926,1.0,4.5692971587704045,10.135593040988102,6.475698858457658,4.638519620131138,0.9875639989634984,0.0363105327550271,5.424628763171331,0.8720407147823325,0.9876543209876544
17,4,3,12,81,xy,expectation,2,3,120,4.607537014891956,360,0.256319903000076,0.0,0.999999999999999,0.0658868646002101,0.0658868646002102,0.6585083039753578,False,True,0.998821940089926,1.0,4.5692971587704045,10.135593040988102,6.475698858457658,4.60753701489196,0.993130107178866,0.020058656120496,5.336836032617028,0.8872715611648325,0.9876543209876544
17,4,3,12,81,xy,expectation,3,3,120,4.631765180408763,360,0.2895629190002182,0.0,0.9999999999999992,0.0613356999031731,0.0613356999031732,0.3539627488525078,False,True,0.998821940089926,1.0,4.5692971587704045,10.135593040988102,6.475698858457658,4.631765180408767,0.9887774521943892,0.0327675020687455,4.968191692157031,0.7446819663273883,0.9876543209876544
17,4,3,12,81,xy,cvar,1,3,120,4.571386453262137,143,0.0877258290001918,0.0,1.0,0.1530805453782521,0.1530805453782521,0.1820311770293522,False,True,0.4615392006876949,1.0,4.5692971587704045,10.135593040988102,6.475698858457658,6.325474733696892,0.6844979835626706,0.9212001726680106,12.399524175638426,0.3621279337339474,0.2345679012345679
17,4,3,12,81,xy,cvar,2,3,120,4.569974879236686,304,0.217559213000186,0.0,0.9999999999999996,0.218561493730069,0.2185614937300691,0.2185614937300691,True,True,1.0,1.0,4.5692971587704045,10.135593040988102,6.475698858457658,5.509756957165226,0.8310438722096591,0.4933167015897562,17.703480992135603,0.6116901542985161,1.0
17,4,3,12,81,xy,cvar,3,3,120,4.570592270300303,328,0.2575961079996887,0.0,0.9999999999999974,0.1899215842243407,0.1899215842243412,0.1899215842243412,True,True,1.0,1.0,4.5692971587704045,10.135593040988102,6.475698858457658,5.340561429192427,0.8614403030773242,0.4045654546723014,15.38364832217164,0.5043204656098741,1.0
17,4,3,12,81,penalty_x,expectation,1,3,120,17.380844116210938,148,0.238232625999899,1.9668948033649123,0.0943840687978081,0.0011741145281121,0.0124397532662777,0.0146893805271285,False,False,0.4587904239688936,1.0,4.5692971587704045,10.135593040988102,6.475698858457658,6.461758418547301,0.6600142536758374,0.9926875642669412,1.007620014568494,0.1103770143107491,0.1358024691358024
17,4,3,12,81,penalty_x,expectation,2,3,120,7.365902900695801,320,0.766691775000254,1.9668948033649123,0.0870721209648763,0.0012066484196111,0.0138580340784152,0.0230855974056224,False,False,0.9776723046755992,1.0,4.5692971587704045,10.135593040988102,6.475698858457658,6.359802761320171,0.6783308612339879,0.939206885329309,1.1225007603516393,0.1447673535681149,0.8024691358024691
17,4,3,12,81,penalty_x,expectation,3,3,120,18.92953109741211,360,1.139823387999968,1.9668948033649123,0.0103694080945615,1.2157415767433122e-05,0.0011724310256252,0.0460357549560739,False,False,0.4531153504855367,1.0,4.5692971587704045,10.135593040988102,6.475698858457658,6.817880360556923,0.596035990654049,1.1794907663769916,0.0949669130756417,0.0534870876515132,0.0493827160493827
17,4,3,12,81,penalty_x,cvar,1,3,120,5.24003952979099,135,0.2478686190002008,1.9668948033649123,0.1051588023547083,0.0013250015908852,0.0126000064779731,0.0148741563161222,False,False,0.4587904239688936,1.0,4.5692971587704045,10.135593040988102,6.475698858457658,6.450427526560644,0.6620498788431691,0.986743962774918,1.0206005247158243,0.1119694642011468,0.1358024691358024
17,4,3,12,81,penalty_x,cvar,2,3,120,5.131812914393793,307,0.8032723350002016,1.9668948033649123,0.0420468388037988,0.000639304285869,0.0152045743284568,0.0201453642404184,False,False,0.4567046832836184,1.0,4.5692971587704045,10.135593040988102,6.475698858457658,6.462011135785129,0.6599688523455497,0.9928201266948228,1.2315705206050018,0.1237969429987466,0.0864197530864197
17,4,3,12,81,penalty_x,cvar,3,3,120,5.885566711425781,360,1.215696356999615,1.9668948033649123,0.024793932781904,0.0002874247147701,0.0115925423085742,0.0276262773290898,False,False,0.4587904239688936,1.0,4.5692971587704045,10.135593040988102,6.475698858457658,6.713581008985035,0.6147736491937408,1.1247807062731856,0.9389959269945136,0.1109943664103553,0.1358024691358024
18,3,3,9,27,xy,expectation,1,3,120,4.417312702623425,156,0.0931559699997706,0.0,1.0000000000000002,0.8160163421044936,0.8160163421044934,0.8160163421044934,True,True,1.0,1.0,4.006682774184625,14.291879413783915,10.176069049389728,4.417312702623424,0.9600756365845432,0.0665592832287272,22.032441236821324,0.9191751817518972,1.0
18,3,3,9,27,xy,expectation,2,3,120,4.39069459397429,360,0.2467969100002847,0.0,0.9999999999999996,0.8545734367597762,0.8545734367597765,0.8545734367597765,True,True,1.0,1.0,4.006682774184625,14.291879413783915,10.176069049389728,4.390694593974292,0.962663638504375,0.0622447359687977,23.073482792513968,0.9237453070131744,1.0
18,3,3,9,27,xy,expectation,3,3,120,4.380922441258319,360,0.2615533390003293,0.0,1.0,0.2858847493617149,0.2858847493617149,0.4404649779081608,False,True,0.963962054041542,1.0,4.006682774184625,14.291879413783915,10.176069049389728,4.38092244125832,0.9636137567236366,0.0606607611161861,7.718888232766304,0.9434077605632972,0.925925925925926
18,3,3,9,27,xy,cvar,1,3,120,4.006682774184625,71,0.0429150220002156,0.0,0.9999999999999996,0.322938934647826,0.3229389346478261,0.3229389346478261,True,True,1.0,1.0,4.006682774184625,14.291879413783915,10.176069049389728,6.915818162590528,0.7171531580441187,0.4715437255238467,8.719351235491306,0.5106808794683935,1.0
18,3,3,9,27,xy,cvar,2,3,120,4.006682774184625,124,0.0775933869999789,0.0,0.9999999999999992,0.255018059973027,0.2550180599730272,0.2550180599730272,True,True,1.0,1.0,4.006682774184625,14.291879413783915,10.176069049389728,7.500605373678795,0.660295984420742,0.5663322806575299,6.885487619271734,0.353453811192924,1.0
18,3,3,9,27,xy,cvar,3,3,120,4.006682774184625,152,0.0971045020000929,0.0,1.0000000000000002,0.2610162108218491,0.2610162108218491,0.2610162108218491,True,True,1.0,1.0,4.006682774184625,14.291879413783915,10.176069049389728,6.470213280231794,0.7604780353384525,0.3993153283249829,7.047437692189926,0.553013464617466,1.0
18,3,3,9,27,penalty_x,expectation,1,3,120,22.622344970703125,248,0.3520513780003966,2.265097712442662,0.0824153041030513,0.0134168751537799,0.1627959187895933,0.1627959187895933,True,False,1.0,1.0,4.006682774184625,14.291879413783915,10.176069049389728,8.62821148150128,0.5506620953144258,0.7491067184252475,4.395489807319021,0.3070897810197649,1.0
18,3,3,9,27,penalty_x,expectation,2,3,120,19.230514526367188,360,0.7430519959998492,2.265097712442662,0.0625928696754272,0.00309201143682,0.0493987806095731,0.1491578708183863,False,False,0.2837055948882915,1.0,4.006682774184625,14.291879413783915,10.176069049389728,10.002775017448878,0.4170172478590688,0.9719106529871012,1.333767076458474,0.1104825960910465,0.2222222222222222
18,3,3,9,27,penalty_x,expectation,3,3,120,19.725461959838867,360,0.9488011210000876,2.265097712442662,0.0315119243769004,0.0003745742433238,0.0118867460724949,0.2618218790039352,False,False,0.4461756078024551,1.0,4.006682774184625,14.291879413783915,10.176069049389728,9.870921447982624,0.4298369900659025,0.950538418605186,0.3209421439573623,0.0627434271607556,0.7037037037037037
18,3,3,9,27,penalty_x,cvar,1,3,120,6.606433391571045,287,0.4941564639998432,2.265097712442662,0.0126559807576995,7.316775008803234e-05,0.0057812785503422,0.2209553473868429,False,False,0.4397459785362363,1.0,4.006682774184625,14.291879413783915,10.176069049389728,9.63938654259406,0.4523484610179624,0.913008768967408,0.1560945208592397,0.095414723144702,0.4814814814814814
18,3,3,9,27,penalty_x,cvar,2,3,120,4.770779609680176,309,0.7144433880002907,2.265097712442662,0.0353100434003863,0.0007035683374851,0.0199254452764987,0.1018585535747198,False,False,0.4368229520401018,1.0,4.006682774184625,14.291879413783915,10.176069049389728,10.262286160064866,0.3917857280632452,1.0139749898659525,0.5379870224654664,0.0971975944558937,0.4074074074074074
18,3,3,9,27,penalty_x,cvar,3,3,120,4.876418113708496,360,1.0556695430000218,2.265097712442662,0.02669698209138,0.0047690742649137,0.1786372050814553,0.2514181926953155,False,False,0.4461756078024551,1.0,4.006682774184625,14.291879413783915,10.176069049389728,7.1868759387354,0.6907989923783631,0.5154796640521668,4.8232045371992935,0.4331209989473689,0.7037037037037037
18,5,5,25,3125,xy,expectation,1,3,120,5.819461284633829,172,0.1345735509999031,0.0,1.0,1.823444719441734e-05,1.8234447194417343e-05,0.0022426351180309,False,True,0.825055486791241,1.0,4.938001332995676,16.18522442989774,7.135139340251201,5.819461284633829,0.9216286594438636,0.4011855189466211,0.0569826474825541,0.0408881487949161,0.29632
18,5,5,25,3125,xy,expectation,2,3,120,5.626854469078864,354,0.3649677559997144,0.0,0.9999999999999982,1.947814389215305e-05,1.9478143892153085e-05,0.0023740614737508,False,True,0.859091436227915,1.0,4.938001332995676,16.18522442989774,7.135139340251201,5.626854469078875,0.9387534922933166,0.3135229256461931,0.0608691996629783,0.052260676230306,0.34176
18,5,5,25,3125,xy,expectation,3,3,120,5.591035008767355,360,0.454998408999927,0.0,1.0000000000000009,0.0009410955621745,0.0009410955621745,0.0106461784893594,False,True,0.9485693580501472,1.0,4.938001332995676,16.18522442989774,7.135139340251201,5.591035008767351,0.9419382304284916,0.2972201443947475,2.9409236317955285,0.2230947667975918,0.95104
18,5,5,25,3125,xy,cvar,1,3,120,5.2252406255016615,159,0.1362721179998516,0.0,1.000000000000001,0.0004739124437555,0.0004739124437555,0.0032632258957323,False,True,0.9246762895282156,1.0,4.938001332995676,16.18522442989774,7.135139340251201,6.427793257068332,0.8675413556540009,0.6780602397996727,1.480976386736078,0.1655666568561684,0.84352
18,5,5,25,3125,xy,cvar,2,3,120,5.102172467215146,360,0.3959952069999417,0.0,0.9999999999999992,0.0037950763424991,0.0037950763424991,0.0084176711698826,False,True,0.9782911810621576,1.0,4.938001332995676,16.18522442989774,7.135139340251201,5.741233833663266,0.9285839274506048,0.365581268912151,11.859613570309818,0.4334778802395338,0.99616
18,5,5,25,3125,xy,cvar,3,3,120,5.117685735463196,360,0.4809613160000481,0.0,0.9999999999999972,0.0114589665156036,0.0114589665156037,0.0114589665156037,True,True,1.0,1.0,4.938001332995676,16.18522442989774,7.135139340251201,5.805220682079891,0.9228948033116652,0.394704086052141,35.8092703612616,0.3265143713010363,1.0
18,5,5,25,3125,penalty_x,expectation,1,3,120,67.13633728027344,117,4.95245557699991,1.810866418019314,9.339251992912524e-05,2.982311997357101e-08,0.0003193309271042,0.0003338397132848,False,False,0.4715927916065544,1.0,4.938001332995676,16.18522442989774,7.135139340251201,7.144009918994502,0.8038619340087199,1.004037333437412,0.9979091472008248,0.1000135055701227,0.24416
18,5,5,25,3125,penalty_x,expectation,2,3,120,66.2636947631836,254,20.8261306190002,1.810866418019314,9.803183133261228e-05,4.2178559311878416e-08,0.000430253711866,0.001211162664665,False,False,0.917377457668778,1.0,4.938001332995676,16.18522442989774,7.135139340251201,6.895178560210726,0.8259857379592536,0.8907848395284859,1.3445428495812606,0.1030291155465814,0.79552
18,5,5,25,3125,penalty_x,expectation,3,3,120,64.57450103759766,315,38.412294890999874,1.810866418019314,0.0002498456367092,2.9003196289068e-08,0.0001160844618744,0.0011183385473568,False,False,0.8997960761197663,1.0,4.938001332995676,16.18522442989774,7.135139340251201,7.140008842038965,0.8042176731028114,1.0022162930920513,0.3627639433575735,0.077362442475128,0.65504
18,5,5,25,3125,penalty_x,cvar,1,3,120,31.499029040105118,113,4.925069808999979,1.810866418019314,0.0001231941230703,3.734966469437495e-07,0.0030317732505021,0.0093681564925532,False,False,0.9205044729234996,1.0,4.938001332995676,16.18522442989774,7.135139340251201,6.465604940068055,0.8641794873355769,0.695269756395744,9.474291407819363,0.2115270848872315,0.81792
18,5,5,25,3125,penalty_x,cvar,2,3,120,25.383442383965598,347,28.861765000000105,1.810866418019314,0.0013968156556813,1.272556175990758e-07,9.110408884771414e-05,0.0010806150579739,False,False,0.9180457231342474,1.0,4.938001332995676,16.18522442989774,7.135139340251201,7.061489757356372,0.8111988705064817,0.9664793096056694,0.2847002776491066,0.0644549320358658,0.79968
18,5,5,25,3125,penalty_x,cvar,3,3,120,19.18813667438785,360,44.340671333000046,1.810866418019314,0.0001395369864309,7.601129725642862e-10,5.447394214295677e-06,0.0088972919698441,False,False,0.8918521073341025,1.0,4.938001332995676,16.18522442989774,7.135139340251201,6.502935919674951,0.8608603587573256,0.7122604868294351,0.0170231069196739,0.0495608281564419,0.58176
19,5,4,20,1024,xy,expectation,1,3,120,5.918768612086583,253,0.1741331419998459,0.0,1.0000000000000004,0.0008226303200322,0.0008226303200322,0.0041781937229882,False,True,0.9568821557294658,1.0,5.172968367479429,10.76201652331343,7.618915063483568,5.918768612086581,0.8665604189098524,0.3049127136848649,0.8423734477130203,0.1231245434763758,0.7685546875
19,5,4,20,1024,xy,expectation,2,3,120,5.498043208187081,322,0.2594427240001096,0.0,1.000000000000001,0.0004258901764645,0.0004258901764645,0.0091540548108062,False,True,0.9558357094925902,1.0,5.172968367479429,10.76201652331343,7.618915063483568,5.498043208187074,0.9418371730491673,0.132903485279834,0.436111540699747,0.1155608561483556,0.7568359375
19,5,4,20,1024,xy,expectation,3,3,120,5.51896499390288,360,0.3478193900000406,0.0,0.9999999999999992,0.0036018454333324,0.0036018454333324,0.0294338658385021,False,True,0.9255745620182504,1.0,5.172968367479429,10.76201652331343,7.618915063483568,5.518964993902885,0.9380938190589224,0.1414571409052776,3.6882897237323866,0.2115531573384369,0.482421875
19,5,4,20,1024,xy,cvar,1,3,120,5.26326142612885,135,0.0909961300003487,0.0,1.0000000000000004,0.0060070454791801,0.0060070454791801,0.0109927707290862,False,True,0.9799731722909846,1.0,5.172968367479429,10.76201652331343,7.618915063483568,6.404994135571291,0.7795642954326955,0.5037009882940546,6.151214570680475,0.3166047305290047,0.966796875
19,5,4,20,1024,xy,cvar,2,3,120,5.219853506862369,295,0.245740373999979,0.0,1.0000000000000004,0.007642668894675,0.007642668894675,0.0540079564328886,False,True,0.9941522233402408,1.0,5.172968367479429,10.76201652331343,7.618915063483568,6.441102287654687,0.7731037763824696,0.5184634326851707,7.826092948147269,0.6134129170013468,0.9970703125
19,5,4,20,1024,xy,cvar,3,3,120,5.19833369729472,360,0.361579668000104,0.0,0.9999999999999988,0.0726600678979283,0.0726600678979284,0.075590302170628,False,True,0.9941522233402408,1.0,5.172968367479429,10.76201652331343,7.618915063483568,5.939987393147865,0.8627639261136442,0.3135877927844825,74.40390952747872,0.6428351700747746,0.9970703125
19,5,4,20,1024,penalty_x,expectation,1,3,120,43.30263519287109,124,0.2573669809999046,1.96996397999951,0.0076752081836275,8.795253052085172e-06,0.0011459302264721,0.0012507704953832,False,False,0.9652140108630732,1.0,5.172968367479429,10.76201652331343,7.618915063483568,7.401905265936362,0.6011956175166773,0.911277789535754,1.1734325519074762,0.1131173344064087,0.8623046875
19,5,4,20,1024,penalty_x,expectation,2,3,120,42.44680404663086,237,0.7848897059998308,1.96996397999951,0.003172278271819,2.450672354825656e-06,0.0007725275479759,0.0025421994567209,False,False,0.5057557887713663,1.0,5.172968367479429,10.76201652331343,7.618915063483568,7.429681598901424,0.5962258387295561,0.9226338558843952,0.7910682091273294,0.1093959842455883,0.4287109375
19,5,4,20,1024,penalty_x,expectation,3,3,120,40.40470886230469,360,1.6516423850002866,1.96996397999951,0.0020001681870559,4.7634239308536053e-07,0.0002381511695706,0.0059863627848705,False,False,0.9452345285720348,1.0,5.172968367479429,10.76201652331343,7.618915063483568,7.384926933660446,0.6042334035229033,0.9043363740487964,0.2438667976403383,0.1159102208388034,0.6337890625
19,5,4,20,1024,penalty_x,cvar,1,3,120,13.713372230529783,202,0.4780822669999907,1.96996397999951,0.0073343360204489,9.461366971663663e-06,0.0012900100220775,0.0016779432029781,False,False,0.9736927619143794,1.0,5.172968367479429,10.76201652331343,7.618915063483568,7.32745090721062,0.6145170913436695,0.8808378953028277,1.3209702626074271,0.124155409411952,0.9296875
19,5,4,20,1024,penalty_x,cvar,2,3,120,16.852697474085982,318,1.1470331410000654,1.96996397999951,0.0015231753051221,1.1837917099910555e-06,0.0007771867794929,0.0117210677415665,False,False,0.9828511270800684,1.0,5.172968367479429,10.76201652331343,7.618915063483568,7.715656049642972,0.5450589060483554,1.0395515512735605,0.7958392622007451,0.1204942802553815,0.97265625
19,5,4,20,1024,penalty_x,cvar,3,3,120,16.25082685058277,360,1.7563588769999114,1.96996397999951,0.0003893302556534,6.641113259320264e-07,0.0017057788761301,0.0097153309351127,False,False,0.5035369870360298,1.0,5.172968367479429,10.76201652331343,7.618915063483568,7.43354283311721,0.5955349815195041,0.9242124815437742,1.746717569157265,0.1454941024084599,0.4052734375
20,4,4,16,256,xy,expectation,1,3,120,6.337808412329334,166,0.1038919800002986,0.0,1.0,0.0062832287759557,0.0062832287759557,0.0488400255008284,False,True,0.9328313289564494,1.0,4.4220843474946525,15.043166175130306,10.343259244548255,6.337808412329334,0.8196300437258623,0.323537827904383,1.6085065666446805,0.3722812556888508,0.83984375
20,4,4,16,256,xy,expectation,2,3,120,5.21841273816888,356,0.2523576319999847,0.0,1.0,0.0043025826651305,0.0043025826651305,0.0891006634535492,False,True,0.9328313289564494,1.0,4.4220843474946525,15.043166175130306,10.343259244548255,5.21841273816888,0.9250237966718032,0.1344882400063005,1.1014611622734167,0.3707561888050234,0.83984375
20,4,4,16,256,xy,expectation,3,3,120,5.830384088783216,360,0.2925312990000748,0.0,1.0000000000000009,0.010899097410739,0.0108990974107389,0.0510728630217546,False,True,0.9663337471972386,1.0,4.4220843474946525,15.043166175130306,10.343259244548255,5.830384088783212,0.8674052451395096,0.2378412672777719,2.7901689371491822,0.45428458914107,0.94921875
20,4,4,16,256,xy,cvar,1,3,120,4.545904021761136,165,0.1063265150000916,0.0,0.9999999999999998,0.0064292841021886,0.0064292841021886,0.0474249002761902,False,True,0.9328313289564494,1.0,4.4220843474946525,15.043166175130306,10.343259244548255,6.37229229714696,0.8163833043280074,0.3293616526380158,1.6458967301602854,0.3719020598879185,0.83984375
20,4,4,16,256,xy,cvar,2,3,120,4.479244470989423,360,0.2719337580001593,0.0,0.9999999999999998,0.0222444761653136,0.0222444761653136,0.1347007733007781,False,True,0.9792544543835036,1.0,4.4220843474946525,15.043166175130306,10.343259244548255,6.707427219305438,0.7848295579585493,0.3859610485324424,5.694585898320287,0.5431336230615974,0.98046875
20,4,4,16,256,xy,cvar,3,3,120,4.45727247421028,360,0.305853904000287,0.0,1.0000000000000018,0.0956597310465068,0.0956597310465066,0.0956597310465066,True,True,1.0,1.0,4.4220843474946525,15.043166175130306,10.343259244548255,8.419331639586723,0.6236497037720411,0.6750767139273516,24.4888911479057,0.4438748573889171,1.0
20,4,4,16,256,penalty_x,expectation,1,3,120,49.21795654296875,126,0.2263929939999798,1.9811403272892492,0.0464027957496,0.0002134797250619,0.0046005789438614,0.0050417626674174,False,False,0.466356394029499,1.0,4.4220843474946525,15.043166175130306,10.343259244548255,10.22115535614993,0.4540037349522801,0.9793784357798512,1.1777482096285437,0.1141415426860407,0.76171875
20,4,4,16,256,penalty_x,expectation,2,3,120,47.63920593261719,360,1.0255796999999802,1.9811403272892492,0.0014602816861386,1.266712956748961e-06,0.0008674442532375,0.0601892420287843,False,False,0.2975767397123032,1.0,4.4220843474946525,15.043166175130306,10.343259244548255,13.890064759406716,0.1085672283140935,1.599003673514755,0.2220657288288033,0.0291572565035875,0.12890625
20,4,4,16,256,penalty_x,expectation,3,3,120,48.29351043701172,360,1.3685472870001831,1.9811403272892492,0.0075474184865242,8.894343409338035e-06,0.0011784616720562,0.0157984692014116,False,False,0.2962899073938494,1.0,4.4220843474946525,15.043166175130306,10.343259244548255,11.270984085349696,0.3551598745775156,1.156679182245247,0.3016861880464123,0.0619166467381103,0.05078125
20,4,4,16,256,penalty_x,cvar,1,3,120,9.07084846496582,279,0.5895949069999915,1.9811403272892492,0.0038226094793571,1.6556401533307508e-05,0.0043311778570934,0.0068783486646245,False,False,0.2985951666709457,1.0,4.4220843474946525,15.043166175130306,10.343259244548255,10.310272395261997,0.4456131547309521,0.9944290027131824,1.1087815314159295,0.1213288519473399,0.21484375
20,4,4,16,256,penalty_x,cvar,2,3,120,16.107866287231445,360,1.125031564999972,1.9811403272892492,0.0027316048798695,6.950195256649749e-06,0.0025443633183806,0.0289066492692287,False,False,0.9425123695370295,1.0,4.4220843474946525,15.043166175130306,10.343259244548255,8.752446673935072,0.592286134622089,0.7313349802579253,0.6513570095054508,0.1167923021880889,0.875
20,4,4,16,256,penalty_x,cvar,3,3,120,8.298719900770182,360,1.476940863999971,1.9811403272892492,0.0001821348608856,2.325710511286161e-06,0.0127691673080955,0.0215997554015846,False,False,0.4712346879742148,1.0,4.4220843474946525,15.043166175130306,10.343259244548255,10.617027593767457,0.4167314265338023,1.046235477583246,3.268906830872452,0.0959694950977379,0.8125
21,4,3,12,81,xy,expectation,1,3,120,7.342857855722578,183,0.1117560070001673,0.0,1.0000000000000009,0.031765618841196,0.031765618841196,0.0894138429514412,False,True,0.9741481175100742,1.0,4.6673776216936815,20.199557628240044,12.200679631055223,7.342857855722573,0.8277459936144665,0.355153720201859,2.5730151261368794,0.4253787896547695,0.9382716049382716
21,4,3,12,81,xy,expectation,2,3,120,5.106241786495046,360,0.2555751800000507,0.0,0.9999999999999994,0.7551739541935946,0.755173954193595,0.755173954193595,True,True,1.0,1.0,4.6673776216936815,20.199557628240044,12.200679631055223,5.106241786495049,0.9717448442770816,0.0582565472957272,61.1690902896812,0.9209974549557683,1.0
21,4,3,12,81,xy,expectation,3,3,120,5.940164379460367,360,0.2807537749999937,0.0,0.999999999999998,0.0012722191068422,0.0012722191068422,0.2303638910409444,False,True,0.9516460271778864,1.0,4.6673776216936815,20.199557628240044,12.200679631055223,5.940164379460379,0.9180548540365708,0.1689546969157775,0.1030497476542257,0.4099588691459982,0.8641975308641975
21,4,3,12,81,xy,cvar,1,3,120,4.751359910216499,157,0.0987491129999398,0.0,0.999999999999999,0.0257207852863079,0.0257207852863079,0.0898090587772975,False,True,0.9516460271778864,1.0,4.6673776216936815,20.199557628240044,12.200679631055223,7.599505820473131,0.8112223655955801,0.3892221757651198,2.083383608190948,0.3822523605888239,0.8641975308641975
21,4,3,12,81,xy,cvar,2,3,120,4.6673776216936815,84,0.052449334999892,0.0,1.0000000000000009,0.3092621678295058,0.3092621678295055,0.3092621678295055,True,True,1.0,1.0,4.6673776216936815,20.199557628240044,12.200679631055223,7.691306190284084,0.8053120317099142,0.4014081162327758,25.05023559418995,0.547894215358581,1.0
21,4,3,12,81,xy,cvar,3,3,120,4.6673776216936815,151,0.1033021150001332,0.0,1.0000000000000009,0.2529615110480514,0.2529615110480512,0.2529615110480512,True,True,1.0,1.0,4.6673776216936815,20.199557628240044,12.200679631055223,6.80978144941589,0.8620667654624626,0.2843910711478007,20.48988239489215,0.6290543695559525,1.0
21,4,3,12,81,penalty_x,expectation,1,3,120,9.238629341125488,226,0.3624696530000619,2.0522878766357087,0.0213797442502254,0.0011728478129953,0.0548578972352742,0.0549396285207456,False,False,0.4723435851667416,1.0,4.6673776216936815,20.199557628240044,12.200679631055223,12.682197099300438,0.4839861838950653,1.063918513773487,4.4434896760572125,0.092914917991063,0.7777777777777778
21,4,3,12,81,penalty_x,expectation,2,3,120,27.623384475708008,317,0.7496607039997798,2.0522878766357087,0.0144130916817744,0.0002222862822236,0.0154225260708453,0.0799454864657819,False,False,0.310278451811488,1.0,4.6673776216936815,20.199557628240044,12.200679631055223,13.685088757577304,0.4194175491088232,1.1970462786009934,1.2492246117384698,0.0533122224713369,0.2962962962962963
21,4,3,12,81,penalty_x,expectation,3,3,120,21.166099548339844,360,1.1247734660000788,2.0522878766357087,0.0118176443126673,0.0007207029266282,0.0609853290182182,0.0609853290182182,True,False,1.0,1.0,4.6673776216936815,20.199557628240044,12.200679631055223,12.897566251140958,0.4701201875088692,1.0925074581132843,4.939811650475678,0.1479589762649467,1.0
21,4,3,12,81,penalty_x,cvar,1,3,120,11.985237121582031,198,0.368284935000247,2.0522878766357087,0.0097021865294664,7.551921589765698e-05,0.0077837316019742,0.0242132209717897,False,False,0.3103965316171825,1.0,4.6673776216936815,20.199557628240044,12.200679631055223,12.72557568557687,0.4811933636819241,1.0696767571337724,0.6304822597599172,0.0746882176927784,0.3086419753086419
21,4,3,12,81,penalty_x,cvar,2,3,120,6.248509779483663,360,0.951857119000124,2.0522878766357087,0.0159363186012342,9.469267388340086e-05,0.0059419415646011,0.0546625448139204,False,False,0.3083662255180314,1.0,4.6673776216936815,20.199557628240044,12.200679631055223,12.206801658714191,0.5145933131187725,1.0008126619178894,0.4812972667326967,0.0865717613316613,0.1481481481481481
21,4,3,12,81,penalty_x,cvar,3,3,120,8.34560672149498,360,1.2180050480001228,2.0522878766357087,0.0254593184488385,0.0019841974135488,0.0779359988577914,0.1333570375586409,False,False,0.4723435851667416,1.0,4.6673776216936815,20.199557628240044,12.200679631055223,11.245831996715795,0.5764629065430938,0.8732497869920985,6.312815907481104,0.1455914488199446,0.7777777777777778
22,3,3,9,27,xy,expectation,1,3,120,7.102879640663763,140,0.0792610660000718,0.0,1.0000000000000004,0.4503182846796587,0.4503182846796585,0.4503182846796585,True,True,1.0,1.0,4.213521627301851,14.32037448051618,11.847528458128822,7.102879640663759,0.7141189195761377,0.3784851228707784,12.15859368635078,0.4812920028774845,1.0
22,3,3,9,27,xy,expectation,2,3,120,4.612500959388049,352,0.2400118350001321,0.0,1.0000000000000004,0.92015414881438,0.9201541488143796,0.9201541488143796,True,True,1.0,1.0,4.213521627301851,14.32037448051618,11.847528458128822,4.612500959388047,0.9605238803927668,0.0522634235111072,24.84416201798825,0.9247451598768164,1.0
22,3,3,9,27,xy,expectation,3,3,120,4.913407027537514,360,0.2663535400001819,0.0,0.9999999999999996,0.8604200155307832,0.8604200155307835,0.8604200155307835,True,True,1.0,1.0,4.213521627301851,14.32037448051618,11.847528458128822,4.913407027537516,0.9307514010147008,0.0916799546745817,23.23134041933116,0.8792885657104116,1.0
22,3,3,9,27,xy,cvar,1,3,120,4.213521627301851,73,0.0426170079999792,0.0,0.9999999999999998,0.4285820317523215,0.4285820317523217,0.4285820317523217,True,True,1.0,1.0,4.213521627301851,14.32037448051618,11.847528458128822,7.35840600278062,0.6888364339371393,0.4119572388616911,11.571714857312688,0.4766171215168104,1.0
22,3,3,9,27,xy,cvar,2,3,120,4.213521627301851,62,0.0346783420000065,0.0,0.9999999999999998,0.3190129342254545,0.3190129342254546,0.3190129342254546,True,True,1.0,1.0,4.213521627301851,14.32037448051618,11.847528458128822,8.523506517794997,0.5735581636451329,0.5645770282899075,8.613349224087276,0.386935831469976,1.0
22,3,3,9,27,xy,cvar,3,3,120,4.213521627301851,87,0.05061393699998,0.0,0.999999999999999,0.4960013675906399,0.4960013675906404,0.4960013675906404,True,True,1.0,1.0,4.213521627301851,14.32037448051618,11.847528458128822,6.896224589746795,0.7345659423950403,0.3514147972218062,13.392036924947291,0.6534336427069358,1.0
22,3,3,9,27,penalty_x,expectation,1,3,120,24.78672409057617,290,0.422142894999979,2.3379108875145267,0.0483030230097938,0.0007732748636044,0.0160088295808663,0.1251801793196263,False,False,0.472525938512967,1.0,4.213521627301851,14.32037448051618,11.847528458128822,11.052471242161918,0.3233353929076898,0.8958532218288862,0.4322383986833918,0.212337427011717,0.925925925925926
22,3,3,9,27,penalty_x,expectation,2,3,120,20.73556900024414,360,0.7416996990000371,2.3379108875145267,0.0792315018243243,0.0246653854846954,0.3113078121298853,0.3113078121298853,True,False,1.0,1.0,4.213521627301851,14.32037448051618,11.847528458128822,7.822400653738462,0.6429275186994672,0.4727372016309383,8.405310927506903,0.371261706632875,1.0
22,3,3,9,27,penalty_x,expectation,3,3,120,19.849809646606445,360,0.9400501869999972,2.3379108875145267,0.0443105735594144,0.0099991671741008,0.2256609736882179,0.2510569140837044,False,False,0.4561919423951396,1.0,4.213521627301851,14.32037448051618,11.847528458128822,8.224821660282448,0.6031108702938259,0.5254514597475234,6.0928462895818845,0.2401735113855818,0.6296296296296297
22,3,3,9,27,penalty_x,cvar,1,3,120,6.498093515520901,280,0.4793486769999617,2.3379108875145267,0.0247429276932962,0.0092748207971453,0.3748473467696492,0.3748473467696492,True,False,1.0,1.0,4.213521627301851,14.32037448051618,11.847528458128822,7.982016082369521,0.6271347263288632,0.4936456750143408,10.120878362780529,0.453167979493642,1.0
22,3,3,9,27,penalty_x,cvar,2,3,120,5.37436993427635,360,0.8332416829998692,2.3379108875145267,0.0302667129362816,0.000559955718927,0.0185007113295031,0.2369156541062678,False,False,0.4701996043539506,1.0,4.213521627301851,14.32037448051618,11.847528458128822,9.878004667676048,0.4395403670517775,0.7420065459596372,0.4995192058965843,0.1257535679651181,0.8888888888888888
22,3,3,9,27,penalty_x,cvar,3,3,120,6.239254369691275,360,1.0507106909999493,2.3379108875145267,0.0137659611373237,0.001757193240337,0.1276476973026447,0.174227496754464,False,False,0.2965294738827067,1.0,4.213521627301851,14.32037448051618,11.847528458128822,11.42684176716535,0.2862941367975478,0.944893068569877,3.446487827171408,0.1389952882027903,0.1111111111111111
22,5,5,25,3125,xy,expectation,1,3,120,5.453766579902337,282,0.2249063780000142,0.0,1.0000000000000018,0.0011304856714006,0.0011304856714006,0.0015152529986315,False,True,0.9754905604882366,1.0,5.179848741372,10.90387926908812,6.093654284413585,5.453766579902327,0.9521459857343528,0.2997550634444571,3.532767723127156,0.2279489654818412,0.96672
22,5,5,25,3125,xy,expectation,2,3,120,5.636169774808905,360,0.3670516180000049,0.0,0.9999999999999992,5.366856844996855e-05,5.366856844996858e-05,0.0081089259958913,False,True,0.9233631822270226,1.0,5.179848741372,10.90387926908812,6.093654284413585,5.636169774808908,0.9202797694339028,0.4993633896310719,0.1677142764061518,0.0891319719486009,0.24352
22,5,5,25,3125,xy,expectation,3,3,120,5.40840578749536,360,0.4503380150003977,0.0,1.000000000000001,0.0040894921607804,0.0040894921607804,0.02047333992189,False,True,0.9965287983083462,1.0,5.179848741372,10.90387926908812,6.093654284413585,5.4084057874953535,0.9600706102078482,0.2501156267476837,12.77966300243892,0.3692172925124766,0.99904
22,5,5,25,3125,xy,cvar,1,3,120,5.332990696104608,192,0.1642765659998986,0.0,1.000000000000001,0.0004583747963509,0.0004583747963509,0.0040419429315386,False,True,0.9623424433526276,1.0,5.179848741372,10.90387926908812,6.093654284413585,6.253491330683691,0.8124324138187166,1.17491363177563,1.4324212385967332,0.1661363208413367,0.856
22,5,5,25,3125,xy,cvar,2,3,120,5.319950827384411,358,0.3873763390001841,0.0,1.000000000000001,0.000427321552941,0.000427321552941,0.0076958332754087,False,True,0.9544284676923712,1.0,5.179848741372,10.90387926908812,6.093654284413585,6.21347917480655,0.8194226204018924,1.1311273402808766,1.3353798529408445,0.1975499449444726,0.73696
22,5,5,25,3125,xy,cvar,3,3,120,5.289648164962892,360,0.4671338910002305,0.0,1.000000000000002,0.0024071645706587,0.0024071645706587,0.0070172175610926,False,True,0.9772856755727628,1.0,5.179848741372,10.90387926908812,6.093654284413585,5.799476277638964,0.8917497848296427,0.6780737335041159,7.522389283308548,0.3159383487389529,0.97472
22,5,5,25,3125,penalty_x,expectation,1,3,120,58.212135314941406,128,5.41949864299977,1.883992736027799,5.820447613231333e-05,5.6388792302186637e-08,0.0009688050825163,0.0011974096314295,False,False,0.9689264729068826,1.0,5.179848741372,10.90387926908812,6.093654284413585,5.846683583360377,0.8835025706520047,0.7297338553767466,3.027515882863588,0.1214373529488744,0.92288
22,5,5,25,3125,penalty_x,expectation,2,3,120,59.2860107421875,325,26.62032860799991,1.883992736027799,0.0003373689773564,7.249072808690471e-08,0.0002148707585828,0.0012720327644621,False,False,0.9404290165932376,1.0,5.179848741372,10.90387926908812,6.093654284413585,6.049417648145498,0.8480845092347097,0.951590755161272,0.6714711205713869,0.0851061665072105,0.46624
22,5,5,25,3125,penalty_x,expectation,3,3,120,44.789669036865234,329,40.08969203000015,1.883992736027799,0.0002766442300352,2.6417867893258062e-09,9.549401370090251e-06,0.0088218100175346,False,False,0.8858749934168082,1.0,5.179848741372,10.90387926908812,6.093654284413585,5.649252235739956,0.9179942363872668,0.5136798500975986,0.029841879281532,0.0656212557651655,0.12384
22,5,5,25,3125,penalty_x,cvar,1,3,120,29.18680033841129,217,9.40318220600011,1.883992736027799,0.0001808182638635,1.3661003883669311e-08,7.555101786606705e-05,0.0020077728742089,False,False,0.913274186963631,1.0,5.179848741372,10.90387926908812,6.093654284413585,6.483615348039865,0.7722292709036153,1.4267440338874522,0.2360969308314595,0.0923327670954588,0.17856
22,5,5,25,3125,penalty_x,cvar,2,3,120,25.1218212697719,360,29.95594349799967,1.883992736027799,0.0005076486535456,5.9487462067409076e-08,0.000117182349745,0.0054378803784175,False,False,0.9083902393232364,1.0,5.179848741372,10.90387926908812,6.093654284413585,6.138934114633018,0.8324457969577441,1.0495508377731213,0.3661948429533723,0.0522002503593131,0.15872
22,5,5,25,3125,penalty_x,cvar,3,3,120,22.307219881249654,360,44.35528093199992,1.883992736027799,0.0008119003172321,4.99550658616954e-08,6.152857044322586e-05,0.0048057523315306,False,False,0.9169066090840696,1.0,5.179848741372,10.90387926908812,6.093654284413585,6.217069073216576,0.8187954577072415,1.1350558548728074,0.1922767826350807,0.0389189786608901,0.19488
23,5,4,20,1024,xy,expectation,1,3,120,5.786911910346048,176,0.1187090419998639,0.0,1.0000000000000002,0.0008859327818646,0.0008859327818646,0.0038685353090776,False,True,0.9215194554769228,1.0,5.214231476197026,21.006034079306254,7.8261149999870465,5.786911910346047,0.9637355881059286,0.2192595607471892,0.907195168629427,0.1150299792583835,0.537109375
23,5,4,20,1024,xy,expectation,2,3,120,5.489932647829916,360,0.2994639409998854,0.0,1.0000000000000002,0.1313310544389029,0.1313310544389029,0.1313310544389029,True,True,1.0,1.0,5.214231476197026,21.006034079306254,7.8261149999870465,5.489932647829915,0.9825415008937228,0.1055564572928687,134.48299974543656,0.6971696868863863,1.0
23,5,4,20,1024,xy,expectation,3,3,120,5.391416550379779,360,0.3455102920001991,0.0,0.9999999999999994,0.1543427125046017,0.1543427125046018,0.1543427125046018,True,True,1.0,1.0,5.214231476197026,21.006034079306254,7.8261149999870465,5.39141655037978,0.9887799335746592,0.0678380458274215,158.04693760471227,0.7598277309249063,1.0
23,5,4,20,1024,xy,cvar,1,3,120,5.311417277047682,155,0.1078249649999634,0.0,0.9999999999999998,0.0259814885725988,0.0259814885725988,0.0357734913747332,False,True,0.499228213453473,1.0,5.214231476197026,21.006034079306254,7.8261149999870465,7.094334470315125,0.8809443708631509,0.719826507190467,26.605044298341184,0.3316756575678599,0.357421875
23,5,4,20,1024,xy,cvar,2,3,120,5.221477284523759,265,0.2171104439998998,0.0,1.0000000000000018,0.1665811449540823,0.166581144954082,0.166581144954082,True,True,1.0,1.0,5.214231476197026,21.006034079306254,7.8261149999870465,5.571388711777928,0.9773833776575588,0.1367431710977076,170.57909243297996,0.7085162767750312,1.0
23,5,4,20,1024,xy,cvar,3,3,120,5.217588389750363,360,0.3562428169998384,0.0,1.0,0.2021361216895963,0.2021361216895963,0.2021361216895963,True,True,1.0,1.0,5.214231476197026,21.006034079306254,7.8261149999870465,5.4950389968386295,0.9822181464840296,0.107511501980813,206.98738861014667,0.7432254385515639,1.0
23,5,4,20,1024,penalty_x,expectation,1,3,120,43.58968734741211,125,0.2568285620000097,1.8058381157212355,0.0049052549470616,4.6896020649001e-06,0.0009560363560123,0.0010827245154545,False,False,0.8889262429388839,1.0,5.214231476197026,21.006034079306254,7.8261149999870465,7.82288150666143,0.8348098633178969,0.9987620070741422,0.9789812285565952,0.0990778666297813,0.369140625
23,5,4,20,1024,penalty_x,expectation,2,3,120,9.773615837097168,349,1.167626987999938,1.8058381157212355,0.02975318053562,8.830418664729223e-05,0.0029678906610194,0.0029778675614179,False,False,0.9903545236541468,1.0,5.214231476197026,21.006034079306254,7.8261149999870465,7.052884730240541,0.8835691339200563,0.7039568331804873,3.039120036883911,0.1838373667768772,0.9931640625
23,5,4,20,1024,penalty_x,expectation,3,3,120,37.87966537475586,360,1.6491748789999292,1.8058381157212355,0.0015190427457245,2.121272700605914e-06,0.0013964535932753,0.0077680337093219,False,False,0.945169719195858,1.0,5.214231476197026,21.006034079306254,7.8261149999870465,7.206244492031338,0.8738577814136235,0.7626729896989304,1.4299684795139538,0.1322942160778356,0.748046875
23,5,4,20,1024,penalty_x,cvar,1,3,120,5.65634298324585,221,0.5200606959997458,1.8058381157212355,0.040234518684258,9.126378427026792e-05,0.0022682956638915,0.0022729103055592,False,False,0.9903545236541468,1.0,5.214231476197026,21.006034079306254,7.8261149999870465,7.2675062273110385,0.8699784437078927,0.7861279924667435,2.322734759824992,0.1599782474563819,0.9931640625
23,5,4,20,1024,penalty_x,cvar,2,3,120,14.342023849487305,360,1.302449280000019,1.8058381157212355,0.0019971895460204,2.6726779651653487e-06,0.0013382194847208,0.0096435960289569,False,False,0.9185468767675962,1.0,5.214231476197026,21.006034079306254,7.8261149999870465,7.683270519769945,0.8436505884966676,0.9453097816514326,1.3703367523541394,0.1021166804208368,0.515625
23,5,4,20,1024,penalty_x,cvar,3,3,120,15.488161087036133,360,1.7454382959999748,1.8058381157212355,0.0011727160428309,1.112810821268795e-07,9.489175389657236e-05,0.0228699679399659,False,False,0.4820910337398731,1.0,5.214231476197026,21.006034079306254,7.8261149999870465,8.448549843964368,0.7951900458070226,1.2383088060045369,0.0971691559900901,0.0218121600969855,0.1708984375
24,4,4,16,256,xy,expectation,1,3,120,5.491787115678968,134,0.0798158620000322,0.0,1.0,0.0070017958782652,0.0070017958782652,0.0202919482976033,False,True,0.9495405738144024,1.0,4.630051716398992,10.237058491205431,8.033658454078006,5.491787115678969,0.8463109759110777,0.2531830101698563,1.7924597448359,0.1677038882275097,0.765625
24,4,4,16,256,xy,expectation,2,3,120,5.076982787613481,339,0.245269220999944,0.0,0.9999999999999996,0.001696928034085,0.001696928034085,0.0379355961781076,False,True,0.9500858848618988,1.0,4.630051716398992,10.237058491205431,8.033658454078006,5.076982787613483,0.9202906133050072,0.131311019650661,0.4344135767257635,0.0977168738854133,0.7734375
24,4,4,16,256,xy,expectation,3,3,120,5.080875079498095,360,0.2837154929998178,0.0,0.9999999999999988,0.0017637822857928,0.0017637822857928,0.0370962060414554,False,True,0.9500858848618988,1.0,4.630051716398992,10.237058491205431,8.033658454078006,5.080875079498101,0.9195964297520092,0.1324545982672883,0.4515282651629651,0.0980853290313976,0.7734375
24,4,4,16,256,xy,cvar,1,3,120,4.716509885164845,130,0.0810978660001637,0.0,1.000000000000001,0.0136573138283921,0.0136573138283921,0.067089373841833,False,True,0.4696848191299097,1.0,4.630051716398992,10.237058491205431,8.033658454078006,7.741505800382921,0.4450775237218544,0.9141638043958304,3.4962723400683857,0.2146555835825084,0.44921875
24,4,4,16,256,xy,cvar,2,3,120,4.665659818435277,320,0.2274008360000152,0.0,1.0000000000000009,0.0165591440267486,0.0165591440267485,0.1771011784780901,False,True,0.9935151652662456,1.0,4.630051716398992,10.237058491205431,8.033658454078006,5.7305669143354185,0.8037250101281681,0.3233379419994008,4.239140870847641,0.5005370728777576,0.99609375
24,4,4,16,256,xy,cvar,3,3,120,4.665977596587903,360,0.2946615000000747,0.0,0.9999999999999984,0.0067065040592567,0.0067065040592567,0.1853663833552646,False,True,0.9935151652662456,1.0,4.630051716398992,10.237058491205431,8.033658454078006,6.522356822707817,0.6625106438587905,0.5559705489357518,1.716865039169734,0.4603446124760298,0.99609375
24,4,4,16,256,penalty_x,expectation,1,3,120,9.164772033691406,203,0.3700754899996354,1.99326404260038,0.0331436488831968,0.0002479012473486,0.0074796003367727,0.0118251369792849,False,False,0.4527284263898027,1.0,4.630051716398992,10.237058491205431,8.033658454078006,7.004698293235309,0.5764858734421108,0.6976853555224877,1.9147776862138184,0.1428459587465098,0.02734375
24,4,4,16,256,penalty_x,expectation,2,3,120,40.16155242919922,335,0.9348412429999372,1.99326404260038,0.0054077556849279,4.599912426783703e-05,0.0085061395055332,0.0144317941147698,False,False,0.4663719838243716,1.0,4.630051716398992,10.237058491205431,8.033658454078006,7.419764047414128,0.502459611151185,0.8196341545961022,2.1775717134165,0.1415344241656961,0.29296875
24,4,4,16,256,penalty_x,expectation,3,3,120,39.07100677490234,360,1.3940250679997916,1.99326404260038,0.0057548834942977,1.4387262126547284e-05,0.0025000092774776,0.026866350469588,False,False,0.468696877996296,1.0,4.630051716398992,10.237058491205431,8.033658454078006,8.783374893982009,0.2592619655383967,1.2202711704629097,0.6400023750342736,0.0653696784679419,0.42578125
24,4,4,16,256,penalty_x,cvar,1,3,120,8.475588911912181,288,0.6179842700003064,1.99326404260038,0.0144008735987881,6.510403181891888e-05,0.0045208390569025,0.0068177932974621,False,False,0.9752292910714644,1.0,4.630051716398992,10.237058491205431,8.033658454078006,7.835982838394062,0.4282277067329311,0.9419217227726072,1.1573347985670628,0.1215270517462727,0.921875
24,4,4,16,256,penalty_x,cvar,2,3,120,8.371635936000105,360,1.130811644000005,1.99326404260038,0.0234078718931414,0.0001240354322362,0.0052988769249293,0.0072490686592734,False,False,0.9752292910714644,1.0,4.630051716398992,10.237058491205431,8.033658454078006,7.689350057858568,0.4543794105607825,0.8988401355515505,1.356512492781911,0.1289255473292604,0.921875
24,4,4,16,256,penalty_x,cvar,3,3,120,13.02471923828125,360,1.4879580369997711,1.99326404260038,0.0040964103297937,4.558902674034471e-06,0.0011129018596786,0.0241924660902964,False,False,0.4731586845839203,1.0,4.630051716398992,10.237058491205431,8.033658454078006,8.338760997910281,0.3385580880381016,1.0896409507169826,0.2849028760777419,0.0698738827981707,0.5390625
25,4,3,12,81,xy,expectation,1,3,120,4.713730131667326,155,0.0941568359999109,0.0,0.9999999999999996,0.6847268168858963,0.6847268168858965,0.6847268168858965,True,True,1.0,1.0,4.678302689822611,15.169050966334432,6.060970006960797,4.713730131667328,0.9966229823735228,0.0256225350853332,55.46287216775762,0.872595521758278,1.0
25,4,3,12,81,xy,expectation,2,3,120,4.720997357503945,360,0.252526212000248,0.0,1.000000000000001,0.5997525932666278,0.599752593266627,0.599752593266627,True,True,1.0,1.0,4.678302689822611,15.169050966334432,6.060970006960797,4.720997357503939,0.995930255253868,0.0308784818677109,48.57996005459679,0.8084966030335232,1.0
25,4,3,12,81,xy,expectation,3,3,120,4.710261746129428,360,0.2820562970000537,0.0,0.9999999999999996,0.6504335476486695,0.6504335476486697,0.6504335476486697,True,True,1.0,1.0,4.678302689822611,15.169050966334432,6.060970006960797,4.710261746129429,0.9969535961149336,0.023114060707652,52.68511735954225,0.8685296904072257,1.0
25,4,3,12,81,xy,cvar,1,3,120,4.678302689822611,118,0.0726380300002347,0.0,1.0000000000000009,0.2738612049201293,0.2738612049201291,0.2738612049201291,True,True,1.0,1.0,4.678302689822611,15.169050966334432,6.060970006960797,4.927002100843799,0.9762934535777577,0.1798693061870736,22.182757598530458,0.386811730644564,1.0
25,4,3,12,81,xy,cvar,2,3,120,4.678302689822611,66,0.0402731749995837,0.0,0.9999999999999994,0.3802800080129496,0.3802800080129498,0.3802800080129498,True,True,1.0,1.0,4.678302689822611,15.169050966334432,6.060970006960797,5.005179830347596,0.9688413893928954,0.2364105497203392,30.802680649048938,0.5182101513818937,1.0
25,4,3,12,81,xy,cvar,3,3,120,4.678302689822611,102,0.0652040570003009,0.0,1.0000000000000018,0.3029491123081517,0.3029491123081512,0.3029491123081512,True,True,1.0,1.0,4.678302689822611,15.169050966334432,6.060970006960797,5.268812210836648,0.943711401184208,0.4270799733924866,24.538878096960246,0.4831782289936499,1.0
25,4,3,12,81,penalty_x,expectation,1,3,120,17.364826202392578,180,0.2883698480000021,1.920609363534004,0.0362768968989257,0.0002183345204684,0.0060185555858542,0.039978611949224,False,False,0.924022742607813,1.0,4.678302689822611,15.169050966334432,6.060970006960797,6.579224013402768,0.8188002158210002,1.3748219112567452,0.4875030024541941,0.0913503445031914,0.3333333333333333
25,4,3,12,81,penalty_x,expectation,2,3,120,14.042945861816406,329,0.7884660449999501,1.920609363534004,0.0090318843663226,0.0003357747336849,0.0371765979353065,0.0380806198531934,False,False,0.9593571431784484,1.0,4.678302689822611,15.169050966334432,6.060970006960797,5.528203071483929,0.9189857234908404,0.6146817612066101,3.0113044327598275,0.1474710764977523,0.7160493827160493
25,4,3,12,81,penalty_x,expectation,3,3,120,11.67243480682373,360,1.1244356960000914,1.920609363534004,0.0116726295087801,0.0003302288241684,0.0282908683017863,0.0941698397599983,False,False,0.9257675877755212,1.0,4.678302689822611,15.169050966334432,6.060970006960797,5.730358390235278,0.8997158569929509,0.7608885285508799,2.2915603324446963,0.1369545057126724,0.3703703703703703
25,4,3,12,81,penalty_x,cvar,1,3,120,7.564828395843506,151,0.274845016999734,1.920609363534004,0.0290482802643055,0.0001490942231612,0.0051326351097085,0.0723776985951861,False,False,0.9615091246172336,1.0,4.678302689822611,15.169050966334432,6.060970006960797,7.382756671794991,0.7422058073752951,1.95596869069705,0.4157434438863915,0.0839754888855665,0.7530864197530864
25,4,3,12,81,penalty_x,cvar,2,3,120,5.641223430633545,315,0.8340487479999865,1.920609363534004,0.0432515684442478,8.724691724637523e-05,0.0020171966100798,0.0522541840148343,False,False,0.924022742607813,1.0,4.678302689822611,15.169050966334432,6.060970006960797,6.776918826417386,0.7999555340305462,1.5178026634334894,0.1633929254164714,0.0739590960627802,0.3333333333333333
25,4,3,12,81,penalty_x,cvar,3,3,120,5.25537109375,360,1.2217624380000416,1.920609363534004,0.0567314146028365,0.0004950892762281,0.0087268981338488,0.0343821134836062,False,False,0.9257675877755212,1.0,4.678302689822611,15.169050966334432,6.060970006960797,6.3083537245575645,0.8446201365459752,1.1789177443702057,0.7068787488417569,0.0840660458913033,0.3703703703703703
26,3,3,9,27,xy,expectation,1,3,120,5.635243849240682,144,0.0834168430001227,0.0,1.0,0.7739871030411956,0.7739871030411956,0.7739871030411956,True,True,1.0,1.0,4.37160609152294,19.438086665263437,12.668669496307231,5.635243849240682,0.9161292014061898,0.152299397518054,20.89765178211228,0.7803559160529756,1.0
26,3,3,9,27,xy,expectation,2,3,120,5.133287640977091,326,0.2205488330000662,0.0,1.0000000000000002,0.8590307626404025,0.8590307626404022,0.8590307626404022,True,True,1.0,1.0,4.37160609152294,19.438086665263437,12.668669496307231,5.13328764097709,0.9494452904428328,0.0918013413052798,23.19383059129086,0.8714528363051577,1.0
26,3,3,9,27,xy,expectation,3,3,120,4.575720261892424,360,0.260921479999979,0.0,1.0000000000000004,0.9625810298434992,0.9625810298434988,0.9625810298434988,True,True,1.0,1.0,4.37160609152294,19.438086665263437,12.668669496307231,4.575720261892422,0.9864524319816778,0.0246007726362298,25.989687805774462,0.9716798746128644,1.0
26,3,3,9,27,xy,cvar,1,3,120,4.37160609152294,67,0.0378598950001105,0.0,0.9999999999999996,0.2866686011304877,0.2866686011304878,0.2866686011304878,True,True,1.0,1.0,4.37160609152294,19.438086665263437,12.668669496307231,10.165425766667571,0.6154496966436387,0.6982976256158017,7.740052230523172,0.3003186292379473,1.0
26,3,3,9,27,xy,cvar,2,3,120,4.37160609152294,72,0.0408154390001982,0.0,0.999999999999999,0.368791636129703,0.3687916361297034,0.3687916361297034,True,True,1.0,1.0,4.37160609152294,19.438086665263437,12.668669496307231,8.669863403003921,0.7147139114245132,0.5180456146692213,9.957374175501991,0.3801963815938529,1.0
26,3,3,9,27,xy,cvar,3,3,120,4.37160609152294,102,0.0603583770002842,0.0,0.999999999999999,0.2840263883447002,0.2840263883447004,0.2840263883447004,True,True,1.0,1.0,4.37160609152294,19.438086665263437,12.668669496307231,10.018096127800003,0.6252283332765595,0.6805407842274842,7.668712485306913,0.3025700873769547,1.0
26,3,3,9,27,penalty_x,expectation,1,3,120,8.399388313293457,347,0.501929773000029,2.262729911896752,0.0258412809711217,0.0056726969778537,0.2195207344478456,0.2195207344478456,True,False,1.0,1.0,4.37160609152294,19.438086665263437,12.668669496307231,11.770563449449988,0.5089126938627753,0.8917561547933484,5.927059830091833,0.2269374776865761,1.0
26,3,3,9,27,penalty_x,expectation,2,3,120,17.370031356811523,360,0.7335335739999209,2.262729911896752,0.0286471967119723,0.0023066881112754,0.0805205526553812,0.0805205526553812,True,False,1.0,1.0,4.37160609152294,19.438086665263437,12.668669496307231,12.517881675615667,0.4593113139978459,0.9818263627339984,2.174054921695294,0.1303512877196849,1.0
26,3,3,9,27,penalty_x,expectation,3,3,120,23.696861267089844,360,0.9406516099998044,2.262729911896752,0.0498660164157627,0.0007635134388692,0.0153112980291708,0.1920027703783866,False,False,0.4672764433724746,1.0,4.37160609152294,19.438086665263437,12.668669496307231,12.371525992664989,0.4690253067405018,0.9641869069638656,0.4134050467876123,0.0654065739240296,0.8148148148148148
26,3,3,9,27,penalty_x,cvar,1,3,120,5.651263236999512,194,0.3296270680002635,2.262729911896752,0.0123450080673137,0.000747382058762,0.0605412369669388,0.2386324689235008,False,False,0.3043773038673804,1.0,4.37160609152294,19.438086665263437,12.668669496307231,12.564501813603034,0.4562170188332127,0.9874452348231864,1.634613398107349,0.1064283229537603,0.2222222222222222
26,3,3,9,27,penalty_x,cvar,2,3,120,4.577859878540039,360,0.8325429810001879,2.262729911896752,0.096993648505304,0.0087530631572008,0.0902436736022169,0.0902436736022169,True,False,1.0,1.0,4.37160609152294,19.438086665263437,12.668669496307231,12.228595291473264,0.4785119748772422,0.9469602456478504,2.436579187259858,0.1374173027791844,1.0
26,3,3,9,27,penalty_x,cvar,3,3,120,4.582725524902344,360,1.0427726540001458,2.262729911896752,0.0365278442222916,0.0005247215158306,0.0143649735428511,0.1101257308933939,False,False,0.3050943758212583,1.0,4.37160609152294,19.438086665263437,12.668669496307231,13.435041723811194,0.3984371075959837,1.0923666832607368,0.3878542856569804,0.0723864876690265,0.4074074074074074
26,5,5,25,3125,xy,expectation,1,3,120,8.717746532375097,161,0.1224755880002703,0.0,0.9999999999999996,0.0007522165595873,0.0007522165595873,0.0023095191652887,False,True,0.9063751668003064,1.0,5.36168985175561,20.933594508215805,10.914881045438372,8.7177465323751,0.7844800135462434,0.6043474037842055,2.35067674871036,0.290489319860551,0.87168
26,5,5,25,3125,xy,expectation,2,3,120,7.637728000521704,321,0.3265938230001666,0.0,0.9999999999999988,8.156430203059008e-05,8.156430203059017e-05,0.0103137671958381,False,True,0.907660534898224,1.0,5.36168985175561,20.933594508215805,10.914881045438372,7.637728000521712,0.8538368812949378,0.4098612976544536,0.2548884438455943,0.3831384496229768,0.87456
26,5,5,25,3125,xy,expectation,3,3,120,7.103107410175585,360,0.4533208379998541,0.0,1.0000000000000009,3.18873843485433e-06,3.188738434854327e-06,0.0243764050410325,False,True,0.892444524239226,1.0,5.36168985175561,20.933594508215805,10.914881045438372,7.1031074101755785,0.8881692640150144,0.3135886191710781,0.0099648076089197,0.2682805978978334,0.86016
26,5,5,25,3125,xy,cvar,1,3,120,5.643011994725795,211,0.1835050300001057,0.0,0.9999999999999998,0.0008633211564192,0.0008633211564192,0.0033665419640628,False,True,0.9447783514778912,1.0,5.36168985175561,20.933594508215805,10.914881045438372,8.971635353984526,0.7681757253290601,0.6500668491903435,2.6978786138101416,0.3165966375317817,0.95872
26,5,5,25,3125,xy,cvar,2,3,120,5.638354517205827,324,0.3534117569997761,0.0,0.9999999999999996,0.0013070690214768,0.0013070690214768,0.0112328989375439,False,True,0.9623073597736032,1.0,5.36168985175561,20.933594508215805,10.914881045438372,9.495505349490267,0.7345337266742322,0.7444035966989992,4.084590692115186,0.2696671050604295,0.98528
26,5,5,25,3125,xy,cvar,3,3,120,5.608748421614079,360,0.4796267869996882,0.0,1.0,0.0018564891521549,0.0018564891521549,0.0197165222171604,False,True,0.9293771264967792,1.0,5.36168985175561,20.933594508215805,10.914881045438372,9.251496828216595,0.7502035195901836,0.7004633625591679,5.801528600484135,0.3253528002365644,0.9248
26,5,5,25,3125,penalty_x,expectation,1,3,120,94.39938354492188,142,5.994580779999978,2.0521831781102047,5.670796378608178e-05,1.3623387751238171e-08,0.0002402376463847,0.0036461967076357,False,False,0.3377149633739472,1.0,5.36168985175561,20.933594508215805,10.914881045438372,11.07949391541688,0.632812800373192,1.0296429321874907,0.750742644952247,0.1036817874900353,0.0336
26,5,5,25,3125,penalty_x,expectation,2,3,120,93.03429412841795,315,25.796642189000067,2.0521831781102047,0.0001716584206779,3.509810220236886e-09,2.0446478572826503e-05,0.0111684325140382,False,False,0.4955259011099107,1.0,5.36168985175561,20.933594508215805,10.914881045438372,11.88880276494393,0.5808404265768178,1.1753805488659348,0.0638952455400828,0.0153386725834842,0.32864
26,5,5,25,3125,penalty_x,expectation,3,3,120,15.729114532470703,360,43.85809577500004,2.0521831781102047,0.0061133254304663,9.762257832335308e-06,0.0015968817533717,0.0022939430983076,False,False,0.3420978174016608,1.0,5.36168985175561,20.933594508215805,10.914881045438372,10.558497127583898,0.6662702867454092,0.9358235822566504,4.990255479286759,0.1674076288576293,0.1312
26,5,5,25,3125,penalty_x,cvar,1,3,120,37.132266386477184,338,14.515208368999993,2.0521831781102047,0.0002651765109853,9.972380610179245e-08,0.0003760657598639,0.0033994796707445,False,False,0.4929406813165609,1.0,5.36168985175561,20.933594508215805,10.914881045438372,10.822905690989217,0.6492904394345907,0.9834373873973964,1.1752054995749894,0.1368217190446935,0.25344
26,5,5,25,3125,penalty_x,cvar,2,3,120,7.589560557656221,360,29.84575298100026,2.0521831781102047,0.0018308927773257,4.2315238601986493e-07,0.0002311180595938,0.0015734070794099,False,False,0.5059670903109792,1.0,5.36168985175561,20.933594508215805,10.914881045438372,10.719244616941898,0.6559473690995378,0.9647704496976393,0.7222439362306932,0.109006479694934,0.68288
26,5,5,25,3125,penalty_x,cvar,3,3,120,6.4564455851446185,360,44.23599429199976,2.0521831781102047,0.0056831540688282,1.3945573300588876e-06,0.0002453843962647,0.0016958906984435,False,False,0.5094473531701802,1.0,5.36168985175561,20.933594508215805,10.914881045438372,11.045551628986264,0.6349925135925724,1.0235307193630467,0.766826238327295,0.0780010628783604,0.7696
27,5,4,20,1024,xy,expectation,1,3,120,6.405004121922539,151,0.0990726780000841,0.0,0.9999999999999994,0.0017907503178407,0.0017907503178407,0.0051947954962726,False,True,0.9268373518394089,1.0,5.240802222460056,21.18135454990232,9.13372790985619,6.405004121922542,0.9269660250442974,0.2990557726883266,1.833728325468928,0.1728367003231476,0.75
27,5,4,20,1024,xy,expectation,2,3,120,5.904202466984255,334,0.2714552009997533,0.0,0.9999999999999988,0.0001369534169215,0.0001369534169215,0.0144773595583499,False,True,0.912861707338718,1.0,5.240802222460056,21.18135454990232,9.13372790985619,5.904202466984263,0.9583828570743976,0.1704117411416439,0.1402402989276287,0.0629996338188249,0.638671875
27,5,4,20,1024,xy,expectation,3,3,120,5.995465898145094,360,0.3446044389997951,0.0,0.9999999999999996,2.647116212712079e-05,2.64711621271208e-05,0.0193617351926749,False,True,0.9090753366494913,1.0,5.240802222460056,21.18135454990232,9.13372790985619,5.995465898145096,0.9526576206279967,0.1938551455344661,0.0271064700181717,0.0371366542750443,0.6123046875
27,5,4,20,1024,xy,cvar,1,3,120,5.341459027959611,146,0.1001163440000709,0.0,1.0000000000000009,0.0095855994161641,0.009585599416164,0.0124614197174462,False,True,0.9952426668003268,1.0,5.240802222460056,21.18135454990232,9.13372790985619,6.4520884746646345,0.924012278412756,0.3111506228146812,9.815653802152031,0.4187929241014472,0.99609375
27,5,4,20,1024,xy,cvar,2,3,120,5.325940283395028,343,0.2934223390002444,0.0,1.0000000000000009,0.0001061984136863,0.0001061984136863,0.0682874117673518,False,True,0.9969360890741888,1.0,5.240802222460056,21.18135454990232,9.13372790985619,6.370977171223501,0.9291006405833376,0.2903150585233457,0.1087471756148647,0.5073613880331279,0.998046875
27,5,4,20,1024,xy,cvar,3,3,120,5.266610656003994,360,0.3544479040001533,0.0,0.9999999999999994,0.0001097268421398,0.0001097268421398,0.1777821869776137,False,True,0.9969360890741888,1.0,5.240802222460056,21.18135454990232,9.13372790985619,5.976635532529743,0.9538389075262516,0.189018072564818,0.1123602863511697,0.7159377523271112,0.998046875
27,5,4,20,1024,penalty_x,expectation,1,3,120,48.62503433227539,129,0.2649091160001262,1.9213079556414236,9.844318208863945e-06,5.8487206189283825e-09,0.0005941214510581,0.0044556428320636,False,False,0.9031611956138288,1.0,5.240802222460056,21.18135454990232,9.13372790985619,8.829993752600668,0.7748389480857772,0.9219779205549948,0.6083803658835422,0.1265768105080978,0.591796875
27,5,4,20,1024,penalty_x,expectation,2,3,120,44.33501434326172,360,1.2093418300000849,1.9213079556414236,0.0018911044331291,7.143714810808888e-07,0.0003777535859819,0.0230287500782759,False,False,0.9182659639301276,1.0,5.240802222460056,21.18135454990232,9.13372790985619,9.765747905382764,0.7161362046951885,1.1623509016811755,0.38681967204552,0.0384363686608446,0.673828125
27,5,4,20,1024,penalty_x,expectation,3,3,120,44.61616134643555,360,1.6395447670001886,1.9213079556414236,0.0010803853482537,8.782845384303073e-07,0.0008129363655754,0.0418349160369499,False,False,0.4824845729405417,1.0,5.240802222460056,21.18135454990232,9.13372790985619,9.493794882686156,0.73319665637279,1.0924926396606365,0.8324468383492369,0.1204730810936355,0.1953125
27,5,4,20,1024,penalty_x,cvar,1,3,120,14.647989273071287,161,0.3779722610001954,1.9213079556414236,0.0024193413725015,1.8048054926111945e-06,0.0007459904224863,0.0026126608972265,False,False,0.3294960320394813,1.0,5.240802222460056,21.18135454990232,9.13372790985619,9.351580329567549,0.7421182138067681,1.055961104116804,0.763894192626047,0.0824936342186593,0.056640625
27,5,4,20,1024,penalty_x,cvar,2,3,120,18.73345184326172,339,1.2269184560000213,1.9213079556414236,0.0025671644378938,1.459420332139416e-06,0.0005684950720713,0.0096360945161255,False,False,0.3297233076933105,1.0,5.240802222460056,21.18135454990232,9.13372790985619,10.2685062877305,0.6845966211211477,1.291497569950617,0.5821389538010421,0.0830977743627728,0.05859375
27,5,4,20,1024,penalty_x,cvar,3,3,120,18.160778303239145,360,1.7453547549998802,1.9213079556414236,0.0027957554123611,9.458144631935284e-07,0.0003383037224972,0.0331755984909414,False,False,0.4824845729405417,1.0,5.240802222460056,21.18135454990232,9.13372790985619,9.855722824949083,0.7104918005542211,1.1854633180978638,0.3464230118371537,0.0380573670536635,0.1953125
28,4,4,16,256,xy,expectation,1,3,120,9.60884614156031,174,0.1060410029999729,0.0,0.9999999999999998,0.0215602243686355,0.0215602243686355,0.0377649480544993,False,True,0.9520431187867724,1.0,4.6696486951691085,20.157650722981977,12.051805822289776,9.608846141560312,0.6810952479524764,0.6690723810585817,5.519417438370692,0.2128940663331265,0.984375
28,4,4,16,256,xy,expectation,2,3,120,8.943364034670122,322,0.2243896300001324,0.0,1.0000000000000004,0.0220059707841521,0.0220059707841521,0.0786607620109597,False,True,0.9627220421890408,1.0,4.6696486951691085,20.157650722981977,12.051805822289776,8.943364034670118,0.7240628370382179,0.5789250033435588,5.633528520742938,0.2715278393397518,0.98828125
28,4,4,16,256,xy,expectation,3,3,120,8.181847956975403,360,0.2874047770001198,0.0,0.9999999999999998,0.1774174554216446,0.1774174554216447,0.1774174554216447,True,True,1.0,1.0,4.6696486951691085,20.157650722981977,12.051805822289776,8.181847956975403,0.7732309657824684,0.4757686948850126,45.41886858794104,0.5360581122456637,1.0
28,4,4,16,256,xy,cvar,1,3,120,6.839129363619186,168,0.1064666150000448,0.0,1.000000000000001,0.0252172530014651,0.025217253001465,0.0443262059990291,False,True,0.9520431187867724,1.0,4.6696486951691085,20.157650722981977,12.051805822289776,9.952776073241584,0.6588890310974133,0.7156617350588828,6.45561676837506,0.2186013407475125,0.984375
28,4,4,16,256,xy,cvar,2,3,120,5.61370789287172,332,0.2438395469998795,0.0,0.9999999999999992,0.0161169701932391,0.0161169701932392,0.0855681066022757,False,True,0.9627220421890408,1.0,4.6696486951691085,20.157650722981977,12.051805822289776,9.15647271256162,0.7103032392857894,0.6077930800075709,4.125944369469237,0.2592164306739166,0.98828125
28,4,4,16,256,xy,cvar,3,3,120,4.68365813742254,360,0.2991175080001085,0.0,0.9999999999999976,0.1977131470424163,0.1977131470424168,0.1977131470424168,True,True,1.0,1.0,4.6696486951691085,20.157650722981977,12.051805822289776,8.03530360881499,0.7826927638825237,0.4559175395063176,50.6145656428587,0.6131251524162894,1.0
28,4,4,16,256,penalty_x,expectation,1,3,120,58.37736892700195,127,0.2254922580000311,2.2235930318581376,0.0030958456430276,3.323886858197511e-06,0.0010736603957252,0.032622364813261,False,False,0.3142375489375545,1.0,4.6696486951691085,20.157650722981977,12.051805822289776,12.06357856270817,0.522602731181125,1.0015947561418248,0.2748570613056746,0.044927373940226,0.265625
28,4,4,16,256,penalty_x,expectation,2,3,120,53.22566986083984,360,1.0231863500002871,2.2235930318581376,0.0038256245022765,5.126547330291942e-05,0.0134005502297501,0.0239139088113434,False,False,0.4718987529623487,1.0,4.6696486951691085,20.157650722981977,12.051805822289776,12.04229351230742,0.5239770240280995,0.9987114457443051,3.430540858816033,0.1228080148178386,0.59765625
28,4,4,16,256,penalty_x,expectation,3,3,120,38.59269332885742,360,1.380609094999727,2.2235930318581376,0.0040031501251931,2.8530544113891665e-06,0.000712702327458,0.0350553651202633,False,False,0.2343988245951732,1.0,4.6696486951691085,20.157650722981977,12.051805822289776,12.097785016772413,0.5203941535994063,1.0062284226264588,0.1824517958292626,0.1168746319030967,0.01171875
28,4,4,16,256,penalty_x,cvar,1,3,120,20.024639129638672,360,0.7747230429999945,2.2235930318581376,0.0032281757327368,3.798078978434205e-05,0.0117654034131971,0.0145836478436094,False,False,0.483186860310254,1.0,4.6696486951691085,20.157650722981977,12.051805822289776,11.583382403491107,0.5536071278976764,0.9365465390762586,3.011943273778479,0.1053189155684329,0.9453125
28,4,4,16,256,penalty_x,cvar,2,3,120,15.54794979095459,360,1.1258190919998017,2.2235930318581376,0.0031856546720234,3.738232408068143e-06,0.0011734581406131,0.0528053930689729,False,False,0.3142375489375545,1.0,4.6696486951691085,20.157650722981977,12.051805822289776,12.345510286577849,0.5043994972608689,1.039785723770232,0.3004052839969569,0.0751437113280704,0.265625
28,4,4,16,256,penalty_x,cvar,3,3,120,7.119631290435791,360,1.4812454279999656,2.2235930318581376,0.0015860390134454,8.746726962272078e-06,0.0055148245964461,0.0159206744022651,False,False,0.3164069975206223,1.0,4.6696486951691085,20.157650722981977,12.051805822289776,12.11727180288442,0.5191359676773606,1.0088681369777586,1.4117950966902018,0.1056423044819791,0.37890625
29,4,3,12,81,xy,expectation,1,3,120,4.861355005995316,157,0.0940230360001805,0.0,1.0000000000000002,0.7629567867936515,0.7629567867936513,0.7629567867936513,True,True,1.0,1.0,4.674961992862388,15.061735049349462,7.056384674760103,4.861355005995315,0.9820547717641224,0.078269605202716,61.79949973028576,0.9104278307712836,1.0
29,4,3,12,81,xy,expectation,2,3,120,4.745413021889377,360,0.2509799620002013,0.0,1.000000000000001,0.3710195745930719,0.3710195745930715,0.3710195745930715,True,True,1.0,1.0,4.674961992862388,15.061735049349462,7.056384674760103,4.74541302188937,0.9932172361286952,0.0295835886516549,30.0525855420388,0.7311875340814546,1.0
29,4,3,12,81,xy,expectation,3,3,120,4.68822210356112,360,0.2766368950001379,0.0,0.9999999999999986,0.9297192314293234,0.9297192314293248,0.9297192314293248,True,True,1.0,1.0,4.674961992862388,15.061735049349462,7.056384674760103,4.688222103561127,0.998723365704957,0.0055681466375272,75.30725774577532,0.9815710260562892,1.0
29,4,3,12,81,xy,cvar,1,3,120,4.674961992862388,108,0.06549761999986,0.0,0.9999999999999996,0.3452174918257525,0.3452174918257527,0.3452174918257527,True,True,1.0,1.0,4.674961992862388,15.061735049349462,7.056384674760103,5.358938212589816,0.9341493054668938,0.2872132800811234,27.96261683788597,0.6066518384317842,1.0
29,4,3,12,81,xy,cvar,2,3,120,4.674961992862388,162,0.112696371000311,0.0,1.0000000000000016,0.2888278920625927,0.2888278920625923,0.2888278920625923,True,True,1.0,1.0,4.674961992862388,15.061735049349462,7.056384674760103,5.810222668194691,0.8907013112582378,0.4767153197800373,23.395059257069978,0.5290225893366096,1.0
29,4,3,12,81,xy,cvar,3,3,120,4.674961992862388,97,0.0599558389999401,0.0,1.0000000000000002,0.2542304186986966,0.2542304186986965,0.2542304186986965,True,True,1.0,1.0,4.674961992862388,15.061735049349462,7.056384674760103,5.844181713519204,0.8874318602805539,0.4909753020934043,20.59266391459442,0.4215439099104044,1.0
29,4,3,12,81,penalty_x,expectation,1,3,120,17.47324562072754,168,0.2663614510001935,2.063785057963021,0.0844034929177723,0.0009489503572694,0.0112430223497264,0.0178385663499671,False,False,0.4709140277382601,1.0,4.674961992862388,15.061735049349462,7.056384674760103,7.006349743489484,0.7755426311956413,0.9789894789988528,0.9106848103278452,0.1092625405803448,0.0987654320987654
29,4,3,12,81,penalty_x,expectation,2,3,120,15.288324356079102,360,0.8671302599996125,2.063785057963021,0.0079254571633669,3.927728357666638e-06,0.0004955838227,0.1061314819954606,False,False,0.9667053761108336,1.0,4.674961992862388,15.061735049349462,7.056384674760103,6.562323887515039,0.8182917943437787,0.7925354490823295,0.0401422896387017,0.0648223070729146,0.7654320987654321
29,4,3,12,81,penalty_x,expectation,3,3,120,16.094722747802734,360,1.1374760109997624,2.063785057963021,0.088082057178326,0.000107015883259,0.0012149566743468,0.1502607672920589,False,True,0.481509689600779,1.0,4.674961992862388,15.061735049349462,7.056384674760103,8.274558232374483,0.6534442198807875,1.5115318531541144,0.0984114906220961,0.0348101842534843,0.3580246913580246
29,4,3,12,81,penalty_x,cvar,1,3,120,5.314606666564941,128,0.2334986910000225,2.063785057963021,0.1019412119640037,0.0012041804147884,0.0118124985134925,0.0169995296952284,False,False,0.4709140277382601,1.0,4.674961992862388,15.061735049349462,7.056384674760103,6.953762969640834,0.7806054908116801,0.956907395776758,0.956812379592898,0.112334734704461,0.0987654320987654
29,4,3,12,81,penalty_x,cvar,2,3,120,5.353186130523682,358,0.9500297149998004,2.063785057963021,0.0925056572014,0.0007508025737479,0.008116288197524,0.0215355048640209,False,False,0.9520070311911248,1.0,4.674961992862388,15.061735049349462,7.056384674760103,7.068656733832428,0.7695439451740929,1.0051532469080815,0.6574193439994518,0.095813730772775,0.5061728395061729
29,4,3,12,81,penalty_x,cvar,3,3,120,5.518466949462891,360,1.2202708940003504,2.063785057963021,0.0171303398983582,7.699144771322608e-05,0.0044944495071347,0.095229248479828,False,False,0.9564351045219952,1.0,4.674961992862388,15.061735049349462,7.056384674760103,7.726828640190452,0.7061775942604217,1.2815308557051632,0.3640504100779113,0.0436037274897228,0.5555555555555556
30,3,3,9,27,xy,expectation,1,3,120,8.576057891578639,152,0.0888558999999986,0.0,0.9999999999999994,0.281150103191725,0.2811501031917252,0.2811501031917252,True,True,1.0,1.0,4.318747004303569,19.524859461845505,12.53320506535178,8.576057891578643,0.7200263447240567,0.5182704513962563,7.59105278617658,0.3503252007198739,1.0
30,3,3,9,27,xy,expectation,2,3,120,5.546564556142605,360,0.2418220760000622,0.0,1.000000000000001,0.7643616004146194,0.7643616004146185,0.7643616004146185,True,True,1.0,1.0,4.318747004303569,19.524859461845505,12.53320506535178,5.546564556142598,0.9192549999043276,0.1494703050054104,20.637763211194702,0.765258345508419,1.0
30,3,3,9,27,xy,expectation,3,3,120,5.090278122464236,360,0.2602167750001172,0.0,1.0,0.8553730439408602,0.8553730439408603,0.8553730439408603,True,True,1.0,1.0,4.318747004303569,19.524859461845505,12.53320506535178,5.090278122464237,0.949261777438848,0.0939235567857066,23.09507218640323,0.8566755785141309,1.0
30,3,3,9,27,xy,cvar,1,3,120,4.318747004303569,137,0.0831671019996065,0.0,0.9999999999999992,0.256171779380995,0.2561717793809952,0.2561717793809952,True,True,1.0,1.0,4.318747004303569,19.524859461845505,12.53320506535178,8.691261901572126,0.7124501801839644,0.5322949931417142,6.916638043286872,0.3621400370351968,1.0
30,3,3,9,27,xy,cvar,2,3,120,4.318747004303569,166,0.1096539280001707,0.0,0.9999999999999996,0.3238497727478188,0.323849772747819,0.323849772747819,True,True,1.0,1.0,4.318747004303569,19.524859461845505,12.53320506535178,8.694750766585864,0.712220741856221,0.5327197156234421,8.743943864191113,0.3385539893543736,1.0
30,3,3,9,27,xy,cvar,3,3,120,4.318747004303569,107,0.0627531559998715,0.0,1.0000000000000009,0.3665191325450078,0.3665191325450075,0.3665191325450075,True,True,1.0,1.0,4.318747004303569,19.524859461845505,12.53320506535178,9.42181491287762,0.6644068020131583,0.6212300154981703,9.896016578715203,0.4243558192931097,1.0
30,3,3,9,27,penalty_x,expectation,1,3,120,19.176374435424805,333,0.4855856869999115,2.712023820699464,0.1701311989163514,0.0503926314413547,0.2961986499967672,0.2961986499967672,True,True,1.0,1.0,4.318747004303569,19.524859461845505,12.53320506535178,9.386826029121597,0.6667077769568673,0.6169705885833338,7.997363549912715,0.3377366483276917,1.0
30,3,3,9,27,penalty_x,expectation,2,3,120,8.54342269897461,360,0.7390118670000447,2.712023820699464,0.0476273436943301,0.0080490410327911,0.1690004188444659,0.1690004188444659,True,False,1.0,1.0,4.318747004303569,19.524859461845505,12.53320506535178,10.27072297383098,0.6085800373930981,0.7245731763791979,4.563011308800581,0.2576198584098997,1.0
30,3,3,9,27,penalty_x,expectation,3,3,120,19.37191772460937,360,0.945349286000237,2.712023820699464,0.1156104840226817,0.0443778857588768,0.3838569324748287,0.3838569324748287,True,False,1.0,1.0,4.318747004303569,19.524859461845505,12.53320506535178,8.902537934155973,0.6985560285279271,0.5580150139895517,10.364137176820378,0.4318627831198811,1.0
30,3,3,9,27,penalty_x,cvar,1,3,120,5.267742156982422,360,0.6197148360001847,2.712023820699464,0.0718174088106025,0.0181240756064653,0.2523632627050401,0.2523632627050401,True,False,1.0,1.0,4.318747004303569,19.524859461845505,12.53320506535178,9.61768946265924,0.6515254985025777,0.6450751125606812,6.813808093036084,0.3062139798913408,1.0
30,3,3,9,27,penalty_x,cvar,2,3,120,5.224706649780273,312,0.7092978099999527,2.712023820699464,0.028487649084127,0.0006606624228879,0.0231911879052207,0.1629595275360941,False,False,0.4809467975808856,1.0,4.318747004303569,19.524859461845505,12.53320506535178,10.968762547163852,0.5626748413555231,0.8095501241151509,0.6261620734409612,0.2268211019816847,0.925925925925926
30,3,3,9,27,penalty_x,cvar,3,3,120,4.634986877441406,360,1.0326892550001503,2.712023820699464,0.0467045769764808,0.0031890121754258,0.0682805065771558,0.1421807248890498,False,False,0.305504900121244,1.0,4.318747004303569,19.524859461845505,12.53320506535178,11.302127600583807,0.5407517459982601,0.850132844355787,1.843573677583209,0.2100438523982165,0.4444444444444444
30,5,5,25,3125,xy,expectation,1,3,120,6.330264354525607,170,0.1311074669997651,0.0,0.9999999999999992,0.000889546422991,0.000889546422991,0.0025602119847307,False,True,0.9451284314690545,1.0,5.400851983437006,20.97787767951033,9.135135954200669,6.330264354525613,0.9403344136921532,0.2488863670693318,2.7798325718470958,0.2193270223686623,0.7376
30,5,5,25,3125,xy,expectation,2,3,120,6.167123536753126,360,0.3622302009998748,0.0,0.9999999999999998,0.0018863824475819,0.0018863824475819,0.0079818482175282,False,True,0.9451284314690545,1.0,5.400851983437006,20.97787767951033,9.135135954200669,6.167123536753127,0.9508075823801662,0.2051990580564816,5.894945148693733,0.2647453360311705,0.7376
30,5,5,25,3125,xy,expectation,3,3,120,6.117183770444234,360,0.4398335689998021,0.0,0.9999999999999992,3.5343480367040592e-06,3.5343480367040622e-06,0.0085993936046631,False,True,0.9554478235237792,1.0,5.400851983437006,20.97787767951033,9.135135954200669,6.11718377044424,0.9540135709484124,0.1918257402531558,0.0110448376147001,0.0868874299617134,0.84
30,5,5,25,3125,xy,cvar,1,3,120,5.553926412827669,157,0.13219485000036,0.0,1.0,0.0015257142847829,0.0015257142847829,0.0077748056981312,False,True,0.9651445302721016,1.0,5.400851983437006,20.97787767951033,9.135135954200669,7.274637073853654,0.8797084162935551,0.5017789501513079,4.767857139946756,0.2226329332304451,0.91552
30,5,5,25,3125,xy,cvar,2,3,120,5.51441076609334,358,0.3814592140001878,0.0,1.0000000000000009,0.0047010172953407,0.0047010172953407,0.0073846981168657,False,True,0.973396227845025,1.0,5.400851983437006,20.97787767951033,9.135135954200669,7.624269429354575,0.8572630302280332,0.5954066330587278,14.690679047939874,0.3090203892568118,0.95968
30,5,5,25,3125,xy,cvar,3,3,120,5.482424189148556,360,0.4709424460002083,0.0,1.000000000000001,0.0036761159607595,0.0036761159607595,0.0277007818301325,False,True,0.9864147324190828,1.0,5.400851983437006,20.97787767951033,9.135135954200669,7.222688593497462,0.8830433584943173,0.4878677209135462,11.487862377373489,0.45051215704821,0.99296
30,5,5,25,3125,penalty_x,expectation,1,3,120,81.00008392333984,120,5.068299655999908,1.980971873341409,0.0018546319435017,6.442761559810606e-07,0.0003473876087589,0.0003650027578112,False,False,0.9585645659000304,1.0,5.400851983437006,20.97787767951033,9.135135954200669,9.120359942172731,0.7612183460881531,0.9960431471886928,1.0855862773717453,0.1001180202910624,0.86848
30,5,5,25,3125,penalty_x,expectation,2,3,120,13.639644622802734,333,27.26929341999994,1.980971873341409,0.0245479796868153,1.0015694897447249e-05,0.0004080048551949,0.0009023311584593,False,False,0.977040687174557,1.0,5.400851983437006,20.97787767951033,9.135135954200669,8.946716658113742,0.7723657427380003,0.9495433937102552,1.275015172484166,0.1298479802933954,0.97344
30,5,5,25,3125,penalty_x,expectation,3,3,120,13.176447868347168,360,43.870858131000205,1.980971873341409,0.007926611358008,1.8706349464991945e-06,0.0002359942807854,0.0017499165414529,False,False,0.5064589553594055,1.0,5.400851983437006,20.97787767951033,9.135135954200669,8.810583098405392,0.7811051235648976,0.9130883300958748,0.7374821274546475,0.1467360811422836,0.50112
30,5,5,25,3125,penalty_x,cvar,1,3,120,36.59316907091878,230,9.915274255999975,1.980971873341409,0.0002640923727355,3.8424064996434026e-07,0.0014549479259255,0.0074014188793678,False,False,0.9436688660322552,1.0,5.400851983437006,20.97787767951033,9.135135954200669,8.809699031985206,0.7811618780723006,0.9128515868735844,4.546712268517257,0.1067877378707138,0.7264
30,5,5,25,3125,penalty_x,cvar,2,3,120,5.816039562225342,331,27.47187625900005,1.980971873341409,0.0581513100000508,2.724511614360381e-05,0.0004685211071527,0.001776395105448,False,False,0.3408210495298522,1.0,5.400851983437006,20.97787767951033,9.135135954200669,8.841487129879564,0.779121174120559,0.9213640883713904,1.464128459852193,0.1586162977971932,0.03904
30,5,5,25,3125,penalty_x,cvar,3,3,120,5.956229209899902,360,44.27259161000029,1.980971873341409,0.0207681990784944,1.0019738283517654e-06,4.824558087895604e-05,0.0012513580336948,False,False,0.500913473422523,1.0,5.400851983437006,20.97787767951033,9.135135954200669,9.709355128035607,0.7234065585649837,1.1537695521633056,0.1507674402467376,0.0764399048415569,0.3152
1,4,4,16,256,xy,expectation,1,3,120,7.719749459808829,143,0.1205267799999774,0.0,0.9999999999999996,0.0101081386725975,0.0101081386725975,0.0361830167265309,False,True,0.9364537740225568,,,,,,,,,,
1,4,4,16,256,xy,expectation,2,3,120,6.774616070301356,360,0.2797822659999838,0.0,1.0,0.0074222212219293,0.0074222212219293,0.1011570473936697,False,True,0.964922819008916,,,,,,,,,,
1,4,4,16,256,xy,expectation,3,3,120,7.060411821450505,360,0.2861995099999603,0.0,1.0,0.0705362245201133,0.0705362245201133,0.0708402540357042,False,True,0.9892570123782356,,,,,,,,,,
1,4,4,16,256,xy,cvar,1,3,120,4.813627400200567,139,0.0859029499999906,0.0,1.0,0.0195488244017095,0.0195488244017095,0.0312631411531485,False,True,0.9525764048723864,,,,,,,,,,
1,4,4,16,256,xy,cvar,2,3,120,4.695583412106441,360,0.2684976199999482,0.0,0.9999999999999988,0.1152323923605737,0.1152323923605739,0.1152323923605739,True,True,1.0,,,,,,,,,,
1,4,4,16,256,xy,cvar,3,3,120,4.707575285788685,360,0.298118402,0.0,1.0000000000000004,0.1158963116526083,0.1158963116526082,0.1158963116526082,True,True,1.0,,,,,,,,,,
1,4,4,16,256,penalty_x,expectation,1,3,120,10.239469528198242,230,0.4731814489999806,2.060134612458024,0.0222797659926641,9.40348909352906e-05,0.0042206408705662,0.0360897715058411,False,False,0.3200731861504042,,,,,,,,,,
1,4,4,16,256,penalty_x,expectation,2,3,120,33.9189453125,360,1.0158910960000185,2.060134612458024,0.0093915145905612,1.72515251506411e-06,0.0001836926832651,0.0348766728149926,False,False,0.3178427534473753,,,,,,,,,,
1,4,4,16,256,penalty_x,expectation,3,3,120,37.594486236572266,339,1.2809015540000246,2.060134612458024,0.0092226435642575,1.892094951472245e-05,0.0020515754927416,0.0490988414235805,False,False,0.4730961504876983,,,,,,,,,,
1,4,4,16,256,penalty_x,cvar,1,3,120,10.75782299041748,360,0.7957752230000779,2.060134612458024,0.0007108812065848,6.194658226377214e-07,0.0008714055413192,0.0350574864192248,False,False,0.3182043363897427,,,,,,,,,,
1,4,4,16,256,penalty_x,cvar,2,3,120,9.0643893557059,360,1.1186666470000546,2.060134612458024,0.0156757354043293,1.2881827387900556e-05,0.0008217686159937,0.0111687788144585,False,False,0.4753395900134496,,,,,,,,,,
1,4,4,16,256,penalty_x,cvar,3,3,120,11.585520481200248,360,1.4772850880000306,2.060134612458024,0.0109928437814339,5.28980535818846e-06,0.0004812044511286,0.0746883261405031,False,False,0.3200731861504042,,,,,,,,,,
2,4,3,12,81,xy,expectation,1,3,120,5.278284369740409,137,0.0788718610000387,0.0,1.0000000000000002,0.703907035597335,0.7039070355973349,0.7039070355973349,True,True,1.0,,,,,,,,,,
2,4,3,12,81,xy,expectation,2,3,120,4.909419647835054,337,0.2338979150000568,0.0,0.9999999999999998,0.4112907435186919,0.411290743518692,0.411290743518692,True,True,1.0,,,,,,,,,,
2,4,3,12,81,xy,expectation,3,3,120,4.918216695380922,360,0.279064045000041,0.0,1.0,0.5861588881013637,0.5861588881013637,0.5861588881013637,True,True,1.0,,,,,,,,,,
2,4,3,12,81,xy,cvar,1,3,120,4.543467478534306,45,0.0279018150000638,0.0,1.0000000000000009,0.2754146715719214,0.2754146715719213,0.2754146715719213,True,True,1.0,,,,,,,,,,
2,4,3,12,81,xy,cvar,2,3,120,4.543467478534306,79,0.0464243309999119,0.0,1.0,0.2531508658986224,0.2531508658986224,0.2531508658986224,True,True,1.0,,,,,,,,,,
2,4,3,12,81,xy,cvar,3,3,120,4.543467478534306,136,0.0901168870000219,0.0,1.0000000000000029,0.2520824191337126,0.2520824191337119,0.2520824191337119,True,True,1.0,,,,,,,,,,
2,4,3,12,81,penalty_x,expectation,1,3,120,23.035621643066406,225,0.3684306090000291,1.9057194243826103,0.006427224696381,4.28215971624013e-05,0.0066625330815823,0.0206674076963441,False,False,0.459359098669944,,,,,,,,,,
2,4,3,12,81,penalty_x,expectation,2,3,120,21.431489944458008,299,0.7197944509999843,1.9057194243826103,0.0107136861055323,0.0003131978155579,0.0292334321234418,0.0409921017125024,False,False,0.4675910761384601,,,,,,,,,,
2,4,3,12,81,penalty_x,expectation,3,3,120,8.084376335144043,360,1.1686796649998996,1.9057194243826103,0.0535615075004898,0.0032293719705194,0.0602927759359627,0.0607956777104147,False,False,0.4688925482052083,,,,,,,,,,
2,4,3,12,81,penalty_x,cvar,1,3,120,6.857652800362969,211,0.3964356269999598,1.9057194243826103,0.0619047353393398,0.0010054091690108,0.0162412320075277,0.0186764504849533,False,False,0.9776550263574612,,,,,,,,,,
2,4,3,12,81,penalty_x,cvar,2,3,120,5.8846458127883565,345,0.920852378999939,1.9057194243826103,0.0377041769534116,0.0004855947045143,0.0128790692106708,0.0265986735401017,False,False,0.9231109860296612,,,,,,,,,,
2,4,3,12,81,penalty_x,cvar,3,3,120,5.342807134557195,360,1.249270485000011,1.9057194243826103,0.0245655687312194,0.0002172401000279,0.0088432758225504,0.0624431310764126,False,False,0.4608120914951625,,,,,,,,,,
3,3,3,9,27,xy,expectation,1,3,120,5.651951259030493,137,0.0787254119999261,0.0,1.0,0.1520133478235663,0.1520133478235663,0.1943337459540911,False,True,0.9675470870676434,,,,,,,,,,
3,3,3,9,27,xy,expectation,2,3,120,4.535035965393776,350,0.2355751769999869,0.0,0.999999999999999,0.76891142466729,0.7689114246672908,0.7689114246672908,True,True,1.0,,,,,,,,,,
3,3,3,9,27,xy,expectation,3,3,120,4.165585530103554,360,0.2659794120000924,0.0,1.0000000000000004,0.9050444847378636,0.9050444847378633,0.9050444847378633,True,True,1.0,,,,,,,,,,
3,3,3,9,27,xy,cvar,1,3,120,4.065768866831337,137,0.0811091970000461,0.0,1.0,0.17384398438448,0.1738439843844801,0.1738439843844801,True,True,1.0,,,,,,,,,,
3,3,3,9,27,xy,cvar,2,3,120,4.029886860865979,264,0.1807290770000236,0.0,1.0000000000000004,0.5251200555427131,0.5251200555427129,0.5251200555427129,True,True,1.0,,,,,,,,,,
3,3,3,9,27,xy,cvar,3,3,120,4.029886860865979,117,0.0705626059999531,0.0,1.0,0.3875964010521323,0.3875964010521324,0.3875964010521324,True,True,1.0,,,,,,,,,,
3,3,3,9,27,penalty_x,expectation,1,3,120,7.507357120513916,263,0.3783231730000125,2.234454473341658,0.0459644255461171,0.0074620521627366,0.1623440753164599,0.1623440753164599,True,False,1.0,,,,,,,,,,
3,3,3,9,27,penalty_x,expectation,2,3,120,7.500919818878174,360,0.7638426099999833,2.234454473341658,0.053125304490095,0.0081068910658359,0.152599427780173,0.152599427780173,True,False,1.0,,,,,,,,,,
3,3,3,9,27,penalty_x,expectation,3,3,120,7.57288932800293,360,0.9648851629999626,2.234454473341658,0.0130941023999184,0.0018361243419349,0.1402252927200531,0.1548425472483755,False,False,0.4550211333312136,,,,,,,,,,
3,3,3,9,27,penalty_x,cvar,1,3,120,4.424749374389648,259,0.4646232830000372,2.234454473341658,0.0365063128410838,0.0021270911674946,0.0582663929045402,0.0677482576560742,False,False,0.4455082184315053,,,,,,,,,,
3,3,3,9,27,penalty_x,cvar,2,3,120,4.210603964960812,360,0.8438850530000082,2.234454473341658,0.1266546133701922,0.0181133486330509,0.1430137296310585,0.1938001021289399,False,True,0.4490913259201907,,,,,,,,,,
3,3,3,9,27,penalty_x,cvar,3,3,120,4.152286529541016,360,1.0529522399999678,2.234454473341658,0.1875780185946496,0.0318367779254913,0.1697255262850901,0.1697255262850901,True,False,1.0,,,,,,,,,,
3,5,5,25,3125,xy,expectation,1,3,120,6.472510519988436,157,0.125514059000011,0.0,1.0000000000000009,0.0006512400243813,0.0006512400243813,0.0025328105633751,False,True,0.8675482014373578,,,,,,,,,,
3,5,5,25,3125,xy,expectation,2,3,120,5.890694724307053,360,0.3887982380000494,0.0,1.0000000000000009,0.0007398821638831,0.0007398821638831,0.0054893008759683,False,True,0.8949828929607481,,,,,,,,,,
3,5,5,25,3125,xy,expectation,3,3,120,6.055200606687146,360,0.4769470359999559,0.0,1.0000000000000009,2.086101386085493e-05,2.086101386085492e-05,0.0151246526821353,False,True,0.8690341272133388,,,,,,,,,,
3,5,5,25,3125,xy,cvar,1,3,120,5.408439767930758,136,0.1164825800000244,0.0,0.9999999999999992,0.0009027408830244,0.0009027408830244,0.0023516398028168,False,True,0.8869500004280576,,,,,,,,,,
3,5,5,25,3125,xy,cvar,2,3,120,5.334257385605091,330,0.3774545029999672,0.0,1.0000000000000009,0.0122039078636337,0.0122039078636337,0.0129315146240421,False,True,0.4714005346713984,,,,,,,,,,
3,5,5,25,3125,xy,cvar,3,3,120,5.232657874044823,360,0.5013055889999123,0.0,0.9999999999999992,0.0059584420025652,0.0059584420025652,0.0165493794754253,False,True,0.9876807403537432,,,,,,,,,,
3,5,5,25,3125,penalty_x,expectation,1,3,120,12.579461097717283,197,8.283877160999964,1.7951054864468132,0.0116203830139287,3.434074358210637e-08,2.955216152595304e-06,0.0015049280649599,False,False,0.9400182728906508,,,,,,,,,,
3,5,5,25,3125,penalty_x,expectation,2,3,120,74.06648254394531,360,29.500019924999947,1.7951054864468132,0.0007326979008569,7.213159847196948e-08,9.844657448534956e-05,0.0093779766854233,False,False,0.2418802581116377,,,,,,,,,,
3,5,5,25,3125,penalty_x,expectation,3,3,120,12.420087814331056,360,43.881530575000056,1.7951054864468132,0.0059849175587485,9.306745027970464e-07,0.0001555033120609,0.0026062407601331,False,False,0.4622218618037214,,,,,,,,,,
3,5,5,25,3125,penalty_x,cvar,1,3,120,33.12258161575575,328,14.107975279000016,1.7951054864468132,0.0001017635639504,7.983570071701251e-08,0.0007845214693533,0.0017313630320099,False,False,0.3149042534415758,,,,,,,,,,
3,5,5,25,3125,penalty_x,cvar,2,3,120,27.343726834280897,338,28.06267904899994,1.7951054864468132,0.0010645187613994,2.1408887107554623e-08,2.011132906611215e-05,0.0061062808174376,False,False,0.319173200081383,,,,,,,,,,
3,5,5,25,3125,penalty_x,cvar,3,3,120,5.790387893868936,360,44.293094725999936,1.7951054864468132,0.0267426159511115,3.894363999279449e-06,0.0001456238988137,0.0044201455592083,False,False,0.8854402611881107,,,,,,,,,,
4,5,4,20,1024,xy,expectation,1,3,120,6.0508109322377015,138,0.0929297440000027,0.0,0.9999999999999988,0.0005942184576465,0.0005942184576465,0.0043128655687536,False,True,0.9245067029836304,,,,,,,,,,
4,5,4,20,1024,xy,expectation,2,3,120,5.74466304511626,360,0.3067828200000804,0.0,1.0000000000000016,1.2164542929742455e-05,1.2164542929742438e-05,0.0133266221203214,False,True,0.8975268440900926,,,,,,,,,,
4,5,4,20,1024,xy,expectation,3,3,120,5.89156886748643,360,0.3552354430000832,0.0,1.000000000000001,2.8113583688286485e-07,2.811358368828645e-07,0.0165142485372307,False,True,0.903349867460454,,,,,,,,,,
4,5,4,20,1024,xy,cvar,1,3,120,5.340159556622403,127,0.087417367999933,0.0,1.0,0.0425061688843835,0.0425061688843835,0.0425061688843835,True,True,1.0,,,,,,,,,,
4,5,4,20,1024,xy,cvar,2,3,120,5.266984119665769,338,0.2929838689999542,0.0,1.0000000000000002,0.1290454264158149,0.1290454264158148,0.1290454264158148,True,True,1.0,,,,,,,,,,
4,5,4,20,1024,xy,cvar,3,3,120,5.24547923370163,325,0.3261551709999821,0.0,0.9999999999999968,0.2612112296285071,0.2612112296285079,0.2612112296285079,True,True,1.0,,,,,,,,,,
4,5,4,20,1024,penalty_x,expectation,1,3,120,43.9136848449707,208,0.4390622509999957,2.0579186096468467,0.0085776959213035,7.647711754543707e-06,0.0008915811220994,0.0015749002957993,False,False,0.9464873746839132,,,,,,,,,,
4,5,4,20,1024,penalty_x,expectation,2,3,120,44.12934875488281,308,1.0330959899999923,2.0579186096468467,0.0009243520382868,1.6514665048816823e-06,0.0017866207207617,0.0061529357839117,False,False,0.938206264862194,,,,,,,,,,
4,5,4,20,1024,penalty_x,expectation,3,3,120,44.03652572631836,360,1.6753807069999311,2.0579186096468467,0.0009165535811422,2.040196250163717e-06,0.0022259432423155,0.0142006144875375,False,False,0.9299008926145802,,,,,,,,,,
4,5,4,20,1024,penalty_x,cvar,1,3,120,20.760231018066406,117,0.2756918750001205,2.0579186096468467,0.0048331240851862,3.1021352242532885e-06,0.0006418488682633,0.0123905247850081,False,False,0.9400553067886024,,,,,,,,,,
4,5,4,20,1024,penalty_x,cvar,2,3,120,14.836755752563477,334,1.2308966850000616,2.0579186096468467,0.0008617289854135,7.617787218805461e-07,0.0008840119512922,0.0110977693084619,False,False,0.498472371007555,,,,,,,,,,
4,5,4,20,1024,penalty_x,cvar,3,3,120,17.738989083646427,360,1.7710965579999538,2.0579186096468467,0.0017618901516739,1.2961550055479163e-06,0.0007356616440113,0.0128493875725628,False,False,0.4931625089181767,,,,,,,,,,
5,4,4,16,256,xy,expectation,1,3,120,5.494584642553973,229,0.1788976410000486,0.0,1.0,0.0024431465672158,0.0024431465672158,0.0221174781702621,False,True,0.9309083994805312,,,,,,,,,,
5,4,4,16,256,xy,expectation,2,3,120,5.414889075900288,360,0.2606752839999444,0.0,1.0,0.0009378753870398,0.0009378753870398,0.0325034501222148,False,True,0.9629912060659436,,,,,,,,,,
5,4,4,16,256,xy,expectation,3,3,120,4.986301752140125,360,0.2908236619998661,0.0,1.0000000000000002,0.0254642847241928,0.0254642847241928,0.0740948035267687,False,True,0.978057706021528,,,,,,,,,,
5,4,4,16,256,xy,cvar,1,3,120,4.58348547507448,217,0.1400169480000386,0.0,1.000000000000001,0.0509656799853451,0.050965679985345,0.0571668503264509,False,True,0.9801086150104954,,,,,,,,,,
5,4,4,16,256,xy,cvar,2,3,120,4.548398719678825,360,0.2662031089998891,0.0,1.0000000000000009,0.1008407887431071,0.100840788743107,0.114639497548422,False,True,0.9951829017452664,,,,,,,,,,
5,4,4,16,256,xy,cvar,3,3,120,4.5573476384384906,360,0.2979391119999945,0.0,0.999999999999998,0.0596337435088722,0.0596337435088723,0.0620645677230722,False,True,0.9951829017452664,,,,,,,,,,
5,4,4,16,256,penalty_x,expectation,1,3,120,42.263893127441406,136,0.2481749940000099,1.996655866905369,0.0030894560849219,9.211883480020331e-06,0.0029817169193563,0.0173862661944455,False,False,0.3014057821349792,,,,,,,,,,
5,4,4,16,256,penalty_x,expectation,2,3,120,30.19519805908203,302,0.8622402149999289,1.996655866905369,0.0164867738158136,0.0001404649083269,0.0085198541507402,0.0720519400987009,False,False,0.3033352662947395,,,,,,,,,,
5,4,4,16,256,penalty_x,expectation,3,3,120,42.07162857055664,360,1.3978206860001592,1.996655866905369,0.0087059844657488,1.3369544831220992e-05,0.0015356729481679,0.0584137584837335,False,False,0.3027433552737307,,,,,,,,,,
5,4,4,16,256,penalty_x,cvar,1,3,120,8.412982940673828,232,0.4932347619999291,1.996655866905369,0.0144807527321972,7.050830754451454e-05,0.0048691051389713,0.0068386165411209,False,False,0.3016875361583425,,,,,,,,,,
5,4,4,16,256,penalty_x,cvar,2,3,120,13.900696301294255,360,1.1383128520001264,1.996655866905369,0.0054565281531715,5.00040732731577e-05,0.0091640823376112,0.0372476623696909,False,False,0.304814973073239,,,,,,,,,,
5,4,4,16,256,penalty_x,cvar,3,3,120,9.419881989941834,360,1.4854498409999906,1.996655866905369,0.0026908904619276,1.902674557641149e-05,0.0070707989959508,0.0280556312139136,False,False,0.4645410293585726,,,,,,,,,,
6,4,3,12,81,xy,expectation,1,3,120,4.608346195429236,178,0.1096028859999478,0.0,0.9999999999999998,0.7057644641417286,0.7057644641417287,0.7057644641417287,True,True,1.0,,,,,,,,,,
6,4,3,12,81,xy,expectation,2,3,120,4.595159762458217,360,0.2562319169999227,0.0,1.000000000000001,0.8256289878589188,0.8256289878589177,0.8256289878589177,True,True,1.0,,,,,,,,,,
6,4,3,12,81,xy,expectation,3,3,120,4.5958719658910825,360,0.2747031209999022,0.0,0.999999999999999,0.7689570291036651,0.7689570291036659,0.7689570291036659,True,True,1.0,,,,,,,,,,
6,4,3,12,81,xy,cvar,1,3,120,4.5705696730082055,108,0.0655313469999328,0.0,1.0000000000000004,0.7130753610246096,0.7130753610246092,0.7130753610246092,True,True,1.0,,,,,,,,,,
6,4,3,12,81,xy,cvar,2,3,120,4.5705696730082055,63,0.0376548659999116,0.0,1.0000000000000002,0.3774902790034509,0.3774902790034508,0.3774902790034508,True,True,1.0,,,,,,,,,,
6,4,3,12,81,xy,cvar,3,3,120,4.5705696730082055,86,0.0524548810001306,0.0,0.9999999999999992,0.2718023351197404,0.2718023351197406,0.2941804180551445,False,True,0.9920372117178144,,,,,,,,,,
6,4,3,12,81,penalty_x,expectation,1,3,120,18.868446350097656,197,0.3173372630001267,2.0212126205074035,0.0084152474319125,2.9256862035254017e-05,0.0034766490554163,0.0488460177583381,False,False,0.958395231665866,,,,,,,,,,
6,4,3,12,81,penalty_x,expectation,2,3,120,14.974615097045898,360,0.8709088390000943,2.0212126205074035,0.0098152925407077,3.0090886866673827e-06,0.0003065714724433,0.0865811993709088,False,False,0.3040933862105542,,,,,,,,,,
6,4,3,12,81,penalty_x,expectation,3,3,120,14.645156860351562,360,1.1499069629999212,2.0212126205074035,0.0048575772889307,4.488010745262727e-05,0.0092391957519436,0.0291205717745516,False,False,0.3047237937632772,,,,,,,,,,
6,4,3,12,81,penalty_x,cvar,1,3,120,7.488874019518612,209,0.3941161629998078,2.0212126205074035,0.037413497120724,0.0006278735818341,0.0167820073009519,0.0172871188698997,False,False,0.9923213361467316,,,,,,,,,,
6,4,3,12,81,penalty_x,cvar,2,3,120,5.598791789864515,360,0.9670011240000348,2.0212126205074035,0.0315586884389631,8.427876309724525e-05,0.0026705407374659,0.0441243214663914,False,False,0.3040933862105542,,,,,,,,,,
6,4,3,12,81,penalty_x,cvar,3,3,120,6.062022339467228,360,1.303522246999819,2.0212126205074035,0.1806462000822648,0.0018239689525216,0.0100969129253261,0.0190927850489098,False,False,0.4574418676476035,,,,,,,,,,
7,3,3,9,27,xy,expectation,1,3,120,4.657741626062834,161,0.0925448680000045,0.0,1.0000000000000002,0.8369384682998589,0.8369384682998586,0.8369384682998586,True,True,1.0,,,,,,,,,,
7,3,3,9,27,xy,expectation,2,3,120,4.467390330421522,355,0.2368900589999611,0.0,1.0000000000000004,0.8647982564927011,0.8647982564927008,0.8647982564927008,True,True,1.0,,,,,,,,,,
7,3,3,9,27,xy,expectation,3,3,120,4.144386271915495,360,0.2593790549999539,0.0,1.000000000000001,0.9574593569766277,0.9574593569766264,0.9574593569766264,True,True,1.0,,,,,,,,,,
7,3,3,9,27,xy,cvar,1,3,120,4.010186237144554,122,0.0728369440000733,0.0,1.0000000000000004,0.6059941678900965,0.6059941678900963,0.6059941678900963,True,True,1.0,,,,,,,,,,
7,3,3,9,27,xy,cvar,2,3,120,4.010186237144554,79,0.0455285379998713,0.0,1.0000000000000002,0.2652893604872056,0.2652893604872055,0.2652893604872055,True,True,1.0,,,,,,,,,,
7,3,3,9,27,xy,cvar,3,3,120,4.010186237144554,109,0.065373916999988,0.0,1.0000000000000002,0.3704035020128166,0.3704035020128165,0.3704035020128165,True,True,1.0,,,,,,,,,,
7,3,3,9,27,penalty_x,expectation,1,3,120,22.619359970092773,238,0.3417052409999996,2.301730483721036,0.0613862680038437,0.002840497996658,0.0462725311217848,0.0663638626071027,False,False,0.994968362540346,,,,,,,,,,
7,3,3,9,27,penalty_x,expectation,2,3,120,13.96267318725586,360,0.7444506720000845,2.301730483721036,0.0360890836454927,0.0037087169475853,0.1027656169942272,0.1085768793597096,False,False,0.994968362540346,,,,,,,,,,
7,3,3,9,27,penalty_x,expectation,3,3,120,18.050975799560547,360,0.9530017940001017,2.301730483721036,0.0459730523725738,0.0014123654691502,0.0307215944180556,0.256996017252675,False,False,0.4503856587180457,,,,,,,,,,
7,3,3,9,27,penalty_x,cvar,1,3,120,4.9282941818237305,213,0.3621537369999714,2.301730483721036,0.1839371183887124,0.0072549125179648,0.0394423517206195,0.0552758733947933,False,False,0.4434538469089131,,,,,,,,,,
7,3,3,9,27,penalty_x,cvar,2,3,120,4.504921436309815,360,0.8381732939999438,2.301730483721036,0.0601421499741263,0.0063319900073111,0.1052837321252262,0.1052837321252262,True,False,1.0,,,,,,,,,,
7,3,3,9,27,penalty_x,cvar,3,3,120,5.864692433439783,360,1.055524569999989,2.301730483721036,0.0376950729041709,0.0003378786786925,0.0089634706252317,0.1899807657040112,False,False,0.994968362540346,,,,,,,,,,
7,5,5,25,3125,xy,expectation,1,3,120,6.633570754066174,146,0.1139299299998128,0.0,0.9999999999999992,6.0549988580758696e-05,6.054998858075875e-05,0.0061969830788117,False,True,0.8933478989991543,,,,,,,,,,
7,5,5,25,3125,xy,expectation,2,3,120,5.652639927992236,355,0.3784932389999085,0.0,1.0,0.000118367086763,0.000118367086763,0.0020481587720959,False,True,0.8912857672778639,,,,,,,,,,
7,5,5,25,3125,xy,expectation,3,3,120,5.726248553965478,360,0.4727312809998238,0.0,0.9999999999999988,9.85958195009801e-05,9.859581950098025e-05,0.0090258827744954,False,True,0.9441227192103144,,,,,,,,,,
7,5,5,25,3125,xy,cvar,1,3,120,5.345761185700439,134,0.1135740740000983,0.0,1.0000000000000009,6.619289511778396e-05,6.619289511778391e-05,0.0025533503206252,False,True,0.4939113999433464,,,,,,,,,,
7,5,5,25,3125,xy,cvar,2,3,120,5.3025927486176965,360,0.4073469219999879,0.0,0.9999999999999998,3.387723770702265e-05,3.387723770702266e-05,0.0064449270707179,False,True,0.975108881537412,,,,,,,,,,
7,5,5,25,3125,xy,cvar,3,3,120,5.256251660661816,360,0.5044297780000306,0.0,1.0000000000000002,4.674634752856783e-05,4.6746347528567816e-05,0.0146198174910698,False,True,0.9851630033826462,,,,,,,,,,
7,5,5,25,3125,penalty_x,expectation,1,3,120,64.62068939208984,145,6.110437976000185,1.8404680046693576,3.875546696322909e-05,9.08017216971757e-09,0.0002342939688569,0.0031751782100735,False,False,0.9252320101246816,,,,,,,,,,
7,5,5,25,3125,penalty_x,expectation,2,3,120,64.51018524169922,254,20.81972183799985,1.8404680046693576,2.963764011423912e-05,6.6428373912685865e-09,0.0002241351661489,0.0032963117401133,False,False,0.9109020126275956,,,,,,,,,,
7,5,5,25,3125,penalty_x,expectation,3,3,120,65.14461517333984,336,40.95666838699981,1.8404680046693576,0.0001459816281436,1.3800138276565121e-07,0.0009453339061941,0.0100898497547511,False,False,0.4772746452820848,,,,,,,,,,
7,5,5,25,3125,penalty_x,cvar,1,3,120,25.9296212028554,177,7.660827038999969,1.8404680046693576,0.0027833876181375,8.248027825175086e-07,0.0002963305495586,0.0006853890285761,False,False,0.943769612090317,,,,,,,,,,
7,5,5,25,3125,penalty_x,cvar,2,3,120,6.356886765771315,360,29.91500483899995,1.8404680046693576,0.0121759945992607,3.902120170096168e-06,0.000320476503031,0.0017030457187348,False,False,0.9298019440147628,,,,,,,,,,
7,5,5,25,3125,penalty_x,cvar,3,3,120,29.942161560058597,360,44.319504240000015,1.8404680046693576,0.0003787804849501,1.2620006373254e-07,0.000333174671734,0.0117458600395062,False,False,0.4854564617549791,,,,,,,,,,
8,5,4,20,1024,xy,expectation,1,3,120,5.713136368025707,159,0.1263157619998764,0.0,1.0,0.0003048479578762,0.0003048479578762,0.0387634661133286,False,True,0.9138168573335108,,,,,,,,,,
8,5,4,20,1024,xy,expectation,2,3,120,5.477254098877188,360,0.3110088859998541,0.0,0.9999999999999984,0.0093564094765514,0.0093564094765514,0.0352823623827704,False,True,0.9817619332864836,,,,,,,,,,
8,5,4,20,1024,xy,expectation,3,3,120,5.426824504149662,360,0.3758764050000991,0.0,1.000000000000001,0.0051951453226464,0.0051951453226464,0.0368102832359159,False,True,0.992756880440568,,,,,,,,,,
8,5,4,20,1024,xy,cvar,1,3,120,5.323024728517323,148,0.1035586079999575,0.0,0.9999999999999992,0.0067554141721778,0.0067554141721778,0.007704239151335,False,True,0.9935351368302442,,,,,,,,,,
8,5,4,20,1024,xy,cvar,2,3,120,5.274168831360653,352,0.3068740690000595,0.0,0.9999999999999984,0.0371851697777489,0.037185169777749,0.0871367228796611,False,True,0.9989473691342324,,,,,,,,,,
8,5,4,20,1024,xy,cvar,3,3,120,5.2747036659453626,360,0.3666986939999788,0.0,1.0000000000000009,0.047989058537238,0.0479890585372379,0.0727504520858956,False,True,0.9924960651283714,,,,,,,,,,
8,5,4,20,1024,penalty_x,expectation,1,3,120,40.25192642211914,117,0.2434915819999332,1.8443468001138008,0.0009917033286797,9.604070783097995e-07,0.0009684419226346,0.0009990370722201,False,False,0.945327488504181,,,,,,,,,,
8,5,4,20,1024,penalty_x,expectation,2,3,120,40.19152069091797,231,0.7705394189999879,1.8443468001138008,0.0007773487927806,6.48037598693918e-07,0.0008336510003132,0.0020238660707436,False,False,0.5012655186255041,,,,,,,,,,
8,5,4,20,1024,penalty_x,expectation,3,3,120,9.306133270263672,360,1.6713437040000372,1.8443468001138008,0.0332069766989207,5.315297676133923e-05,0.0016006569114455,0.0016126155686954,False,False,0.976397281020468,,,,,,,,,,
8,5,4,20,1024,penalty_x,cvar,1,3,120,17.926960221166638,135,0.318404499999815,1.8443468001138008,0.0008633365995365,7.876522545302578e-07,0.000912335067172,0.0016865960609401,False,False,0.9290468452028736,,,,,,,,,,
8,5,4,20,1024,penalty_x,cvar,2,3,120,12.577449594584085,325,1.2057355609999831,1.8443468001138008,0.0111218722863668,8.92005755304126e-06,0.0008020284106278,0.00156761037742,False,False,0.9487603641655163,,,,,,,,,,
8,5,4,20,1024,penalty_x,cvar,3,3,120,5.64627271525968,360,1.7981994830001895,1.8443468001138008,0.0549649494587356,7.907042163424194e-05,0.0014385607994346,0.0014385607994346,True,False,1.0,,,,,,,,,,
9,4,4,16,256,xy,expectation,1,3,120,6.686677126576171,289,0.2194417139999132,0.0,0.9999999999999992,0.0034992074631094,0.0034992074631094,0.0288754704965088,False,True,0.9459245257848689,,,,,,,,,,
9,4,4,16,256,xy,expectation,2,3,120,5.813705912197409,360,0.2610606139999163,0.0,1.0,0.0055444121695673,0.0055444121695673,0.0729511667188751,False,True,0.9955236022163526,,,,,,,,,,
9,4,4,16,256,xy,expectation,3,3,120,5.643674178469111,360,0.291175824999982,0.0,1.0000000000000002,0.0026713351437997,0.0026713351437997,0.0480937060929706,False,True,0.91203468793335,,,,,,,,,,
9,4,4,16,256,xy,cvar,1,3,120,4.697165080722681,198,0.1284801300000708,0.0,1.0000000000000004,0.0042991465422498,0.0042991465422498,0.029081299685945,False,True,0.9459245257848689,,,,,,,,,,
9,4,4,16,256,xy,cvar,2,3,120,4.639577585230595,360,0.2681266639999649,0.0,1.0000000000000009,0.0452703049123066,0.0452703049123066,0.103736530452924,False,True,0.991773330685097,,,,,,,,,,
9,4,4,16,256,xy,cvar,3,3,120,4.6634984042784255,360,0.2965769140000702,0.0,0.9999999999999988,0.0137070851761827,0.0137070851761827,0.0545900545689053,False,True,0.991773330685097,,,,,,,,,,
9,4,4,16,256,penalty_x,expectation,1,3,120,41.09668731689453,125,0.2226950679998935,1.995244639461242,0.0125344147309078,3.692784594022669e-05,0.002946116490718,0.0058377928101559,False,False,0.4688217008678256,,,,,,,,,,
9,4,4,16,256,penalty_x,expectation,2,3,120,9.953678131103516,360,1.0349673820001044,1.995244639461242,0.0240599588258199,0.0002122226142091,0.0088205726263097,0.0118041092517062,False,False,0.9853219254915448,,,,,,,,,,
9,4,4,16,256,penalty_x,expectation,3,3,120,34.13282775878906,360,1.3935014680000677,1.995244639461242,0.0089198611408392,1.8838663891074248e-06,0.0002111990713041,0.0349094395820856,False,False,0.304480831714448,,,,,,,,,,
9,4,4,16,256,penalty_x,cvar,1,3,120,10.492451667785645,240,0.5114992470000743,1.995244639461242,0.0046720622140128,9.262558705813715e-06,0.00198254181591,0.0088793649657724,False,False,0.4688217008678256,,,,,,,,,,
9,4,4,16,256,penalty_x,cvar,2,3,120,4.99986457824707,360,1.133475521000037,1.995244639461242,0.0632510528157581,0.0004519902577158,0.0071459720841705,0.0082227043207467,False,False,0.960742610085026,,,,,,,,,,
9,4,4,16,256,penalty_x,cvar,3,3,120,14.051009899498212,360,1.4848893860000771,1.995244639461242,0.014833369879625,0.0001527873246232,0.0103002436980333,0.0620055370905451,False,False,0.4679819903602962,,,,,,,,,,
10,4,3,12,81,xy,expectation,1,3,120,5.896449085642119,166,0.0966208340000776,0.0,0.9999999999999992,0.6918818649871349,0.6918818649871353,0.6918818649871353,True,True,1.0,,,,,,,,,,
10,4,3,12,81,xy,expectation,2,3,120,6.1075809151417575,344,0.2390329679999467,0.0,1.0000000000000009,0.1571238284463209,0.1571238284463208,0.3190458623163846,False,True,0.9862117129491068,,,,,,,,,,
10,4,3,12,81,xy,expectation,3,3,120,4.910349224968416,360,0.2724398929999552,0.0,1.0000000000000016,0.8990965179101349,0.8990965179101335,0.8990965179101335,True,True,1.0,,,,,,,,,,
10,4,3,12,81,xy,cvar,1,3,120,4.639936126248937,137,0.0826759199999287,0.0,1.0,0.0896097109279596,0.0896097109279596,0.185804447648321,False,True,0.9862117129491068,,,,,,,,,,
10,4,3,12,81,xy,cvar,2,3,120,4.61612032061988,274,0.1946887720000631,0.0,1.0000000000000009,0.25356198081726,0.2535619808172599,0.2535619808172599,True,True,1.0,,,,,,,,,,
10,4,3,12,81,xy,cvar,3,3,120,4.61612032061988,141,0.0943204040002001,0.0,1.0000000000000002,0.4081039155360549,0.4081039155360548,0.4081039155360548,True,True,1.0,,,,,,,,,,
10,4,3,12,81,penalty_x,expectation,1,3,120,16.966644287109375,197,0.3194591149999723,2.3383200760736726,0.0112322363438579,0.0004352203977759,0.0387474394637343,0.04197070896195,False,False,0.4797703494296167,,,,,,,,,,
10,4,3,12,81,penalty_x,expectation,2,3,120,26.86338424682617,360,0.8643321850001939,2.3383200760736726,0.0158188253245405,0.0003487836511339,0.0220486441931255,0.0840625415400623,False,False,0.3143801407127241,,,,,,,,,,
10,4,3,12,81,penalty_x,expectation,3,3,120,28.034740447998047,360,1.1454294469999695,2.3383200760736726,0.009591963752598,0.0012336681829765,0.1286147669857898,0.1286147669857898,True,False,1.0,,,,,,,,,,
10,4,3,12,81,penalty_x,cvar,1,3,120,5.361032328667183,323,0.617847582999957,2.3383200760736726,0.0337647199557977,0.0021755285561084,0.0644320035515328,0.0644320035515328,True,False,1.0,,,,,,,,,,
10,4,3,12,81,penalty_x,cvar,2,3,120,7.870758525774391,360,0.967903725000042,2.3383200760736726,0.0109677086229567,0.0003267761494498,0.0297943864742986,0.0427162679344659,False,False,0.3182688369806615,,,,,,,,,,
10,4,3,12,81,penalty_x,cvar,3,3,120,8.181016900418173,360,1.2409685210000134,2.3383200760736726,0.0111788033145785,0.0018345130374655,0.1641063882994596,0.1641063882994596,True,False,1.0,,,,,,,,,,
11,3,3,9,27,xy,expectation,1,3,120,4.910990067407438,200,0.1187794680001843,0.0,1.0000000000000009,0.827910574329399,0.8279105743293984,0.8279105743293984,True,True,1.0,,,,,,,,,,
11,3,3,9,27,xy,expectation,2,3,120,4.428465017763978,360,0.2443585930000154,0.0,1.0000000000000009,0.8764831104470071,0.8764831104470066,0.8764831104470066,True,True,1.0,,,,,,,,,,
11,3,3,9,27,xy,expectation,3,3,120,4.878753786707694,360,0.2599640100002034,0.0,1.0000000000000009,0.8577439650959525,0.857743965095952,0.857743965095952,True,True,1.0,,,,,,,,,,
11,3,3,9,27,xy,cvar,1,3,120,4.162498878248303,65,0.0366562730000623,0.0,1.0000000000000009,0.2928606865616195,0.2928606865616193,0.2928606865616193,True,True,1.0,,,,,,,,,,
11,3,3,9,27,xy,cvar,2,3,120,4.162498878248303,162,0.1012752569999975,0.0,1.0000000000000002,0.2970252714698077,0.2970252714698077,0.2970252714698077,True,True,1.0,,,,,,,,,,
11,3,3,9,27,xy,cvar,3,3,120,4.162498878248303,114,0.0699072119998618,0.0,1.0,0.2936910280553509,0.2936910280553509,0.2936910280553509,True,True,1.0,,,,,,,,,,
11,3,3,9,27,penalty_x,expectation,1,3,120,16.629079818725586,272,0.3961866899999222,2.218807181734203,0.0251537268677566,0.0032808743417263,0.1304329318265716,0.1450064056513337,False,False,0.4550248400713616,,,,,,,,,,
11,3,3,9,27,penalty_x,expectation,2,3,120,16.438928604125977,360,0.781078695999895,2.218807181734203,0.032114425644977,0.0039949631318449,0.1243977761274346,0.1470871602031793,False,False,0.4550248400713616,,,,,,,,,,
11,3,3,9,27,penalty_x,expectation,3,3,120,7.996380805969238,360,0.9599257300001228,2.218807181734203,0.0247460321879771,0.0042765904217958,0.1728192378200183,0.1728192378200183,True,False,1.0,,,,,,,,,,
11,3,3,9,27,penalty_x,cvar,1,3,120,5.073269844055176,310,0.5367156779998368,2.218807181734203,0.1171277686953544,0.005023194476962,0.0428864524007731,0.101272807381743,False,False,0.297729719657171,,,,,,,,,,
11,3,3,9,27,penalty_x,cvar,2,3,120,4.579150130850061,345,0.8004913580000448,2.218807181734203,0.0377380288555286,0.0032914460171014,0.0872182813178173,0.13941414205295,False,False,0.2935986973389582,,,,,,,,,,
11,3,3,9,27,penalty_x,cvar,3,3,120,4.354452610015869,360,1.0611605760000202,2.218807181734203,0.0903087685874197,0.0187380630522966,0.2074888556824691,0.2074888556824691,True,False,1.0,,,,,,,,,,
11,5,5,25,3125,xy,expectation,1,3,120,6.060738073752622,189,0.1514215649999641,0.0,0.9999999999999994,0.0009948563078184,0.0009948563078184,0.0021257129315644,False,True,0.927893112700358,,,,,,,,,,
11,5,5,25,3125,xy,expectation,2,3,120,6.089364264630118,360,0.3949031390000073,0.0,1.0000000000000029,0.0006336838361692,0.0006336838361692,0.0026755404640763,False,True,0.927893112700358,,,,,,,,,,
11,5,5,25,3125,xy,expectation,3,3,120,5.896702846760428,360,0.4693277020001005,0.0,0.9999999999999978,0.0008165025982672,0.0008165025982672,0.009658093484187,False,True,0.9272781208850468,,,,,,,,,,
11,5,5,25,3125,xy,cvar,1,3,120,5.490457323887709,179,0.1556306649999896,0.0,1.0000000000000009,0.0014848301599006,0.0014848301599006,0.0069220072810911,False,True,0.9845957172701088,,,,,,,,,,
11,5,5,25,3125,xy,cvar,2,3,120,5.470027197188553,360,0.4147573929999453,0.0,0.9999999999999996,0.000535873292813,0.000535873292813,0.0162768906971422,False,True,0.9743156698793426,,,,,,,,,,
11,5,5,25,3125,xy,cvar,3,3,120,5.4218076283203125,360,0.4947230640000271,0.0,1.0000000000000004,0.0053578906516924,0.0053578906516924,0.0175171345342498,False,True,0.9975071173349156,,,,,,,,,,
11,5,5,25,3125,penalty_x,expectation,1,3,120,10.47130298614502,236,9.904730559999962,1.867004311414196,0.0239358954771553,1.4587846635549797e-05,0.0006094548102231,0.0008193296464847,False,False,0.4791562576689566,,,,,,,,,,
11,5,5,25,3125,penalty_x,expectation,2,3,120,54.80447006225586,360,29.483197949999976,1.867004311414196,0.0016106824029391,1.959540867346732e-07,0.000121659047356,0.005432268997736,False,False,0.8910606530111161,,,,,,,,,,
11,5,5,25,3125,penalty_x,expectation,3,3,120,10.533580780029297,360,43.894521493999946,1.867004311414196,0.0159937558384655,1.0286310498486271e-05,0.0006431454001409,0.0008222922628379,False,False,0.3310747837802337,,,,,,,,,,
11,5,5,25,3125,penalty_x,cvar,1,3,120,23.6243805213655,280,12.07395317700002,1.867004311414196,0.0023193511897174,6.522193274349776e-08,2.8120766286990013e-05,0.0210781969988177,False,False,0.8989315644401134,,,,,,,,,,
11,5,5,25,3125,penalty_x,cvar,2,3,120,12.96613198316884,360,29.919465861999925,1.867004311414196,0.0013729518699144,2.696635874599451e-07,0.0001964115373372,0.0041034557135179,False,False,0.9437943329375832,,,,,,,,,,
11,5,5,25,3125,penalty_x,cvar,3,3,120,6.403774166332136,360,44.30973464700014,1.867004311414196,0.010498839546102,1.9375988813408185e-06,0.0001845536235535,0.0050287344775371,False,False,0.9101841764787924,,,,,,,,,,
12,5,4,20,1024,xy,expectation,1,3,120,5.78965315824975,171,0.115145339999799,0.0,0.9999999999999994,0.0025023594532573,0.0025023594532573,0.0267810090126422,False,True,0.9054912290381611,,,,,,,,,,
12,5,4,20,1024,xy,expectation,2,3,120,5.799560966320062,360,0.3027198260001569,0.0,1.000000000000001,0.0002065329938147,0.0002065329938147,0.0129235373371362,False,True,0.9110240289224958,,,,,,,,,,
12,5,4,20,1024,xy,expectation,3,3,120,5.733998446263456,360,0.3615718349999497,0.0,1.000000000000001,0.0010170854791871,0.0010170854791871,0.0450457049876487,False,True,0.9351928790087026,,,,,,,,,,
12,5,4,20,1024,xy,cvar,1,3,120,5.347232226720606,134,0.0937676270000338,0.0,0.9999999999999996,0.0096900493724584,0.0096900493724584,0.04430864330566,False,True,0.975095005024054,,,,,,,,,,
12,5,4,20,1024,xy,cvar,2,3,120,5.283590872869932,359,0.31703824300007,0.0,0.9999999999999992,0.0615383626336585,0.0615383626336586,0.0725225006493039,False,True,0.9962309357950964,,,,,,,,,,
12,5,4,20,1024,xy,cvar,3,3,120,5.278382898696736,360,0.3653872810000393,0.0,0.999999999999998,0.1042344669493572,0.1042344669493574,0.1342077798477103,False,True,0.9962309357950964,,,,,,,,,,
12,5,4,20,1024,penalty_x,expectation,1,3,120,45.79161071777344,106,0.2188633529999606,2.012363830382193,0.0060611729713855,5.577260253630811e-06,0.0009201618696514,0.0015407685023816,False,False,0.9223828171947964,,,,,,,,,,
12,5,4,20,1024,penalty_x,expectation,2,3,120,33.87846374511719,257,0.866442417999906,2.012363830382193,0.0024922796222757,7.793007171130739e-06,0.0031268590817329,0.0039225335039096,False,False,0.9650772738556418,,,,,,,,,,
12,5,4,20,1024,penalty_x,expectation,3,3,120,45.03354263305664,360,1.6828891049999584,2.012363830382193,0.0005890611843953,7.278603675331398e-08,0.0001235627786747,0.009709760488304,False,False,0.4889576582643407,,,,,,,,,,
12,5,4,20,1024,penalty_x,cvar,1,3,120,5.955894226538447,360,0.8753314820000924,2.012363830382193,0.0282864503556083,4.431466368259862e-05,0.0015666392610415,0.0018883587418575,False,False,0.4953263321948795,,,,,,,,,,
12,5,4,20,1024,penalty_x,cvar,2,3,120,9.382819175720217,312,1.1483622299999752,2.012363830382193,0.0041396510521281,2.6431630431034137e-06,0.0006384989966109,0.0047695918778768,False,False,0.4889576582643407,,,,,,,,,,
12,5,4,20,1024,penalty_x,cvar,3,3,120,16.597055364006117,360,1.795986932999995,2.012363830382193,0.0008984567748079,1.6334225847458583e-06,0.0018180313516973,0.006662651632521,False,False,0.4973014096976762,,,,,,,,,,
13,4,4,16,256,xy,expectation,1,3,120,8.6840106654225,142,0.1031220710001434,0.0,1.0,0.0104953702196109,0.0104953702196109,0.0259955468007391,False,True,0.9743789358218832,,,,,,,,,,
13,4,4,16,256,xy,expectation,2,3,120,7.779150220980346,312,0.2239889549998679,0.0,0.9999999999999998,0.0488021490339764,0.0488021490339764,0.0586048727845571,False,True,0.9581867976557144,,,,,,,,,,
13,4,4,16,256,xy,expectation,3,3,120,5.731275429245719,360,0.2865653970000039,0.0,1.0000000000000009,0.0833030552159915,0.0833030552159914,0.1112650512953921,False,True,0.926948603291466,,,,,,,,,,
13,4,4,16,256,xy,cvar,1,3,120,5.137787903751438,138,0.0846225010000125,0.0,1.0,0.0105300882012759,0.0105300882012759,0.0258040700365397,False,True,0.9743789358218832,,,,,,,,,,
13,4,4,16,256,xy,cvar,2,3,120,4.690915963784837,317,0.2346309979998295,0.0,1.0,0.0642343799656065,0.0642343799656065,0.0671254713568653,False,True,0.9581867976557144,,,,,,,,,,
13,4,4,16,256,xy,cvar,3,3,120,4.651492415486451,360,0.3010225400000763,0.0,0.9999999999999998,0.1442310638189688,0.1442310638189688,0.1442310638189688,True,True,1.0,,,,,,,,,,
13,4,4,16,256,penalty_x,expectation,1,3,120,42.98522186279297,204,0.3793337219999557,2.112066230876469,0.0037352286693277,5.313423025654629e-05,0.0142251612847331,0.0428382352111952,False,False,0.4674155508153437,,,,,,,,,,
13,4,4,16,256,penalty_x,expectation,2,3,120,39.182838439941406,360,1.0520805179999115,2.112066230876469,0.0026037707275641,5.49831020180136e-05,0.0211167217742905,0.0273184373970947,False,False,0.4651036409928473,,,,,,,,,,
13,4,4,16,256,penalty_x,expectation,3,3,120,11.504677772521973,360,1.4267944819998777,2.112066230876469,0.0093099898408581,5.266816515359096e-05,0.0056571667696617,0.0117305414331238,False,False,0.4674155508153437,,,,,,,,,,
13,4,4,16,256,penalty_x,cvar,1,3,120,8.043083196053885,291,0.6520235130001311,2.112066230876469,0.0155132210602459,0.0001144724301411,0.0073790239755251,0.0104608084560196,False,False,0.4761426253158522,,,,,,,,,,
13,4,4,16,256,penalty_x,cvar,2,3,120,5.558304309844971,360,1.1542236620000494,2.112066230876469,0.015954383121425,9.451308142160995e-05,0.005923957115878,0.0059239776380185,False,False,0.926948603291466,,,,,,,,,,
13,4,4,16,256,penalty_x,cvar,3,3,120,5.013888238204928,360,1.5591858220000177,2.112066230876469,0.0599947899281687,0.0005755058955401,0.0095925978944032,0.0128751227079403,False,False,0.9600634909085204,,,,,,,,,,
14,4,3,12,81,xy,expectation,1,3,120,5.267600372529899,138,0.0809057869998923,0.0,0.9999999999999998,0.1695307129081698,0.1695307129081698,0.4125492347761182,False,True,0.9975222373052076,,,,,,,,,,
14,4,3,12,81,xy,expectation,2,3,120,4.836172162925457,360,0.2556704600001467,0.0,0.9999999999999996,0.085120804014175,0.085120804014175,0.7661258338264827,False,True,0.9975222373052076,,,,,,,,,,
14,4,3,12,81,xy,expectation,3,3,120,4.779035114167875,360,0.2802763780000532,0.0,1.0000000000000009,0.1407875139059158,0.1407875139059158,0.5004807874496355,False,True,0.9975222373052076,,,,,,,,,,
14,4,3,12,81,xy,cvar,1,3,120,4.74280781466314,128,0.0757359809999798,0.0,1.0,0.1994867169562253,0.1994867169562253,0.3383066403483441,False,True,0.9975222373052076,,,,,,,,,,
14,4,3,12,81,xy,cvar,2,3,120,4.740428672862785,237,0.1661105779999161,0.0,0.9999999999999984,0.2526318375697348,0.2526318375697352,0.2526318375697352,True,True,1.0,,,,,,,,,,
14,4,3,12,81,xy,cvar,3,3,120,4.740428672862785,233,0.1799116330000743,0.0,1.0,0.2716508466656178,0.2716508466656178,0.2716508466656178,True,True,1.0,,,,,,,,,,
14,4,3,12,81,penalty_x,expectation,1,3,120,7.951624870300293,297,0.4848406559999603,2.021338367503929,0.0459054797574935,0.0014045333955436,0.0305962033936573,0.0316343697002652,False,False,0.9887772184460228,,,,,,,,,,
14,4,3,12,81,penalty_x,expectation,2,3,120,7.919154644012451,360,0.8688757859999896,2.021338367503929,0.0372125771791616,0.0010228700703009,0.0274872139431876,0.0292799013801045,False,False,0.9767468772872372,,,,,,,,,,
14,4,3,12,81,penalty_x,expectation,3,3,120,19.673917770385746,360,1.1537031509999451,2.021338367503929,0.0117241160276648,1.6320727809215896e-05,0.0013920646785399,0.0866772702627294,False,False,0.478752595868179,,,,,,,,,,
14,4,3,12,81,penalty_x,cvar,1,3,120,5.038557405643773,184,0.3448087799999939,2.021338367503929,0.0217594333917077,0.000284666835796,0.0130824562694987,0.0479229142481387,False,False,0.3191331169133881,,,,,,,,,,
14,4,3,12,81,penalty_x,cvar,2,3,120,4.943028450012207,360,0.9769219499999052,2.021338367503929,0.0830415347736561,0.0023068953305482,0.0277800179974529,0.0293644819934248,False,False,0.9887772184460228,,,,,,,,,,
14,4,3,12,81,penalty_x,cvar,3,3,120,7.345743734151872,360,1.242687716000091,2.021338367503929,0.0019094447859515,1.4827339327894151e-05,0.0077652621521103,0.062109884533738,False,False,0.4840129011119731,,,,,,,,,,
15,3,3,9,27,xy,expectation,1,3,120,4.520197695861293,321,0.1965495439999358,0.0,0.9999999999999996,0.8276007130155203,0.8276007130155205,0.8276007130155205,True,True,1.0,,,,,,,,,,
15,3,3,9,27,xy,expectation,2,3,120,4.196104449080995,360,0.2451185160000477,0.0,0.9999999999999992,0.3074455304798235,0.3074455304798237,0.6150736333062573,False,True,0.9938974954896376,,,,,,,,,,
15,3,3,9,27,xy,expectation,3,3,120,4.307483462341144,360,0.2617207640000742,0.0,1.000000000000001,0.037409034065746,0.037409034065746,0.560728955281811,False,True,0.9938974954896376,,,,,,,,,,
15,3,3,9,27,xy,cvar,1,3,120,4.106562060152145,110,0.0653294169999298,0.0,1.0000000000000004,0.3776734724694918,0.3776734724694916,0.3776734724694916,True,True,1.0,,,,,,,,,,
15,3,3,9,27,xy,cvar,2,3,120,4.106562060152145,71,0.0407242909998331,0.0,1.0000000000000009,0.5832560162314512,0.5832560162314508,0.5832560162314508,True,True,1.0,,,,,,,,,,
15,3,3,9,27,xy,cvar,3,3,120,4.106562060152145,186,0.1226064489999316,0.0,1.0000000000000002,0.3432871256148913,0.3432871256148913,0.3432871256148913,True,True,1.0,,,,,,,,,,
15,3,3,9,27,penalty_x,expectation,1,3,120,22.33178329467773,280,0.4068542919999345,2.2599925079628824,0.0358884446541196,0.0047992360778152,0.1337264995479369,0.1528972133542153,False,False,0.9706807617892624,,,,,,,,,,
15,3,3,9,27,penalty_x,expectation,2,3,120,7.865941047668457,360,0.7454132550001304,2.2599925079628824,0.0545160534456954,0.0086149126291275,0.1580252436598147,0.1580252436598147,True,False,1.0,,,,,,,,,,
15,3,3,9,27,penalty_x,expectation,3,3,120,15.537139892578123,360,0.979599336000092,2.2599925079628824,0.0569166787931862,0.0075898198410868,0.133349661329773,0.1990047308092818,False,False,0.9938974954896376,,,,,,,,,,
15,3,3,9,27,penalty_x,cvar,1,3,120,6.807155132293701,272,0.4867134739999983,2.2599925079628824,0.0136996012661256,0.0006993500282987,0.0510489330830411,0.1159951160035462,False,False,0.2903026045774052,,,,,,,,,,
15,3,3,9,27,penalty_x,cvar,2,3,120,4.626247204914523,329,0.8107397960000071,2.2599925079628824,0.014691753705847,0.0004539548826869,0.030898617808049,0.091957023305999,False,False,0.4453221189487218,,,,,,,,,,
15,3,3,9,27,penalty_x,cvar,3,3,120,5.980875728234736,360,1.0615101250000407,2.2599925079628824,0.0905043111160921,0.0113308634608984,0.1251969472080066,0.178970597607325,False,False,0.9938974954896376,,,,,,,,,,
15,5,5,25,3125,xy,expectation,1,3,120,6.305854127794675,259,0.2100665070001923,0.0,1.000000000000001,0.000225373654728,0.000225373654728,0.0032341627717896,False,True,0.932173681184854,1.0,5.25347214345602,21.49320839719983,9.54053790597048,6.305854127794668,0.9351971012401116,0.2454783860654852,0.7042926710250433,0.1728412219487861,0.76576
15,5,5,25,3125,xy,expectation,2,3,120,6.221639550735438,360,0.3659436169996297,0.0,1.0000000000000002,1.1050876513066036e-05,1.1050876513066034e-05,0.0112368087806443,False,True,0.9337795506888956,1.0,5.25347214345602,21.49320839719983,9.54053790597048,6.221639550735438,0.9403828121250292,0.2258345126741341,0.0345339891033313,0.1409882034313791,0.77504
15,5,5,25,3125,xy,expectation,3,3,120,6.06940195307425,360,0.4413619679999101,0.0,0.9999999999999988,3.762072513293419e-07,3.762072513293424e-07,0.0332102789384238,False,True,0.91180160337461,1.0,5.25347214345602,21.49320839719983,9.54053790597048,6.069401953074257,0.949757200679282,0.1903236047257824,0.0011756476604041,0.0362153003782104,0.6688
15,5,5,25,3125,xy,cvar,1,3,120,5.444720330720684,292,0.2497976470003777,0.0,1.0000000000000009,3.6678940016608935e-05,3.66789400166089e-05,0.0092890478564769,False,True,0.932173681184854,1.0,5.25347214345602,21.49320839719983,9.54053790597048,6.85689638363036,0.901265376781923,0.3740143792974839,0.1146216875519028,0.213282184561855,0.76576
15,5,5,25,3125,xy,cvar,2,3,120,5.384049136382815,321,0.3403655060001256,0.0,1.000000000000001,0.0010428231130904,0.0010428231130904,0.0131495982914056,False,True,0.9822582485379674,1.0,5.25347214345602,21.49320839719983,9.54053790597048,7.145181739567074,0.8835135271562706,0.441259756883581,3.258822228407672,0.3502915342544048,0.98944
15,5,5,25,3125,xy,cvar,3,3,120,5.355225410192766,360,0.4697781760000907,0.0,1.0000000000000009,0.0045401572803784,0.0045401572803784,0.0210145398179162,False,True,0.9782837707486366,1.0,5.25347214345602,21.49320839719983,9.54053790597048,6.934389344938184,0.8964935652144809,0.3920903701034595,14.187991501182768,0.4546974964593544,0.98208
15,5,5,25,3125,penalty_x,expectation,1,3,120,69.95293426513672,101,4.336918654999863,1.803815912011863,9.03851387707988e-05,2.5444531814855512e-08,0.0002815123388744,0.0003789930160104,False,False,0.4772413985377345,1.0,5.25347214345602,21.49320839719983,9.54053790597048,9.545965827333644,0.7356795937564529,1.0012661157219993,0.8797260589825251,0.0943469043953311,0.18912
15,5,5,25,3125,penalty_x,expectation,2,3,120,59.93983840942383,220,18.05760461399996,1.803815912011863,0.0002266447077584,2.337603888236117e-08,0.0001031395752124,0.0072335670603668,False,False,0.9767017329200586,1.0,5.25347214345602,21.49320839719983,9.54053790597048,7.927519427336231,0.8353392418387489,0.6237476707872618,0.3223111725390352,0.2762357038305715,0.97792
15,5,5,25,3125,penalty_x,expectation,3,3,120,71.22169494628906,360,43.899850975999925,1.803815912011863,0.0001428224178682,1.0471239875187166e-08,7.33165005289864e-05,0.0075355290831897,False,False,0.9531685582597552,1.0,5.25347214345602,21.49320839719983,9.54053790597048,8.08460796874641,0.8256661450004943,0.6603901087885028,0.2291140641530824,0.227052663104214,0.88992
15,5,5,25,3125,penalty_x,cvar,1,3,120,35.39570487660853,221,9.565627261999907,1.803815912011863,0.0002727535917457,1.6470433905624302e-09,6.038576357585193e-06,0.0024138840681115,False,False,0.9296977549426464,1.0,5.25347214345602,21.49320839719983,9.54053790597048,9.591860922466148,0.7328534952031637,1.0119715953378716,0.0188705511174537,0.0452495275686599,0.7536
15,5,5,25,3125,penalty_x,cvar,2,3,120,5.775002956390381,333,27.660811203999856,1.803815912011863,0.025080722973712,1.3924966879130808e-05,0.0005552059601202,0.0008832418505468,False,False,0.9506343821264988,1.0,5.25347214345602,21.49320839719983,9.54053790597048,9.966493589230833,0.7097846065887737,1.0993583273167522,1.7350186253759086,0.1059481197562741,0.87552
15,5,5,25,3125,penalty_x,cvar,3,3,120,31.46302236008111,360,44.29802840699995,1.803815912011863,0.0005044802545389,9.773899023457489e-08,0.0001937419539321,0.0034745076045889,False,False,0.9116742254296782,1.0,5.25347214345602,21.49320839719983,9.54053790597048,9.327133154517558,0.7491547308767147,0.9502212554519446,0.6054436060380778,0.0898712962186522,0.66816
16,5,4,20,1024,xy,expectation,1,3,120,5.711943191524765,152,0.0978841629998896,0.0,0.9999999999999992,0.0010694710642764,0.0010694710642764,0.0038627821922367,False,True,0.9427428012727884,1.0,5.3108339807648335,15.831982255212074,7.465040802104539,5.711943191524768,0.9618759093307228,0.1861980970380941,1.0951383698190813,0.1357834648307432,0.5771484375
16,5,4,20,1024,xy,expectation,2,3,120,5.541579254965405,360,0.2919187140000758,0.0,1.0000000000000002,0.0833693292797141,0.0833693292797141,0.0833693292797141,True,True,1.0,1.0,5.3108339807648335,15.831982255212074,7.465040802104539,5.541579254965404,0.978068432438978,0.1071137979486433,85.37019318242729,0.6741654375747702,1.0
16,5,4,20,1024,xy,expectation,3,3,120,5.553471826211283,360,0.3322959869997248,0.0,0.9999999999999988,0.0803476241366065,0.0803476241366066,0.0803476241366066,True,True,1.0,1.0,5.3108339807648335,15.831982255212074,7.465040802104539,5.553471826211291,0.9769380832664668,0.1126344244400641,82.27596711588518,0.7088510535367362,1.0
16,5,4,20,1024,xy,cvar,1,3,120,5.368562279342052,142,0.0971907770003781,0.0,0.9999999999999982,0.0678495724579077,0.0678495724579078,0.0678495724579078,True,True,1.0,1.0,5.3108339807648335,15.831982255212074,7.465040802104539,6.6764624339407295,0.8702015770947166,0.633935627558086,69.47796219689766,0.4108167069676137,1.0
16,5,4,20,1024,xy,cvar,2,3,120,5.324265721485441,302,0.2476239249999707,0.0,1.0000000000000009,0.1607335119609162,0.1607335119609161,0.1607335119609161,True,True,1.0,1.0,5.3108339807648335,15.831982255212074,7.465040802104539,6.015695776910187,0.9330052407057836,0.3272024715375278,164.59111624797808,0.5918539895667381,1.0
16,5,4,20,1024,xy,cvar,3,3,120,5.315012927129194,360,0.3459532920001038,0.0,1.0000000000000004,0.1992520598043465,0.1992520598043465,0.1992520598043465,True,True,1.0,1.0,5.3108339807648335,15.831982255212074,7.465040802104539,5.829551217784716,0.9506976592773914,0.2407926815018119,204.0341092396508,0.7251132115313813,1.0
16,5,4,20,1024,penalty_x,expectation,1,3,120,42.54041290283203,115,0.2317621229999531,2.0598231891113823,0.0104868518219518,8.983264706330374e-06,0.0008566216876952,0.0014194911688888,False,False,0.9329147390971329,1.0,5.3108339807648335,15.831982255212074,7.465040802104539,7.478308986930173,0.7939887406178376,1.0061591972944282,0.8771806081999326,0.0972042811768168,0.4853515625
16,5,4,20,1024,penalty_x,expectation,2,3,120,41.40550994873047,305,1.0248854050000773,2.0598231891113823,0.0021576312827648,2.301601753629257e-08,1.0667261695798029e-05,0.028652265866637,False,False,0.910574158233852,1.0,5.3108339807648335,15.831982255212074,7.465040802104539,8.042342317886723,0.7403792565345823,1.2679879712864146,0.0109232759764971,0.008665139958285,0.3681640625
16,5,4,20,1024,penalty_x,expectation,3,3,120,32.56413269042969,360,1.6443344239996804,2.0598231891113823,0.0025344238709417,3.2876747013688146e-07,0.0001297207913428,0.0423817955388721,False,False,0.9117219300805632,1.0,5.3108339807648335,15.831982255212074,7.465040802104539,7.597461025558043,0.7826637373463551,1.061470524622678,0.1328340903351211,0.0513008639258909,0.375
16,5,4,20,1024,penalty_x,cvar,1,3,120,11.350412923048388,220,0.520249751999927,2.0598231891113823,0.0071242156925563,5.537548076972598e-06,0.0007772852922965,0.0025962550504946,False,False,0.3354497178656478,1.0,5.3108339807648335,15.831982255212074,7.465040802104539,7.66472124440934,0.776270878211896,1.0926932550425306,0.7959401393117012,0.0869272160257998,0.0009765625
16,5,4,20,1024,penalty_x,cvar,2,3,120,5.842557430267334,306,1.1041504619997795,2.0598231891113823,0.0815160506249412,0.0001252655492862,0.0015366979671601,0.0019443693084834,False,False,0.94885076017722,1.0,5.3108339807648335,15.831982255212074,7.465040802104539,7.376768897458755,0.8036397869506823,0.9590234773321866,1.5735787183719625,0.132079056640372,0.6572265625
16,5,4,20,1024,penalty_x,cvar,3,3,120,7.306128025054932,360,1.7470313479998367,2.0598231891113823,0.0116642881367283,9.52871960180346e-06,0.0008169139419489,0.0045004622244267,False,False,0.950901752540586,1.0,5.3108339807648335,15.831982255212074,7.465040802104539,7.152059555789962,0.824997659286209,0.8547116074398401,0.8365198765557521,0.150365361790863,0.6796875
17,4,4,16,256,xy,expectation,1,3,120,4.925912552567643,143,0.0826520180003171,0.0,1.0000000000000004,0.0020356473997873,0.0020356473997873,0.0158163039368787,False,True,0.8995699516272105,1.0,4.539707260249822,10.139831040328422,6.391643627049436,4.925912552567641,0.9310362935741398,0.2085413404269564,0.5211257343455702,0.0891865468680224,0.33203125
17,4,4,16,256,xy,expectation,2,3,120,5.283357274090759,360,0.2549376339998161,0.0,1.0000000000000009,2.498665116203776e-05,2.498665116203774e-05,0.0413912636519121,False,True,0.9370595312212456,1.0,4.539707260249822,10.139831040328422,6.391643627049436,5.283357274090755,0.8672082898441763,0.4015526813840029,0.0063965826974816,0.0216681611626094,0.53125
17,4,4,16,256,xy,expectation,3,3,120,4.7147529909939125,360,0.2881579159998182,0.0,1.000000000000001,0.0182785945418442,0.0182785945418442,0.1057268859147215,False,True,0.9935241903749272,1.0,4.539707260249822,10.139831040328422,6.391643627049436,4.714752990993906,0.968742524697976,0.0945203808738776,4.679320202712132,0.6698335113133638,0.98828125
17,4,4,16,256,xy,cvar,1,3,120,4.635527044316668,152,0.0940795030001027,0.0,1.0,0.0057632461678204,0.0057632461678204,0.0371788723170745,False,True,0.9765543074772528,1.0,4.539707260249822,10.139831040328422,6.391643627049436,6.053346842170681,0.7297131918216967,0.8173280729599931,1.4753910189620474,0.1999697936048451,0.9296875
17,4,4,16,256,xy,cvar,2,3,120,4.567302814393958,360,0.2626342559997283,0.0,0.9999999999999998,0.0191800554968581,0.0191800554968581,0.1242758382378828,False,True,0.9935241903749272,1.0,4.539707260249822,10.139831040328422,6.391643627049436,4.834082576830822,0.9474341410759196,0.1589554165350286,4.910094207195687,0.6864188577543275,0.98828125
17,4,4,16,256,xy,cvar,3,3,120,4.554890416086643,360,0.289636137999878,0.0,1.0,0.0134301615281698,0.0134301615281698,0.1743676383949971,False,True,0.992353759356558,1.0,4.539707260249822,10.139831040328422,6.391643627049436,4.948852773867019,0.9269399160295962,0.220928494602789,3.43812135121148,0.6657882165401966,0.984375
17,4,4,16,256,penalty_x,expectation,1,3,120,32.18208694458008,215,0.3894994050001514,1.9358254099183003,0.0071652831215942,1.365970638289582e-05,0.0019063735725569,0.0124584168091161,False,False,0.9619172996535016,1.0,4.539707260249822,10.139831040328422,6.391643627049436,6.150938421980705,0.7122865091906472,0.8700251210657411,0.488031634574585,0.0799898033133374,0.78515625
17,4,4,16,256,penalty_x,expectation,2,3,120,8.21323013305664,324,0.901495344000068,1.9358254099183003,0.0763033809780608,0.0003976424632128,0.005211334781183,0.0083143579204413,False,False,0.4605410054501108,1.0,4.539707260249822,10.139831040328422,6.391643627049436,6.47836144866412,0.6538194039012674,1.046825486647008,1.3341017039828709,0.13844745101633,0.2265625
17,4,4,16,256,penalty_x,expectation,3,3,120,31.63437843322754,360,1.362721995999891,1.9358254099183003,0.0023706777193268,5.270369456411572e-06,0.0022231488546271,0.0241646653831724,False,False,0.9450135082567864,1.0,4.539707260249822,10.139831040328422,6.391643627049436,6.340191281917823,0.6784921026080015,0.9722170015914052,0.5691261067845451,0.1687799926388434,0.6328125
17,4,4,16,256,penalty_x,cvar,1,3,120,8.436731841369381,183,0.3787078979999023,1.9358254099183003,0.0197344744519796,7.454508886439726e-05,0.0037774043107045,0.0057216203487627,False,False,0.8912233911861052,1.0,4.539707260249822,10.139831040328422,6.391643627049436,6.453201347495933,0.6583121798034159,1.0332396520474822,0.9670155035403728,0.0969526856404891,0.31640625
17,4,4,16,256,penalty_x,cvar,2,3,120,4.835949798113131,344,1.0571480099997643,1.9358254099183003,0.096197946146276,0.000342281156918,0.0035580921488445,0.0099392562222454,False,False,0.4605410054501108,1.0,4.539707260249822,10.139831040328422,6.391643627049436,6.573535096763418,0.6368244852464581,1.0982169112151057,0.9108715901042,0.1120870111559851,0.2265625
17,4,4,16,256,penalty_x,cvar,3,3,120,11.690933227539062,360,1.4528710149998003,1.9358254099183003,0.013575070571818,5.4223619372351095e-06,0.0003994352669143,0.0151876643873511,False,False,0.9403112483506132,1.0,4.539707260249822,10.139831040328422,6.391643627049436,6.27787070670602,0.6896205307748033,0.9385654267700192,0.1022554283300703,0.1021611788241591,0.578125
18,4,3,12,81,xy,expectation,1,3,120,4.814469804807248,284,0.1759233640000275,0.0,0.9999999999999996,0.0034506880977639,0.0034506880977639,0.1301455787117807,False,True,0.9389973922894416,1.0,4.33915576853811,9.770269591081089,7.862967530679578,4.81446980480725,0.9124831384869436,0.1348863300178909,0.2795057359188828,0.1211446235647962,0.7530864197530864
18,4,3,12,81,xy,expectation,2,3,120,4.5213976097405055,360,0.2506250750002436,0.0,0.9999999999999994,0.5147929247673005,0.5147929247673009,0.5147929247673009,True,True,1.0,1.0,4.33915576853811,9.770269591081089,7.862967530679578,4.521397609740508,0.9664448495912634,0.0517172464092256,41.698226906151376,0.8884618012445075,1.0
18,4,3,12,81,xy,expectation,3,3,120,4.6657651679589565,360,0.2769521350001014,0.0,0.9999999999999996,0.0003320441285717,0.0003320441285717,0.1176011798715881,False,True,0.9389973922894416,1.0,4.33915576853811,9.770269591081089,7.862967530679578,4.665765167958957,0.9398632748101896,0.0926863923123867,0.0268955744143145,0.0615319003610045,0.7530864197530864
18,4,3,12,81,xy,cvar,1,3,120,4.33915576853811,140,0.086549162999745,0.0,1.0,0.3163049297236066,0.3163049297236066,0.3163049297236066,True,True,1.0,1.0,4.33915576853811,9.770269591081089,7.862967530679578,7.433186127715893,0.4303138434817254,0.8780350847394581,25.62069930761213,0.378842491289154,1.0
18,4,3,12,81,xy,cvar,2,3,120,4.33915576853811,72,0.0428143989997806,0.0,1.0,0.3113257068623372,0.3113257068623373,0.3113257068623373,True,True,1.0,1.0,4.33915576853811,9.770269591081089,7.862967530679578,5.996403154655717,0.6948604945013575,0.4702996351628257,25.217382255849323,0.5941311659365954,1.0
18,4,3,12,81,xy,cvar,3,3,120,4.33915576853811,109,0.0661987769999541,0.0,0.9999999999999992,0.5778832079871941,0.5778832079871945,0.5778832079871945,True,True,1.0,1.0,4.33915576853811,9.770269591081089,7.862967530679578,5.147898122345278,0.8510908848107154,0.229507819485705,46.80853984696276,0.824181953954779,1.0
18,4,3,12,81,penalty_x,expectation,1,3,120,23.93899154663086,133,0.2023029289998703,1.9909967533793484,0.0148373285046545,0.0002197720168624,0.014812101571618,0.0170393985906723,False,False,0.9432261464136096,1.0,4.33915576853811,9.770269591081089,7.862967530679578,7.830110435542431,0.3572304354008599,0.9906756951406568,1.1997802273010618,0.1190832813954314,0.7901234567901234
18,4,3,12,81,penalty_x,expectation,2,3,120,22.51543426513672,327,0.768993607000084,1.9909967533793484,0.0057368994257274,4.1095023334492e-05,0.0071632811184033,0.0588058961390653,False,False,0.9295984317360458,1.0,4.33915576853811,9.770269591081089,7.862967530679578,7.601152213975769,0.3993872063778045,0.9257011059680724,0.5802257705906683,0.1364556575995706,0.7407407407407407
18,4,3,12,81,penalty_x,expectation,3,3,120,15.669910430908203,360,1.1210073269999157,1.9909967533793484,0.0039367807550547,5.4677082516718656e-05,0.0138887801781986,0.0385112767167336,False,False,0.4492371136959401,1.0,4.33915576853811,9.770269591081089,7.862967530679578,7.862443971054325,0.3512770459915482,0.9998514223628862,1.1249911944340918,0.1224930174471324,0.0987654320987654
18,4,3,12,81,penalty_x,cvar,1,3,120,8.094012249229879,176,0.3226082030000725,1.9909967533793484,0.017987344530411,0.0001196919038193,0.0066542286782225,0.0284069820077084,False,False,0.4563060320321622,1.0,4.33915576853811,9.770269591081089,7.862967530679578,7.81697206557772,0.3596495284992548,0.9869472411676424,0.538992522936023,0.0851483391252195,0.3703703703703703
18,4,3,12,81,penalty_x,cvar,2,3,120,7.21401829803099,360,0.951202143000046,1.9909967533793484,0.0028565687207446,1.4240853488445282e-05,0.0049853005058225,0.0306884969639323,False,False,0.4644587155217059,1.0,4.33915576853811,9.770269591081089,7.862967530679578,8.070882959461919,0.3128983643402035,1.0590029896080453,0.4038093409716238,0.1197960600309041,0.6172839506172839
18,4,3,12,81,penalty_x,cvar,3,3,120,5.565260887145996,360,1.2266839149997395,1.9909967533793484,0.0078019777944575,4.915226963930763e-05,0.006299975587501,0.0434902514349089,False,False,0.9666466601501056,1.0,4.33915576853811,9.770269591081089,7.862967530679578,7.8034864023762,0.3621325667198026,0.983120231068407,0.5102980225875815,0.1361046357359324,0.9012345679012346
19,3,3,9,27,xy,expectation,1,3,120,5.4436630278599285,162,0.0933931710001161,0.0,1.0,0.1412266641158793,0.1412266641158793,0.2396261117230796,False,True,0.9861327267810645,1.0,4.023772704727391,19.18402186476341,11.29006690024666,5.4436630278599285,0.9063412277632276,0.1954077670028977,3.813119931128743,0.5166416888112279,0.925925925925926
19,3,3,9,27,xy,expectation,2,3,120,4.817188648002424,360,0.2410011490001125,0.0,1.0000000000000004,0.1300057145701518,0.1300057145701517,0.3239566818449432,False,True,0.9725907473672089,1.0,4.023772704727391,19.18402186476341,11.29006690024666,4.817188648002421,0.9476647161336532,0.1091912771388043,3.510154293394097,0.552183621966968,0.8888888888888888
19,3,3,9,27,xy,expectation,3,3,120,4.543446040186293,360,0.2601732409998476,0.0,0.9999999999999988,0.1460969792421439,0.1460969792421441,0.3326796494514482,False,True,0.9725907473672089,1.0,4.023772704727391,19.18402186476341,11.29006690024666,4.543446040186299,0.9657213196186234,0.0715183450429742,3.944618439537893,0.5902887511790448,0.8888888888888888
19,3,3,9,27,xy,cvar,1,3,120,4.023772704727391,128,0.0763184299999011,0.0,0.9999999999999996,0.2748257645180159,0.274825764518016,0.274825764518016,True,True,1.0,1.0,4.023772704727391,19.18402186476341,11.29006690024666,8.272642765000313,0.7197361326043783,0.584736861176495,7.420295641986432,0.4332397618961116,1.0
19,3,3,9,27,xy,cvar,2,3,120,4.023772704727391,247,0.1636328390000017,0.0,0.9999999999999996,0.3684413783996411,0.3684413783996413,0.3684413783996413,True,True,1.0,1.0,4.023772704727391,19.18402186476341,11.29006690024666,7.916457602109792,0.743230809976137,0.5357180417746931,9.947917216790316,0.5398032125502443,1.0
19,3,3,9,27,xy,cvar,3,3,120,4.023772704727391,209,0.1440710100000615,0.0,0.9999999999999992,0.275295027096132,0.2752950270961322,0.2752950270961322,True,True,1.0,1.0,4.023772704727391,19.18402186476341,11.29006690024666,8.143693052030152,0.7282419105509629,0.5669905782019249,7.432965731595571,0.4049388650975518,1.0
19,3,3,9,27,penalty_x,expectation,1,3,120,15.375687599182127,283,0.4036737790002007,2.231998437835025,0.0302478605844953,0.0032710644882172,0.1081420115343277,0.1254668834905133,False,False,0.4488741608746103,1.0,4.023772704727391,19.18402186476341,11.29006690024666,8.794523592827014,0.6853118416631427,0.6565590051448079,2.919834311426849,0.2412575012083391,0.8148148148148148
19,3,3,9,27,penalty_x,expectation,2,3,120,20.92888069152832,360,0.7288765169996623,2.231998437835025,0.0264060246699955,0.0003363732539582,0.0127385041164682,0.1137974093953696,False,False,0.2849909894256277,1.0,4.023772704727391,19.18402186476341,11.29006690024666,12.959403874788633,0.4105881060572219,1.2297370474720617,0.3439396111446423,0.0475937329585458,0.2222222222222222
19,3,3,9,27,penalty_x,expectation,3,3,120,22.004085540771484,360,0.9364835989999848,2.231998437835025,0.0592409943928942,0.0006655792240053,0.0112351122871289,0.1283231548308775,False,False,0.4460471853197906,1.0,4.023772704727391,19.18402186476341,11.29006690024666,11.80759740461041,0.4865635374646755,1.0712234449140368,0.303348031752481,0.0989832607972656,0.7037037037037037
19,3,3,9,27,penalty_x,cvar,1,3,120,5.25046968460083,350,0.5931898950002505,2.231998437835025,0.0173524608253501,0.00060656061396,0.0349553080721499,0.0551261522111311,False,False,0.2850933758546006,1.0,4.023772704727391,19.18402186476341,11.29006690024666,11.649935301336487,0.4969632414279545,1.0495257130260072,0.9437933179480492,0.0998396859617735,0.2592592592592592
19,3,3,9,27,penalty_x,cvar,2,3,120,6.463089466094971,348,0.7962859140002365,2.231998437835025,0.0492683760730869,0.0034269124735146,0.069556026535785,0.1059642411955605,False,False,0.4395401127984097,1.0,4.023772704727391,19.18402186476341,11.29006690024666,9.613228809948296,0.6313084273076931,0.7692306359777755,1.8780127164661968,0.1609181436609768,0.5185185185185185
19,3,3,9,27,penalty_x,cvar,3,3,120,5.935417052234236,360,1.0289086630000384,2.231998437835025,0.0323126079892972,0.0004564404662232,0.0141257699277777,0.103066231837813,False,False,0.2100510043320314,1.0,4.023772704727391,19.18402186476341,11.29006690024666,12.139333220295098,0.4646815873606378,1.1168775027815605,0.3813957880499979,0.0694383774763454,0.074074074074074
19,5,5,25,3125,xy,expectation,1,3,120,6.55273227529559,178,0.1358548999996855,0.0,1.0000000000000009,0.0002141883811588,0.0002141883811588,0.0017731265151563,False,True,0.9281114177573948,1.0,5.172968367479429,16.038373727241403,9.086901617950424,6.552732275295583,0.873013121726148,0.3525261723996226,0.6693386911214049,0.1659108971037811,0.6992
19,5,5,25,3125,xy,expectation,2,3,120,5.862647152663164,324,0.318642890999854,0.0,1.0000000000000004,0.0002248115697359,0.0002248115697359,0.0030053127444698,False,True,0.9174618959106358,1.0,5.172968367479429,16.038373727241403,9.086901617950424,5.862647152663161,0.9365252595418272,0.1762111771070029,0.7025361554249319,0.1734101559070098,0.66464
19,5,5,25,3125,xy,expectation,3,3,120,5.916894780540191,360,0.4381279369999902,0.0,1.000000000000001,0.0001183808641955,0.0001183808641955,0.0072400339093241,False,True,0.9174618959106358,1.0,5.172968367479429,16.038373727241403,9.086901617950424,5.916894780540185,0.9315325670392612,0.1900713081837133,0.3699402006110756,0.1267994020120365,0.66464
19,5,5,25,3125,xy,cvar,1,3,120,5.353952451098411,164,0.1345661140003358,0.0,0.9999999999999998,0.0003627150384692,0.0003627150384692,0.0018690450773874,False,True,0.9346412731465154,1.0,5.172968367479429,16.038373727241403,9.086901617950424,6.840667120215051,0.8465129742041988,0.4260927936200583,1.1334844952164047,0.1961572119864681,0.73376
19,5,5,25,3125,xy,cvar,2,3,120,5.357743135382769,360,0.3822638560000087,0.0,1.000000000000001,0.0003505275141048,0.0003505275141048,0.0064697114484829,False,True,0.9481926304411418,1.0,5.172968367479429,16.038373727241403,9.086901617950424,7.359135194289261,0.7987956496399206,0.5585600690933482,1.0953984815776745,0.1855814379102629,0.83232
19,5,5,25,3125,xy,cvar,3,3,120,5.233304826952101,360,0.462537932000032,0.0,0.9999999999999992,0.010768759976213,0.010768759976213,0.0454638457170844,False,True,0.9941522233402408,1.0,5.172968367479429,16.038373727241403,9.086901617950424,7.410612205419116,0.7940579514661837,0.5717123146314295,33.652374925665754,0.5008757798939723,0.99904
19,5,5,25,3125,penalty_x,expectation,1,3,120,80.17250061035156,148,6.243351129000075,1.96996397999951,2.8198004000679457e-05,7.62647500707203e-10,2.704615194354985e-05,0.0018739921959101,False,False,0.490986420861158,1.0,5.172968367479429,16.038373727241403,9.086901617950424,9.201971606717274,0.629189790363596,1.0294000897314748,0.0845192248235932,0.0502225770470982,0.22944
19,5,5,25,3125,penalty_x,expectation,2,3,120,80.60897064208984,226,18.548970776999795,1.96996397999951,0.0001489432209444,2.38725963441766e-08,0.0001602798448482,0.0012248878365462,False,False,0.491040293985757,1.0,5.172968367479429,16.038373727241403,9.086901617950424,9.12536355586224,0.6362404293704699,1.0098269274028082,0.500874515150654,0.0872345408557279,0.2304
19,5,5,25,3125,penalty_x,expectation,3,3,120,74.07959747314453,360,43.886831844000426,1.96996397999951,0.000142533495252,2.982915026095156e-09,2.0927817849553717e-05,0.024918468543687,False,False,0.4913793592973441,1.0,5.172968367479429,16.038373727241403,9.086901617950424,9.243495102641534,0.6253681661766113,1.040009237426894,0.0653994307798553,0.0771886529081772,0.24192
19,5,5,25,3125,penalty_x,cvar,1,3,120,26.208498872846164,227,9.77837538799986,1.96996397999951,0.0011645568296927,4.307516690005287e-07,0.0003698846273686,0.0008504886320483,False,False,0.9586566150892168,1.0,5.172968367479429,16.038373727241403,9.086901617950424,8.699956686947026,0.6753928452104375,0.9011365533745792,1.1558894605270642,0.1357162408774087,0.9008
19,5,5,25,3125,penalty_x,cvar,2,3,120,33.76969867475064,357,29.618473212000023,1.96996397999951,0.0003273377242222,1.2279583927465865e-07,0.000375135006411,0.0064996711110808,False,False,0.9628800503756486,1.0,5.172968367479429,16.038373727241403,9.086901617950424,8.091980672452015,0.7313480529881922,0.7458002265678184,1.1722968950343795,0.1493379870541982,0.92608
19,5,5,25,3125,penalty_x,cvar,3,3,120,33.30807876586914,360,44.2630164950001,1.96996397999951,0.0004765772327912,1.3608676852072676e-07,0.000285550293126,0.0115198932303485,False,False,0.9553567688548956,1.0,5.172968367479429,16.038373727241403,9.086901617950424,7.785377018617302,0.7595663884927435,0.6674637721078919,0.8923446660188495,0.2099331315491868,0.8784
20,5,4,20,1024,xy,expectation,1,3,120,5.989085112889322,175,0.1166346420000081,0.0,0.9999999999999998,0.0007402677188653,0.0007402677188653,0.0044256275192779,False,True,0.9092092128079066,1.0,5.028129107719829,16.072587658858392,7.760512786998182,5.989085112889324,0.9129920221330876,0.3516914598989596,0.7580341441181028,0.1277465637656035,0.595703125
20,5,4,20,1024,xy,expectation,2,3,120,5.442889129149725,360,0.2934437080002681,0.0,0.9999999999999994,0.0025953852159259,0.0025953852159259,0.1204295859248952,False,True,0.9896116134147775,1.0,5.028129107719829,16.072587658858392,7.760512786998182,5.442889129149728,0.9624463236916996,0.1517942097866142,2.6576744611081984,0.6393320096134808,0.998046875
20,5,4,20,1024,xy,expectation,3,3,120,5.360344982586378,360,0.3430210129999977,0.0,1.0000000000000002,0.0087713022875337,0.0087713022875337,0.1102122118028201,False,True,0.9896116134147775,1.0,5.028129107719829,16.072587658858392,7.760512786998182,5.360344982586376,0.969920130232885,0.1215846359301517,8.981813542434576,0.6498034622308473,0.998046875
20,5,4,20,1024,xy,cvar,1,3,120,5.131582460544769,172,0.1216851389999646,0.0,1.000000000000001,0.0146447075064115,0.0146447075064115,0.0155139250842681,False,True,0.998238438099464,1.0,5.028129107719829,16.072587658858392,7.760512786998182,6.3027400891617145,0.884592714478476,0.4664831630741264,14.996180486565384,0.4844147443823037,0.9990234375
20,5,4,20,1024,xy,cvar,2,3,120,5.124199573820371,274,0.2279427720000058,0.0,1.0000000000000016,0.0044418757288051,0.0044418757288051,0.0835481006826309,False,True,0.9896116134147775,1.0,5.028129107719829,16.072587658858392,7.760512786998182,6.503089734573949,0.866452427701667,0.5398072891592116,4.548480746296516,0.4845838858688904,0.998046875
20,5,4,20,1024,xy,cvar,3,3,120,5.068778152620839,360,0.3482559330000185,0.0,1.000000000000001,0.0542839336356336,0.0542839336356336,0.1191884572783534,False,True,0.9896116134147775,1.0,5.028129107719829,16.072587658858392,7.760512786998182,5.667781154582252,0.942083892668828,0.2341003760611541,55.586748042888814,0.6551361033656963,0.998046875
20,5,4,20,1024,penalty_x,expectation,1,3,120,43.43150329589844,116,0.2339892780000809,1.877768835036264,0.0176802637897708,1.5004543456598183e-05,0.0008486606102155,0.0011405888270123,False,False,0.4757027397489335,1.0,5.028129107719829,16.072587658858392,7.760512786998182,7.787933368765984,0.7501186456296086,1.0100354068045978,0.8690284648606871,0.0934705143759882,0.373046875
20,5,4,20,1024,penalty_x,expectation,2,3,120,43.40147399902344,304,1.0012465489999158,1.877768835036264,0.0009684408276857,6.824113825132372e-07,0.000704649538727,0.0030652729314164,False,False,0.3151314594692029,1.0,5.028129107719829,16.072587658858392,7.760512786998182,7.878308887982241,0.7419357619873009,1.0431111127904156,0.7215611276565184,0.0785591477298043,0.0078125
20,5,4,20,1024,penalty_x,expectation,3,3,120,42.848289489746094,360,1.6415247750001072,1.877768835036264,0.0006943250063761,1.3271389889268903e-06,0.0019114088888337,0.0126337061996678,False,False,0.898123684519231,1.0,5.028129107719829,16.072587658858392,7.760512786998182,7.924254893325383,0.7377756662134429,1.0599264691737755,1.957282702165803,0.1500651669383901,0.5126953125
20,5,4,20,1024,penalty_x,cvar,1,3,120,14.070632704571809,225,0.5295326450000175,1.877768835036264,0.0030230469552634,1.355726226393017e-06,0.0004484635027029,0.0017765853123233,False,False,0.3175884693719602,1.0,5.028129107719829,16.072587658858392,7.760512786998182,7.991099920278795,0.731723307318355,1.0843904664741348,0.4592266267678481,0.0780225534236293,0.021484375
20,5,4,20,1024,penalty_x,cvar,2,3,120,16.57571029663086,314,1.1317111779999325,1.877768835036264,0.0013084491783461,8.558454283047467e-07,0.0006540914561057,0.0089230762296045,False,False,0.4649697210255644,1.0,5.028129107719829,16.072587658858392,7.760512786998182,8.229943482714324,0.7100976602728594,1.171802627601744,0.6697896510522652,0.0767149009855753,0.1298828125
20,5,4,20,1024,penalty_x,cvar,3,3,120,16.070411682128906,360,1.728791832999832,1.877768835036264,0.0005916674195542,5.817520332129789e-07,0.0009832416218746,0.0098838357813082,False,False,0.9174903337662084,1.0,5.028129107719829,16.072587658858392,7.760512786998182,8.476735629077089,0.687752323448962,1.262123817936165,1.0068394207996791,0.0755613012182347,0.6689453125
21,4,4,16,256,xy,expectation,1,3,120,8.814425047392861,204,0.1229918900003212,0.0,1.0000000000000004,0.0053736108334756,0.0053736108334756,0.0248864398901106,False,True,0.9402417530932944,1.0,4.6673776216936815,20.281653023278377,12.823547850344804,8.81442504739286,0.7344066683185123,0.5084552319826976,1.3756443733697594,0.3036081358662013,0.890625
21,4,4,16,256,xy,expectation,2,3,120,10.381466850251192,360,0.2587100670002655,0.0,1.0000000000000009,0.0005239229006591,0.0005239229006591,0.0721831663429891,False,True,0.4724074389048653,1.0,4.6673776216936815,20.281653023278377,12.823547850344804,10.381466850251186,0.6340471087132497,0.7005848417048681,0.134124262568742,0.1407614110894156,0.828125
21,4,4,16,256,xy,expectation,3,3,120,5.968362362576457,360,0.2856425609998041,0.0,1.000000000000002,0.3329986413347078,0.3329986413347071,0.3329986413347071,True,True,1.0,1.0,4.6673776216936815,20.281653023278377,12.823547850344804,5.968362362576445,0.9166797877312496,0.1595092677581255,85.24765218168503,0.7838024184308974,1.0
21,4,4,16,256,xy,cvar,1,3,120,4.750080226282991,190,0.1208060599997224,0.0,0.9999999999999988,0.0701933123486449,0.070193312348645,0.0874701188136407,False,True,0.4796632513972211,1.0,4.6673776216936815,20.281653023278377,12.823547850344804,9.99145117781094,0.6590252561078231,0.6527663605419576,17.969487961253137,0.2492769229447543,0.87890625
21,4,4,16,256,xy,cvar,2,3,120,4.827682619832777,329,0.2370939510001335,0.0,0.9999999999999984,0.006195588747077,0.006195588747077,0.0443892945742607,False,True,0.9402417530932944,1.0,4.6673776216936815,20.281653023278377,12.823547850344804,11.08928040286586,0.5887159271879873,0.7873674287244788,1.5860707192517334,0.206989630538288,0.890625
21,4,4,16,256,xy,cvar,3,3,120,4.6673776216936815,352,0.2780530230002114,0.0,1.0000000000000009,0.2506410199436796,0.2506410199436794,0.2506410199436794,True,True,1.0,1.0,4.6673776216936815,20.281653023278377,12.823547850344804,7.3473233699490414,0.8283656667165373,0.3285789375559138,64.16410110558192,0.6212477611993904,1.0
21,4,4,16,256,penalty_x,expectation,1,3,120,52.4737434387207,182,0.3281895459999759,2.0522878766357087,0.0041304620892077,5.415934083430329e-07,0.0001311217477962,0.0425144209145901,False,False,0.3093614781695225,1.0,4.6673776216936815,20.281653023278377,12.823547850344804,12.563503158692368,0.4943008667442033,0.9681168140975104,0.0335671674358376,0.076252265636534,0.2890625
21,4,4,16,256,penalty_x,expectation,2,3,120,41.83115768432617,360,1.0195825949999744,2.0522878766357087,0.0085808045058279,0.0001164456189144,0.0135704780169914,0.2097386411071504,False,False,0.9782394743815228,1.0,4.6673776216936815,20.281653023278377,12.823547850344804,9.078829590750509,0.7174731548151696,0.5408729643184994,3.4740423723498224,0.3752356905253948,0.98046875
21,4,4,16,256,penalty_x,expectation,3,3,120,49.66929626464844,360,1.3644281390002106,2.0522878766357087,0.010037101542963,2.3656903067603707e-05,0.0023569456746394,0.0146248371100347,False,False,0.3125129328815191,1.0,4.6673776216936815,20.281653023278377,12.823547850344804,12.88109196168082,0.4739612227440585,1.0070552857190098,0.603378092707702,0.0948708731037148,0.5234375
21,4,4,16,256,penalty_x,cvar,1,3,120,19.715208053588867,311,0.6552858089999063,2.0522878766357087,0.0011807640285113,1.152671393356286e-05,0.0097620808690247,0.0181278707613534,False,False,0.4643417428913293,1.0,4.6673776216936815,20.281653023278377,12.823547850344804,12.943147532645472,0.4699869383556613,1.0146637059977657,2.4990927024703478,0.0930361362077381,0.61328125
21,4,4,16,256,penalty_x,cvar,2,3,120,14.780025482177734,360,1.1118724590000966,2.0522878766357087,0.0026825423261911,1.913992855406832e-05,0.0071349959205469,0.0234180914123847,False,False,0.4631809773765907,1.0,4.6673776216936815,20.281653023278377,12.823547850344804,12.599506219513438,0.4919950882245407,0.9725310256467736,1.8265589556600204,0.1106813978475708,0.60546875
21,4,4,16,256,penalty_x,cvar,3,3,120,11.690160311441383,360,1.4635037630000625,2.0522878766357087,0.0055461227952093,2.9445183827192523e-05,0.0053091474737318,0.0195346779737665,False,False,0.9782394743815228,1.0,4.6673776216936815,20.281653023278377,12.823547850344804,12.139080307588925,0.5214825860483453,0.916079787011866,1.3591417532753531,0.1370980362532219,0.98046875
22,4,3,12,81,xy,expectation,1,3,120,5.300849280396476,149,0.0874578839998321,0.0,1.0000000000000002,0.0134260404496903,0.0134260404496903,0.0883754551997264,False,True,0.9412013378898436,1.0,4.628273101653221,9.921583472200814,8.054288172426478,5.300849280396475,0.8729384578532325,0.1963144250242462,1.08750927642492,0.1904814424844231,0.691358024691358
22,4,3,12,81,xy,expectation,2,3,120,4.926872245272687,360,0.2518155729999307,0.0,0.9999999999999992,0.0026701273492422,0.0026701273492422,0.1245771618249103,False,True,0.9412013378898436,1.0,4.628273101653221,9.921583472200814,8.054288172426478,4.9268722452726905,0.9435893377269357,0.0871564010814684,0.2162803152886198,0.1014841980027327,0.691358024691358
22,4,3,12,81,xy,expectation,3,3,120,4.9728792646096265,360,0.2757583120001072,0.0,1.0000000000000004,6.383653804855428e-05,6.383653804855425e-05,0.2245875794635334,False,True,0.9412013378898436,1.0,4.628273101653221,9.921583472200814,8.054288172426478,4.972879264609625,0.9348977976289052,0.1005851275717317,0.0051707595819328,0.026168894628859,0.691358024691358
22,4,3,12,81,xy,cvar,1,3,120,4.676282612412054,143,0.0852183759998297,0.0,0.9999999999999996,0.0256400477836315,0.0256400477836315,0.0506313935364885,False,True,0.9412013378898436,1.0,4.628273101653221,9.921583472200814,8.054288172426478,5.685505513697598,0.8002700884635626,0.3085895392181559,2.076843870474156,0.2426852342967675,0.691358024691358
22,4,3,12,81,xy,cvar,2,3,120,4.628273101653221,63,0.0360313370001676,0.0,0.9999999999999998,0.3086709254663176,0.3086709254663176,0.3086709254663176,True,True,1.0,1.0,4.628273101653221,9.921583472200814,8.054288172426478,6.114831812169132,0.719162753276807,0.4339031439754852,25.00234496277173,0.6083262113856118,1.0
22,4,3,12,81,xy,cvar,3,3,120,4.628273101653221,121,0.0772565339998436,0.0,0.9999999999999988,0.2537207941083544,0.2537207941083547,0.2537207941083547,True,True,1.0,1.0,4.628273101653221,9.921583472200814,8.054288172426478,6.588418302168038,0.6296938846773045,0.5721356036161304,20.55138432277673,0.4620915122033109,1.0
22,4,3,12,81,penalty_x,expectation,1,3,120,25.15024185180664,155,0.2417753039999297,2.202554295645349,0.0138729272512136,0.0001919679489219,0.013837595011187,0.0167102879999246,False,False,0.4789995139532666,1.0,4.628273101653221,9.921583472200814,8.054288172426478,7.994991660209714,0.3639672864661049,0.9826922792247436,1.1208451959061547,0.1196393552444399,0.4320987654320987
22,4,3,12,81,penalty_x,expectation,2,3,120,21.67919540405273,329,0.7772218329996576,2.202554295645349,0.0111536041017643,0.0007264620508067,0.0651324938718072,0.0773074126256826,False,False,0.9597689909298373,1.0,4.628273101653221,9.921583472200814,8.054288172426478,7.599475407265874,0.4386873057463882,0.8672472958334209,5.275732003616385,0.2147370153099709,0.8024691358024691
22,4,3,12,81,penalty_x,expectation,3,3,120,14.978549003601074,360,1.1280075800000304,2.202554295645349,0.0170246689594932,0.0003310951578896,0.0194479645200398,0.028277487905184,False,False,0.4827316535126123,1.0,4.628273101653221,9.921583472200814,8.054288172426478,8.032394892706076,0.3569011539558185,0.9936096954426238,1.5752851261232288,0.1231028166202694,0.5802469135802469
22,4,3,12,81,penalty_x,cvar,1,3,120,8.715578079223633,119,0.2138381169997956,2.202554295645349,0.0487832979415543,0.001021479605697,0.0209391256597882,0.0248817396163446,False,False,0.9842204090413867,1.0,4.628273101653221,9.921583472200814,8.054288172426478,7.739194017608398,0.412291987776762,0.908028964172956,1.696069178442848,0.1585219161195847,0.9012345679012346
22,4,3,12,81,penalty_x,cvar,2,3,120,8.009888648986816,358,0.9368546389996482,2.202554295645349,0.0190181762400243,0.0001212354909512,0.0063747169771241,0.0603904792661324,False,False,0.4789995139532666,1.0,4.628273101653221,9.921583472200814,8.054288172426478,8.945917644481222,0.1843205403462217,1.260252641519613,0.5163520751470528,0.0714518757077551,0.4320987654320987
22,4,3,12,81,penalty_x,cvar,3,3,120,7.328070163726807,360,1.211308998000277,2.202554295645349,0.0086171297948567,0.0001673316874075,0.0194184944861156,0.067086517184964,False,False,0.4804785074392325,1.0,4.628273101653221,9.921583472200814,8.054288172426478,7.72455775597931,0.4150570366033951,0.9037568692385386,1.5728980533753645,0.1676046407387461,0.4814814814814814
23,3,3,9,27,xy,expectation,1,3,120,5.952862675747993,146,0.0834064689997831,0.0,1.0,0.2551444015444642,0.2551444015444643,0.441935932442504,False,True,0.9886474658412792,1.0,4.1455825563308375,19.2982536809789,11.884847630024549,5.952862675747995,0.8807286118368035,0.2335208966495056,6.888898841700537,0.7105878255187096,0.9629629629629628
23,3,3,9,27,xy,expectation,2,3,120,4.954872854368852,360,0.241293313999904,0.0,0.9999999999999996,0.6360697098711559,0.6360697098711561,0.6360697098711561,True,True,1.0,1.0,4.1455825563308375,19.2982536809789,11.884847630024549,4.954872854368854,0.9465909151343233,0.104569399074965,17.173882166521214,0.8524712750026657,1.0
23,3,3,9,27,xy,expectation,3,3,120,4.660471356774778,360,0.2643094059999384,0.0,0.9999999999999988,0.7546014934268677,0.7546014934268686,0.7546014934268686,True,True,1.0,1.0,4.1455825563308375,19.2982536809789,11.884847630024549,4.660471356774783,0.9660199316537396,0.0665294179151568,20.37424032252545,0.902777053838057,1.0
23,3,3,9,27,xy,cvar,1,3,120,4.1455825563308375,56,0.0331190329998207,0.0,1.0000000000000004,0.2624967497715099,0.2624967497715098,0.4286521925409049,False,True,0.9886474658412792,1.0,4.1455825563308375,19.2982536809789,11.884847630024549,5.972806046950635,0.8794124497529978,0.2360978042773925,7.087412243830766,0.7069349172625391,0.9629629629629628
23,3,3,9,27,xy,cvar,2,3,120,4.1455825563308375,78,0.0432934639998165,0.0,1.0,0.3120361077824721,0.3120361077824721,0.3309963243625441,False,True,0.4545632065725413,1.0,4.1455825563308375,19.2982536809789,11.884847630024549,8.01567105137071,0.7445936453577084,0.5000589149213363,8.424974910126748,0.331882673358989,0.7407407407407407
23,3,3,9,27,xy,cvar,3,3,120,4.1455825563308375,112,0.0653809320001528,0.0,0.9999999999999988,0.2848397683381171,0.2848397683381174,0.2848397683381174,True,True,1.0,1.0,4.1455825563308375,19.2982536809789,11.884847630024549,8.493758873442475,0.7130422562898044,0.5618332329630866,7.690673745129172,0.3328045227656936,1.0
23,3,3,9,27,penalty_x,expectation,1,3,120,10.540611267089844,326,0.4662886739997702,2.544462489419474,0.0408806051018473,0.0098308408632874,0.2404768921300338,0.2535116384830333,False,False,0.9886474658412792,1.0,4.1455825563308375,19.2982536809789,11.884847630024549,7.459215451791636,0.7813169131566061,0.4281585995450735,6.492876087510913,0.5636129239781233,0.9629629629629628
23,3,3,9,27,penalty_x,expectation,2,3,120,10.547280311584473,360,0.7302133520001917,2.544462489419474,0.0371685337695453,0.0092043047770857,0.2476370156045134,0.2578694897935411,False,False,0.9886474658412792,1.0,4.1455825563308375,19.2982536809789,11.884847630024549,7.164155622323694,0.800789376264974,0.3900335545106463,6.686199421321865,0.5908713871249576,0.9629629629629628
23,3,3,9,27,penalty_x,expectation,3,3,120,11.390170097351074,360,0.932207092000226,2.544462489419474,0.0189885461622907,0.0048366584815084,0.254714523174691,0.2687277830708504,False,False,0.9886474658412792,1.0,4.1455825563308375,19.2982536809789,11.884847630024549,7.644531758575112,0.7690869699829546,0.4521035484541603,6.877292125716659,0.5941546345490479,0.9629629629629628
23,3,3,9,27,penalty_x,cvar,1,3,120,5.044685363769531,360,0.6131088040001487,2.544462489419474,0.0940427681198343,0.0138597032055258,0.1473765977184454,0.1573513888364312,False,False,0.9886474658412792,1.0,4.1455825563308375,19.2982536809789,11.884847630024549,8.872104031264513,0.6880733808545947,0.6107196781512814,3.9791681383980273,0.3781139710011606,0.9629629629629628
23,3,3,9,27,penalty_x,cvar,2,3,120,5.34581184387207,360,0.8240467109999372,2.544462489419474,0.0917870558769209,7.228057074826211e-05,0.000787481089329,0.1394505628180979,False,False,0.2923427797673308,1.0,4.1455825563308375,19.2982536809789,11.884847630024549,13.813399950484358,0.3619727297831083,1.2491906275461595,0.0212619894118837,0.0238081660545201,0.1851851851851851
23,3,3,9,27,penalty_x,cvar,3,3,120,5.042683000244737,360,1.0322652479999306,2.544462489419474,0.0214120654934504,0.0062836557626724,0.2934633169599861,0.2934633169599861,True,False,1.0,1.0,4.1455825563308375,19.2982536809789,11.884847630024549,6.970762036405503,0.8135523791921351,0.3650449303872074,7.923509557919625,0.6392885925387066,1.0
23,5,5,25,3125,xy,expectation,1,3,120,6.201466469331215,202,0.1592765919999692,0.0,1.0000000000000002,0.000414306505966,0.000414306505966,0.002052286697308,False,True,0.9215194554769228,1.0,5.214231476197026,21.281348425395493,9.322388144450192,6.201466469331213,0.9385555606363196,0.2403109406131705,1.2947078311440343,0.1908421243294103,0.71104
23,5,5,25,3125,xy,expectation,2,3,120,5.882909290488824,360,0.3669256900002438,0.0,0.999999999999999,3.1213910863318054e-05,3.121391086331809e-05,0.0072528814033872,False,True,0.90465211718962,1.0,5.214231476197026,21.281348425395493,9.322388144450192,5.882909290488829,0.9583822152781952,0.1627683334131784,0.097543471447869,0.1432232666534373,0.61984
23,5,5,25,3125,xy,expectation,3,3,120,5.808706156257106,360,0.4472487929997442,0.0,1.0,6.294954373419417e-05,6.294954373419418e-05,0.0070244018181507,False,True,0.929595460936992,1.0,5.214231476197026,21.281348425395493,9.322388144450192,5.808706156257108,0.9630005381836884,0.1447059418775426,0.1967173241693568,0.177781412934092,0.76224
23,5,5,25,3125,xy,cvar,1,3,120,5.421656043456769,158,0.1331102399999508,0.0,1.0,0.0006242237737305,0.0006242237737305,0.0045682171911484,False,True,0.9215194554769228,1.0,5.214231476197026,21.281348425395493,9.322388144450192,6.575179851121486,0.915296043513746,0.3312795700907751,1.950699292908069,0.2124389593602797,0.71104
23,5,5,25,3125,xy,cvar,2,3,120,5.4029574241427465,315,0.3427317020000373,0.0,1.000000000000001,0.0006722202815472,0.0006722202815472,0.0068272628004618,False,True,0.9594258510256716,1.0,5.214231476197026,21.281348425395493,9.322388144450192,7.157685709610251,0.8790415082209145,0.4730720832610319,2.1006883798350438,0.2793711440764781,0.94432
23,5,5,25,3125,xy,cvar,3,3,120,5.271517826596448,360,0.4745482549997177,0.0,1.000000000000001,0.0423606793015384,0.0423606793015383,0.0423606793015383,True,True,1.0,1.0,5.214231476197026,21.281348425395493,9.322388144450192,6.262122036938269,0.9347804236407504,0.2550756082013829,132.37712281730742,0.6416890243682787,1.0
23,5,5,25,3125,penalty_x,expectation,1,3,120,73.832275390625,142,5.993359454999791,1.8058381157212355,4.906976658152116e-05,7.0533978657749685e-09,0.000143742233908,0.0072440505199363,False,False,0.494409202160647,1.0,5.214231476197026,21.281348425395493,9.322388144450192,9.28711150357748,0.7465083474366796,0.9914130244483318,0.4491944809626905,0.0648541282692507,0.52864
23,5,5,25,3125,penalty_x,expectation,2,3,120,11.896588325500488,360,29.46919731399976,1.8058381157212355,0.0144834615129063,2.2151529265102e-05,0.0015294361258434,0.0015424105338014,False,False,0.9903545236541468,1.0,5.214231476197026,21.281348425395493,9.322388144450192,8.472178790543904,0.7972288790423345,0.7930435904559096,4.779487893260734,0.1709583625432535,0.99776
23,5,5,25,3125,penalty_x,expectation,3,3,120,74.34394073486328,355,43.24104830399983,1.8058381157212355,0.0001945510823363,7.286999004207928e-09,3.745545343000994e-05,0.0095067653844878,False,False,0.3257438767689205,1.0,5.214231476197026,21.281348425395493,9.322388144450192,10.45894081883041,0.6735749569000912,1.2766575781209173,0.117048291968781,0.0727920488758028,0.056
23,5,5,25,3125,penalty_x,cvar,1,3,120,34.80300521850586,160,6.914371564999783,1.8058381157212355,0.0001910026711592,4.281747845169548e-09,2.2417214477595497e-05,0.0186585895126641,False,False,0.4755942831407973,1.0,5.214231476197026,21.281348425395493,9.322388144450192,10.607049787208098,0.6643568147252391,1.3127099929478,0.0700537952424859,0.0680933192020808,0.184
23,5,5,25,3125,penalty_x,cvar,2,3,120,29.639101872765348,360,29.85405033699999,1.8058381157212355,0.0002051506781018,4.2135134492582444e-08,0.0002053862794042,0.0013741563615492,False,False,0.9433395097074404,1.0,5.214231476197026,21.281348425395493,9.322388144450192,9.10391686979677,0.7579101835196521,0.9468201209701383,0.6418321231381827,0.1082469154137821,0.85824
23,5,5,25,3125,penalty_x,cvar,3,3,120,33.39677644910391,360,44.24657307300004,1.8058381157212355,0.0002226886425837,2.731105439579551e-07,0.0012264233181771,0.0092055380415872,False,False,0.9155131330032256,1.0,5.214231476197026,21.281348425395493,9.322388144450192,8.717488513170542,0.7819610669387527,0.8527564355190815,3.83257286930371,0.1727603331342252,0.67328
24,5,4,20,1024,xy,expectation,1,3,120,5.698771631164762,225,0.1516222750001361,0.0,1.0000000000000002,0.0003895316557982,0.0003895316557982,0.0146934151086602,False,True,0.949579020739324,1.0,5.256492247043841,10.858899815427533,5.928959040967495,5.698771631164761,0.9210554786094368,0.657696986850971,0.3988804155373955,0.0806539905808548,0.7255859375
24,5,4,20,1024,xy,expectation,2,3,120,5.421960494190312,360,0.2937164090003534,0.0,1.0,0.0022675793970805,0.0022675793970805,0.0752423882461989,False,True,0.9992545547117452,1.0,5.256492247043841,10.858899815427533,5.928959040967495,5.421960494190312,0.9704647965849066,0.2460615879350867,2.3220013026104405,0.6084181708499338,0.9970703125
24,5,4,20,1024,xy,expectation,3,3,120,5.503632719208767,360,0.3371436029997312,0.0,1.0000000000000016,0.0081167149480215,0.0081167149480215,0.0179251944008644,False,True,0.9995011725964856,1.0,5.256492247043841,10.858899815427533,5.928959040967495,5.503632719208758,0.9558867381302968,0.3675132726226108,8.311516106774079,0.349006303181822,0.998046875
24,5,4,20,1024,xy,cvar,1,3,120,5.35219121467885,155,0.1033441550002862,0.0,1.0000000000000009,0.0025697321828585,0.0025697321828585,0.0382355432763123,False,True,0.9752338890970114,1.0,5.256492247043841,10.858899815427533,5.928959040967495,5.690358886674167,0.9225571088260726,0.6451867118952243,2.6314057552472008,0.3107242967155572,0.9501953125
24,5,4,20,1024,xy,cvar,2,3,120,5.274591248860073,332,0.2756068040002901,0.0,1.0000000000000009,0.0215415522112829,0.0215415522112829,0.0701832929899401,False,True,0.9992545547117452,1.0,5.256492247043841,10.858899815427533,5.928959040967495,5.457351186663615,0.9641477459167216,0.2986897515754182,22.05854946435372,0.6487860074406376,0.9970703125
24,5,4,20,1024,xy,cvar,3,3,120,5.264888636740524,360,0.3475465960000292,0.0,1.0000000000000018,0.0014502407050207,0.0014502407050207,0.168861909827296,False,True,0.9995011725964856,1.0,5.256492247043841,10.858899815427533,5.928959040967495,5.983179967405233,0.8702901009090556,1.0806298941861117,1.4850464819412088,0.5129923302250694,0.998046875
24,5,4,20,1024,penalty_x,expectation,1,3,120,8.881306648254395,189,0.3919678329998532,1.9557400120655468,0.0539148379366452,6.475226837210357e-05,0.0012010101643668,0.0012240495739866,False,False,0.9558890162145626,1.0,5.256492247043841,10.858899815427533,5.928959040967495,5.844258854285398,0.8950867818759697,0.8740455477542683,1.229834408311678,0.1066132788791831,0.79296875
24,5,4,20,1024,penalty_x,expectation,2,3,120,33.56609344482422,220,0.7201018529999601,1.9557400120655468,0.0070544958277878,6.485753146989737e-06,0.0009193786920168,0.0039196760461963,False,False,0.9623642884518352,1.0,5.256492247043841,10.858899815427533,5.928959040967495,6.18330260949462,0.8345692720249258,1.3782247254813913,0.9414437806252304,0.0601532437505019,0.869140625
24,5,4,20,1024,penalty_x,expectation,3,3,120,34.159542083740234,360,1.6439703920000284,1.9557400120655468,0.0074831063275269,7.695854947087355e-06,0.0010284305220651,0.0046520123030791,False,False,0.9257678189501104,1.0,5.256492247043841,10.858899815427533,5.928959040967495,6.034243647115067,0.861175505248789,1.1565647658723286,1.0531128545946895,0.0925332889707495,0.359375
24,5,4,20,1024,penalty_x,cvar,1,3,120,11.964759354024013,180,0.4222818309999638,1.9557400120655468,0.006689314553455,3.4350216537859524e-06,0.0005135087648123,0.0082416097858029,False,False,0.9491643354627384,1.0,5.256492247043841,10.858899815427533,5.928959040967495,6.251634549458623,0.822372383610448,1.479838575535317,0.5258329751678458,0.0538059278039589,0.724609375
24,5,4,20,1024,penalty_x,cvar,2,3,120,16.11064910888672,343,1.2416532570000527,1.9557400120655468,0.0011300770587844,6.746041094629618e-07,0.000596954078679,0.0064892335791929,False,False,0.913964130147562,1.0,5.256492247043841,10.858899815427533,5.928959040967495,5.817948674608301,0.8997830092310757,0.8349206721249688,0.6112809765673222,0.1625873251834182,0.1953125
24,5,4,20,1024,penalty_x,cvar,3,3,120,9.998706817626951,360,1.7435333349999382,1.9557400120655468,0.0027249238264349,2.5821864255703986e-06,0.0009476178381649,0.0033681055594492,False,False,0.93372803490059,1.0,5.256492247043841,10.858899815427533,5.928959040967495,5.664539494771512,0.927165733169714,0.6067916682500121,0.9703606662809032,0.0972594466985845,0.4921875
25,4,4,16,256,xy,expectation,1,3,120,5.06151490328718,150,0.0905106300001534,0.0,0.9999999999999996,0.0021645950674541,0.0021645950674541,0.0135427167313774,False,True,0.8998906321449851,1.0,4.678302689822611,15.169050966334432,6.500390536099992,5.061514903287182,0.9634714127759064,0.2103148946673965,0.5541363372682534,0.0773093107578033,0.29296875
25,4,4,16,256,xy,expectation,2,3,120,4.93362800572192,353,0.2540111670000442,0.0,1.0000000000000009,0.045171295301243,0.045171295301243,0.045171295301243,True,True,1.0,1.0,4.678302689822611,15.169050966334432,6.500390536099992,4.933628005721916,0.9756618585090864,0.1401278848442722,11.563851597118218,0.318065261523554,1.0
25,4,4,16,256,xy,expectation,3,3,120,4.8734045947419045,360,0.290643044999797,0.0,1.0000000000000009,0.0753384345341718,0.0753384345341718,0.0753384345341718,True,True,1.0,1.0,4.678302689822611,15.169050966334432,6.500390536099992,4.8734045947419,0.9814024796156716,0.1070760146487405,19.286639240747984,0.3798646570161967,1.0
25,4,4,16,256,xy,cvar,1,3,120,4.709487575895758,185,0.1154919420000624,0.0,0.9999999999999998,0.0716527793978134,0.0716527793978134,0.074749449324518,False,True,0.986821667501428,1.0,4.678302689822611,15.169050966334432,6.500390536099992,5.33318091675535,0.9375756419207034,0.3594108968295294,18.34311152584024,0.3322020230289715,0.953125
25,4,4,16,256,xy,cvar,2,3,120,4.686712577119308,350,0.2584102759997222,0.0,1.0,0.1256391727817423,0.1256391727817423,0.1256391727817423,True,True,1.0,1.0,4.678302689822611,15.169050966334432,6.500390536099992,5.472205467479644,0.9243235318652594,0.4357104841454363,32.16362823212603,0.4320455995387364,1.0
25,4,4,16,256,xy,cvar,3,3,120,4.67983592132344,360,0.2934678950000489,0.0,1.0,0.2142193367259764,0.2142193367259764,0.2142193367259764,True,True,1.0,1.0,4.678302689822611,15.169050966334432,6.500390536099992,5.282349345509749,0.942421013280858,0.3315134651280595,54.84015020184996,0.6389996015637153,1.0
25,4,4,16,256,penalty_x,expectation,1,3,120,36.5327262878418,111,0.195609332999993,1.9380285047584929,0.0035208157969464,1.3358496289583854e-05,0.0037941480213675,0.0041368579229864,False,False,0.4652423631917269,1.0,4.678302689822611,15.169050966334432,6.500390536099992,6.506502909821057,0.8257321430453459,1.003354598810125,0.9713018934700948,0.1006120411555107,0.08984375
25,4,4,16,256,penalty_x,expectation,2,3,120,28.288352966308597,340,0.957780877999994,1.9380285047584929,0.0031378206280123,6.508319074782776e-06,0.0020741526831332,0.013221186955107,False,False,0.9185765575254016,1.0,4.678302689822611,15.169050966334432,6.500390536099992,6.224000167762347,0.8526608934654868,0.8483111728656088,0.5309830868821155,0.1083106209870403,0.3515625
25,4,4,16,256,penalty_x,expectation,3,3,120,8.057273864746094,360,1.3639168330000755,1.9380285047584929,0.0646881159809709,0.0007875402807258,0.0121744198108579,0.012595974685853,False,False,0.9773407943714146,1.0,4.678302689822611,15.169050966334432,6.500390536099992,5.750360815918459,0.8978091840697271,0.5883679693523653,3.1166514715796274,0.1668141775252106,0.890625
25,4,4,16,256,penalty_x,cvar,1,3,120,13.4258018908973,189,0.3919537339997987,1.9380285047584929,0.0040606610080948,3.933819243684411e-05,0.0096876327175363,0.0417875838379347,False,False,0.9183186901046512,1.0,4.678302689822611,15.169050966334432,6.500390536099992,6.6186548148996,0.815041589605069,1.0649059149597135,2.480033975689307,0.0955049001949917,0.34765625
25,4,4,16,256,penalty_x,cvar,2,3,120,11.531529426574709,360,1.1159726589999082,1.9380285047584929,0.0040843434255961,1.9119916032650508e-05,0.0046812704124799,0.0273253883761237,False,False,0.4701487149331866,1.0,4.678302689822611,15.169050966334432,6.500390536099992,7.272832393001947,0.7526840188332097,1.423932281025908,1.1984052255948798,0.1008407839676148,0.15625
25,4,4,16,256,penalty_x,cvar,3,3,120,8.913265228271484,360,1.470006954999917,1.9380285047584929,0.0128966619339223,0.000115181574074,0.0089311152501502,0.0180449212311807,False,False,0.4627631715636341,1.0,4.678302689822611,15.169050966334432,6.500390536099992,6.163528912425337,0.8584251396129614,0.8151232804922768,2.286365504038456,0.1335886188263703,0.0703125
26,4,3,12,81,xy,expectation,1,3,120,5.219530126550527,129,0.0753746169998521,0.0,0.999999999999999,0.469741588115842,0.4697415881158425,0.4697415881158425,True,True,1.0,1.0,4.669262532492827,15.007661747324557,9.280204029932834,5.219530126550533,0.9467743910229084,0.1193395306280104,38.04906863738324,0.8093463566108607,1.0
26,4,3,12,81,xy,expectation,2,3,120,5.044640468386588,360,0.2515825300001779,0.0,1.000000000000001,0.4436712980339692,0.4436712980339686,0.4436712980339686,True,True,1.0,1.0,4.669262532492827,15.007661747324557,9.280204029932834,5.044640468386581,0.9636909033890638,0.0814102577753726,35.937375140751456,0.7832764547481881,1.0
26,4,3,12,81,xy,expectation,3,3,120,4.778363658978357,360,0.2781152769998698,0.0,1.0,0.8808922851019567,0.8808922851019567,0.8808922851019567,True,True,1.0,1.0,4.669262532492827,15.007661747324557,9.280204029932834,4.778363658978357,0.989447000041456,0.0236613556138377,71.3522750932585,0.9584166740798792,1.0
26,4,3,12,81,xy,cvar,1,3,120,4.669262532492827,63,0.0381033460002981,0.0,1.0000000000000009,0.5421542609656745,0.5421542609656741,0.5421542609656741,True,True,1.0,1.0,4.669262532492827,15.007661747324557,9.280204029932834,5.273918043450301,0.9415136232996284,0.1311349344365306,43.91449513821961,0.8312133637228949,1.0
26,4,3,12,81,xy,cvar,2,3,120,4.669262532492827,92,0.0576036049997128,0.0,0.9999999999999992,0.3004300517676594,0.3004300517676596,0.3004300517676596,True,True,1.0,1.0,4.669262532492827,15.007661747324557,9.280204029932834,6.4693885796695065,0.8258796154249709,0.3904031417826725,24.33483419318043,0.5621904231731562,1.0
26,4,3,12,81,xy,cvar,3,3,120,4.669262532492827,110,0.0680300570002145,0.0,0.9999999999999994,0.2588619185529633,0.2588619185529635,0.2588619185529635,True,True,1.0,1.0,4.669262532492827,15.007661747324557,9.280204029932834,7.562576842458487,0.7201390418533232,0.6274888353218159,20.96781540279005,0.3762796115573726,1.0
26,4,3,12,81,penalty_x,expectation,1,3,120,21.378646850585938,208,0.3277979210001831,2.100581880396368,0.0012183420958535,1.5078700016601942e-05,0.0123764089477985,0.0183516789773404,False,False,0.9799145198550148,1.0,4.669262532492827,15.007661747324557,9.280204029932834,9.340218181944914,0.5481935305079905,1.0130155960654457,1.0024891247716812,0.1041976682533582,0.925925925925926
26,4,3,12,81,penalty_x,expectation,2,3,120,8.022381782531738,360,0.8553805139999895,2.100581880396368,0.0436422014863637,0.0012614771258085,0.0289049837736245,0.0301943544676564,False,False,0.9597958375604796,1.0,4.669262532492827,15.007661747324557,9.280204029932834,7.600236604550795,0.7164963345724629,0.6356563130729903,2.341303685663586,0.2050077743457414,0.7901234567901234
26,4,3,12,81,penalty_x,expectation,3,3,120,19.04998207092285,360,1.128124200000002,2.100581880396368,0.0152861416594127,4.547369826468639e-05,0.0029748316663469,0.0744684152464947,False,False,0.476287754493732,1.0,4.669262532492827,15.007661747324557,9.280204029932834,6.88824384335626,0.7853650971728753,0.4812425644730929,0.2409613649741027,0.1535036943790816,0.5308641975308642
26,4,3,12,81,penalty_x,cvar,1,3,120,7.591010619281456,211,0.3886663299999782,2.100581880396368,0.0139529386178764,0.0001567681028973,0.0112354900419672,0.0289549052573473,False,False,0.4726459376595788,1.0,4.669262532492827,15.007661747324557,9.280204029932834,9.219926974992864,0.5598289108461263,0.986927386744456,0.910074693399344,0.1058825726094935,0.345679012345679
26,4,3,12,81,penalty_x,cvar,2,3,120,4.990491508304061,360,0.9478770079999776,2.100581880396368,0.0793929404753726,0.0022333287633955,0.0281300673589274,0.028279652354391,False,False,0.9733466850140908,1.0,4.669262532492827,15.007661747324557,9.280204029932834,7.517561361175875,0.7244932441187989,0.6177260826806026,2.2785354560731226,0.2112736502263885,0.8518518518518519
26,4,3,12,81,penalty_x,cvar,3,3,120,7.468042787080143,360,1.206854795000254,2.100581880396368,0.0116882315251132,0.0001929064455907,0.0165043313161877,0.0318584466581578,False,False,0.9799145198550148,1.0,4.669262532492827,15.007661747324557,9.280204029932834,9.542246159659152,0.5286520160514387,1.0568305041111026,1.3368508366112084,0.1212730513209796,0.925925925925926
27,3,3,9,27,xy,expectation,1,3,120,5.04035946576011,137,0.075428071999795,0.0,0.9999999999999998,0.1466944857286483,0.1466944857286483,0.2184788017237717,False,True,0.948951608334368,1.0,4.065498816697674,14.411646281086036,9.115701668510232,5.040359465760112,0.9057754925282164,0.193033958767132,3.9607511146735055,0.3335988338840155,0.8148148148148148
27,3,3,9,27,xy,expectation,2,3,120,4.93803074426367,360,0.2394477390002976,0.0,1.0000000000000002,0.2602658316819701,0.2602658316819701,0.2602658316819701,True,True,1.0,1.0,4.065498816697674,14.411646281086036,9.115701668510232,4.93803074426367,0.9156660070263578,0.1727716595092487,7.027177455413193,0.4821993985214851,1.0
27,3,3,9,27,xy,expectation,3,3,120,4.291718305681801,360,0.2674322999996548,0.0,0.9999999999999998,0.1438127320631164,0.1438127320631164,0.2416031647321309,False,True,0.9975763227532908,1.0,4.065498816697674,14.411646281086036,9.115701668510232,4.291718305681802,0.9781349057934096,0.0447941390914498,3.882943765704144,0.4604352380470559,0.9629629629629628
27,3,3,9,27,xy,cvar,1,3,120,4.0656679637472735,194,0.1178110939999896,0.0,1.0000000000000004,0.2457188352242586,0.2457188352242585,0.2457188352242585,True,True,1.0,1.0,4.065498816697674,14.411646281086036,9.115701668510232,5.936294672193984,0.819179471205526,0.3704397447767601,6.634408551054982,0.4068339130527925,1.0
27,3,3,9,27,xy,cvar,2,3,120,4.065498816697674,173,0.1062774199999694,0.0,1.0000000000000009,0.2524460685939856,0.2524460685939854,0.2524460685939854,True,True,1.0,1.0,4.065498816697674,14.411646281086036,9.115701668510232,6.393826917230056,0.7749569964523962,0.4610365501846578,6.816043852037607,0.4050960763523705,1.0
27,3,3,9,27,xy,cvar,3,3,120,4.065498816697674,137,0.0851001430000906,0.0,1.0000000000000009,0.2588843512293828,0.2588843512293827,0.2588843512293827,True,True,1.0,1.0,4.065498816697674,14.411646281086036,9.115701668510232,6.452963787659925,0.769241161584063,0.4727463511897094,6.989877483193333,0.3752498500039682,1.0
27,3,3,9,27,penalty_x,expectation,1,3,120,23.42462539672852,220,0.3106289339998511,2.468556314657467,0.0809675284763216,0.0043572676368057,0.0538150011344365,0.1758739217238484,False,False,0.4532549932075873,1.0,4.065498816697674,14.411646281086036,9.115701668510232,7.986233885763376,0.6210439603184715,0.7763519969615714,1.4530050306297877,0.21803139094879,0.6296296296296297
27,3,3,9,27,penalty_x,expectation,2,3,120,18.794586181640625,358,0.7206369620002988,2.468556314657467,0.0380116778983392,0.0009359006653539,0.0246213983991186,0.2132191331342515,False,False,0.2820981543262873,1.0,4.065498816697674,14.411646281086036,9.115701668510232,9.172346706962154,0.5064010146924401,1.0112163887499277,0.6647777567762033,0.1739106928488149,0.037037037037037
27,3,3,9,27,penalty_x,expectation,3,3,120,14.610374450683594,360,0.941538176999984,2.468556314657467,0.1785589913168337,0.0153969917446374,0.0862291595124279,0.4059422282915476,False,True,0.4614171110592351,1.0,4.065498816697674,14.411646281086036,9.115701668510232,8.50696234242266,0.5707132977745979,0.8794624010263093,2.3281873068355545,0.1087056640900851,0.7777777777777778
27,3,3,9,27,penalty_x,cvar,1,3,120,4.758188531290801,225,0.3788364260003618,2.468556314657467,0.1590610984712839,0.0039181127212941,0.0246327528160603,0.0832549322370603,False,False,0.4415170608851271,1.0,4.065498816697674,14.411646281086036,9.115701668510232,8.990066666064275,0.5240191707766532,0.9751227809788144,0.6650843260336283,0.0769594684375811,0.3703703703703703
27,3,3,9,27,penalty_x,cvar,2,3,120,6.054138415558527,360,0.8258115839998936,2.468556314657467,0.0242501804768835,0.0016726292669773,0.0689738894344206,0.0976585072643713,False,False,0.9681388769395178,1.0,4.065498816697674,14.411646281086036,9.115701668510232,8.053268204015666,0.6145648028849415,0.789625586205265,1.862295014729356,0.2451070450626379,0.925925925925926
27,3,3,9,27,penalty_x,cvar,3,3,120,4.42462868396894,360,1.0418020869997235,2.468556314657467,0.1217700569823136,0.0279610622674226,0.2296218213274207,0.2296218213274207,True,False,1.0,1.0,4.065498816697674,14.411646281086036,9.115701668510232,6.508622772183705,0.763861479464186,0.4837674895789928,6.19978917584036,0.3888489662482963,1.0
27,5,5,25,3125,xy,expectation,1,3,120,6.961009006872034,150,0.1163796380001258,0.0,1.0000000000000009,0.0012664583767618,0.0012664583767618,0.0032105844489832,False,True,0.8728708397728409,1.0,5.240802222460056,26.55962196066201,11.173285778554224,6.961009006872029,0.9193104118550488,0.2899640206579052,3.957682427380674,0.2458437929189419,0.72544
27,5,5,25,3125,xy,expectation,2,3,120,6.065266126414092,360,0.3657746029998634,0.0,1.000000000000001,0.0007722379546532,0.0007722379546532,0.0051064359551792,False,True,0.8728708397728409,1.0,5.240802222460056,26.55962196066201,11.173285778554224,6.065266126414086,0.9613269442643372,0.1389744946038822,2.413243608291401,0.2142379887708246,0.72544
27,5,5,25,3125,xy,expectation,3,3,120,6.193777144121298,360,0.4485528590003014,0.0,0.9999999999999996,8.143969750820751e-05,8.143969750820755e-05,0.0107627243781261,False,True,0.8855969905390221,1.0,5.240802222460056,26.55962196066201,11.173285778554224,6.1937771441213005,0.9552988892741762,0.1606367573800178,0.2544990547131486,0.1034622661491655,0.72992
27,5,5,25,3125,xy,cvar,1,3,120,5.453960722893389,151,0.1277942400001848,0.0,1.0000000000000004,0.0015504612710542,0.0015504612710542,0.0037741056578956,False,True,0.9047861968652746,1.0,5.240802222460056,26.55962196066201,11.173285778554224,7.208359484283177,0.9077079647942524,0.3316582748555517,4.845191472044529,0.2524822749221672,0.74976
27,5,5,25,3125,xy,cvar,2,3,120,5.458317708504884,297,0.3246864249999817,0.0,1.0,0.0031278548177576,0.0031278548177576,0.0073728412940157,False,True,0.915472486618681,1.0,5.240802222460056,26.55962196066201,11.173285778554224,8.652970152441414,0.8399457394038108,0.5751668584864754,9.774546305492557,0.2271822893523918,0.7808
27,5,5,25,3125,xy,cvar,3,3,120,5.426873681501062,360,0.4831007979996684,0.0,1.0000000000000022,0.0047266416998353,0.0047266416998353,0.0129783918516567,False,True,0.9824309879532658,1.0,5.240802222460056,26.55962196066201,11.173285778554224,9.314671056822382,0.8089073933552607,0.6867054574769831,14.770755311985466,0.2673975002419317,0.99232
27,5,5,25,3125,penalty_x,expectation,1,3,120,90.27503967285156,118,4.989459293999971,1.9213079556414236,0.000120366715766,3.8329336149445226e-08,0.0003184379992881,0.0004136639789665,False,False,0.4903220933353857,1.0,5.240802222460056,26.55962196066201,11.173285778554224,11.177415243276696,0.7215318158453861,1.0006960768931636,0.9951187477755782,0.0963302324441144,0.54144
27,5,5,25,3125,penalty_x,expectation,2,3,120,82.33448028564453,352,28.815473974999804,1.9213079556414236,0.0004753311738154,2.9766539455522437e-08,6.262273777792763e-05,0.0254236443979031,False,False,0.928088207735328,1.0,5.240802222460056,26.55962196066201,11.173285778554224,11.5549240882792,0.7038240416984884,1.0643302768758514,0.1956960555560238,0.0428984659976509,0.83456
27,5,5,25,3125,penalty_x,expectation,3,3,120,82.69963073730469,360,43.87247207700011,1.9213079556414236,0.0002655038697945,1.1014667222752905e-07,0.0004148590086945,0.0089744417608844,False,False,0.4917279232392794,1.0,5.240802222460056,26.55962196066201,11.173285778554224,11.528038313321032,0.7050851703767328,1.0597983174184082,1.296434402170492,0.05882964643181,0.57632
27,5,5,25,3125,penalty_x,cvar,1,3,120,35.89564514160156,332,14.277370937999876,1.9213079556414236,0.000412338733799,4.007279841289346e-08,9.718417196388567e-05,0.0090710657318945,False,False,0.9262835814212448,1.0,5.240802222460056,26.55962196066201,11.173285778554224,10.432079875443648,0.7564931963057431,0.8750597627280112,0.3037005373871427,0.1030526607347244,0.82816
27,5,5,25,3125,penalty_x,cvar,2,3,120,30.89184202053046,350,29.040931081000053,1.9213079556414236,0.0005797490003767,2.7092827981078926e-09,4.673199602495382e-06,0.0216958668376238,False,False,0.3300138562078603,1.0,5.240802222460056,26.55962196066201,11.173285778554224,10.583529695077942,0.7493891529537133,0.9005886695007433,0.014603748757798,0.04851697100801,0.19872
27,5,5,25,3125,penalty_x,cvar,3,3,120,38.50461804756688,360,44.26255385200011,1.9213079556414236,0.0004329615719969,1.0114162307672815e-07,0.0002336041570854,0.0060559699848905,False,False,0.4879762618169119,1.0,5.240802222460056,26.55962196066201,11.173285778554224,11.481301081234855,0.7072774696062453,1.0519201275095351,0.730012990891938,0.067942680015843,0.49216
28,5,4,20,1024,xy,expectation,1,3,120,6.279653613332036,189,0.1261207969996576,0.0,1.0000000000000004,0.0006639873824746,0.0006639873824746,0.008278976548191,False,True,0.9052849547305916,1.0,5.1980328257396975,21.21140508661413,9.35965536104768,6.279653613332032,0.9324551524830866,0.2599036261495754,0.6799230796540384,0.1145898319603698,0.6083984375
28,5,4,20,1024,xy,expectation,2,3,120,5.810556956179697,360,0.2975773250000202,0.0,1.0000000000000004,8.837679703551195e-05,8.837679703551191e-05,0.0172050784165643,False,True,0.9137938595629476,1.0,5.1980328257396975,21.21140508661413,9.35965536104768,5.810556956179695,0.9617492105684334,0.1471839709736354,0.0904978401643642,0.0875155314346555,0.6376953125
28,5,4,20,1024,xy,expectation,3,3,120,6.840388871702179,360,0.3410050380002758,0.0,1.000000000000003,0.0028588653365323,0.0028588653365323,0.0216695302526203,False,True,0.9810601697347976,1.0,5.1980328257396975,21.21140508661413,9.35965536104768,6.840388871702156,0.8974384646027848,0.3946432027480634,2.9274781046090848,0.2729480108101392,0.994140625
28,5,4,20,1024,xy,cvar,1,3,120,5.334667446703636,167,0.1156284150001738,0.0,0.9999999999999988,0.0288858994869925,0.0288858994869926,0.0288858994869926,True,True,1.0,1.0,5.1980328257396975,21.21140508661413,9.35965536104768,9.4839816493366,0.732351889797205,1.029874474975592,29.579161074680428,0.258631062459817,1.0
28,5,4,20,1024,xy,cvar,2,3,120,5.288095920886679,356,0.3024510259997441,0.0,0.999999999999998,0.0597399123612808,0.0597399123612809,0.0597399123612809,True,True,1.0,1.0,5.1980328257396975,21.21140508661413,9.35965536104768,7.111030618245904,0.8805374807166481,0.4596759500113178,61.17367025795167,0.4169536119807656,1.0
28,5,4,20,1024,xy,cvar,3,3,120,5.226543597424387,360,0.344024322000223,0.0,1.000000000000001,0.1655174468038125,0.1655174468038123,0.1655174468038123,True,True,1.0,1.0,5.1980328257396975,21.21140508661413,9.35965536104768,6.106095589935938,0.9432934706442244,0.2181992135259905,169.48986552710386,0.6920740691655745,1.0
28,5,4,20,1024,penalty_x,expectation,1,3,120,48.55764389038086,176,0.3649164839998775,2.01954823509894,0.0144079877845797,1.2463068742363248e-05,0.0008650110569709,0.0019128570899609,False,False,0.9312062147660404,1.0,5.1980328257396975,21.21140508661413,9.35965536104768,8.986842771235068,0.7633971231186206,0.9104165294546536,0.8857713223382092,0.1057028073425166,0.7451171875
28,5,4,20,1024,penalty_x,expectation,2,3,120,11.002013206481934,249,0.8201853790001223,2.01954823509894,0.018016853219791,3.274254049756564e-05,0.0018173284811799,0.0038418851279286,False,False,0.9807413801260352,1.0,5.1980328257396975,21.21140508661413,9.35965536104768,7.875731500999672,0.8327835866401226,0.6434266088627401,1.860944364728305,0.1965880766584685,0.9931640625
28,5,4,20,1024,penalty_x,expectation,3,3,120,45.74972534179688,360,1.6409256359997926,2.01954823509894,0.0008923782054534,3.756519390663016e-06,0.0042095597670433,0.0159237781079286,False,False,0.9364724948496252,1.0,5.1980328257396975,21.21140508661413,9.35965536104768,8.351712889898355,0.803059592146992,0.7578006023857874,4.310589201452418,0.1381500509009588,0.7841796875
28,5,4,20,1024,penalty_x,cvar,1,3,120,20.0402517222758,199,0.4684813819999363,2.01954823509894,0.0012456420885573,1.5722862372058444e-06,0.0012622295374001,0.0144667884829371,False,False,0.9442735851890304,1.0,5.1980328257396975,21.21140508661413,9.35965536104768,8.5256037312042,0.7922004902368519,0.7995849881224856,1.292523046297721,0.1593447833637021,0.8486328125
28,5,4,20,1024,penalty_x,cvar,2,3,120,5.624754905700684,360,1.3010712300001614,2.01954823509894,0.1443466763402057,0.000318740698276,0.0022081609799234,0.003760652302657,False,False,0.9447868634988612,1.0,5.1980328257396975,21.21140508661413,9.35965536104768,8.44017412953135,0.7975353816189489,0.7790570327521825,2.261156843441655,0.1644986269936666,0.8515625
28,5,4,20,1024,penalty_x,cvar,3,3,120,12.71240234375,360,1.7362322889998725,2.01954823509894,0.0007961235687796,5.0590358569024836e-08,6.354586216630901e-05,0.005967333272216,False,False,0.9358826883950844,1.0,5.1980328257396975,21.21140508661413,9.35965536104768,9.724669925752668,0.7173214344693073,1.0877096761198632,0.0650709628583004,0.0967859180917086,0.779296875
29,4,4,16,256,xy,expectation,1,3,120,5.63770384403929,165,0.100300356000389,0.0,0.9999999999999998,0.0065622665122308,0.0065622665122308,0.0211933849028536,False,True,0.9564351045219952,1.0,4.674961992862388,20.24002563274968,9.59889517873976,5.637703844039292,0.9381472589222336,0.1955229315333119,1.6799402271311048,0.2305518621877678,0.77734375
29,4,4,16,256,xy,expectation,2,3,120,5.042804176031352,360,0.258648772000015,0.0,1.0000000000000004,0.001924228042512,0.001924228042512,0.0522396669138394,False,True,0.9490194591635902,1.0,4.674961992862388,20.24002563274968,9.59889517873976,5.04280417603135,0.976367447529972,0.0747049501451385,0.4926023788830939,0.1656993210936702,0.734375
29,4,4,16,256,xy,expectation,3,3,120,5.833715258189471,360,0.2828534089999266,0.0,0.9999999999999988,0.0707910954824192,0.0707910954824193,0.1010729249262035,False,True,0.9903667401524932,1.0,4.674961992862388,20.24002563274968,9.59889517873976,5.833715258189478,0.9255542224474014,0.2353308263098653,18.12252044349934,0.5092073407155832,0.98828125
29,4,4,16,256,xy,cvar,1,3,120,4.716359093389744,156,0.0966216140000142,0.0,0.9999999999999996,0.0831604363346996,0.0831604363346996,0.0966350992788107,False,True,0.9845412994629312,1.0,4.674961992862388,20.24002563274968,9.59889517873976,7.7185164687139105,0.8044624457524182,0.6181144952536973,21.28907170168312,0.265095054173729,0.96875
29,4,4,16,256,xy,cvar,2,3,120,4.678369146832829,312,0.2237877029997435,0.0,1.0000000000000002,0.1999795689013516,0.1999795689013515,0.2018080585994469,False,True,0.9891448169890524,1.0,4.674961992862388,20.24002563274968,9.59889517873976,5.989847119727272,0.9155233054431376,0.2670395956298076,51.194769638746,0.608253181011754,0.98046875
29,4,4,16,256,xy,cvar,3,3,120,4.674961992862388,284,0.2243322459999035,0.0,1.000000000000001,0.2565641587800405,0.2565641587800402,0.2565641587800402,True,True,1.0,1.0,4.674961992862388,20.24002563274968,9.59889517873976,7.472973520740408,0.820237707174689,0.5682472572745633,65.6804246476903,0.4556751241099795,1.0
29,4,4,16,256,penalty_x,expectation,1,3,120,9.063129425048828,212,0.3839348090000385,2.063785057963019,0.0411301191268194,0.000408084510127,0.0099217925644418,0.0167278072684211,False,False,0.3111545041854116,1.0,4.674961992862388,20.24002563274968,9.59889517873976,9.289146153221576,0.7035550726220738,0.937093170474653,2.539978896497102,0.1307519148577934,0.1171875
29,4,4,16,256,penalty_x,expectation,2,3,120,41.49387741088867,360,1.0114681530003509,2.063785057963019,0.0234053104541089,5.787462941952981e-05,0.002472713597754,0.0097088593183203,False,False,0.4724948700768227,1.0,4.674961992862388,20.24002563274968,9.59889517873976,10.05685468039242,0.6542325292048081,1.0930068472428016,0.6330146810250313,0.1061430592844954,0.46484375
29,4,4,16,256,penalty_x,expectation,3,3,120,43.72491455078125,360,1.3608007739999266,2.063785057963019,0.0086197072042377,6.219588249223307e-05,0.0072155446836587,0.0236605769519348,False,False,0.3126841248346645,1.0,4.674961992862388,20.24002563274968,9.59889517873976,10.189286718872037,0.6457242415714544,1.1199024271542946,1.847179439016646,0.1026180541840861,0.1484375
29,4,4,16,256,penalty_x,cvar,1,3,120,8.6410146141657,253,0.5308394059998136,2.063785057963019,0.0132823524154446,5.0371821998851374e-05,0.0037923871030766,0.0131403561907389,False,False,0.313458083918065,1.0,4.674961992862388,20.24002563274968,9.59889517873976,9.643547022964388,0.6807860767514358,1.0090683286184092,0.9708510983876264,0.0959758714485876,0.18359375
29,4,4,16,256,penalty_x,cvar,2,3,120,9.49502047866705,360,1.1081173649999982,2.063785057963019,0.0110114982553568,2.8628895961446688e-05,0.0025999092310185,0.0167605157712555,False,False,0.3133505587091035,1.0,4.674961992862388,20.24002563274968,9.59889517873976,9.86688384414164,0.6664374800258223,1.0544257314803769,0.6655767631407428,0.0793332086892734,0.17578125
29,4,4,16,256,penalty_x,cvar,3,3,120,9.641542434692385,360,1.4616291100001035,2.063785057963019,0.0023114425024246,3.381393298695912e-06,0.0014628931046949,0.0435155961609975,False,False,0.4800686888526652,1.0,4.674961992862388,20.24002563274968,9.59889517873976,9.150316721224826,0.712474370044089,0.9088983459805,0.3745006348019121,0.0890920455807834,0.609375
30,4,3,12,81,xy,expectation,1,3,120,6.307060875572404,179,0.1076362849998986,0.0,0.9999999999999998,0.0026150552230859,0.0026150552230859,0.1871202532835535,False,True,0.96587001265755,1.0,4.746163905989925,14.976129031440376,8.849552958827346,6.307060875572406,0.8474191309118709,0.3803921464632139,0.2118194730699627,0.0763548630734166,0.8395061728395061
30,4,3,12,81,xy,expectation,2,3,120,4.8016257329921865,360,0.2530676559999847,0.0,1.0000000000000002,0.043694050019798,0.043694050019798,0.7672536888599927,False,True,0.9970344315634124,1.0,4.746163905989925,14.976129031440376,8.849552958827346,4.801625732992186,0.9945784930523096,0.0135161024918925,3.539218051603644,0.94947037052132,0.9876543209876544
30,4,3,12,81,xy,expectation,3,3,120,4.9287549932335,360,0.2709623949999695,0.0,0.9999999999999992,0.0131759763149353,0.0131759763149353,0.1534698889159804,False,True,0.9970344315634124,1.0,4.746163905989925,14.976129031440376,8.849552958827346,4.928754993233504,0.982151348024704,0.0444976298597181,1.0672540815097609,0.5375755356248363,0.9876543209876544
30,4,3,12,81,xy,cvar,1,3,120,4.757365632938061,134,0.0800821859997995,0.0,0.9999999999999998,0.0516261307068919,0.0516261307068919,0.2771814781751421,False,True,0.9970344315634124,1.0,4.746163905989925,14.976129031440376,8.849552958827346,6.046572054932435,0.8728824455415481,0.3169107613725539,4.181716587258247,0.5682319947972084,0.9876543209876544
30,4,3,12,81,xy,cvar,2,3,120,4.746163905989925,168,0.1128018689996679,0.0,1.0,0.2510258413871754,0.2510258413871754,0.2510258413871754,True,True,1.0,1.0,4.746163905989925,14.976129031440376,8.849552958827346,5.813969580541842,0.8956198128285506,0.2602253066434314,20.33309315236121,0.7286461021582005,1.0
30,4,3,12,81,xy,cvar,3,3,120,4.746163905989925,250,0.1866043340000942,0.0,0.9999999999999996,0.251748599450293,0.2517485994502931,0.2517485994502931,True,True,1.0,1.0,4.746163905989925,14.976129031440376,8.849552958827346,6.274411305048344,0.8506106931629324,0.3724354136007802,20.39163655547374,0.6146974212241482,1.0
30,4,3,12,81,penalty_x,expectation,1,3,120,8.059709548950195,304,0.4912656519995835,1.984918232296216,0.0428741763353173,0.0001489645655965,0.0034744589477707,0.0369406176638925,False,False,0.9970344315634124,1.0,4.746163905989925,14.976129031440376,8.849552958827346,8.195437024983958,0.662826502661987,0.8405912952877139,0.2814311747694289,0.1632624109430784,0.9876543209876544
30,4,3,12,81,penalty_x,expectation,2,3,120,7.991943836212158,360,0.8567782479999551,1.984918232296216,0.0449698450320283,0.0001432824501534,0.0031861895466049,0.0374107401046442,False,False,0.4753734486506639,1.0,4.746163905989925,14.976129031440376,8.849552958827346,8.211059116870095,0.6612994112501823,0.8443984146431974,0.2580813532749991,0.1626905489846385,0.4567901234567901
30,4,3,12,81,penalty_x,expectation,3,3,120,8.06545639038086,360,1.1263314130001163,1.984918232296216,0.0384430695557966,0.0001999069645535,0.0052000781119565,0.0318035890685208,False,False,0.9970344315634124,1.0,4.746163905989925,14.976129031440376,8.849552958827346,8.312534230717134,0.651380011467031,0.8691280009779055,0.4212063270684775,0.1517998972956048,0.9876543209876544
30,4,3,12,81,penalty_x,cvar,1,3,120,5.817750930786133,141,0.2544054969998797,1.984918232296216,0.0772791705094277,0.0007787836366333,0.0100775361782422,0.017043096818185,False,False,0.965404478077768,1.0,4.746163905989925,14.976129031440376,8.849552958827346,8.777723933952903,0.6059067671762509,0.9824951950815448,0.8162804304376189,0.1102238756348039,0.8271604938271605
30,4,3,12,81,penalty_x,cvar,2,3,120,4.930214222086324,333,0.876649284999985,1.984918232296216,0.0617061258817557,0.0003022840828634,0.0048987694259518,0.0325168049292236,False,False,0.4735545956748902,1.0,4.746163905989925,14.976129031440376,8.849552958827346,8.368195318796,0.6459390263418334,0.8826926635926721,0.3968003235020982,0.1467252601712693,0.3580246913580246
30,4,3,12,81,penalty_x,cvar,3,3,120,4.941510929701106,360,1.2212276479999673,1.984918232296216,0.0093270352726904,1.4400636246136855e-05,0.0015439671691069,0.0883990480741981,False,False,0.4818384326238225,1.0,4.746163905989925,14.976129031440376,8.849552958827346,9.354816428469018,0.549494796320123,1.1231332108985113,0.1250613406976662,0.0746661297141547,0.6666666666666666
1,5,4,20,1024,xy,expectation,1,3,120,5.735537939241855,136,0.0912454819999766,0.0,0.9999999999999992,0.0007354819325684,0.0007354819325684,0.0053199517895429,False,True,0.950032651212906,,,,,,,,,,
1,5,4,20,1024,xy,expectation,2,3,120,5.675490597141402,360,0.3041614609999215,0.0,0.9999999999999996,0.0408061360945216,0.0408061360945217,0.0503989853623422,False,True,0.9992958434019266,,,,,,,,,,
1,5,4,20,1024,xy,expectation,3,3,120,5.719549583079882,360,0.3499159759999202,0.0,1.0,0.0007923451261774,0.0007923451261774,0.0199164502281273,False,True,0.9491651435290868,,,,,,,,,,
1,5,4,20,1024,xy,cvar,1,3,120,5.407459742405803,136,0.0914456000000427,0.0,1.0000000000000004,0.0005213600503803,0.0005213600503803,0.0097334390287154,False,True,0.950032651212906,,,,,,,,,,
1,5,4,20,1024,xy,cvar,2,3,120,5.244327739720999,271,0.2284390390000226,0.0,1.0000000000000002,0.0800541148775332,0.0800541148775332,0.1171994806121284,False,True,0.9992958434019266,,,,,,,,,,
1,5,4,20,1024,xy,cvar,3,3,120,5.237717795416671,360,0.3608140610000419,0.0,1.0,0.1006977814942019,0.1006977814942019,0.1413292161183753,False,True,0.9992958434019266,,,,,,,,,,
1,5,4,20,1024,penalty_x,expectation,1,3,120,10.227746963500977,221,0.5086081870000498,1.8006515336300593,0.0226121521739059,2.946211134258192e-05,0.0013029326494883,0.0017839609669742,False,False,0.4787065701331028,,,,,,,,,,
1,5,4,20,1024,penalty_x,expectation,2,3,120,36.177207946777344,308,1.0037764730000165,1.8006515336300593,0.0011736757161272,1.520968453405658e-07,0.0001295901783181,0.0129567574152336,False,False,0.9299339270306344,,,,,,,,,,
1,5,4,20,1024,penalty_x,expectation,3,3,120,36.1715202331543,360,1.610707230999992,1.8006515336300593,0.0009537823845111,3.2835615115800465e-07,0.0003442673679974,0.0140493103322122,False,False,0.498326825656176,,,,,,,,,,
1,5,4,20,1024,penalty_x,cvar,1,3,120,15.281879382245505,200,0.4876348989999997,1.8006515336300593,0.0088217708607771,8.061702828854322e-06,0.0009138417848391,0.0014940127199915,False,False,0.927126772503146,,,,,,,,,,
1,5,4,20,1024,penalty_x,cvar,2,3,120,10.28775085733836,360,1.2802223410000124,1.8006515336300593,0.0014037367349573,4.507244000251376e-07,0.0003210889825711,0.0096932033196123,False,False,0.9120100122509452,,,,,,,,,,
1,5,4,20,1024,penalty_x,cvar,3,3,120,13.18533196274423,360,1.727986812999916,1.8006515336300593,0.0003355411871587,3.035600286693807e-07,0.0009046878305457,0.0056111513361767,False,False,0.9036508550604478,,,,,,,,,,
2,4,4,16,256,xy,expectation,1,3,120,6.806270764374807,141,0.116118326999981,0.0,1.0,0.0018705088970063,0.0018705088970063,0.062471538818102,False,True,0.9231109860296612,,,,,,,,,,
2,4,4,16,256,xy,expectation,2,3,120,6.631525531652316,360,0.2559332609999956,0.0,1.0,0.0008958606598247,0.0008958606598247,0.0644114810467023,False,True,0.91111726558136,,,,,,,,,,
2,4,4,16,256,xy,expectation,3,3,120,6.226965948134097,360,0.2846297690000483,0.0,1.0000000000000002,0.0012012996447471,0.0012012996447471,0.0657148554732699,False,True,0.9633511979810944,,,,,,,,,,
2,4,4,16,256,xy,cvar,1,3,120,4.646090198349002,138,0.0846202059999541,0.0,0.999999999999999,0.0211862125846549,0.0211862125846549,0.0387992946896769,False,True,0.4608120914951625,,,,,,,,,,
2,4,4,16,256,xy,cvar,2,3,120,4.567911249381152,336,0.240650563000031,0.0,1.0000000000000016,0.160986900848722,0.1609869008487217,0.1609869008487217,True,True,1.0,,,,,,,,,,
2,4,4,16,256,xy,cvar,3,3,120,4.543467478534306,286,0.2904628149999553,0.0,1.0000000000000009,0.2827431540914426,0.2827431540914424,0.2827431540914424,True,True,1.0,,,,,,,,,,
2,4,4,16,256,penalty_x,expectation,1,3,120,9.39577865600586,231,0.427203216999942,1.9057194243826103,0.0254757282173159,0.0003099089954048,0.012164872884544,0.013375486793762,False,False,0.9782315925640688,,,,,,,,,,
2,4,4,16,256,penalty_x,expectation,2,3,120,33.14205551147461,360,1.0140810020000115,1.9057194243826103,0.0060848743727035,3.8149566535139456e-05,0.0062695734042228,0.0223337840063532,False,False,0.9522842010129924,,,,,,,,,,
2,4,4,16,256,penalty_x,expectation,3,3,120,8.93707275390625,360,1.3688944780000156,1.9057194243826103,0.0317484159859304,0.0003613831358961,0.0113827138984296,0.0163415646809784,False,False,0.4609997526294191,,,,,,,,,,
2,4,4,16,256,penalty_x,cvar,1,3,120,11.597543287570083,297,0.6226857829999517,1.9057194243826103,0.0015641791131884,6.579849468835164e-06,0.0042065831293597,0.0093901401160383,False,False,0.4614282191972955,,,,,,,,,,
2,4,4,16,256,penalty_x,cvar,2,3,120,12.324698010051014,360,1.119498204000024,1.9057194243826103,0.0131295620529101,5.542833969229832e-05,0.0042216442154681,0.0291725469303399,False,False,0.3027278424125224,,,,,,,,,,
2,4,4,16,256,penalty_x,cvar,3,3,120,4.976845264434815,360,1.5008408940000209,1.9057194243826103,0.0294399691489104,0.0003149207041133,0.0106970459962243,0.0133222656606931,False,False,0.9290935598940996,,,,,,,,,,
3,4,3,12,81,xy,expectation,1,3,120,4.666005420266282,160,0.0961612270000387,0.0,0.9999999999999996,0.0159853073342461,0.0159853073342461,0.0447421268983922,False,True,0.9707012538730646,,,,,,,,,,
3,4,3,12,81,xy,expectation,2,3,120,4.644775629033309,360,0.2586945350000178,0.0,1.000000000000001,0.0352525913145344,0.0352525913145343,0.0631902583512179,False,True,0.9932838706938052,,,,,,,,,,
3,4,3,12,81,xy,expectation,3,3,120,4.499069151167521,360,0.3075490429999945,0.0,1.0000000000000009,0.1537385375795718,0.1537385375795716,0.598169658289236,False,True,0.9964435208993294,,,,,,,,,,
3,4,3,12,81,xy,cvar,1,3,120,4.490499435576988,223,0.1484574250000605,0.0,0.9999999999999996,0.0507621678775607,0.0507621678775607,0.066010332202071,False,True,0.9941006171472764,,,,,,,,,,
3,4,3,12,81,xy,cvar,2,3,120,4.474044558760401,348,0.2486635740000338,0.0,1.0000000000000002,0.1155954458922498,0.1155954458922497,0.3379014931985277,False,True,0.9964435208993294,,,,,,,,,,
3,4,3,12,81,xy,cvar,3,3,120,4.466578686980644,360,0.3049551029999975,0.0,0.9999999999999992,0.2327030796166118,0.232703079616612,0.2730913962920569,False,True,0.9964435208993294,,,,,,,,,,
3,4,3,12,81,penalty_x,expectation,1,3,120,15.086788177490234,147,0.2342639639999788,1.9140737350106372,0.1173666506074369,0.001286749728024,0.0109635038689812,0.0150677257749901,False,False,0.9584074376751744,,,,,,,,,,
3,4,3,12,81,penalty_x,expectation,2,3,120,14.442598342895508,321,0.8547039489999406,1.9140737350106372,0.2422853407915681,0.0031454546842724,0.0129824391108266,0.0144721235775311,False,False,0.4517742787440355,,,,,,,,,,
3,4,3,12,81,penalty_x,expectation,3,3,120,6.763631343841553,360,1.1403153599999314,1.9140737350106372,0.1033910841797478,0.0015679717762395,0.0151654447642082,0.0160094013951736,False,False,0.944530464046922,,,,,,,,,,
3,4,3,12,81,penalty_x,cvar,1,3,120,5.063793532396134,151,0.2781290650000301,1.9140737350106372,0.1235414810944348,0.0014159327838569,0.0114611932066335,0.0143929951073867,False,False,0.4517742787440355,,,,,,,,,,
3,4,3,12,81,penalty_x,cvar,2,3,120,4.953031063079834,356,0.9512606320000714,1.9140737350106372,0.1404662061249837,0.0016405215719714,0.011679119250304,0.0149290011910644,False,False,0.4517742787440355,,,,,,,,,,
3,4,3,12,81,penalty_x,cvar,3,3,120,4.648352068859092,360,1.2332370709999625,1.9140737350106372,0.3178481487557292,0.0052649877034127,0.0165644749671296,0.0213461021971807,False,True,0.9964435208993294,,,,,,,,,,
4,3,3,9,27,xy,expectation,1,3,120,7.514404504819444,141,0.0807401260000233,0.0,0.9999999999999996,0.370844338459251,0.3708443384592512,0.3708443384592512,True,True,1.0,,,,,,,,,,
4,3,3,9,27,xy,expectation,2,3,120,5.38014798600098,360,0.2448698899999044,0.0,0.9999999999999996,0.7644956253842152,0.7644956253842156,0.7644956253842156,True,True,1.0,,,,,,,,,,
4,3,3,9,27,xy,expectation,3,3,120,5.263057912276431,360,0.3115333929999906,0.0,1.0000000000000009,0.7868075018743748,0.7868075018743742,0.7868075018743742,True,True,1.0,,,,,,,,,,
4,3,3,9,27,xy,cvar,1,3,120,4.155659079444257,79,0.0676040800000237,0.0,0.9999999999999998,0.3145121488695589,0.314512148869559,0.314512148869559,True,True,1.0,,,,,,,,,,
4,3,3,9,27,xy,cvar,2,3,120,4.155659079444257,84,0.0486891639999385,0.0,1.0000000000000002,0.329825159031012,0.329825159031012,0.329825159031012,True,True,1.0,,,,,,,,,,
4,3,3,9,27,xy,cvar,3,3,120,4.155659079444257,121,0.0718280099999901,0.0,0.9999999999999988,0.3463107832681512,0.3463107832681515,0.3463107832681515,True,True,1.0,,,,,,,,,,
4,3,3,9,27,penalty_x,expectation,1,3,120,8.342924118041992,360,0.5142810710000276,2.5386901074588715,0.0256648031281656,0.0070362966507673,0.2741613335442028,0.2741613335442028,True,False,1.0,,,,,,,,,,
4,3,3,9,27,penalty_x,expectation,2,3,120,25.746225357055664,360,0.7266395710000779,2.5386901074588715,0.0570489609508513,0.0061773424968123,0.1082814199216394,0.2752954455210918,False,False,0.4525838522697171,,,,,,,,,,
4,3,3,9,27,penalty_x,expectation,3,3,120,11.60578155517578,360,0.9429636350000692,2.5386901074588715,0.0279735160584095,0.0090894997119903,0.3249323286000656,0.3249323286000656,True,False,1.0,,,,,,,,,,
4,3,3,9,27,penalty_x,cvar,1,3,120,4.872778415679932,337,0.5732215769999129,2.5386901074588715,0.0454281982092652,0.0039519532583653,0.0869933964838468,0.0869933964838468,True,False,1.0,,,,,,,,,,
4,3,3,9,27,penalty_x,cvar,2,3,120,4.844326972961426,360,0.8234182529999998,2.5386901074588715,0.1499275578971719,0.0669668614864349,0.4466614572109836,0.4466614572109836,True,True,1.0,,,,,,,,,,
4,3,3,9,27,penalty_x,cvar,3,3,120,4.533740043640137,360,1.0376743550000356,2.5386901074588715,0.0826448242623882,0.0336290672421455,0.4069107477968242,0.4069107477968242,True,False,1.0,,,,,,,,,,
4,5,5,25,3125,xy,expectation,1,3,120,6.55424850703514,168,0.1322398959999873,0.0,1.0000000000000004,0.0003644357807386,0.0003644357807386,0.0014131990990444,False,True,0.9245067029836304,,,,,,,,,,
4,5,5,25,3125,xy,expectation,2,3,120,6.010044105354332,360,0.3812535419999676,0.0,1.0000000000000016,4.3888729030517626e-05,4.388872903051756e-05,0.0084647244356049,False,True,0.8975268440900926,,,,,,,,,,
4,5,5,25,3125,xy,expectation,3,3,120,5.950811058831301,360,0.4705695220000052,0.0,0.9999999999999988,0.0004235498779234,0.0004235498779234,0.0035624245832299,False,True,0.9135684730558732,,,,,,,,,,
4,5,5,25,3125,xy,cvar,1,3,120,5.471929309071523,141,0.117377317999967,0.0,1.0000000000000009,0.0006027714262845,0.0006027714262845,0.003006069569965,False,True,0.9587412264003916,,,,,,,,,,
4,5,5,25,3125,xy,cvar,2,3,120,5.390136243333878,274,0.3035982840000315,0.0,1.0000000000000004,0.0015153129080952,0.0015153129080952,0.0133663933735703,False,True,0.9790339607295432,,,,,,,,,,
4,5,5,25,3125,xy,cvar,3,3,120,5.35635097642266,360,0.4993767610000077,0.0,1.0000000000000004,0.0072629174375682,0.0072629174375682,0.0183778607442285,False,True,0.9936787646740288,,,,,,,,,,
4,5,5,25,3125,penalty_x,expectation,1,3,120,79.37364959716797,108,4.569357083999989,2.0579186096468467,9.536643143626122e-05,3.006234194913304e-08,0.0003152298088161,0.0003332554110224,False,False,0.8851878024863988,,,,,,,,,,
4,5,5,25,3125,penalty_x,expectation,2,3,120,73.90472412109375,360,29.500615654999933,2.0579186096468467,0.0001836554104004,1.5903886207979667e-08,8.659633916203706e-05,0.0041940410969088,False,False,0.499147303413298,,,,,,,,,,
4,5,5,25,3125,penalty_x,expectation,3,3,120,71.08897399902344,360,43.88254238299999,2.0579186096468467,0.0001777031372294,6.202312192726822e-07,0.0034902660073568,0.0051711125424241,False,False,0.9849224149624238,,,,,,,,,,
4,5,5,25,3125,penalty_x,cvar,1,3,120,24.790041829342623,234,10.08478822699999,2.0579186096468467,9.94561588012477e-05,1.470559340965849e-09,1.4786005800853437e-05,0.001828169472071,False,False,0.9055662355430142,,,,,,,,,,
4,5,5,25,3125,penalty_x,cvar,2,3,120,23.83446027821776,314,26.064863412000022,2.0579186096468467,0.0005270183427356,2.9117828148628178e-08,5.525012278981224e-05,0.0019963177674333,False,False,0.4986988752804367,,,,,,,,,,
4,5,5,25,3125,penalty_x,cvar,3,3,120,31.42243780554824,360,44.25865567000005,2.0579186096468467,0.0005821126464985,3.260807943661348e-07,0.000560167858107,0.0053876207400096,False,False,0.5046329648389287,,,,,,,,,,
5,5,4,20,1024,xy,expectation,1,3,120,5.758487517599248,152,0.1006294870001056,0.0,1.0000000000000004,0.0003388435237625,0.0003388435237625,0.0437806798163452,False,True,0.919945848008383,,,,,,,,,,
5,5,4,20,1024,xy,expectation,2,3,120,5.644778383619965,360,0.3488985179999417,0.0,1.0000000000000009,0.0026811347563891,0.0026811347563891,0.0704130269715541,False,True,0.9707115556724238,,,,,,,,,,
5,5,4,20,1024,xy,expectation,3,3,120,5.422840675049719,360,0.3753517770001053,0.0,0.9999999999999996,0.0005111451879403,0.0005111451879403,0.1372558576215461,False,True,0.987614899893436,,,,,,,,,,
5,5,4,20,1024,xy,cvar,1,3,120,5.370196753215436,158,0.1115512420001323,0.0,0.9999999999999996,0.0012530547897219,0.0012530547897219,0.0243969421578312,False,True,0.954509202049347,,,,,,,,,,
5,5,4,20,1024,xy,cvar,2,3,120,5.234300718117842,360,0.3189476529998956,0.0,1.0000000000000009,0.002434847594532,0.002434847594532,0.1671395301335297,False,True,0.987614899893436,,,,,,,,,,
5,5,4,20,1024,xy,cvar,3,3,120,5.233512699545977,360,0.3635195890001341,0.0,0.9999999999999986,0.0068517871390056,0.0068517871390056,0.1769374013771859,False,True,0.987614899893436,,,,,,,,,,
5,5,4,20,1024,penalty_x,expectation,1,3,120,37.78145217895508,123,0.2817262359999404,1.7970577600520867,0.0006527404892794,3.569210491605191e-07,0.0005468039060278,0.0164305569184135,False,False,0.4674248996276192,,,,,,,,,,
5,5,4,20,1024,penalty_x,expectation,2,3,120,25.94561195373535,265,0.868309176999901,1.7970577600520867,0.0044441526160138,5.348616696210229e-07,0.0001203517781305,0.0180463501826321,False,False,0.8601095967523275,,,,,,,,,,
5,5,4,20,1024,penalty_x,expectation,3,3,120,39.01275634765625,360,1.6299536880001142,1.7970577600520867,0.0047844968654238,8.305059964186512e-07,0.0001735827234877,0.0100824255436752,False,False,0.4792101212914558,,,,,,,,,,
5,5,4,20,1024,penalty_x,cvar,1,3,120,16.20105743408203,164,0.3829882760001055,1.7970577600520867,0.0051386559567569,5.5379850891768e-06,0.001077710813057,0.0188024252796061,False,False,0.9172696035848956,,,,,,,,,,
5,5,4,20,1024,penalty_x,cvar,2,3,120,17.74754503398597,343,1.2261881800000085,1.7970577600520867,0.0010565006256446,2.485689698517035e-08,2.352757431639285e-05,0.0149206438668399,False,False,0.8646677032939672,,,,,,,,,,
5,5,4,20,1024,penalty_x,cvar,3,3,120,11.407567977905272,360,1.7331896719999804,1.7970577600520867,0.000991380539221,4.365926713489898e-07,0.0004403885834717,0.0531582144404771,False,False,0.9230552407678744,,,,,,,,,,
6,4,4,16,256,xy,expectation,1,3,120,5.299773470069982,223,0.1720258440000179,0.0,0.9999999999999998,0.0055023888151252,0.0055023888151252,0.0144082580276134,False,True,0.9895873707766076,,,,,,,,,,
6,4,4,16,256,xy,expectation,2,3,120,5.077223803269995,360,0.2541109940000297,0.0,0.9999999999999988,0.0006880034615488,0.0006880034615488,0.0488339069549542,False,True,0.9369168599432128,,,,,,,,,,
6,4,4,16,256,xy,expectation,3,3,120,5.248664076802816,360,0.2833195210000667,0.0,1.0000000000000009,0.0094812877199162,0.0094812877199162,0.0452603620844112,False,True,0.9769140548922104,,,,,,,,,,
6,4,4,16,256,xy,cvar,1,3,120,4.612592745906478,144,0.0904906499999924,0.0,1.0,0.0093266026048081,0.0093266026048081,0.0655544077971911,False,True,0.4660035127737366,,,,,,,,,,
6,4,4,16,256,xy,cvar,2,3,120,4.580554899367062,344,0.248261500000126,0.0,1.0,0.0009863398397674,0.0009863398397674,0.153735747820266,False,True,0.9933463889424472,,,,,,,,,,
6,4,4,16,256,xy,cvar,3,3,120,4.555354953682865,360,0.2948644250000143,0.0,1.0000000000000022,0.0019828877840056,0.0019828877840056,0.2122768590952451,False,True,0.9933463889424472,,,,,,,,,,
6,4,4,16,256,penalty_x,expectation,1,3,120,35.690887451171875,125,0.218506846000082,1.9892812879459791,0.0040948452518136,1.4733582247572484e-05,0.0035980803526205,0.022178410001661,False,False,0.452311983260479,,,,,,,,,,
6,4,4,16,256,penalty_x,expectation,2,3,120,35.18840408325195,321,0.9338933199999246,1.9892812879459791,0.0023483595032387,5.399112978921039e-07,0.0002299099848841,0.02629967248709,False,False,0.4606325820604015,,,,,,,,,,
6,4,4,16,256,penalty_x,expectation,3,3,120,32.108734130859375,360,1.3561629829998765,1.9892812879459791,0.0088793225185668,8.756005627219565e-06,0.0009861119031221,0.035770949962683,False,False,0.4497111477673632,,,,,,,,,,
6,4,4,16,256,penalty_x,cvar,1,3,120,15.748701065623887,182,0.3759784549999949,1.9892812879459791,0.0021350445244934,5.417311967903515e-06,0.0025373297398511,0.0157694743172807,False,False,0.4538554558823469,,,,,,,,,,
6,4,4,16,256,penalty_x,cvar,2,3,120,10.895220756530762,360,1.1062499409999873,1.9892812879459791,0.0117570040648722,6.858465440018335e-08,5.833514560490954e-06,0.0595779240054702,False,False,0.4545497573749081,,,,,,,,,,
6,4,4,16,256,penalty_x,cvar,3,3,120,12.789861679077148,360,1.460625356999799,1.9892812879459791,0.0203617651648073,7.693737279623747e-05,0.0037785217624066,0.037981434190022,False,False,0.942521693779844,,,,,,,,,,
7,4,3,12,81,xy,expectation,1,3,120,4.634663833591255,156,0.0906548559999009,0.0,1.0,0.7331946298680374,0.7331946298680374,0.7331946298680374,True,True,1.0,,,,,,,,,,
7,4,3,12,81,xy,expectation,2,3,120,4.578515590924186,360,0.2486445540000659,0.0,1.0000000000000016,0.7812272951533202,0.781227295153319,0.781227295153319,True,True,1.0,,,,,,,,,,
7,4,3,12,81,xy,expectation,3,3,120,4.550862224346548,360,0.2719725870001639,0.0,1.0000000000000002,0.835538526231907,0.8355385262319068,0.8355385262319068,True,True,1.0,,,,,,,,,,
7,4,3,12,81,xy,cvar,1,3,120,4.514992808247445,73,0.0429182350001156,0.0,0.9999999999999994,0.7058434328793334,0.7058434328793338,0.7058434328793338,True,True,1.0,,,,,,,,,,
7,4,3,12,81,xy,cvar,2,3,120,4.514992808247445,177,0.1176896130000386,0.0,0.9999999999999998,0.4254184728869952,0.4254184728869953,0.4254184728869953,True,True,1.0,,,,,,,,,,
7,4,3,12,81,xy,cvar,3,3,120,4.514992808247445,89,0.054259724999838,0.0,1.0,0.3671170768326796,0.3671170768326797,0.3671170768326797,True,True,1.0,,,,,,,,,,
7,4,3,12,81,penalty_x,expectation,1,3,120,19.09356117248535,228,0.361855715999809,1.8656853646133504,0.10735854646191,0.0010384223423898,0.0096724702095165,0.0156294521791631,False,False,0.3054449305393136,,,,,,,,,,
7,4,3,12,81,penalty_x,expectation,2,3,120,7.334020614624023,360,0.84865331900005,1.8656853646133504,0.0486018501123908,0.0019410566892474,0.0399379176874714,0.0399379176874714,True,False,1.0,,,,,,,,,,
7,4,3,12,81,penalty_x,expectation,3,3,120,20.228687286376957,360,1.1016000500001155,1.8656853646133504,0.0110133425582716,0.0002297794853802,0.020863737250023,0.0501156388918224,False,False,0.952476486223632,,,,,,,,,,
7,4,3,12,81,penalty_x,cvar,1,3,120,5.600647258681386,169,0.309991238000066,1.8656853646133504,0.0884197551058605,0.000907689332962,0.0102656847655289,0.0164905998982017,False,False,0.3048833993410632,,,,,,,,,,
7,4,3,12,81,penalty_x,cvar,2,3,120,6.3163093517011015,360,0.9445371229999182,1.8656853646133504,0.0470233809683122,0.0010891344863921,0.0231615520612198,0.0376692722069364,False,False,0.99321443157291,,,,,,,,,,
7,4,3,12,81,penalty_x,cvar,3,3,120,7.865111811770417,360,1.2097327100000257,1.8656853646133504,0.0141141897820489,0.0001221789134433,0.0086564595864186,0.0421786612497418,False,False,0.9701577109916218,,,,,,,,,,
8,3,3,9,27,xy,expectation,1,3,120,7.41036751365683,130,0.073396761999902,0.0,1.0,0.393443918835899,0.393443918835899,0.393443918835899,True,True,1.0,,,,,,,,,,
8,3,3,9,27,xy,expectation,2,3,120,4.928070168631955,360,0.2407096609999826,0.0,0.9999999999999992,0.8217018292049705,0.8217018292049713,0.8217018292049713,True,True,1.0,,,,,,,,,,
8,3,3,9,27,xy,expectation,3,3,120,4.506194303289322,360,0.2592906150000544,0.0,1.0000000000000009,0.9025759920192744,0.902575992019274,0.902575992019274,True,True,1.0,,,,,,,,,,
8,3,3,9,27,xy,cvar,1,3,120,4.003636756438674,43,0.0243297469999106,0.0,1.0,0.3335547547258319,0.3335547547258319,0.3335547547258319,True,True,1.0,,,,,,,,,,
8,3,3,9,27,xy,cvar,2,3,120,4.003636756438674,67,0.0369947780000075,0.0,1.000000000000001,0.2683066340849531,0.2683066340849528,0.2683066340849528,True,True,1.0,,,,,,,,,,
8,3,3,9,27,xy,cvar,3,3,120,4.003636756438674,98,0.0555802040000799,0.0,0.9999999999999996,0.256530436162008,0.2565304361620081,0.2565304361620081,True,True,1.0,,,,,,,,,,
8,3,3,9,27,penalty_x,expectation,1,3,120,21.404918670654297,340,0.4892917369998031,2.190586764232484,0.0676537043764256,0.0169829558581113,0.2510277303311895,0.278826317773742,False,False,0.4441821213379047,,,,,,,,,,
8,3,3,9,27,penalty_x,expectation,2,3,120,21.949705123901367,360,0.7377143179999166,2.190586764232484,0.0633786212129052,0.0005170841468498,0.0081586525070148,0.1145476745057613,False,False,0.2858577950904091,,,,,,,,,,
8,3,3,9,27,penalty_x,expectation,3,3,120,24.556869506835938,360,1.0346361249999063,2.190586764232484,0.0168435750783828,0.0003693273465614,0.0219268976356138,0.2347881750886385,False,False,0.4426922551971803,,,,,,,,,,
8,3,3,9,27,penalty_x,cvar,1,3,120,5.12288700069344,212,0.3524275419999867,2.190586764232484,0.0812245097386039,0.0466999597847461,0.5749491124666137,0.5749491124666137,True,False,1.0,,,,,,,,,,
8,3,3,9,27,penalty_x,cvar,2,3,120,6.1190378524019895,360,0.8205634939999982,2.190586764232484,0.0741157605327771,0.0281989965587854,0.3804723361951423,0.3804723361951423,True,False,1.0,,,,,,,,,,
8,3,3,9,27,penalty_x,cvar,3,3,120,4.64518404006958,360,1.0198979599999802,2.190586764232484,0.0374927416996797,0.0074697029776871,0.1992306414270825,0.1992306414270825,True,False,1.0,,,,,,,,,,
8,5,5,25,3125,xy,expectation,1,3,120,5.899336145778333,190,0.1489642840001579,0.0,1.0000000000000002,0.0007917370221608,0.0007917370221608,0.0046163692652524,False,True,0.926789532161592,,,,,,,,,,
8,5,5,25,3125,xy,expectation,2,3,120,5.603646818805872,360,0.3769188070000382,0.0,1.0,0.0007708949999526,0.0007708949999526,0.0077252968351278,False,True,0.9550126760289148,,,,,,,,,,
8,5,5,25,3125,xy,expectation,3,3,120,5.561537948985413,360,0.4714688219999061,0.0,1.0,0.0079235685547366,0.0079235685547366,0.0128026865843116,False,True,0.9693990820869638,,,,,,,,,,
8,5,5,25,3125,xy,cvar,1,3,120,5.35350799515978,145,0.1228200460000152,0.0,1.0000000000000002,0.0014695638388021,0.0014695638388021,0.00307331811024,False,True,0.9924960651283714,,,,,,,,,,
8,5,5,25,3125,xy,cvar,2,3,120,5.360323659477874,356,0.3994634199998472,0.0,1.0000000000000004,0.0025803068686497,0.0025803068686497,0.0041372622789285,False,True,0.966352564167058,,,,,,,,,,
8,5,5,25,3125,xy,cvar,3,3,120,5.277085190288336,360,0.4935091120000834,0.0,0.9999999999999998,0.0326086311645519,0.032608631164552,0.0489782210852047,False,True,0.992756880440568,,,,,,,,,,
8,5,5,25,3125,penalty_x,expectation,1,3,120,62.18931579589844,109,4.613388355999859,1.8560267489960571,6.969399201395277e-05,2.2781566855201163e-08,0.0003268799246087,0.0003540500771007,False,False,0.957266511107104,,,,,,,,,,
8,5,5,25,3125,penalty_x,expectation,2,3,120,60.92338180541992,239,19.59995328800005,1.8560267489960571,0.0003512756542289,3.225317968258423e-08,9.181729304122004e-05,0.0041460922663633,False,False,0.9590174767238058,,,,,,,,,,
8,5,5,25,3125,penalty_x,expectation,3,3,120,52.66069793701172,335,40.843507071999966,1.8560267489960571,0.0001092061061335,8.0164896942847e-09,7.340697309069233e-05,0.0024152716884719,False,False,0.943483382628778,,,,,,,,,,
8,5,5,25,3125,penalty_x,cvar,1,3,120,29.544226278251102,114,4.962438230000089,1.8560267489960571,0.0004731939131461,1.59790261022863e-07,0.0003376845233711,0.0047608537325206,False,False,0.9443894633086511,,,,,,,,,,
8,5,5,25,3125,penalty_x,cvar,2,3,120,30.20877403282345,356,29.591014485000187,1.8560267489960571,0.0001121792116929,4.7161785587945815e-09,4.204146639667226e-05,0.0083086969480951,False,False,0.9443338881557352,,,,,,,,,,
8,5,5,25,3125,penalty_x,cvar,3,3,120,24.866530946882424,360,44.332017710999935,1.8560267489960571,0.0001218274225542,1.7968325494166493e-08,0.0001474899913126,0.0025241748481378,False,False,0.9366441777713777,,,,,,,,,,
9,5,4,20,1024,xy,expectation,1,3,120,6.114240828088682,149,0.1001046659998792,0.0,0.9999999999999998,0.0005316174761826,0.0005316174761826,0.0051745888963402,False,True,0.906992188091554,,,,,,,,,,
9,5,4,20,1024,xy,expectation,2,3,120,6.014210252607757,360,0.3012308849999954,0.0,1.0000000000000004,0.0030836766906449,0.0030836766906449,0.0141201307474115,False,True,0.9540692257864182,,,,,,,,,,
9,5,4,20,1024,xy,expectation,3,3,120,5.783932716212577,360,0.348875463000013,0.0,0.999999999999998,0.0058016130333821,0.0058016130333821,0.0235426865336673,False,True,0.9118302223778344,,,,,,,,,,
9,5,4,20,1024,xy,cvar,1,3,120,5.426023342086931,148,0.1007033779999346,0.0,1.0000000000000002,0.0271105813769136,0.0271105813769135,0.0271105813769135,True,True,1.0,,,,,,,,,,
9,5,4,20,1024,xy,cvar,2,3,120,5.354810447251241,355,0.3014654349999546,0.0,0.999999999999999,0.0751297922110387,0.0751297922110388,0.0751297922110388,True,True,1.0,,,,,,,,,,
9,5,4,20,1024,xy,cvar,3,3,120,5.344276618087409,360,0.3613817099999323,0.0,0.9999999999999992,0.1222078866959144,0.1222078866959145,0.1222078866959145,True,True,1.0,,,,,,,,,,
9,5,4,20,1024,penalty_x,expectation,1,3,120,10.810219764709473,155,0.3185160599998653,1.9006865939519488,0.023638716571483,2.980365934490692e-05,0.0012607985401737,0.0017846556864381,False,False,0.9759637402604626,,,,,,,,,,
9,5,4,20,1024,penalty_x,expectation,2,3,120,10.749226570129396,334,1.1062994669998716,1.9006865939519488,0.0225750587684956,2.5725410523591563e-05,0.0011395501020574,0.0017525367353124,False,False,0.9342277021414414,,,,,,,,,,
9,5,4,20,1024,penalty_x,expectation,3,3,120,34.284637451171875,360,1.6526129849999052,1.9006865939519488,0.0027410064549826,7.073718734318391e-06,0.0025807012316441,0.0131362194562727,False,False,0.5081774397171319,,,,,,,,,,
9,5,4,20,1024,penalty_x,cvar,1,3,120,14.451054573059082,190,0.4430863130000944,1.9006865939519488,0.0097867162321563,9.624848644307347e-06,0.0009834604801029,0.0012738657169009,False,False,0.980731093015204,,,,,,,,,,
9,5,4,20,1024,penalty_x,cvar,2,3,120,6.852775573730469,360,1.3262967170001048,1.9006865939519488,0.0007237531287804,2.167879387116045e-07,0.0002995329900361,0.0050974956466481,False,False,0.502435459877135,,,,,,,,,,
9,5,4,20,1024,penalty_x,cvar,3,3,120,13.090020006300213,360,1.7796578939999108,1.9006865939519488,0.0061241051421347,4.073945092386566e-06,0.0006652310823922,0.001606996231499,False,False,0.9291578257980216,,,,,,,,,,
10,4,4,16,256,xy,expectation,1,3,120,10.790115337377244,156,0.1120836630000212,0.0,1.0,0.0110455098866428,0.0110455098866428,0.0379569510185816,False,True,0.4852552758803167,,,,,,,,,,
10,4,4,16,256,xy,expectation,2,3,120,7.809758193067482,355,0.2539218379999965,0.0,0.9999999999999996,0.0230189897411757,0.0230189897411757,0.0475237813033484,False,True,0.9862117129491068,,,,,,,,,,
10,4,4,16,256,xy,expectation,3,3,120,6.801564401657947,360,0.287016099000084,0.0,1.0000000000000009,0.0144518479444997,0.0144518479444997,0.1209130403891357,False,True,0.9430388223613048,,,,,,,,,,
10,4,4,16,256,xy,cvar,1,3,120,6.725787737906263,151,0.0954678809998768,0.0,0.9999999999999998,0.0274671548086684,0.0274671548086684,0.0620588000297171,False,True,0.4845727373010443,,,,,,,,,,
10,4,4,16,256,xy,cvar,2,3,120,4.636875245671968,326,0.2397954010000376,0.0,1.0000000000000018,0.1515425056913035,0.1515425056913033,0.1515425056913033,True,True,1.0,,,,,,,,,,
10,4,4,16,256,xy,cvar,3,3,120,4.61612032061988,360,0.3009174449998681,0.0,0.9999999999999992,0.2501043625643644,0.2501043625643646,0.2501043625643646,True,True,1.0,,,,,,,,,,
10,4,4,16,256,penalty_x,expectation,1,3,120,37.17575073242188,163,0.2940631559999929,2.3383200760736726,0.0094029448846413,5.324138328433037e-05,0.0056622030584582,0.0262263386892486,False,False,0.4814855711731891,,,,,,,,,,
10,4,4,16,256,penalty_x,expectation,2,3,120,48.16872024536133,360,1.0176064629999928,2.3383200760736726,0.0036417119310119,8.458123375021387e-06,0.0023225679392689,0.0997838464776928,False,False,0.4739754904690977,,,,,,,,,,
10,4,4,16,256,penalty_x,expectation,3,3,120,12.873737335205078,360,1.3916351829998348,2.3383200760736726,0.0069979132922863,0.0003167320974171,0.0452609348227051,0.0633366961462271,False,False,0.9513378171549616,,,,,,,,,,
10,4,4,16,256,penalty_x,cvar,1,3,120,16.192822467852977,341,0.7431170979998569,2.3383200760736726,0.0022187980791699,3.3561966574779944e-06,0.001512619236958,0.0701755110924576,False,False,0.4814855711731891,,,,,,,,,,
10,4,4,16,256,penalty_x,cvar,2,3,120,15.097280717544384,360,1.1071444909998718,2.3383200760736726,0.0022200210714231,7.855748663132545e-06,0.0035385919369209,0.0401826480406921,False,False,0.4701154324460854,,,,,,,,,,
10,4,4,16,256,penalty_x,cvar,3,3,120,12.488930702209473,360,1.5073075089999293,2.3383200760736726,0.0068538460628246,3.963666586059844e-06,0.000578312753121,0.0232397182586077,False,False,0.3117962537970334,,,,,,,,,,
11,4,3,12,81,xy,expectation,1,3,120,5.024717035239218,129,0.0751793809999981,0.0,1.0,0.0234427337360486,0.0234427337360486,0.0528383984511293,False,True,0.9746476343946296,,,,,,,,,,
11,4,3,12,81,xy,expectation,2,3,120,4.766952671953247,360,0.2517319599999155,0.0,1.0000000000000022,0.0150030319390129,0.0150030319390129,0.6179579096762833,False,True,0.9956276156262608,,,,,,,,,,
11,4,3,12,81,xy,expectation,3,3,120,4.817226267552156,360,0.2718836999999894,0.0,1.0000000000000009,0.0537894961194091,0.053789496119409,0.1095001029329177,False,True,0.9956276156262608,,,,,,,,,,
11,4,3,12,81,xy,cvar,1,3,120,4.677142094647266,135,0.0806504790000417,0.0,1.0000000000000004,0.0659220210552673,0.0659220210552673,0.2896378993364194,False,True,0.9956276156262608,,,,,,,,,,
11,4,3,12,81,xy,cvar,2,3,120,4.671446078878967,360,0.2507469279998986,0.0,0.9999999999999992,0.1300428128021653,0.1300428128021654,0.4669842246216192,False,True,0.9956276156262608,,,,,,,,,,
11,4,3,12,81,xy,cvar,3,3,120,4.663859535643381,360,0.2826776460001383,0.0,1.0000000000000002,0.2256293774684501,0.2256293774684501,0.2256293774684501,True,True,1.0,,,,,,,,,,
11,4,3,12,81,penalty_x,expectation,1,3,120,16.46919822692871,258,0.4097840220001671,1.9672177500341543,0.0824222315568476,0.0009852951625362,0.0119542403053796,0.0152665337703526,False,False,0.3110564573654049,,,,,,,,,,
11,4,3,12,81,penalty_x,expectation,2,3,120,13.423357009887695,322,0.7530106389999673,1.9672177500341543,0.0116683788291993,0.0004361047176644,0.0373749193481014,0.0421308516480377,False,False,0.9814522049949888,,,,,,,,,,
11,4,3,12,81,penalty_x,expectation,3,3,120,7.519839763641357,360,1.106617733999883,1.9672177500341543,0.0718263536400627,0.0016299864510074,0.0226934317058003,0.0228229764613964,False,False,0.9970867051903112,,,,,,,,,,
11,4,3,12,81,penalty_x,cvar,1,3,120,5.715805735088078,145,0.2606695959998433,1.9672177500341543,0.1080013791797682,0.0013376717688515,0.0123856915440406,0.0151698211127771,False,False,0.3110564573654049,,,,,,,,,,
11,4,3,12,81,penalty_x,cvar,2,3,120,5.624943733215332,353,0.9171436159999756,1.9672177500341543,0.0139627250755438,0.0003917779831681,0.0280588481867591,0.0332007310543415,False,False,0.9956276156262608,,,,,,,,,,
11,4,3,12,81,penalty_x,cvar,3,3,120,4.911242853254932,360,1.21190749099992,1.9672177500341543,0.2336744441417977,0.0033758515492081,0.0144468153614592,0.0159799860046305,False,False,0.4714982701495293,,,,,,,,,,
12,3,3,9,27,xy,expectation,1,3,120,5.435305494471974,131,0.0720602950000284,0.0,1.0,0.7819667829618097,0.7819667829618097,0.7819667829618097,True,True,1.0,,,,,,,,,,
12,3,3,9,27,xy,expectation,2,3,120,6.018225703387202,328,0.2144496089999847,0.0,1.000000000000001,0.6819143976027583,0.6819143976027575,0.6819143976027575,True,True,1.0,,,,,,,,,,
12,3,3,9,27,xy,expectation,3,3,120,4.510582427016797,360,0.2548151369999232,0.0,1.0,0.9601373846738646,0.9601373846738646,0.9601373846738646,True,True,1.0,,,,,,,,,,
12,3,3,9,27,xy,cvar,1,3,120,4.308465505740407,47,0.0265942940000059,0.0,1.0,0.5423506320059199,0.54235063200592,0.54235063200592,True,True,1.0,,,,,,,,,,
12,3,3,9,27,xy,cvar,2,3,120,4.308465505740407,129,0.0799096529999587,0.0,1.0000000000000004,0.2502957758905196,0.2502957758905195,0.2502957758905195,True,True,1.0,,,,,,,,,,
12,3,3,9,27,xy,cvar,3,3,120,4.308465505740407,98,0.0556741689999853,0.0,1.0000000000000004,0.3007267739947288,0.3007267739947287,0.3007267739947287,True,True,1.0,,,,,,,,,,
12,3,3,9,27,penalty_x,expectation,1,3,120,12.590360641479492,180,0.2489668310001889,2.4716887352345966,0.0286982387697207,0.0049851997755467,0.1737110007185048,0.1737110007185048,True,False,1.0,,,,,,,,,,
12,3,3,9,27,penalty_x,expectation,2,3,120,11.021084785461426,360,0.7296256039999207,2.4716887352345966,0.0438139890902675,0.0020896058995276,0.0476926648980207,0.0526276565337595,False,False,0.4754115270379634,,,,,,,,,,
12,3,3,9,27,penalty_x,expectation,3,3,120,18.67961883544922,360,0.9330842429999392,2.4716887352345966,0.042885256455861,0.003132325829938,0.0730396898328438,0.1629237738409306,False,False,0.4683328831585117,,,,,,,,,,
12,3,3,9,27,penalty_x,cvar,1,3,120,5.087495630234219,321,0.545209130000103,2.4716887352345966,0.0694567912141792,0.0088349198922514,0.1272002310761498,0.1272002310761498,True,False,1.0,,,,,,,,,,
12,3,3,9,27,penalty_x,cvar,2,3,120,5.130727767944336,292,0.657773202000044,2.4716887352345966,0.0021189872334161,7.912761066108942e-05,0.037342183762722,0.1583714047836208,False,False,0.4659628094168152,,,,,,,,,,
12,3,3,9,27,penalty_x,cvar,3,3,120,5.149686813354492,360,1.027447433999896,2.4716887352345966,0.0237195490117301,0.0025327308103442,0.1067782026164029,0.1759185375511672,False,False,0.4700241110329783,,,,,,,,,,
12,5,5,25,3125,xy,expectation,1,3,120,6.363618649191827,171,0.1342091179999442,0.0,1.0,0.0005396425838316,0.0005396425838316,0.0016005102417797,False,True,0.9346196130647778,,,,,,,,,,
12,5,5,25,3125,xy,expectation,2,3,120,5.923832984755136,360,0.3774989779999487,0.0,1.0000000000000002,0.0002246636877756,0.0002246636877756,0.0036805969432513,False,True,0.9110240289224958,,,,,,,,,,
12,5,5,25,3125,xy,expectation,3,3,120,6.157573563650201,360,0.4696432349999213,0.0,1.0,2.7782569999324564e-05,2.7782569999324564e-05,0.0051619010073596,False,True,0.908364546757026,,,,,,,,,,
12,5,5,25,3125,xy,cvar,1,3,120,5.458466981917363,151,0.127728437000087,0.0,1.0,0.000849511531776,0.000849511531776,0.0034429807283395,False,True,0.5003561005262764,,,,,,,,,,
12,5,5,25,3125,xy,cvar,2,3,120,5.455328699721094,335,0.3773583830000007,0.0,0.9999999999999996,0.000609270623638,0.000609270623638,0.0031838071679399,False,True,0.9761156689196232,,,,,,,,,,
12,5,5,25,3125,xy,cvar,3,3,120,5.445417049290854,360,0.4935256379999373,0.0,1.0000000000000002,0.0021104651343874,0.0021104651343874,0.0067359877858022,False,True,0.9362053418860424,,,,,,,,,,
12,5,5,25,3125,penalty_x,expectation,1,3,120,80.72626495361328,112,4.742385688000013,2.012363830382193,0.0002846471905186,9.684497825901417e-08,0.0003402281191763,0.0004879059682309,False,False,0.9316674841338908,,,,,,,,,,
12,5,5,25,3125,penalty_x,expectation,2,3,120,81.80709838867188,279,22.85399547599991,2.012363830382193,0.000491710850034,3.611888788057626e-09,7.345554379789908e-06,0.0040839914926631,False,False,0.4788537824948769,,,,,,,,,,
12,5,5,25,3125,penalty_x,expectation,3,3,120,77.10563659667969,360,43.86419309500002,2.012363830382193,0.000303933630903,1.742151845007811e-08,5.732014057909938e-05,0.0121515791881134,False,False,0.4926488027876466,,,,,,,,,,
12,5,5,25,3125,penalty_x,cvar,1,3,120,26.91334342956543,275,11.882670169999985,2.012363830382193,0.000968020176618,3.1288911372939765e-07,0.0003232258183114,0.0013298279415164,False,False,0.4842967369895475,,,,,,,,,,
12,5,5,25,3125,penalty_x,cvar,2,3,120,29.318212189461253,360,29.94171341399988,2.012363830382193,0.0004414073068349,5.825269866477357e-08,0.0001319703995895,0.0013796400844502,False,False,0.9147021358333052,,,,,,,,,,
12,5,5,25,3125,penalty_x,cvar,3,3,120,29.622432708740234,360,44.334776616,2.012363830382193,0.0007479906841873,6.120916395957465e-08,8.183145225408014e-05,0.0071766263345396,False,False,0.4926192717902737,,,,,,,,,,
13,5,4,20,1024,xy,expectation,1,3,120,5.603151488432197,163,0.1070220560000052,0.0,1.0,0.0068020833213616,0.0068020833213616,0.0085318753159309,False,True,0.9872204452482686,,,,,,,,,,
13,5,4,20,1024,xy,expectation,2,3,120,5.5284649218940425,360,0.2989286559998163,0.0,0.9999999999999992,0.0347688995544668,0.0347688995544668,0.0347688995544668,True,True,1.0,,,,,,,,,,
13,5,4,20,1024,xy,expectation,3,3,120,5.397561429240273,360,0.3551472630001626,0.0,0.9999999999999988,0.0459561497672418,0.0459561497672418,0.0459561497672418,True,True,1.0,,,,,,,,,,
13,5,4,20,1024,xy,cvar,1,3,120,5.361945980036344,179,0.1245657899999059,0.0,1.0000000000000004,0.0041062185709981,0.0041062185709981,0.0059384414935287,False,True,0.9720206081737278,,,,,,,,,,
13,5,4,20,1024,xy,cvar,2,3,120,5.241323197284588,316,0.2723118769999928,0.0,0.9999999999999998,0.1051015636028451,0.1051015636028451,0.1051015636028451,True,True,1.0,,,,,,,,,,
13,5,4,20,1024,xy,cvar,3,3,120,5.23365463273944,360,0.3712224450000576,0.0,1.000000000000001,0.132748141323668,0.1327481413236678,0.1327481413236678,True,True,1.0,,,,,,,,,,
13,5,4,20,1024,penalty_x,expectation,1,3,120,39.49313354492188,135,0.2763239260000318,1.861157242220617,0.024074080714854,1.9467901438474652e-05,0.0008086664520677,0.0012395588441959,False,False,0.4857604923943808,,,,,,,,,,
13,5,4,20,1024,penalty_x,expectation,2,3,120,34.43292236328125,360,1.2021995370000695,1.861157242220617,0.0008364515275998,1.2466654197851312e-07,0.0001490421594856,0.0076044409909975,False,False,0.4751085095055153,,,,,,,,,,
13,5,4,20,1024,penalty_x,expectation,3,3,120,9.864402770996094,324,1.512633496000035,1.861157242220617,0.0219245404615548,3.0148525183903985e-05,0.0013751040865266,0.0014342165491753,False,False,0.4914289151163961,,,,,,,,,,
13,5,4,20,1024,penalty_x,cvar,1,3,120,12.16754390806483,157,0.3652494240000123,1.861157242220617,0.0078349787759179,5.144237093190895e-06,0.000656573200811,0.0015997168279704,False,False,0.4867403421784329,,,,,,,,,,
13,5,4,20,1024,penalty_x,cvar,2,3,120,5.656649310189404,352,1.3025928300000942,1.861157242220617,0.0701785036690125,8.463702397421002e-05,0.0012060249157404,0.0012060249157404,True,False,1.0,,,,,,,,,,
13,5,4,20,1024,penalty_x,cvar,3,3,120,5.67694616317749,360,1.7645458469999085,1.861157242220617,0.0515678735173423,7.8491801104974e-05,0.0015221066092356,0.0017184897978844,False,False,0.4940260068926196,,,,,,,,,,
14,4,4,16,256,xy,expectation,1,3,120,6.0490364945787976,146,0.1223795579999205,0.0,1.0000000000000004,0.0153242865324739,0.0153242865324739,0.0288022186866973,False,True,0.9720910154372676,,,,,,,,,,
14,4,4,16,256,xy,expectation,2,3,120,5.2227053250317415,360,0.2992782589999478,0.0,0.9999999999999992,0.0096744108484993,0.0096744108484993,0.0490376379897187,False,True,0.9720910154372676,,,,,,,,,,
14,4,4,16,256,xy,expectation,3,3,120,5.218998742733337,360,0.2927404570000362,0.0,1.0000000000000029,0.005026340027786,0.005026340027786,0.0522704655364502,False,True,0.9643121455900386,,,,,,,,,,
14,4,4,16,256,xy,cvar,1,3,120,4.783034839428454,137,0.1035411160000876,0.0,1.0,0.0073995918300722,0.0073995918300722,0.0933647264104875,False,True,0.978428590093607,,,,,,,,,,
14,4,4,16,256,xy,cvar,2,3,120,4.761603132062308,360,0.2945686470000055,0.0,1.0000000000000009,0.0689493605046149,0.0689493605046149,0.0689493605046149,True,True,1.0,,,,,,,,,,
14,4,4,16,256,xy,cvar,3,3,120,4.749459244337785,360,0.3028842660000919,0.0,1.0000000000000002,0.0590586475993963,0.0590586475993963,0.1783855270538004,False,True,0.9975222373052076,,,,,,,,,,
14,4,4,16,256,penalty_x,expectation,1,3,120,10.368011474609377,275,0.5206633420000344,2.021338367503929,0.0077457380829173,0.000123418692965,0.0159337550074474,0.0170425935850605,False,False,0.9887772184460228,,,,,,,,,,
14,4,4,16,256,penalty_x,expectation,2,3,120,11.028480529785156,360,1.0150245449999602,2.021338367503929,0.0043268187471312,1.1119213922938798e-05,0.0025698358477139,0.0116426302720742,False,False,0.4879034233488881,,,,,,,,,,
14,4,4,16,256,penalty_x,expectation,3,3,120,42.67358016967773,360,1.3864633430000597,2.021338367503929,0.0067990175795511,4.601296313921921e-05,0.0067675899644102,0.0371310194977856,False,False,0.3151105505500899,,,,,,,,,,
14,4,4,16,256,penalty_x,cvar,1,3,120,10.261774747160109,318,0.6757855659998313,2.021338367503929,0.0019597538446305,1.062646697391756e-05,0.0054223478132381,0.007987419960793,False,False,0.3214114566848366,,,,,,,,,,
14,4,4,16,256,penalty_x,cvar,2,3,120,7.5562872886657715,360,1.1195125009999174,2.021338367503929,0.0019186195691691,2.4669630874996077e-05,0.0128580106611124,0.0152168610857706,False,False,0.9887382735787116,,,,,,,,,,
14,4,4,16,256,penalty_x,cvar,3,3,120,9.977550270849434,360,1.4596319810000296,2.021338367503929,0.0047593847990903,2.087473831124953e-06,0.0004386016090827,0.0799923603628884,False,False,0.3141514462922651,,,,,,,,,,
15,4,3,12,81,xy,expectation,1,3,120,5.305386530784436,162,0.0958784760000526,0.0,1.0,0.0144766203445892,0.0144766203445892,0.7683474877111521,False,True,0.9996238727441522,,,,,,,,,,
15,4,3,12,81,xy,expectation,2,3,120,5.228351429352365,360,0.2505335519999789,0.0,0.9999999999999978,0.0024784391147602,0.0024784391147602,0.7972056091694277,False,True,0.9996238727441522,,,,,,,,,,
15,4,3,12,81,xy,expectation,3,3,120,4.853161184412078,360,0.2795860029998493,0.0,1.000000000000001,0.0724732654789786,0.0724732654789785,0.3226102082617955,False,True,0.9996238727441522,,,,,,,,,,
15,4,3,12,81,xy,cvar,1,3,120,4.6659414354467525,158,0.0969127729999854,0.0,1.0,0.0427993156487194,0.0427993156487194,0.2896829165933394,False,True,0.9996238727441522,,,,,,,,,,
15,4,3,12,81,xy,cvar,2,3,120,4.66536115263031,263,0.2177179739999246,0.0,1.0,0.1637744432673078,0.1637744432673078,0.2608188057849771,False,True,0.9971747737054936,,,,,,,,,,
15,4,3,12,81,xy,cvar,3,3,120,4.665096515081202,346,0.2499129810000795,0.0,0.9999999999999996,0.1631523388363694,0.1631523388363694,0.3619208819983338,False,True,0.9971747737054936,,,,,,,,,,
15,4,3,12,81,penalty_x,expectation,1,3,120,18.74106216430664,283,0.4520005429999401,2.00773433642965,0.008021585795177,3.409443888813257e-05,0.0042503364993779,0.0862208164062649,False,False,0.4832728163278837,,,,,,,,,,
15,4,3,12,81,penalty_x,expectation,2,3,120,26.91461753845215,350,0.8149527129999115,2.00773433642965,0.0108334579736038,2.1979612938594076e-05,0.0020288640055786,0.0478540181649137,False,False,0.9996238727441522,,,,,,,,,,
15,4,3,12,81,penalty_x,expectation,3,3,120,18.51846694946289,360,1.1459458869999253,2.00773433642965,0.0102043834163509,2.2999742213869467e-05,0.0022539080780731,0.0621470864635196,False,False,0.4793084101710701,,,,,,,,,,
15,4,3,12,81,penalty_x,cvar,1,3,120,7.499746292814391,222,0.4119051080001554,2.00773433642965,0.0068077659686878,6.96742699801689e-06,0.0010234527787916,0.083871546997385,False,False,0.4793084101710701,,,,,,,,,,
15,4,3,12,81,penalty_x,cvar,2,3,120,6.355042457580566,360,0.9374021400001312,2.00773433642965,0.023299390784814,0.0003307549050077,0.0141958606584408,0.0154653966915248,False,False,0.4781851048276568,,,,,,,,,,
15,4,3,12,81,penalty_x,cvar,3,3,120,7.279592342279516,360,1.211560931000122,2.00773433642965,0.0087854845922947,1.5082500794960652e-05,0.0017167522902707,0.1696037928503097,False,False,0.4832728163278837,,,,,,,,,,
16,3,3,9,27,xy,expectation,1,3,120,5.418084583679373,173,0.1027593660001002,0.0,1.0000000000000002,0.7382639303806875,0.7382639303806874,0.7382639303806874,True,True,1.0,,,,,,,,,,
16,3,3,9,27,xy,expectation,2,3,120,4.7199330106845006,360,0.2364557480000257,0.0,1.0,0.8996838840039699,0.8996838840039699,0.8996838840039699,True,True,1.0,,,,,,,,,,
16,3,3,9,27,xy,expectation,3,3,120,5.678566112779056,360,0.2600896280000597,0.0,1.0,0.2515374579713681,0.2515374579713681,0.4931429035412443,False,True,0.9779476938125268,,,,,,,,,,
16,3,3,9,27,xy,cvar,1,3,120,4.234020967810534,103,0.0608920580000358,0.0,0.9999999999999996,0.2669476767541214,0.2669476767541215,0.2669476767541215,True,True,1.0,,,,,,,,,,
16,3,3,9,27,xy,cvar,2,3,120,4.234020967810534,176,0.1150613549998524,0.0,1.0000000000000009,0.2570624461157612,0.257062446115761,0.257062446115761,True,True,1.0,,,,,,,,,,
16,3,3,9,27,xy,cvar,3,3,120,4.234020967810534,200,0.1379801040000075,0.0,1.0000000000000002,0.2538605981556333,0.2538605981556333,0.2538605981556333,True,True,1.0,,,,,,,,,,
16,3,3,9,27,penalty_x,expectation,1,3,120,14.756820678710938,272,0.3934300629998688,2.330276462614245,0.0323763874766882,0.0034850277006626,0.1076410301542108,0.1319732240089708,False,False,0.4618950526264484,,,,,,,,,,
16,3,3,9,27,penalty_x,expectation,2,3,120,21.46881866455078,360,0.7344059009999455,2.330276462614245,0.0443109743646346,0.0032797851599752,0.0740174461745293,0.0817108611148289,False,False,0.2977032851708939,,,,,,,,,,
16,3,3,9,27,penalty_x,expectation,3,3,120,21.252872467041016,360,0.929561018999948,2.330276462614245,0.0356623353582108,0.0001660862762946,0.0046571901314484,0.0989451072598417,False,False,0.4599772767440276,,,,,,,,,,
16,3,3,9,27,penalty_x,cvar,1,3,120,5.320985474703964,266,0.4554410729999745,2.330276462614245,0.101599280256778,0.007892794907093,0.0776855395741496,0.0871634730608659,False,False,0.4618950526264484,,,,,,,,,,
16,3,3,9,27,penalty_x,cvar,2,3,120,5.163273334503174,360,0.8500128200000745,2.330276462614245,0.0336672959238057,0.0016977061750367,0.0504259735881044,0.1404257478316059,False,False,0.4572505634939303,,,,,,,,,,
16,3,3,9,27,penalty_x,cvar,3,3,120,6.281583786010742,360,1.0342942400000084,2.330276462614245,0.0454058579505272,0.004285545554012,0.0943830982927677,0.1383949244735283,False,False,0.2977032851708939,,,,,,,,,,
16,5,5,25,3125,xy,expectation,1,3,120,5.696023689945899,133,0.1017257150001569,0.0,1.0000000000000009,0.0002246210537979,0.0002246210537979,0.0011068534433496,False,True,0.9226088350090714,1.0,5.3108339807648335,15.913976655086849,7.0178531294862205,5.696023689945895,0.9636721186338568,0.2256504910736242,0.7019407931184413,0.1094229739570964,0.37216
16,5,5,25,3125,xy,expectation,2,3,120,5.902289719497914,360,0.3634279689999857,0.0,1.0000000000000009,0.00041014868606,0.00041014868606,0.0105107887598659,False,True,0.9619138838959151,1.0,5.3108339807648335,15.913976655086849,7.0178531294862205,5.902289719497908,0.9442188267290392,0.3464845366123129,1.2817146439376923,0.2121629282396566,0.83008
16,5,5,25,3125,xy,expectation,3,3,120,5.515416003020256,360,0.4324394180002855,0.0,0.9999999999999968,0.0001254868443747,0.0001254868443747,0.0319183640181003,False,True,0.9916908893551988,1.0,5.3108339807648335,15.913976655086849,7.0178531294862205,5.515416003020274,0.9807055296208658,0.1198475262615999,0.3921463886710251,0.4889680326557987,0.99296
16,5,5,25,3125,xy,cvar,1,3,120,5.428352932344424,132,0.1060126399997898,0.0,0.9999999999999996,0.0009877489424514,0.0009877489424514,0.0068285021869447,False,True,0.9774291996939076,1.0,5.3108339807648335,15.913976655086849,7.0178531294862205,6.628418893905207,0.8757363780144906,0.7718629952846675,3.086715445160783,0.2432345442865479,0.95648
16,5,5,25,3125,xy,cvar,2,3,120,5.405539978748059,332,0.3467653650000102,0.0,0.9999999999999988,0.0034828044532449,0.0034828044532449,0.010032978883935,False,True,0.9633855388748797,1.0,5.3108339807648335,15.913976655086849,7.0178531294862205,6.447524848408075,0.8927967959540898,0.6658922768937068,10.883763916390324,0.3563465366991378,0.8448
16,5,5,25,3125,xy,cvar,3,3,120,5.400579211434142,360,0.4688193830002092,0.0,1.0000000000000002,0.0036287055332391,0.0036287055332391,0.0090796114060857,False,True,0.9216068708638449,1.0,5.3108339807648335,15.913976655086849,7.0178531294862205,6.049917492213233,0.930295806238818,0.432967323185564,11.339704791372236,0.3197360607548827,0.36384
16,5,5,25,3125,penalty_x,expectation,1,3,120,69.87867736816406,114,4.8732521860001725,2.0598231891113814,1.1243577572643548e-05,6.747146397145798e-09,0.0006000889266386,0.0010337640597277,False,False,0.9072055103083576,1.0,5.3108339807648335,15.913976655086849,7.0178531294862205,6.775177054430814,0.8618953720945178,0.8578363486799905,1.875277895745707,0.1098794156234604,0.29152
16,5,5,25,3125,penalty_x,expectation,2,3,120,61.08664321899414,308,25.235852282999986,2.0598231891113814,1.318089096273697e-05,6.23193774362818e-10,4.728009480729471e-05,0.0024183520178339,False,False,0.496436684960533,1.0,5.3108339807648335,15.913976655086849,7.0178531294862205,7.800748585112928,0.7651720173135078,1.4586330834150991,0.1477502962727959,0.0642404300202577,0.09408
16,5,5,25,3125,penalty_x,expectation,3,3,120,68.32406616210938,334,40.72980830899997,2.0598231891113814,0.0007014433820913,3.047798600164242e-07,0.0004345038641718,0.0013507636721835,False,False,0.9247177489519036,1.0,5.3108339807648335,15.913976655086849,7.0178531294862205,7.407912684563597,0.8022210236897661,1.228503327200251,1.3578245755369032,0.0864709571175512,0.38848
16,5,5,25,3125,penalty_x,cvar,1,3,120,6.485804441975488,286,12.358333577999929,2.0598231891113814,0.0147467673265282,1.714624886517413e-06,0.0001162712375228,0.0025394681802029,False,False,0.910574158233852,1.0,5.3108339807648335,15.913976655086849,7.0178531294862205,7.432236656820109,0.799926989458253,1.242752711733946,0.3633476172590003,0.0621025048199673,0.30176
16,5,5,25,3125,penalty_x,cvar,2,3,120,5.922128677368164,360,29.917200783000222,2.0598231891113814,0.0607043445428416,2.995834256580565e-05,0.0004935123308128,0.0006887682465095,False,False,0.5062554553147133,1.0,5.3108339807648335,15.913976655086849,7.0178531294862205,6.836692519036077,0.8560937464355293,0.8938731234586101,1.5422260337902354,0.124894621253426,0.19936
16,5,5,25,3125,penalty_x,cvar,3,3,120,23.390450550264056,360,44.30898560199967,2.0598231891113814,0.000586172784672,1.018933289742563e-06,0.0017382814698785,0.0267153866227288,False,False,0.915528730063243,1.0,5.3108339807648335,15.913976655086849,7.0178531294862205,6.728899938051964,0.8662598438176909,0.8307264498756844,5.43212959337036,0.1890719844347878,0.32576
17,5,4,20,1024,xy,expectation,1,3,120,5.447312805689471,164,0.1064076459997522,0.0,0.9999999999999998,0.005380412999792,0.005380412999792,0.0063139239098454,False,True,0.9964758600221792,1.0,5.153582574870367,11.01093891912794,5.868639160911295,5.447312805689472,0.9498527640192026,0.4107790020443119,5.509542911787025,0.2931920596041082,0.998046875
17,5,4,20,1024,xy,expectation,2,3,120,5.33209392359568,360,0.2918508040002052,0.0,0.9999999999999992,0.0247306620060284,0.0247306620060285,0.0308658328052628,False,True,0.9964758600221792,1.0,5.153582574870367,11.01093891912794,5.868639160911295,5.332093923595684,0.9695235634928844,0.2496464646437083,25.3241978941732,0.6489686609056716,0.998046875
17,5,4,20,1024,xy,expectation,3,3,120,5.293220111751814,360,0.3390124589996048,0.0,1.0000000000000036,0.0471702106739697,0.0471702106739695,0.125906949310732,False,True,0.9989553626492056,1.0,5.153582574870367,11.01093891912794,5.868639160911295,5.293220111751796,0.97616031385587,0.1952817995210199,48.302295730144856,0.7858456934510518,0.9990234375
17,5,4,20,1024,xy,cvar,1,3,120,5.281227423689353,155,0.1039586460001373,0.0,1.000000000000001,0.0046452366780901,0.0046452366780901,0.0095468787879551,False,True,0.98161110298835,1.0,5.153582574870367,11.01093891912794,5.868639160911295,5.754876412263972,0.8973438182597341,0.8409038517116579,4.756722358364302,0.2859774352669068,0.9833984375
17,5,4,20,1024,xy,cvar,2,3,120,5.169574718808024,360,0.3029803330000504,0.0,1.0000000000000004,0.0430886578318387,0.0430886578318386,0.1229218880637458,False,True,0.9989553626492056,1.0,5.153582574870367,11.01093891912794,5.868639160911295,5.3527839267503925,0.9659912526791512,0.2785812420565889,44.122785619802805,0.7551254758981205,0.9990234375
17,5,4,20,1024,xy,cvar,3,3,120,5.159978332289203,360,0.3505388779999521,0.0,1.0,0.0496153820360696,0.0496153820360696,0.1760481482399676,False,True,0.9989553626492056,1.0,5.153582574870367,11.01093891912794,5.868639160911295,5.290532629163794,0.9766191356229008,0.1915233800609851,50.80615120493531,0.8347519667111968,0.9990234375
17,5,4,20,1024,penalty_x,expectation,1,3,120,32.63707733154297,124,0.2538086740000835,1.8111667918279863,0.0075971555411342,9.752789992489852e-06,0.0012837423085106,0.005721235449277,False,False,0.9631348696614112,1.0,5.153582574870367,11.01093891912794,5.868639160911295,5.949049625301436,0.8641935023791188,1.11245328825702,1.3145521239148608,0.0971730519939105,0.9140625
17,5,4,20,1024,penalty_x,expectation,2,3,120,8.395062446594238,257,0.8438683660001516,1.8111667918279863,0.0447603577140398,4.8696350859245285e-05,0.0010879348009314,0.0012342469459098,False,False,0.9577617079632376,1.0,5.153582574870367,11.01093891912794,5.868639160911295,5.796520643531576,0.8902340866982539,0.8991429226894901,1.114045236153824,0.1092080285494087,0.869140625
17,5,4,20,1024,penalty_x,expectation,3,3,120,25.355955123901367,360,1.634915581000314,1.8111667918279863,0.0096765973151224,3.342887112012249e-06,0.0003454610131174,0.0211205244288568,False,False,0.934716829350416,1.0,5.153582574870367,11.01093891912794,5.868639160911295,5.912219190475513,0.8704813962106134,1.0609462669318366,0.353752077432315,0.0602839145771735,0.595703125
17,5,4,20,1024,penalty_x,cvar,1,3,120,11.937831636538007,175,0.4086722939996434,1.8111667918279863,0.0079988265813426,7.71876239014091e-06,0.0009649868404629,0.0018347015053304,False,False,0.9087950448502452,1.0,5.153582574870367,11.01093891912794,5.868639160911295,5.827964456180915,0.8848658265478934,0.9431168028874686,0.9881465246340608,0.0970823710653737,0.26171875
17,5,4,20,1024,penalty_x,cvar,2,3,120,5.533960159544926,331,1.187607035000383,1.8111667918279863,0.0852700993390556,9.107867663260548e-05,0.0010681197434806,0.0017749590459961,False,False,0.9410833928987272,1.0,5.153582574870367,11.01093891912794,5.868639160911295,5.730649513536929,0.9014799672838232,0.8070227586625325,1.093754617324232,0.1105086401671795,0.6943359375
17,5,4,20,1024,penalty_x,cvar,3,3,120,7.583934257499487,360,1.7328164659998038,1.8111667918279863,0.0114336712372278,1.7181975636049174e-05,0.0015027522901047,0.0076233750201314,False,False,0.4844274047780951,1.0,5.153582574870367,11.01093891912794,5.868639160911295,6.180670551876611,0.8246499074598423,1.4363730046777812,1.538818345067286,0.1212813279254166,0.0537109375
18,4,4,16,256,xy,expectation,1,3,120,6.452437763285102,165,0.0985493489997679,0.0,1.0000000000000009,0.0038802812213286,0.0038802812213286,0.0178201863346682,False,True,0.941276501057236,1.0,4.33915576853811,15.095236214373108,8.697479230162271,6.452437763285097,0.8035267581542404,0.484884156340121,0.9933519926601324,0.1924078393370446,0.8828125
18,4,4,16,256,xy,expectation,2,3,120,5.327732302213279,360,0.2530535619998773,0.0,0.9999999999999992,0.2029526995175609,0.2029526995175611,0.2029526995175611,True,True,1.0,1.0,4.33915576853811,15.095236214373108,8.697479230162271,5.327732302213283,0.9080913778347602,0.226824957435989,51.95589107649565,0.6707368305973163,1.0
18,4,4,16,256,xy,expectation,3,3,120,4.985051422995776,360,0.2860152629996264,0.0,0.9999999999999992,0.2414353788252429,0.2414353788252431,0.2414353788252431,True,True,1.0,1.0,4.33915576853811,15.095236214373108,8.697479230162271,4.985051422995779,0.9399506485926504,0.1481981913790701,61.80745697926224,0.7092962789798684,1.0
18,4,4,16,256,xy,cvar,1,3,120,4.394578770866661,163,0.0996330000002672,0.0,0.9999999999999994,0.1069605704333605,0.1069605704333606,0.1069605704333606,True,True,1.0,1.0,4.33915576853811,15.095236214373108,8.697479230162271,6.972263582206221,0.7551982037576048,0.6041561249074578,27.381906030940325,0.3816067954326063,1.0
18,4,4,16,256,xy,cvar,2,3,120,4.339645590602757,273,0.1913932610000301,0.0,0.9999999999999996,0.2440765720064304,0.2440765720064305,0.2440765720064305,True,True,1.0,1.0,4.33915576853811,15.095236214373108,8.697479230162271,5.540028431455872,0.8883540645716567,0.27553546070907,62.48360243364621,0.6534058686372941,1.0
18,4,4,16,256,xy,cvar,3,3,120,4.33915576853811,322,0.2571835389999251,0.0,1.0000000000000004,0.2525590140277481,0.252559014027748,0.252559014027748,True,True,1.0,1.0,4.33915576853811,15.095236214373108,8.697479230162271,5.76290747120653,0.8676328510336004,0.3266741707458878,64.65510759110349,0.6445217644619389,1.0
18,4,4,16,256,penalty_x,expectation,1,3,120,45.9134521484375,126,0.2199520250001114,1.990996753379349,0.0029870754326566,8.010079909581691e-06,0.0026815793876546,0.008834366672446,False,False,0.941276501057236,1.0,4.33915576853811,15.095236214373108,8.697479230162271,8.595879495018753,0.6042495453695733,0.9766883444888564,0.686484323239595,0.1075911090303583,0.8828125
18,4,4,16,256,penalty_x,expectation,2,3,120,41.29369735717773,359,1.0014713770001435,1.990996753379349,0.0058437260851889,3.265127134000068e-06,0.0005587406196665,0.1044360722361127,False,False,0.9300745862575815,1.0,4.33915576853811,15.095236214373108,8.697479230162271,9.100264772517454,0.5573565084460711,1.0924175421814797,0.1430375986346383,0.037278591379098,0.8515625
18,4,4,16,256,penalty_x,expectation,3,3,120,40.53619384765625,360,1.3556666360000236,1.990996753379349,0.0106427487281592,8.10502842796268e-06,0.0007615540529034,0.0402153223676662,False,False,0.4550123939970472,1.0,4.33915576853811,15.095236214373108,8.697479230162271,8.596983575750883,0.6041468982447503,0.9769416714256594,0.1949578375432816,0.0981215952662381,0.52734375
18,4,4,16,256,penalty_x,cvar,1,3,120,15.911637316747033,299,0.6298381020001216,1.990996753379349,0.0027062293979831,7.527382877015043e-06,0.0027815021456144,0.0788852841439296,False,False,0.4520311313505241,1.0,4.33915576853811,15.095236214373108,8.697479230162271,8.73730158221602,0.5911014392439792,1.0091370804403097,0.7120645492772999,0.1136987211487367,0.42578125
18,4,4,16,256,penalty_x,cvar,2,3,120,8.601227760314941,327,0.9919967949999772,1.990996753379349,0.0085084091886358,1.566995524626691e-05,0.0018417021206733,0.0374605066131618,False,False,0.4520311313505241,1.0,4.33915576853811,15.095236214373108,8.697479230162271,8.500974224398236,0.6130729519160786,0.9549127072613364,0.4714757428923684,0.083053416339532,0.42578125
18,4,4,16,256,penalty_x,cvar,3,3,120,12.10917854309082,360,1.455238078000093,1.990996753379349,0.0048119150670524,9.495623089605942e-06,0.001973356336778,0.0495875061767352,False,False,0.4517336999388348,1.0,4.33915576853811,15.095236214373108,8.697479230162271,8.68348687508258,0.596104628593895,0.9967895097271016,0.5051792222151896,0.0986730250614231,0.41796875
19,4,3,12,81,xy,expectation,1,3,120,4.733501683889695,137,0.078610411000227,0.0,1.0000000000000004,0.1001511611443662,0.1001511611443662,0.7818924615745829,False,True,0.9986079045383748,1.0,4.6031195122162,9.959575797600376,6.990260926402841,4.733501683889692,0.975658875060876,0.0546185370077527,8.112244052693665,0.9365525414440812,0.9876543209876544
19,4,3,12,81,xy,expectation,2,3,120,4.7549574517166056,360,0.248316910000085,0.0,0.9999999999999998,0.0681762820365846,0.0681762820365846,0.1517569172412615,False,True,0.9986079045383748,1.0,4.6031195122162,9.959575797600376,6.990260926402841,4.7549574517166056,0.9716532850431886,0.0636065959888433,5.522278844963359,0.2774743373107942,0.9876543209876544
19,4,3,12,81,xy,expectation,3,3,120,4.641338321468401,360,0.2634138940002231,0.0,0.9999999999999988,0.0656547661076814,0.0656547661076815,0.664136911816392,False,True,0.9986079045383748,1.0,4.6031195122162,9.959575797600376,6.990260926402841,4.641338321468407,0.9928649078390704,0.0160102828534057,5.318036054722203,0.8582615992568561,0.9876543209876544
19,4,3,12,81,xy,cvar,1,3,120,4.6031195122162,80,0.0488437990002239,0.0,0.9999999999999996,0.3516660111975147,0.3516660111975149,0.3516660111975149,True,True,1.0,1.0,4.6031195122162,9.959575797600376,6.990260926402841,6.304385466051085,0.6823896503221688,0.7126791666904866,28.484946906998708,0.4584418787639199,1.0
19,4,3,12,81,xy,cvar,2,3,120,4.6031195122162,113,0.0704744859999664,0.0,1.0000000000000016,0.2533611825355451,0.2533611825355447,0.2533611825355447,True,True,1.0,1.0,4.6031195122162,9.959575797600376,6.990260926402841,6.783932279517996,0.5928627713713556,0.9135666426552506,20.522255785379127,0.465572290816295,1.0
19,4,3,12,81,xy,cvar,3,3,120,4.6031195122162,179,0.1249860849998185,0.0,1.000000000000001,0.2501048001134846,0.2501048001134843,0.2501048001134843,True,True,1.0,1.0,4.6031195122162,9.959575797600376,6.990260926402841,5.644518665757616,0.8055805745333876,0.4362536493868533,20.25848880919223,0.4587325487374671,1.0
19,4,3,12,81,penalty_x,expectation,1,3,120,16.772235870361328,209,0.3266417569998339,2.1240593750070498,0.0742904806393198,0.0009624393424019,0.0129550829947454,0.0173317379862458,False,False,0.934469008913518,1.0,4.6031195122162,9.959575797600376,6.990260926402841,6.985456040373336,0.5552401809648541,0.9979871799798078,1.0493617225743848,0.0906475765975404,0.5061728395061729
19,4,3,12,81,penalty_x,expectation,2,3,120,20.825109481811523,305,0.7128106590002972,2.1240593750070498,0.0079478601783193,6.978341389185516e-06,0.0008780151176062,0.0378609485481966,False,False,0.9466738336637468,1.0,4.6031195122162,9.959575797600376,6.990260926402841,6.932385913755433,0.5651478743707934,0.9757555156542216,0.0711192245261102,0.1078219004387192,0.5555555555555556
19,4,3,12,81,penalty_x,expectation,3,3,120,18.674217224121094,360,1.1224060449999342,2.1240593750070498,0.0247572262828441,3.5282930184621364e-05,0.0014251568322526,0.1049747101362516,False,False,0.9515106235548356,1.0,4.6031195122162,9.959575797600376,6.990260926402841,6.608504687813093,0.6256134524855806,0.8400780798653179,0.1154377034124683,0.0496074044889802,0.6172839506172839
19,4,3,12,81,penalty_x,cvar,1,3,120,5.355228424072266,170,0.3082374339996931,2.1240593750070498,0.1021655838703736,0.0013366939965635,0.0130836035573342,0.016603004415645,False,False,0.9120217493608436,1.0,4.6031195122162,9.959575797600376,6.990260926402841,6.972049097360252,0.5577431311055407,0.9923708629349072,1.059771888144076,0.0946354518473628,0.4567901234567901
19,4,3,12,81,penalty_x,cvar,2,3,120,7.783244120075948,325,0.8445386000003055,2.1240593750070498,0.0882906733313575,0.0011500059626996,0.0130252258739,0.0173325757547678,False,False,0.9961087628499578,1.0,4.6031195122162,9.959575797600376,6.990260926402841,6.963464393432592,0.5593458145720489,0.9887746352976836,1.0550432957859008,0.1206468746490895,0.9629629629629628
19,4,3,12,81,penalty_x,cvar,3,3,120,4.893927467593256,360,1.2203403099997558,2.1240593750070498,0.0743413571326527,0.0015267841517925,0.0205374802220542,0.0249327564534323,False,False,0.9724995938834043,1.0,4.6031195122162,9.959575797600376,6.990260926402841,7.034948787095391,0.5460003507328587,1.0187202402115654,1.6635358979863923,0.0933195766441179,0.7777777777777778
20,3,3,9,27,xy,expectation,1,3,120,5.761522868242577,126,0.0693087419999756,0.0,0.9999999999999992,0.6721478562554908,0.6721478562554912,0.6721478562554912,True,True,1.0,1.0,4.08450317006357,14.111204892469226,9.502203506529431,5.761522868242581,0.832744630825953,0.3095445657802816,18.147992118898262,0.672841117367966,1.0
20,3,3,9,27,xy,expectation,2,3,120,5.291619696213975,342,0.2254742320001241,0.0,1.0,0.7586255085540611,0.7586255085540611,0.7586255085540611,True,True,1.0,1.0,4.08450317006357,14.111204892469226,9.502203506529431,5.291619696213975,0.8796098099285247,0.2228097626635889,20.48288873095965,0.7612189557597457,1.0
20,3,3,9,27,xy,expectation,3,3,120,6.271029301016158,360,0.2637038860002576,0.0,1.0,0.5847090056790367,0.5847090056790367,0.5847090056790367,True,True,1.0,1.0,4.08450317006357,14.111204892469226,9.502203506529431,6.271029301016158,0.7819296722404159,0.4035893451388136,15.787143153333991,0.5900301929066021,1.0
20,3,3,9,27,xy,cvar,1,3,120,4.08450317006357,100,0.0565789680003945,0.0,0.9999999999999998,0.4350375369091137,0.4350375369091138,0.4350375369091138,True,True,1.0,1.0,4.08450317006357,14.111204892469226,9.502203506529431,6.956570857012689,0.7135580805668927,0.5301267158719708,11.746013496546077,0.4369670408860452,1.0
20,3,3,9,27,xy,cvar,2,3,120,4.08450317006357,80,0.0436311629996453,0.0,1.0,0.2584004813252813,0.2584004813252814,0.2715008046593755,False,True,0.4570361483869647,1.0,4.08450317006357,14.111204892469226,9.502203506529431,7.887108365169298,0.6207521376038911,0.7018854788831468,6.9768129957825975,0.3265283184369258,0.5555555555555556
20,3,3,9,27,xy,cvar,3,3,120,4.08450317006357,96,0.0550280059997021,0.0,1.0,0.2770648211801507,0.2770648211801507,0.2770648211801507,True,True,1.0,1.0,4.08450317006357,14.111204892469226,9.502203506529431,8.30922010513866,0.5786533745554091,0.7797989317790519,7.48075017186407,0.3904015298332294,1.0
20,3,3,9,27,penalty_x,expectation,1,3,120,7.434061050415039,159,0.2144908579998627,2.499889383766693,0.0508099619764834,0.008364182896912,0.1646169879202688,0.1646169879202688,True,False,1.0,1.0,4.08450317006357,14.111204892469226,9.502203506529431,8.273610676663637,0.5822048343934385,0.773226137740345,4.444658673847259,0.233750009307963,1.0
20,3,3,9,27,penalty_x,expectation,2,3,120,23.396697998046875,360,0.7225231440002062,2.499889383766693,0.0734229058725759,0.0047250208444893,0.0643534982487552,0.294559354995471,False,False,0.4502845625101675,1.0,4.08450317006357,14.111204892469226,9.502203506529431,8.744732036559617,0.535218160915039,0.8601857941696459,1.7375444527163917,0.0874809220684349,0.2962962962962963
20,3,3,9,27,penalty_x,expectation,3,3,120,15.625267028808594,360,0.929150061999735,2.499889383766693,0.024912626868172,0.0052564009092748,0.2109934426862989,0.2109934426862989,True,False,1.0,1.0,4.08450317006357,14.111204892469226,9.502203506529431,8.106584033152126,0.5988630185237466,0.7423963330006337,5.696822952530071,0.2393552909084406,1.0
20,3,3,9,27,penalty_x,cvar,1,3,120,4.781443595886231,255,0.4301589629999398,2.499889383766693,0.0639489685418084,0.0088942507281899,0.1390835682107222,0.1390835682107222,True,False,1.0,1.0,4.08450317006357,14.111204892469226,9.502203506529431,8.550306559424854,0.5546089319300279,0.824298708310336,3.755256341689501,0.2039410591679047,1.0
20,3,3,9,27,penalty_x,cvar,2,3,120,5.65190573357412,360,0.8172958360000848,2.499889383766693,0.0148626385052921,0.0019690040498971,0.1324801144289483,0.1324801144289483,True,False,1.0,1.0,4.08450317006357,14.111204892469226,9.502203506529431,9.106680275003251,0.4991197261092218,0.9269942582715468,3.5769630895816045,0.1448602400627424,1.0
20,3,3,9,27,penalty_x,cvar,3,3,120,5.205643964150188,360,1.0254117469999071,2.499889383766693,0.0229864405628177,0.003298936644569,0.1435166369300914,0.2219661454560289,False,False,0.4478096014554355,1.0,4.08450317006357,14.111204892469226,9.502203506529431,8.826388999452588,0.5270742103763988,0.8752580495218566,3.874949197112469,0.1889028968804853,0.2592592592592592
20,5,5,25,3125,xy,expectation,1,3,120,6.058722051737355,162,0.1210825190000832,0.0,1.0000000000000009,0.0002869415689585,0.0002869415689585,0.00178685775396,False,True,0.9092092128079066,1.0,5.028129107719829,16.138377578382233,7.541867895114088,6.058722051737349,0.9072394333269062,0.4099841038319786,0.8966924029955451,0.1119374162894519,0.55168
20,5,5,25,3125,xy,expectation,2,3,120,5.638892379276078,302,0.3000942900002883,0.0,1.0000000000000009,9.776551707847648e-05,9.77655170784764e-05,0.0047622419040146,False,True,0.8999817890019384,1.0,5.028129107719829,16.138377578382233,7.541867895114088,5.638892379276074,0.9450270375888516,0.2429700630069689,0.3055172408702387,0.0850404053353808,0.47904
20,5,5,25,3125,xy,expectation,3,3,120,5.547117512634478,360,0.4403549059998113,0.0,1.0,3.4383475758801644e-05,3.438347575880165e-05,0.0101909467184232,False,True,0.9050995317871288,1.0,5.028129107719829,16.138377578382233,7.541867895114088,5.54711751263448,0.9532874169029536,0.2064607538051453,0.1074483617462551,0.0823182690633189,0.51776
20,5,5,25,3125,xy,cvar,1,3,120,5.181987778156245,159,0.1291797260000748,0.0,1.0000000000000009,0.003278210760197,0.003278210760197,0.0060215866176766,False,True,0.992572012879394,1.0,5.028129107719829,16.138377578382233,7.541867895114088,5.959206268954365,0.9161965491867148,0.3703953513004785,10.244408625615876,0.3877713224504627,0.99904
20,5,5,25,3125,xy,cvar,2,3,120,5.254386212559495,360,0.383929696999985,0.0,1.0000000000000018,0.0002387772032438,0.0002387772032438,0.00490005786534,False,True,0.9410047568508244,1.0,5.028129107719829,16.138377578382233,7.541867895114088,6.6803847582711775,0.8512854456032846,0.657290112575331,0.7461787601369098,0.1856542601891248,0.856
20,5,5,25,3125,xy,cvar,3,3,120,5.202985454007084,360,0.4612721709995639,0.0,0.999999999999999,0.000513686746437,0.000513686746437,0.0108517910118792,False,True,0.9943136153483636,1.0,5.028129107719829,16.138377578382233,7.541867895114088,6.535149706020802,0.8643576151982203,0.5995136033458555,1.605271082615807,0.3016542180068436,0.99936
20,5,5,25,3125,penalty_x,expectation,1,3,120,69.24436950683594,147,6.199715757999911,1.877768835036264,2.4776727407818663e-05,4.742596093620932e-09,0.0001914133378294,0.0011382294598573,False,False,0.9217278907030858,1.0,5.028129107719829,16.138377578382233,7.541867895114088,7.632723836998442,0.765568273638859,1.036143748244636,0.5981666807170243,0.0825816979843382,0.67424
20,5,5,25,3125,penalty_x,expectation,2,3,120,70.24850463867188,299,24.49060998599998,1.877768835036264,4.632194427095504e-05,2.2461209780999525e-08,0.0004848935020865,0.0012797850762389,False,False,0.9283901994493928,1.0,5.028129107719829,16.138377578382233,7.541867895114088,7.546159847254458,0.7733596376189324,1.0017073978258575,1.5152921940203428,0.1127344533118254,0.74144
20,5,5,25,3125,penalty_x,expectation,3,3,120,68.92613983154297,360,43.89165959900038,1.877768835036264,0.0001180034295023,3.643176427203798e-08,0.0003087347920793,0.0023996951327286,False,False,0.9441853301543432,1.0,5.028129107719829,16.138377578382233,7.541867895114088,7.46064583214843,0.7810564965444403,0.9676887418163872,0.9647962252478384,0.1066487186198535,0.87744
20,5,5,25,3125,penalty_x,cvar,1,3,120,5.753196239471436,325,14.05215080700009,1.877768835036264,0.02665426891906,1.7576399841345847e-05,0.0006594215693823,0.0009320002572402,False,False,0.9259357454422352,1.0,5.028129107719829,16.138377578382233,7.541867895114088,7.425212800450809,0.7842457170007772,0.9535929925383364,2.0606924043198496,0.1322216146290657,0.71744
20,5,5,25,3125,penalty_x,cvar,2,3,120,27.40662302812981,347,28.87193300300032,1.877768835036264,0.0010874370379035,2.875722202588804e-06,0.0026444953614351,0.045688359624104,False,False,0.9277757689649796,1.0,5.028129107719829,16.138377578382233,7.541867895114088,7.21214284852527,0.8034235015920191,0.8688308235357218,8.264048004484962,0.2766206438208586,0.73568
20,5,5,25,3125,penalty_x,cvar,3,3,120,30.849466255275384,360,44.35713670299992,1.877768835036264,0.0006669898255154,2.4398835307692934e-07,0.0003658052098296,0.0044647499846495,False,False,0.8974881814155593,1.0,5.028129107719829,16.138377578382233,7.541867895114088,7.640860173242962,0.7648359465207027,1.0393804951514036,1.1431412807176915,0.0965902014997243,0.46176
21,5,4,20,1024,xy,expectation,1,3,120,5.627409583737458,200,0.1346405630001754,0.0,1.000000000000001,0.0372986536694314,0.0372986536694314,0.0377881305911321,False,True,0.964170650485082,1.0,5.185016175160582,15.814399067921066,7.434103809623424,5.62740958373745,0.9583801418163068,0.1966990533397005,38.19382135749779,0.3983047365928271,0.916015625
21,5,4,20,1024,xy,expectation,2,3,120,5.505339183697855,360,0.2884110120003242,0.0,0.9999999999999982,0.1896264455242203,0.1896264455242206,0.1896264455242206,True,True,1.0,1.0,5.185016175160582,15.814399067921066,7.434103809623424,5.505339183697866,0.9698643833071954,0.1424235337160563,194.17748021680197,0.8033193090291842,1.0
21,5,4,20,1024,xy,expectation,3,3,120,5.491179397746539,360,0.339496142000371,0.0,0.9999999999999998,0.0614433455938096,0.0614433455938096,0.0614433455938096,True,True,1.0,1.0,5.185016175160582,15.814399067921066,7.434103809623424,5.49117939774654,0.971196519527537,0.1361277425986473,62.91798588806108,0.5383207817781522,1.0
21,5,4,20,1024,xy,cvar,1,3,120,5.252002888932821,156,0.1060517400001117,0.0,1.000000000000001,0.057142722678142,0.0571427226781419,0.0571427226781419,True,True,1.0,1.0,5.185016175160582,15.814399067921066,7.434103809623424,5.860870487554514,0.936416411073662,0.3005015465105917,58.51414802241739,0.4456372238308289,1.0
21,5,4,20,1024,xy,cvar,2,3,120,5.186330251774244,331,0.2767262899997149,0.0,0.9999999999999996,0.2283227129850418,0.2283227129850419,0.2283227129850419,True,True,1.0,1.0,5.185016175160582,15.814399067921066,7.434103809623424,5.588773839650044,0.9620149477572724,0.1795206457510458,233.80245809668293,0.7598827140944867,1.0
21,5,4,20,1024,xy,cvar,3,3,120,5.202712037665082,360,0.3473755810000511,0.0,1.0000000000000009,0.1608948390972269,0.1608948390972268,0.1608948390972268,True,True,1.0,1.0,5.185016175160582,15.814399067921066,7.434103809623424,6.18853714853844,0.9055899120859272,0.4461902497710068,164.7563152355603,0.565884138758966,1.0
21,5,4,20,1024,penalty_x,expectation,1,3,120,42.0673713684082,134,0.2733456389996718,1.886668920054642,0.0023626029822772,5.87828708376037e-07,0.0002488055389693,0.020864975481626,False,False,0.329409399488514,1.0,5.185016175160582,15.814399067921066,7.434103809623424,9.324576103952287,0.6105550086439072,1.840550748383966,0.2547768719045935,0.04118721872971,0.0107421875
21,5,4,20,1024,penalty_x,expectation,2,3,120,33.061527252197266,360,1.2011238430000049,1.886668920054642,0.0013757732158879,4.1330829958496906e-07,0.000300418917022,0.0044661581021865,False,False,0.9456398477834012,1.0,5.185016175160582,15.814399067921066,7.434103809623424,7.354382555510897,0.795908529946001,0.9645539582847038,0.3076289710305632,0.0901647665482318,0.740234375
21,5,4,20,1024,penalty_x,expectation,3,3,120,40.952674865722656,360,1.6347112839998772,1.886668920054642,0.0012700492951448,2.831474148479174e-07,0.0002229420668397,0.0943582833364329,False,False,0.4885913870806434,1.0,5.185016175160582,15.814399067921066,7.434103809623424,8.977575023208338,0.6432004673920617,1.686265483805191,0.2282926764438657,0.0391152112220248,0.216796875
21,5,4,20,1024,penalty_x,cvar,1,3,120,19.9218692779541,140,0.3233949240002403,1.886668920054642,0.0015747811328458,2.201176812377525e-06,0.0013977668175384,0.0094981342173688,False,False,0.9622898989934706,1.0,5.185016175160582,15.814399067921066,7.434103809623424,6.961664002781728,0.8328550353726373,0.7899415747067896,1.431313221159396,0.1291475402336215,0.90625
21,5,4,20,1024,penalty_x,cvar,2,3,120,16.52344315964661,323,1.1457156859996758,1.886668920054642,0.0011969729390869,2.843569291144377e-08,2.3756337326334865e-05,0.0254350844317308,False,False,0.9210648320061048,1.0,5.185016175160582,15.814399067921066,7.434103809623424,7.8007788458585825,0.7539120852933469,1.1630327918826218,0.0243264894221669,0.0978484534647669,0.458984375
21,5,4,20,1024,penalty_x,cvar,3,3,120,15.55311581809019,360,1.738638212999831,1.886668920054642,0.0040081662354012,1.4498334621748654e-06,0.0003617198930946,0.0058616739776895,False,False,0.9210648320061048,1.0,5.185016175160582,15.814399067921066,7.434103809623424,7.663709606346278,0.766807400185584,1.102088417189529,0.3704011705289076,0.071118011865077,0.458984375
22,4,4,16,256,xy,expectation,1,3,120,5.575411796653762,158,0.0949223230004463,0.0,0.999999999999999,0.0057846388548458,0.0057846388548458,0.0216627943337072,False,True,0.9412013378898436,1.0,4.628273101653221,15.000641501239532,8.211634241295048,5.575411796653768,0.9086863618305032,0.2643157242853891,1.480867546840538,0.232238088261154,0.6953125
22,4,4,16,256,xy,expectation,2,3,120,6.48120167267459,348,0.2401866049999625,0.0,1.0,5.277127976681302e-06,5.277127976681302e-06,0.0729445649176791,False,True,0.9430733174205214,1.0,4.628273101653221,15.000641501239532,8.211634241295048,6.48120167267459,0.8213591631497325,0.5170923328164958,0.0013509447620304,0.0294406865294116,0.69921875
22,4,4,16,256,xy,expectation,3,3,120,4.897449862617444,360,0.2834496089999447,0.0,0.9999999999999994,0.000893299406769,0.000893299406769,0.0409506906107477,False,True,0.9412013378898436,1.0,4.628273101653221,15.000641501239532,8.211634241295048,4.897449862617448,0.9740486694461254,0.0751185131708862,0.2286846481328844,0.2423118893419962,0.6953125
22,4,4,16,256,xy,cvar,1,3,120,4.703516665339358,133,0.0798458160002155,0.0,1.0,0.0063260156656095,0.0063260156656095,0.0194566772918778,False,True,0.9412013378898436,1.0,4.628273101653221,15.000641501239532,8.211634241295048,5.591590702419383,0.9071265535839836,0.268830732718849,1.6194600103960437,0.2322673472232368,0.6953125
22,4,4,16,256,xy,cvar,2,3,120,4.646970824640234,319,0.2281448680000721,0.0,1.0000000000000002,0.0739926180033427,0.0739926180033427,0.1355398626774045,False,True,0.9848520197205812,1.0,4.628273101653221,15.000641501239532,8.211634241295048,5.8126001878885365,0.8858190298868915,0.3305073198270198,18.94211020885573,0.6399309465542642,0.9609375
22,4,4,16,256,xy,cvar,3,3,120,4.634933393446424,360,0.2875411210002312,0.0,1.0000000000000004,0.1831899071545662,0.1831899071545661,0.1839658181143605,False,True,0.9942060506479494,1.0,4.628273101653221,15.000641501239532,8.211634241295048,6.195950220955064,0.8488602545813579,0.4374878942451609,46.89661623156893,0.5380723832663449,0.98828125
22,4,4,16,256,penalty_x,expectation,1,3,120,43.727638244628906,144,0.2577465610002036,2.2176631237106106,0.0053194725979892,1.3306505024957003e-05,0.0025014707341451,0.0137625224946737,False,False,0.9546301832809514,1.0,4.628273101653221,15.000641501239532,8.211634241295048,7.987079344438307,0.6761775022453842,0.9373340034381278,0.6403765079411488,0.0994570783610776,0.765625
22,4,4,16,256,penalty_x,expectation,2,3,120,43.69639587402344,197,0.5393389509999906,2.2176631237106106,0.0050248482184542,1.2691824849753177e-05,0.0025258125813912,0.017212332657902,False,False,0.9546301832809514,1.0,4.628273101653221,15.000641501239532,8.211634241295048,7.941527150122053,0.6805691891351471,0.9246218618087728,0.6466080208361572,0.0954071654423716,0.765625
22,4,4,16,256,penalty_x,expectation,3,3,120,41.11555862426758,360,1.3790330609999728,2.2176631237106106,0.0088910604877696,4.3803989683510736e-05,0.0049267452115263,0.0328148807933278,False,False,0.9370534623282296,1.0,4.628273101653221,15.000641501239532,8.211634241295048,7.909245077778101,0.6836815036134142,0.9156129812952172,1.2612467741507574,0.103083923011745,0.6875
22,4,4,16,256,penalty_x,cvar,1,3,120,17.297057950847393,212,0.44557420000001,2.2176631237106106,0.0076176894594937,5.262855120236054e-05,0.0069087288845531,0.0114410978981015,False,False,0.4818733175881465,1.0,4.628273101653221,15.000641501239532,8.211634241295048,7.968638694612871,0.6779553652285552,0.9321878155137704,1.768634594445617,0.1272225824765405,0.61328125
22,4,4,16,256,penalty_x,cvar,2,3,120,12.612371040865307,360,1.1156664290001572,2.2176631237106106,0.0015452350687761,6.109899914008565e-06,0.0039540261785851,0.0391978588100971,False,False,0.4804785074392325,1.0,4.628273101653221,15.000641501239532,8.211634241295048,8.347005450611011,0.6414770276472144,1.0377777187508077,1.0122307017177858,0.0577436000333341,0.578125
22,4,4,16,256,penalty_x,cvar,3,3,120,13.555183410644531,360,1.4665888340000492,2.2176631237106106,0.0064521098182268,2.847727046173532e-05,0.0044136369751935,0.0345162870327599,False,False,0.4760717232415015,1.0,4.628273101653221,15.000641501239532,8.211634241295048,8.279916309841544,0.6479450914668664,1.0190553131223947,1.1298910656495456,0.104088886613927,0.39453125
23,4,3,12,81,xy,expectation,1,3,120,4.597245391793448,151,0.0893820759997652,0.0,0.9999999999999996,0.8218826167014203,0.8218826167014206,0.8218826167014206,True,True,1.0,1.0,4.579697683851137,14.98055533559926,7.031307708290978,4.59724539179345,0.9983128595227564,0.0071576261180946,66.57249195281507,0.9689987116004856,1.0
23,4,3,12,81,xy,expectation,2,3,120,4.605843326869978,360,0.2489243429999987,0.0,1.0000000000000004,0.6214436613047523,0.621443661304752,0.621443661304752,True,True,1.0,1.0,4.579697683851137,14.98055533559926,7.031307708290978,4.6058433268699766,0.9974862031676354,0.0106646827016517,50.33693656568492,0.9681777055641524,1.0
23,4,3,12,81,xy,expectation,3,3,120,4.670275806496466,360,0.2826678430001266,0.0,1.0000000000000002,0.2023454487275674,0.2023454487275674,0.2023454487275674,True,True,1.0,1.0,4.579697683851137,14.98055533559926,7.031307708290978,4.670275806496465,0.991291283307766,0.0369463828840495,16.38998134693296,0.7091461629451187,1.0
23,4,3,12,81,xy,cvar,1,3,120,4.579697683851137,112,0.0678443350002453,0.0,0.9999999999999992,0.6379240789423765,0.6379240789423769,0.6379240789423769,True,True,1.0,1.0,4.579697683851137,14.98055533559926,7.031307708290978,4.823131955338949,0.9765947886569818,0.0992956747039871,51.67185039433253,0.8260823742357841,1.0
23,4,3,12,81,xy,cvar,2,3,120,4.579697683851137,63,0.0359841290000986,0.0,1.0,0.600207750118911,0.6002077501189111,0.6002077501189111,True,True,1.0,1.0,4.579697683851137,14.98055533559926,7.031307708290978,4.921222657776212,0.9671637680890988,0.1393064029435547,48.6168277596318,0.8402585440412054,1.0
23,4,3,12,81,xy,cvar,3,3,120,4.579697683851137,87,0.0524007340000025,0.0,0.9999999999999988,0.2734054289965719,0.2734054289965723,0.2734054289965723,True,True,1.0,1.0,4.579697683851137,14.98055533559926,7.031307708290978,5.753336548604927,0.887159414728022,0.4787216780213444,22.14583974872236,0.7217400277900193,1.0
23,4,3,12,81,penalty_x,expectation,1,3,120,17.542144775390625,198,0.3146540679999816,2.0719149608044525,0.063667181355413,0.0007152868784032,0.0112347816123708,0.017693864390517,False,False,0.9634889670787754,1.0,4.579697683851137,14.98055533559926,7.031307708290978,6.817379813468103,0.7848559989434268,0.9127398351735186,0.9100173106020408,0.1196698622496456,0.7777777777777778
23,4,3,12,81,penalty_x,expectation,2,3,120,18.20172500610352,354,0.8406407299999046,2.0719149608044525,0.0066982047766259,0.0001471426949137,0.021967482306192,0.030672957014079,False,False,0.4660268420838747,1.0,4.579697683851137,14.98055533559926,7.031307708290978,6.693631644622598,0.7967538801556273,0.8622635491362317,1.779366066801557,0.1447779649700611,0.2098765432098765
23,4,3,12,81,penalty_x,expectation,3,3,120,20.39535140991211,360,1.128988615000253,2.0719149608044525,0.014939592331757,6.48689892841503e-05,0.0043420856368522,0.0988752360317833,False,False,0.4699005116265182,1.0,4.579697683851137,14.98055533559926,7.031307708290978,8.378846113867334,0.6347273891035654,1.549654468754365,0.3517089365850331,0.0582705675977461,0.3209876543209876
23,4,3,12,81,penalty_x,cvar,1,3,120,5.455318277440276,185,0.3424783290001869,2.0719149608044525,0.1069399375119246,0.0011260133469477,0.0105293997092729,0.0153466421971038,False,False,0.4704768777717221,1.0,4.579697683851137,14.98055533559926,7.031307708290978,6.9943429816353815,0.7678417128054432,0.9849222648434708,0.8528813764511111,0.1103773794878,0.3580246913580246
23,4,3,12,81,penalty_x,cvar,2,3,120,6.521052837371826,303,0.7891298970002936,2.0719149608044525,0.0183639620618123,0.0003331032057758,0.0181389617695043,0.0209716305710436,False,False,0.9951450784131476,1.0,4.579697683851137,14.98055533559926,7.031307708290978,7.031406348374489,0.7642782214107814,1.0000402348181512,1.4692559033298511,0.1398442255491972,0.9876543209876544
23,4,3,12,81,penalty_x,cvar,3,3,120,5.532309532165527,360,1.219031490999896,2.0719149608044525,0.0352412010979605,0.0002893604396376,0.0082108563449167,0.0488564182676041,False,False,0.9645018499006284,1.0,4.579697683851137,14.98055533559926,7.031307708290978,7.362839463145224,0.7324122805558914,1.1352302166940262,0.6650793639382547,0.0799986617484185,0.8024691358024691
24,3,3,9,27,xy,expectation,1,3,120,4.803407505581556,162,0.0918485219999638,0.0,1.0,0.0596561850151952,0.0596561850151952,0.3339100594687686,False,True,0.9661957591010304,1.0,4.0492335788519656,14.226491309563636,9.136260715952488,4.803407505581556,0.925896155262558,0.1482543549314444,1.6107169954102714,0.2536450711154587,0.8148148148148148
24,3,3,9,27,xy,expectation,2,3,120,4.582050337686365,360,0.2407698370002435,0.0,0.9999999999999992,0.0105607831612965,0.0105607831612965,0.4477070987547236,False,True,0.9718836351786788,1.0,4.0492335788519656,14.226491309563636,9.136260715952488,4.582050337686368,0.9476463333313714,0.1047403020417333,0.2851411453550066,0.1747820257670221,0.8518518518518519
24,3,3,9,27,xy,expectation,3,3,120,4.163694601279382,360,0.2655778319999626,0.0,1.0000000000000009,0.0045070244819108,0.0045070244819108,0.3981635090861606,False,True,0.9661957591010304,1.0,4.0492335788519656,14.226491309563636,9.136260715952488,4.163694601279379,0.9887532550067974,0.0225005724055667,0.1216896610115935,0.1328545617696964,0.8148148148148148
24,3,3,9,27,xy,cvar,1,3,120,4.0492335788519656,93,0.0533731489999809,0.0,0.9999999999999996,0.4738534331450871,0.4738534331450874,0.4738534331450874,True,True,1.0,1.0,4.0492335788519656,14.226491309563636,9.136260715952488,5.812545078262916,0.826740017196396,0.3466290727153451,12.79404269491736,0.5832338466135988,1.0
24,3,3,9,27,xy,cvar,2,3,120,4.0492335788519656,77,0.044409018999886,0.0,1.0,0.2857676229107161,0.2857676229107161,0.2857676229107161,True,True,1.0,1.0,4.0492335788519656,14.226491309563636,9.136260715952488,6.35158344366589,0.7737750260695297,0.4525924086432547,7.715725818589336,0.496539207699763,1.0
24,3,3,9,27,xy,cvar,3,3,120,4.0492335788519656,198,0.1368042570002217,0.0,0.9999999999999996,0.3443663502023965,0.3443663502023966,0.3443663502023966,True,True,1.0,1.0,4.0492335788519656,14.226491309563636,9.136260715952488,6.540787627299906,0.7551841454374064,0.4897858771534025,9.29789145546471,0.407084126453102,1.0
24,3,3,9,27,penalty_x,expectation,1,3,120,7.045491695404053,278,0.403586056000222,2.197576811751284,0.0716381653037387,0.0081971883773803,0.1144248787308426,0.1144248787308426,True,False,1.0,1.0,4.0492335788519656,14.226491309563636,9.136260715952488,6.679595592718757,0.7415451113192104,0.5170725343065561,3.089471725732752,0.2776639552825142,1.0
24,3,3,9,27,penalty_x,expectation,2,3,120,12.241995811462402,360,0.7354882409999846,2.197576811751284,0.0277111362665891,0.0003860039578285,0.0139295608132065,0.078763771901399,False,False,0.2854785964148211,1.0,4.0492335788519656,14.226491309563636,9.136260715952488,9.848329842669774,0.4301906842431619,1.1399774578602206,0.3760981419565764,0.0686196848817289,0.1111111111111111
24,3,3,9,27,penalty_x,expectation,3,3,120,17.2138729095459,360,0.9467295540002852,2.197576811751284,0.0316779188942746,0.0024633363354951,0.0777619370677892,0.0959692106593917,False,False,0.4377328225510136,1.0,4.0492335788519656,14.226491309563636,9.136260715952488,7.1795891312935405,0.6924165983342276,0.6153604980031224,2.099572300830309,0.2192367706673345,0.2592592592592592
24,3,3,9,27,penalty_x,cvar,1,3,120,4.403446197509766,207,0.350650609999775,2.197576811751284,0.1687047916930169,0.0104015115648508,0.0616551045199586,0.1013365889355371,False,False,0.9885176294252426,1.0,4.0492335788519656,14.226491309563636,9.136260715952488,7.546412632486199,0.6563731462670068,0.6874700998012641,1.6646878220388837,0.2227230725162682,0.9629629629629628
24,3,3,9,27,penalty_x,cvar,2,3,120,4.40500545501709,318,0.7322052620002069,2.197576811751284,0.0182766356974752,2.6518175218370743e-05,0.001450933074189,0.0770190381690913,False,False,0.4482752217743054,1.0,4.0492335788519656,14.226491309563636,9.136260715952488,10.077775193586897,0.4076457750949214,1.1850814733752433,0.0391751930031037,0.0397288286953601,0.7407407407407407
24,3,3,9,27,penalty_x,cvar,3,3,120,4.910450567060777,360,1.0397203449997503,2.197576811751284,0.0073027111875489,0.0007222932763397,0.0989075506054885,0.1002947857652158,False,False,0.9718836351786788,1.0,4.0492335788519656,14.226491309563636,9.136260715952488,6.404489289792529,0.7685765877940613,0.4629925588097021,2.6705038663481906,0.2971738248607951,0.8518518518518519
24,5,5,25,3125,xy,expectation,1,3,120,5.812188837762478,242,0.1897532530001626,0.0,1.0,0.000334844049402,0.000334844049402,0.0014897952007028,False,True,0.9336985555445092,1.0,5.256492247043841,16.18676038233799,6.958500152276366,5.812188837762478,0.9491598390963276,0.3264947178037453,1.046387654381471,0.1210410306687757,0.7744
24,5,5,25,3125,xy,expectation,2,3,120,5.748681737105473,360,0.3645532909999929,0.0,1.0,0.0001039529949984,0.0001039529949984,0.0038512428377874,False,True,0.9055911916216915,1.0,5.256492247043841,16.18676038233799,6.958500152276366,5.748681737105473,0.954970044287172,0.2891816709831263,0.324853109370211,0.0765891842960916,0.47968
24,5,5,25,3125,xy,expectation,3,3,120,5.74034191340467,360,0.4413389670003198,0.0,1.0000000000000002,9.128274759881296e-05,9.128274759881292e-05,0.0034616267368221,False,True,0.9210040635518414,1.0,5.256492247043841,16.18676038233799,6.958500152276366,5.740341913404669,0.9557330469507456,0.2842816798167136,0.2852585862462904,0.0899748003633721,0.64224
24,5,5,25,3125,xy,cvar,1,3,120,5.429649071712381,131,0.1082907579998391,0.0,1.0,0.0012327627308369,0.0012327627308369,0.0027390514076833,False,True,0.949579020739324,1.0,5.256492247043841,16.18676038233799,6.958500152276366,5.832184767107028,0.947330430238554,0.3382431528627574,3.852383533865316,0.2850640748344061,0.89376
24,5,5,25,3125,xy,cvar,2,3,120,5.385177189286239,360,0.384815331000027,0.0,0.9999999999999992,0.0036451231373766,0.0036451231373766,0.006058686284118,False,True,0.970066354085832,1.0,5.256492247043841,16.18676038233799,6.958500152276366,5.847568546510024,0.9459229826615524,0.3472817591792743,11.391009804301929,0.4322945863402428,0.97376
24,5,5,25,3125,xy,cvar,3,3,120,5.290576193176557,360,0.4633577560002777,0.0,1.0000000000000004,0.0265091954851597,0.0265091954851597,0.0499248807146193,False,True,0.9995011725964856,1.0,5.256492247043841,16.18676038233799,6.958500152276366,6.154313392721286,0.9178591838220004,0.5275070361995683,82.84123589112416,0.680430205298071,0.99936
24,5,5,25,3125,penalty_x,expectation,1,3,120,10.023207664489746,185,7.780135803000121,1.9557400120655464,0.0345295108238588,1.5253333003784064e-05,0.0004417477294014,0.0004578028693607,False,False,0.924679581139984,1.0,5.256492247043841,16.18676038233799,6.958500152276366,6.837312222852098,0.8553722602006675,0.9287970819338168,1.3804616543796804,0.1167305130255691,0.67968
24,5,5,25,3125,penalty_x,expectation,2,3,120,61.04825592041016,232,19.02059949099976,1.9557400120655464,0.0004006329399608,1.2096903390101946e-07,0.0003019448024239,0.000764664650025,False,False,0.8931203493630958,1.0,5.256492247043841,16.18676038233799,6.958500152276366,6.939112450406333,0.8460586526757505,0.9886089237244856,0.9435775075749716,0.0780069562665324,0.36832
24,5,5,25,3125,penalty_x,expectation,3,3,120,58.36554718017578,326,39.7333343549999,1.9557400120655464,0.0007818145384632,1.2690301787188218e-07,0.0001623185699786,0.0013881665270154,False,False,0.4875174349109349,1.0,5.256492247043841,16.18676038233799,6.958500152276366,7.210508784198673,0.8212288561480705,1.1480654885018753,0.5072455311833077,0.089582801564116,0.16352
24,5,5,25,3125,penalty_x,cvar,1,3,120,6.210660457611084,199,8.609709994999776,1.9557400120655464,0.0392498142973636,6.4663176999602e-06,0.0001647477272368,0.0011083435253869,False,False,0.4690288425007548,1.0,5.256492247043841,16.18676038233799,6.958500152276366,7.098630070768774,0.8314645349113974,1.0823321196462152,0.5148366476152455,0.0821981957162336,0.01408
24,5,5,25,3125,penalty_x,cvar,2,3,120,23.44721527795245,360,29.917243551999945,1.9557400120655464,0.0039928207619368,5.926236212872027e-07,0.0001484222950693,0.0006697366462764,False,False,0.4794034134153846,1.0,5.256492247043841,16.18676038233799,6.958500152276366,7.300523765894192,0.8129934697347347,1.2009530111853972,0.4638196720917061,0.0721140367128418,0.0752
24,5,5,25,3125,penalty_x,cvar,3,3,120,23.08168548832449,360,44.32544555300001,1.9557400120655464,0.0021925417072452,3.3427718904022186e-07,0.0001524610400502,0.0067220049228827,False,False,0.8931203493630958,1.0,5.256492247043841,16.18676038233799,6.958500152276366,6.7283261463399935,0.8653432943201496,0.864763256839911,0.4764407501571161,0.0535377823659024,0.36832
25,5,4,20,1024,xy,expectation,1,3,120,5.586733392651313,168,0.1114587580000261,0.0,0.9999999999999992,0.0289921627551112,0.0289921627551112,0.0292846779509832,False,True,0.9835504270177589,1.0,5.331297099177324,11.045255243601323,7.291611281493116,5.5867333926513165,0.9552960860024392,0.1303037522139618,29.68797466123395,0.3718657249989994,0.9853515625
25,5,4,20,1024,xy,expectation,2,3,120,5.5912364036886535,360,0.2854981759996917,0.0,1.0000000000000004,0.028237557516959,0.028237557516959,0.028237557516959,True,True,1.0,1.0,5.331297099177324,11.045255243601323,7.291611281493116,5.591236403688652,0.9545080138948882,0.1326008386085599,28.91525889736604,0.3696040468450735,1.0
25,5,4,20,1024,xy,expectation,3,3,120,5.524778402163475,360,0.3300891399999273,0.0,0.9999999999999966,0.0575492579139225,0.0575492579139227,0.0575492579139227,True,True,1.0,1.0,5.331297099177324,11.045255243601323,7.291611281493116,5.524778402163493,0.9661388308951864,0.0986991293189554,58.93044010385688,0.6013891569114949,1.0
25,5,4,20,1024,xy,cvar,1,3,120,5.386262818092972,160,0.1085262850001527,0.0,0.9999999999999996,0.0535376399108181,0.0535376399108181,0.0535376399108181,True,True,1.0,1.0,5.331297099177324,11.045255243601323,7.291611281493116,6.163531856310346,0.8543505681879796,0.424541517191837,54.822543268677805,0.5214523379148923,1.0
25,5,4,20,1024,xy,cvar,2,3,120,5.369574789618153,312,0.2619017440001698,0.0,0.9999999999999994,0.073194148959791,0.0731941489597911,0.0731941489597911,True,True,1.0,1.0,5.331297099177324,11.045255243601323,7.291611281493116,5.903396218051899,0.8998769146685365,0.2918405243585662,74.9508085348261,0.6977464971757821,1.0
25,5,4,20,1024,xy,cvar,3,3,120,5.365665897795195,360,0.3439026179999018,0.0,0.9999999999999992,0.0928368309321977,0.0928368309321978,0.0928368309321978,True,True,1.0,1.0,5.331297099177324,11.045255243601323,7.291611281493116,6.08154668389113,0.86869879586956,0.3827190516101392,95.06491487457058,0.6419228153537314,1.0
25,5,4,20,1024,penalty_x,expectation,1,3,120,39.77452850341797,120,0.2447897170000033,1.8491243212997597,0.0009137345131193,9.035102834786812e-07,0.0009888105029481,0.00101633525272,False,False,0.9072472584939656,1.0,5.331297099177324,11.045255243601323,7.291611281493116,7.2813030524597,0.658729394931725,0.9947415423882516,1.012541955018933,0.1010698668906127,0.390625
25,5,4,20,1024,penalty_x,expectation,2,3,120,28.426441192626957,329,1.088846924999871,1.8491243212997597,0.0016367387831608,1.5553736147921882e-06,0.0009502882382908,0.0098063932776107,False,False,0.8954896234099458,1.0,5.331297099177324,11.045255243601323,7.291611281493116,8.117442692135155,0.5123965694994269,1.4212750272848882,0.9730951560098076,0.0775816656802594,0.330078125
25,5,4,20,1024,penalty_x,expectation,3,3,120,35.91968536376953,340,1.5448719769997297,1.8491243212997597,0.0029663704618201,8.742587738197471e-07,0.0002947233951632,0.0046412672155691,False,False,0.490859404013678,1.0,5.331297099177324,11.045255243601323,7.291611281493116,7.349346193876712,0.6468211625475918,1.029451866901963,0.3017967566472161,0.0887030881832974,0.08984375
25,5,4,20,1024,penalty_x,cvar,1,3,120,18.943979263305664,157,0.3651775180001095,1.8491243212997597,0.0021363570302002,2.0560887605824973e-06,0.0009624275022933,0.0065573400719622,False,False,0.4951933857134126,1.0,5.331297099177324,11.045255243601323,7.291611281493116,7.270852348520551,0.6605583729667405,0.989410405148402,0.9855257623484248,0.0898524400933514,0.1953125
25,5,4,20,1024,penalty_x,cvar,2,3,120,13.514266967773438,360,1.301580923000074,1.8491243212997597,0.0003279635495443,1.621520482331107e-07,0.0004944209454325,0.0158956328150261,False,False,0.4933860542479686,1.0,5.331297099177324,11.045255243601323,7.291611281493116,8.655816006070555,0.418175838383156,1.6959112661042186,0.5062870481229197,0.0712140197451128,0.1416015625
25,5,4,20,1024,penalty_x,cvar,3,3,120,5.6678879656925245,345,1.6580822269997952,1.8491243212997597,0.0763736531002905,0.0001299573777941,0.001701599602988,0.0019885973935284,False,False,0.492827302060492,1.0,5.331297099177324,11.045255243601323,7.291611281493116,7.382201289254281,0.6410711912409887,1.0462119840678537,1.7424379934597265,0.1145781559671933,0.1318359375
26,4,4,16,256,xy,expectation,1,3,120,6.902692776420416,174,0.1064289190003364,0.0,1.0000000000000009,0.0075886363016242,0.0075886363016242,0.017003446159912,False,True,0.9513761172216716,1.0,4.645759614216298,20.098150466702656,10.164872308420405,6.9026927764204125,0.8539427856990193,0.4089304363315922,1.9426908932158105,0.2538926899040228,0.859375
26,4,4,16,256,xy,expectation,2,3,120,6.3428581519734495,360,0.2606514690000949,0.0,0.9999999999999984,0.0048747343632394,0.0048747343632394,0.0453764099689657,False,True,0.9469446991288958,1.0,4.645759614216298,20.098150466702656,10.164872308420405,6.342858151973458,0.8901724300169324,0.3074948151610254,1.247931996989304,0.3342204312144807,0.83984375
26,4,4,16,256,xy,expectation,3,3,120,6.27136373747398,360,0.28454439799998,0.0,1.0,0.0839097211037554,0.0839097211037554,0.0864840244981011,False,True,0.9949664603108146,1.0,4.645759614216298,20.098150466702656,10.164872308420405,6.27136373747398,0.8947991842313441,0.2945408462060956,21.480888602561397,0.5561741689359551,0.99609375
26,4,4,16,256,xy,cvar,1,3,120,4.711828200063136,138,0.0869812020000608,0.0,1.0,0.0033356881527617,0.0033356881527617,0.0789629919258852,False,True,0.9949664603108146,1.0,4.645759614216298,20.098150466702656,10.164872308420405,8.2787444536986,0.7648917326668748,0.6582552378931273,0.8539361671070057,0.3402230942583378,0.99609375
26,4,4,16,256,xy,cvar,2,3,120,4.673566936015281,360,0.2734853289998682,0.0,0.9999999999999984,0.0130459801796196,0.0130459801796196,0.210835145334894,False,True,0.9949664603108146,1.0,4.645759614216298,20.098150466702656,10.164872308420405,8.845680928954252,0.7282024927513293,0.7609776330801327,3.3397709259826387,0.3218755485604449,0.99609375
26,4,4,16,256,xy,cvar,3,3,120,4.649985156182934,360,0.2903785380003683,0.0,1.0,0.2050530074933751,0.2050530074933752,0.2050530074933752,True,True,1.0,1.0,4.645759614216298,20.098150466702656,10.164872308420405,6.496021492197006,0.8802604790647661,0.3352462579580518,52.49356991830405,0.6547704649630984,1.0
26,4,4,16,256,penalty_x,expectation,1,3,120,9.981124877929688,213,0.394707722000021,2.143796115208848,0.0145171071194027,0.000203795498237,0.0140382995427946,0.0148912848794842,False,False,0.9684473058437354,1.0,4.645759614216298,20.098150466702656,10.164872308420405,7.683355005811365,0.8034223039921163,0.5503774899876565,3.593804682955441,0.2877669109908413,0.9296875
26,4,4,16,256,penalty_x,expectation,2,3,120,50.12648010253906,290,0.8257709389999945,2.143796115208848,0.0051779301518504,4.226473720336799e-06,0.0008162477276419,0.0911103262361315,False,False,0.3114788079932643,1.0,4.645759614216298,20.098150466702656,10.164872308420405,12.583894580715082,0.4862843528694782,1.4382991263858438,0.2089594182763469,0.0220787341346113,0.1015625
26,4,4,16,256,penalty_x,expectation,3,3,120,10.809564590454102,360,1.371015565000107,2.143796115208848,0.0269897005631634,0.0002131646033376,0.0078979980840758,0.0196491057054699,False,False,0.4718428590635022,1.0,4.645759614216298,20.098150466702656,10.164872308420405,8.5980116572757,0.7442303860425931,0.7161027980475664,2.0218875095234177,0.1912624468415359,0.5
26,4,4,16,256,penalty_x,cvar,1,3,120,8.661734580993652,269,0.5681027480000012,2.143796115208848,0.0067186328133175,4.559883745969273e-05,0.0067869220906532,0.0081345617807687,False,False,0.4748001526218379,1.0,4.645759614216298,20.098150466702656,10.164872308420405,9.726540390117794,0.671197756748175,0.920579277396723,1.7374520552072403,0.1370419505276553,0.65625
26,4,4,16,256,penalty_x,cvar,2,3,120,11.047938346862791,360,1.1284745349998957,2.143796115208848,0.0091257013545025,7.199214451247826e-06,0.0007888943733289,0.0204560443954639,False,False,0.4685963317557992,1.0,4.645759614216298,20.098150466702656,10.164872308420405,10.317106550630893,0.6329793240052526,1.0275831008796683,0.2019569595722226,0.0525426850195145,0.34375
26,4,4,16,256,penalty_x,cvar,3,3,120,5.377156734466553,360,1.467228014000284,2.143796115208848,0.01219010296969,3.0665079975733534e-05,0.0025155718579228,0.0136075791498752,False,False,0.4679600682370713,1.0,4.645759614216298,20.098150466702656,10.164872308420405,10.332184576154052,0.6320035510218289,1.0303150663890868,0.6439863956282398,0.0966433790215257,0.31640625
27,4,3,12,81,xy,expectation,1,3,120,5.8687864483033,128,0.0747619000003396,0.0,0.999999999999999,0.010586383397847,0.0105863833978471,0.0460963814747833,False,True,0.9292643900691484,1.0,4.620047280968231,15.404854746598124,8.267736734162728,5.868786448303307,0.8842131237562948,0.3423370282361843,0.8574970552256157,0.12742631766604,0.7037037037037037
27,4,3,12,81,xy,expectation,2,3,120,4.785168574069516,337,0.2356517859998348,0.0,0.9999999999999992,0.8294275919462062,0.8294275919462069,0.8294275919462069,True,True,1.0,1.0,4.620047280968231,15.404854746598124,8.267736734162728,4.78516857406952,0.9846894537869578,0.0452673658818959,67.18363494764276,0.8921455206106099,1.0
27,4,3,12,81,xy,expectation,3,3,120,4.651408829281969,360,0.276390001999971,0.0,1.0000000000000009,0.9189363046387778,0.9189363046387772,0.9189363046387772,True,True,1.0,1.0,4.620047280968231,15.404854746598124,8.267736734162728,4.651408829281965,0.9970920622909886,0.0085976475563917,74.43384067574095,0.943086035569792,1.0
27,4,3,12,81,xy,cvar,1,3,120,4.641322149257374,136,0.0800719310000204,0.0,0.9999999999999998,0.054423790929789,0.054423790929789,0.0877099206058478,False,True,0.9907673255654004,1.0,4.620047280968231,15.404854746598124,8.267736734162728,6.462360539714142,0.8291751369120701,0.5050630768835018,4.408327065312911,0.3365525480952,0.9629629629629628
27,4,3,12,81,xy,cvar,2,3,120,4.620047280968231,95,0.0586550609996265,0.0,1.0000000000000016,0.2512349868587224,0.251234986858722,0.251234986858722,True,True,1.0,1.0,4.620047280968231,15.404854746598124,8.267736734162728,5.98925269470848,0.8730431286693091,0.3753623852329738,20.350033935556485,0.5151145269696054,1.0
27,4,3,12,81,xy,cvar,3,3,120,4.620047280968231,113,0.0703777670000818,0.0,1.000000000000001,0.2678153553565809,0.2678153553565807,0.2678153553565807,True,True,1.0,1.0,4.620047280968231,15.404854746598124,8.267736734162728,6.815581985236073,0.796423375079732,0.6018973743351651,21.69304378388304,0.4076788104229784,1.0
27,4,3,12,81,penalty_x,expectation,1,3,120,21.007862091064453,143,0.2215694200003781,1.9760225977270744,0.0858250531018711,0.0013271324569359,0.015463229080216,0.0161923595264265,False,False,0.9640572705606664,1.0,4.620047280968231,15.404854746598124,8.267736734162728,8.24598988548808,0.6637916239047041,0.9940381852803828,1.252521555497501,0.1117944141819994,0.8765432098765432
27,4,3,12,81,penalty_x,expectation,2,3,120,19.619701385498047,360,0.8506707690003168,1.9760225977270744,0.0287272526652486,0.0001296162226935,0.0045119602700602,0.0976280930638922,False,False,0.9254313948898012,1.0,4.620047280968231,15.404854746598124,8.267736734162728,8.282026346870486,0.6604502141023271,1.0039174422305177,0.3654687818748814,0.0302060211314555,0.6666666666666666
27,4,3,12,81,penalty_x,expectation,3,3,120,21.443405151367188,360,1.1151416099996825,1.9760225977270744,0.0167334519439918,9.295655036112294e-05,0.0055551329559648,0.1029300362129353,False,False,0.4618215246364671,1.0,4.620047280968231,15.404854746598124,8.267736734162728,8.464516754683396,0.6435291509869688,1.0539464839443329,0.4499657694331503,0.0717140686359867,0.2839506172839506
27,4,3,12,81,penalty_x,cvar,1,3,120,5.799638271331787,237,0.4433915059998981,1.9760225977270744,0.0831002210616134,0.0009678913047537,0.0116472771358344,0.0162197618213713,False,False,0.3015095451875159,1.0,4.620047280968231,15.404854746598124,8.267736734162728,8.38639964457713,0.6507724059412383,1.0325309793876456,0.943429448002593,0.1024620397280069,0.0246913580246913
27,4,3,12,81,penalty_x,cvar,2,3,120,7.298336029052734,349,0.9192304120001608,1.9760225977270744,0.0310493018569104,8.227214129874483e-05,0.0026497259641422,0.0329126337596333,False,False,0.4706591922219456,1.0,4.620047280968231,15.404854746598124,8.267736734162728,8.053288039998248,0.6816595224373347,0.9412097172974322,0.2146278030955196,0.1349380579023536,0.5308641975308642
27,4,3,12,81,penalty_x,cvar,3,3,120,6.239627094313253,360,1.2148790820001525,1.9760225977270744,0.020461637920107,9.830734779825434e-05,0.004804471087901,0.0528915935638713,False,False,0.9267186422046318,1.0,4.620047280968231,15.404854746598124,8.267736734162728,8.684375335895147,0.6231431976992149,1.1142198663231992,0.3891621581199865,0.0257459366031767,0.6790123456790124
28,3,3,9,27,xy,expectation,1,3,120,4.883174161231113,145,0.0806324919999497,0.0,1.0,0.8050194357572269,0.8050194357572269,0.8050194357572269,True,True,1.0,1.0,4.121155792681255,14.148917061963733,10.758730355862058,4.883174161231113,0.924009123463668,0.1148037376147666,21.735524765445128,0.851063922026857,1.0
28,3,3,9,27,xy,expectation,2,3,120,4.618934815804743,360,0.240442375999919,0.0,0.9999999999999996,0.0467392812095816,0.0467392812095816,0.5330374979694907,False,True,0.9728772563353142,1.0,4.121155792681255,14.148917061963733,10.758730355862058,4.618934815804745,0.9503599048924002,0.0749941139470904,1.261960592658706,0.9225879704465458,0.925925925925926
28,3,3,9,27,xy,expectation,3,3,120,5.0010696290909245,360,0.263705511000353,0.0,1.0,0.0109564684694026,0.0109564684694026,0.630497068742853,False,True,0.9885322887409383,1.0,4.121155792681255,14.148917061963733,10.758730355862058,5.0010696290909245,0.9122522153469026,0.1325655671411403,0.2958246486738703,0.838050693911853,0.9629629629629628
28,3,3,9,27,xy,cvar,1,3,120,4.121155792681255,109,0.064039994000268,0.0,0.9999999999999994,0.7842536324196158,0.7842536324196162,0.7842536324196162,True,True,1.0,1.0,4.121155792681255,14.148917061963733,10.758730355862058,4.950296984692196,0.9173154236777848,0.1249162904489629,21.17484807532964,0.8387075778276536,1.0
28,3,3,9,27,xy,cvar,2,3,120,4.121155792681255,202,0.1315956829998867,0.0,1.0000000000000009,0.2527924019620112,0.252792401962011,0.3313593635199206,False,True,0.9885322887409383,1.0,4.121155792681255,14.148917061963733,10.758730355862058,5.467578505380419,0.8657304779658457,0.2028486007777429,6.8253948529742985,0.7562160434264726,0.9629629629629628
28,3,3,9,27,xy,cvar,3,3,120,4.121155792681255,209,0.142714934000196,0.0,1.000000000000001,0.2536443598884825,0.2536443598884822,0.2536443598884822,True,True,1.0,1.0,4.121155792681255,14.148917061963733,10.758730355862058,7.591363441650794,0.6539399417495462,0.5228126051071545,6.8483977169890204,0.4183439288441049,1.0
28,3,3,9,27,penalty_x,expectation,1,3,120,7.798795223236084,310,0.4427484309999272,2.3784134247379707,0.0590206938541086,0.0081309685483574,0.1377647061970528,0.1578828677489302,False,False,0.4547352530503393,1.0,4.121155792681255,14.148917061963733,10.758730355862058,9.831423770500557,0.4305540564361787,0.8602943625665088,3.719647067320428,0.2061644857856402,0.8148148148148148
28,3,3,9,27,penalty_x,expectation,2,3,120,7.710770606994629,360,0.7255524349998268,2.3784134247379707,0.0958463142887922,0.0213823020458221,0.223089455285632,0.2268857245462338,False,False,0.4547352530503393,1.0,4.121155792681255,14.148917061963733,10.758730355862058,9.432783948380822,0.4703076775500826,0.8002363069732767,6.023415292712065,0.2513276998980111,0.8148148148148148
28,3,3,9,27,penalty_x,expectation,3,3,120,12.00765895843506,360,0.9317073530000926,2.3784134247379707,0.0111948420653789,0.0009683289681561,0.0864977783966043,0.1190387844544443,False,False,0.4547352530503393,1.0,4.121155792681255,14.148917061963733,10.758730355862058,10.777378169667886,0.3362204984500087,1.0028094319134686,2.3354400167083176,0.1296974854571537,0.8148148148148148
28,3,3,9,27,penalty_x,cvar,1,3,120,5.633565902709961,277,0.4633553280000342,2.3784134247379707,0.011240180081586,0.0003753126075025,0.0333902664172981,0.1257475270253351,False,False,0.2928651425404739,1.0,4.121155792681255,14.148917061963733,10.758730355862058,12.050844440554418,0.2092264230338461,1.1946666018427616,0.9015371932670504,0.0374780580494591,0.1851851851851851
28,3,3,9,27,penalty_x,cvar,2,3,120,4.357564926147461,360,0.8189438489998793,2.3784134247379707,0.1221638963615987,0.0151188410818576,0.1237586679218768,0.1946814228475688,False,False,0.2928651425404739,1.0,4.121155792681255,14.148917061963733,10.758730355862058,10.28250252594311,0.3855710594013051,0.9282527336776564,3.3414840338906755,0.1730838351215699,0.1851851851851851
28,3,3,9,27,penalty_x,cvar,3,3,120,5.101148909398848,360,1.0243881559999863,2.3784134247379707,0.0490826517243476,0.0037822176236659,0.077058135426488,0.1611156224551436,False,False,0.2944780198383724,1.0,4.121155792681255,14.148917061963733,10.758730355862058,10.725728703659698,0.3413711461989138,0.9950280555211504,2.080569656515177,0.1213634155329174,0.3703703703703703
28,5,5,25,3125,xy,expectation,1,3,120,6.8650699333632685,162,0.1230927179999525,0.0,1.000000000000001,0.0003299801055856,0.0003299801055856,0.0030468432003398,False,True,0.8867752822153772,1.0,5.1980328257396975,21.21140508661413,10.72619138137799,6.86506993336326,0.895897186397356,0.3015537797705374,1.0311878299551478,0.2416370413508325,0.75904
28,5,5,25,3125,xy,expectation,2,3,120,6.136863898564805,360,0.364710063000075,0.0,0.9999999999999996,6.611607138372763e-05,6.611607138372765e-05,0.0072529847383953,False,True,0.8994976249012244,1.0,5.1980328257396975,21.21140508661413,10.72619138137799,6.136863898564807,0.9413720572075278,0.1698270886003394,0.2066127230741489,0.168537649174825,0.78432
28,5,5,25,3125,xy,expectation,3,3,120,6.0122771786897085,360,0.4459172580000086,0.0,1.0000000000000029,5.448384332917086e-05,5.448384332917072e-05,0.015288334173409,False,True,0.8994976249012244,1.0,5.1980328257396975,21.21140508661413,10.72619138137799,6.0122771786896925,0.9491522247978058,0.1472903399486487,0.1702620104036585,0.1824687977623115,0.78432
28,5,5,25,3125,xy,cvar,1,3,120,5.483965258532051,170,0.1414273529999263,0.0,0.9999999999999992,0.000366055118625,0.000366055118625,0.0026700258131446,False,True,0.8867752822153772,1.0,5.1980328257396975,21.21140508661413,10.72619138137799,6.971735041494376,0.8892361841803693,0.3208486511201165,1.1439222457032876,0.244214911808671,0.75904
28,5,5,25,3125,xy,cvar,2,3,120,5.486986420284948,324,0.3477285640001355,0.0,1.0000000000000016,0.000452139291703,0.000452139291703,0.0126697273425022,False,True,0.9052849547305916,1.0,5.1980328257396975,21.21140508661413,10.72619138137799,8.201055875210841,0.8124677925081123,0.5432230315478728,1.412935286571964,0.2293936768642545,0.79936
28,5,5,25,3125,xy,cvar,3,3,120,5.479172586260733,360,0.4666830239998489,0.0,1.0000000000000009,0.0015876909345701,0.0015876909345701,0.0045766240522192,False,True,0.3250922411050164,1.0,5.1980328257396975,21.21140508661413,10.72619138137799,9.547407989728567,0.7283910538559248,0.7867674416741984,4.961534170531719,0.2178054919459802,0.06656
28,5,5,25,3125,penalty_x,expectation,1,3,120,85.73516082763672,159,6.690232855999966,2.01954823509894,0.0003433193376909,1.5307104916928438e-08,4.458561821737351e-05,0.0088780942164997,False,False,0.2477208374516328,1.0,5.1980328257396975,21.21140508661413,10.72619138137799,12.584681048390983,0.5387200083583189,1.3361860280070077,0.1393300569292922,0.051964057946064,0.01888
28,5,5,25,3125,penalty_x,expectation,2,3,120,12.119921684265137,360,29.466556997000225,2.01954823509894,0.0021004074643684,3.164324766657956e-07,0.0001506529004651,0.0010578510748469,False,False,0.4928005179085227,1.0,5.1980328257396975,21.21140508661413,10.72619138137799,10.928549893633498,0.6421417691078596,1.03660504853811,0.4707903139536473,0.0973682888091044,0.6592
28,5,5,25,3125,penalty_x,expectation,3,3,120,84.71895599365234,360,43.86074739700007,2.01954823509894,0.0003413067582438,3.620645472324213e-08,0.0001060818570061,0.005952086604144,False,False,0.4925003627709873,1.0,5.1980328257396975,21.21140508661413,10.72619138137799,11.274099652112008,0.6205629440578235,1.0991122568608662,0.331505803144113,0.0807672911626739,0.65536
28,5,5,25,3125,penalty_x,cvar,1,3,120,36.46564483642578,250,10.778546300000016,2.01954823509894,0.0001750908442539,4.663859840547957e-07,0.0026636800230306,0.0160686002807866,False,False,0.4973550781029561,1.0,5.1980328257396975,21.21140508661413,10.72619138137799,11.310705394177017,0.6182769956973743,1.105733945022772,8.324000071970913,0.1015167333299963,0.71232
28,5,5,25,3125,penalty_x,cvar,2,3,120,28.28787612915039,305,25.332658038999853,2.01954823509894,0.0011064367876349,4.1457522570453886e-07,0.0003746939999986,0.0071529889595282,False,False,0.486813126999117,1.0,5.1980328257396975,21.21140508661413,10.72619138137799,11.82582825563182,0.5861087020323724,1.1989155815967485,1.1709187499956637,0.056593570457221,0.5328
28,5,5,25,3125,penalty_x,cvar,3,3,120,27.60817198655939,360,44.27627331199983,2.01954823509894,8.795081109888974e-05,2.4841000367814562e-08,0.000282441970204,0.0042142708092446,False,False,0.3308826315127469,1.0,5.1980328257396975,21.21140508661413,10.72619138137799,11.029802747872974,0.6358187502839691,1.0549208861213513,0.8826311568876531,0.117276106270682,0.18528
29,5,4,20,1024,xy,expectation,1,3,120,5.582952343157468,167,0.1080258850001882,0.0,1.0000000000000004,0.0032616297081219,0.0032616297081219,0.0402214505726239,False,True,0.9461496567607964,1.0,5.229354723988305,16.04638437827731,7.239046936344918,5.582952343157466,0.9673110243319932,0.1759461558317549,3.339908821116832,0.2407313818712489,0.826171875
29,5,4,20,1024,xy,expectation,2,3,120,5.499599700171394,360,0.2947524459996202,0.0,0.9999999999999992,0.0538791939739865,0.0538791939739865,0.0613988817351716,False,True,0.9970169760356457,1.0,5.229354723988305,16.04638437827731,7.239046936344918,5.499599700171398,0.9750167111656258,0.1344708281803001,55.17229462936222,0.5085289734792247,0.998046875
29,5,4,20,1024,xy,expectation,3,3,120,5.528475002112335,360,0.338103618000332,0.0,1.0000000000000009,0.0096849765130977,0.0096849765130977,0.0400843054421614,False,True,0.992912340496902,1.0,5.229354723988305,16.04638437827731,7.239046936344918,5.52847500211233,0.9723472813069878,0.1488388501905323,9.917415949412057,0.4050342766266073,0.994140625
29,5,4,20,1024,xy,cvar,1,3,120,5.332640735526034,136,0.0921899370000574,0.0,0.999999999999999,0.002739129627639,0.002739129627639,0.0390161644828879,False,True,0.9791886098848394,1.0,5.229354723988305,16.04638437827731,7.239046936344918,6.572564521625051,0.8758245247941835,0.6683659265722415,2.8048687387024325,0.3246966531059405,0.9638671875
29,5,4,20,1024,xy,cvar,2,3,120,5.247018065668248,360,0.3052771619995837,0.0,1.000000000000001,0.0667410851359076,0.0667410851359075,0.0667410851359075,True,True,1.0,1.0,5.229354723988305,16.04638437827731,7.239046936344918,5.572192691167759,0.9683057199493283,0.170592275310374,68.34287117916931,0.5378339746966004,1.0
29,5,4,20,1024,xy,cvar,3,3,120,5.23611241133715,360,0.3507288450000487,0.0,0.9999999999999988,0.1312313505941602,0.1312313505941604,0.1312313505941604,True,True,1.0,1.0,5.229354723988305,16.04638437827731,7.239046936344918,5.409341557707113,0.9833607894707544,0.0895594024856927,134.38090300842026,0.6866185201944524,1.0
29,5,4,20,1024,penalty_x,expectation,1,3,120,35.99907684326172,126,0.2558553499998197,1.7686660671237728,0.000910666640733,2.6521583151861705e-08,2.9123261977087005e-05,0.0092201872308057,False,False,0.477057253060798,1.0,5.229354723988305,16.04638437827731,7.239046936344918,7.520526270189901,0.7881884750779864,1.140060916848015,0.029822220264537,0.0189322281498058,0.0380859375
29,5,4,20,1024,penalty_x,expectation,2,3,120,8.751675605773926,360,1.1970905419998417,1.7686660671237728,0.0398002722990895,5.476371370605193e-05,0.0013759632922738,0.0013794358929591,False,False,0.9905893481247312,1.0,5.229354723988305,16.04638437827731,7.239046936344918,7.098150459400224,0.8272357758887227,0.9298915146914584,1.408986411288447,0.1249216822860279,0.9921875
29,5,4,20,1024,penalty_x,expectation,3,3,120,34.597225189208984,351,1.5826538840001376,1.7686660671237728,0.0032927375617869,3.319319432648627e-07,0.000100807287868,0.0107066460471262,False,False,0.9175230796229412,1.0,5.229354723988305,16.04638437827731,7.239046936344918,7.46814669532054,0.793030800239644,1.1139974358098217,0.1032266627768413,0.0379618373832179,0.5361328125
29,5,4,20,1024,penalty_x,cvar,1,3,120,13.605817794799805,150,0.3470969089999016,1.7686660671237728,0.0075688964357141,5.332499767973786e-06,0.0007045280396244,0.0021251114520484,False,False,0.4766307080935539,1.0,5.229354723988305,16.04638437827731,7.239046936344918,7.438438721517358,0.7957772079645599,1.0992150857462042,0.7214367125753864,0.0908986138912282,0.0361328125
29,5,4,20,1024,penalty_x,cvar,2,3,120,5.618949129456178,360,1.2937523059999876,1.7686660671237728,0.2102197011408861,0.0001361649046884,0.0006477266590595,0.0022006209737603,False,False,0.9138417959576676,1.0,5.229354723988305,16.04638437827731,7.239046936344918,7.314008868006063,0.8072803523108414,1.0373002050763,0.6632720988769875,0.0806201684572831,0.4892578125
29,5,4,20,1024,penalty_x,cvar,3,3,120,12.596150398254396,360,1.7404861360000723,1.7686660671237728,0.0005123537639768,2.191056580613804e-07,0.0004276452589333,0.004325495113237,False,False,0.9245277498774892,1.0,5.229354723988305,16.04638437827731,7.239046936344918,7.37648342137092,0.801504778483133,1.0683868326607289,0.4379087451478005,0.0563904763539794,0.599609375
30,4,4,16,256,xy,expectation,1,3,120,7.3319551282920195,138,0.0823345349999726,0.0,1.0000000000000004,0.0147025883794619,0.0147025883794619,0.0882105000433651,False,True,0.9970344315634124,1.0,4.746163905989925,15.106173349600384,10.255061360467348,7.331955128292017,0.750406480189371,0.4693845263357478,3.763862625142252,0.4600308074226784,0.99609375
30,4,4,16,256,xy,expectation,2,3,120,6.020126572560423,337,0.2355126620000192,0.0,0.9999999999999992,0.0682465025251171,0.0682465025251172,0.1784669955238662,False,True,0.9970344315634124,1.0,4.746163905989925,15.106173349600384,10.255061360467348,6.020126572560429,0.877030742731975,0.23125546937438,17.471104646430003,0.7654844294281934,0.99609375
30,4,4,16,256,xy,expectation,3,3,120,5.450049888054689,360,0.2872632559997328,0.0,0.9999999999999984,0.0978519054984531,0.0978519054984532,0.1528062686674967,False,True,0.9970344315634124,1.0,4.746163905989925,15.106173349600384,10.255061360467348,5.450049888054696,0.9320573995713012,0.1277725693537242,25.05008780760404,0.8312931808658246,0.99609375
30,4,4,16,256,xy,cvar,1,3,120,4.789241330225041,141,0.0849068169995916,0.0,0.9999999999999996,0.0115972894773312,0.0115972894773312,0.1038670987095036,False,True,0.9970344315634124,1.0,4.746163905989925,15.106173349600384,10.255061360467348,7.705823948263616,0.7143187891494576,0.5372508867211153,2.9689061061967954,0.4191114717535042,0.99609375
30,4,4,16,256,xy,cvar,2,3,120,4.756289806443376,314,0.2245998949997556,0.0,1.0,0.0706784581373805,0.0706784581373805,0.1793214398145646,False,True,0.9970344315634124,1.0,4.746163905989925,15.106173349600384,10.255061360467348,6.14363661784047,0.8651089345567696,0.2536755718178657,18.093685283169428,0.7462732763255459,0.99609375
30,4,4,16,256,xy,cvar,3,3,120,4.752363029813203,349,0.2700937230001727,0.0,1.0000000000000009,0.1402183400162851,0.140218340016285,0.140218340016285,True,True,1.0,1.0,4.746163905989925,15.106173349600384,10.255061360467348,5.999266374482304,0.8790442735295738,0.2274688318029781,35.89589504416897,0.7400975841937355,1.0
30,4,4,16,256,penalty_x,expectation,1,3,120,46.70867538452149,164,0.2934175370000957,2.008091452713054,0.0599264467891771,0.0002179728762712,0.0036373402387441,0.0049756207991349,False,False,0.4752271842487701,1.0,4.746163905989925,15.106173349600384,10.255061360467348,10.194039194314623,0.4741437912795843,0.9889229802048456,0.9311591011184972,0.1046275785698453,0.47265625
30,4,4,16,256,penalty_x,expectation,2,3,120,9.66493034362793,360,1.012546779999866,2.008091452713054,0.0292014493916212,8.877433720044792e-05,0.0030400661285641,0.015263961215631,False,False,0.9970344315634124,1.0,4.746163905989925,15.106173349600384,10.255061360467348,9.472799986076948,0.5437614120127875,0.8580003746930146,0.7782569289124212,0.1685280951253931,0.99609375
30,4,4,16,256,penalty_x,expectation,3,3,120,10.462894439697266,360,1.3604639600002884,2.008091452713054,0.0100458543600439,8.676826837472618e-06,0.0008637221411434,0.0204491660201822,False,False,0.9885513207538376,1.0,4.746163905989925,15.106173349600384,10.255061360467348,10.007704852564176,0.4921297152080002,0.9550987271142376,0.2211128681327291,0.1595797420564219,0.98828125
30,4,4,16,256,penalty_x,cvar,1,3,120,8.51073932647705,264,0.5548138599997401,2.008091452713054,0.007925531186629,1.8430187992635183e-05,0.0023254199067096,0.0083992955134434,False,False,0.4752271842487701,1.0,4.746163905989925,15.106173349600384,10.255061360467348,10.196474979953472,0.4739086770499973,0.9893651350387258,0.5953074961176623,0.0973340429314163,0.47265625
30,4,4,16,256,penalty_x,cvar,2,3,120,5.103116512298584,360,1.1064119939997,2.008091452713054,0.0189283746610726,5.136663457960822e-05,0.0027137372066734,0.0206426086799032,False,False,0.4749819426235144,1.0,4.746163905989925,15.106173349600384,10.255061360467348,9.264423202711743,0.5638749828062697,0.8201748778332314,0.6947167249084082,0.1709010787476315,0.4453125
30,4,4,16,256,penalty_x,cvar,3,3,120,5.014288724320455,360,1.447094975999789,2.008091452713054,0.0254777531336003,0.0001723255118122,0.006763764092877,0.010503113076887,False,False,0.4784303989549944,1.0,4.746163905989925,15.106173349600384,10.255061360467348,9.587749209656684,0.5326659372252976,0.8788664780339491,1.7315236077765317,0.1648024708046962,0.61328125
