qubits,n_stages,candidates,depth,noise_type,error_strength,metric,mean,ci95_low,ci95_high,n,bootstrap_resamples
9,3,3,1,amplitude_damping,0.0,noisy_feasible_probability,1.0,0.9999999999999999,1.0000000000000002,30,5000
9,3,3,1,amplitude_damping,0.0,retained_shot_fraction,1.0,0.9999999999999999,1.0000000000000002,30,5000
9,3,3,1,amplitude_damping,0.0,noisy_probability_of_optimum,0.4915973477889574,0.3814306101065374,0.5957252675974597,30,5000
9,3,3,1,amplitude_damping,0.0,postselected_probability_of_optimum,0.49159734778895736,0.38101372793295774,0.5995363315419494,30,5000
9,3,3,1,amplitude_damping,0.0,conditional_mode_probability,0.5346507352642853,0.4404107207972984,0.6282520621522724,30,5000
9,3,3,1,amplitude_damping,0.0,conditional_mode_is_optimal,0.6333333333333333,0.4666666666666667,0.8,30,5000
9,3,3,1,amplitude_damping,0.0,conditional_mode_cost_gap,0.03785877418872287,0.01747867527629628,0.06227709043602109,30,5000
9,3,3,1,amplitude_damping,0.0,conditional_mode_approximation_ratio,0.9910552815704701,0.9853369162734903,0.9958639197316645,30,5000
9,3,3,1,amplitude_damping,0.0,effective_shots_for_target,1000.0,999.9999999999998,1000.0000000000001,30,5000
9,3,3,1,amplitude_damping,0.0,postselection_total_variation_distance,0.0,0.0,0.0,30,5000
9,3,3,1,amplitude_damping,0.001,noisy_feasible_probability,0.9970029989999998,0.9970029989999998,0.997002999,30,5000
9,3,3,1,amplitude_damping,0.001,retained_shot_fraction,0.9970029989999998,0.9970029989999998,0.997002999,30,5000
9,3,3,1,amplitude_damping,0.001,noisy_probability_of_optimum,0.49012403004603666,0.3822171184686657,0.5994786952184262,30,5000
9,3,3,1,amplitude_damping,0.001,postselected_probability_of_optimum,0.4915973477889575,0.378999296404369,0.6025154476836186,30,5000
9,3,3,1,amplitude_damping,0.001,conditional_mode_probability,0.5346507352642853,0.44276428789675976,0.6253027412269382,30,5000
9,3,3,1,amplitude_damping,0.001,conditional_mode_is_optimal,0.6333333333333333,0.4666666666666667,0.8,30,5000
9,3,3,1,amplitude_damping,0.001,conditional_mode_cost_gap,0.03785877418872287,0.016300160029885737,0.06260915393877818,30,5000
9,3,3,1,amplitude_damping,0.001,conditional_mode_approximation_ratio,0.9910552815704701,0.9853883283180392,0.9958670239188059,30,5000
9,3,3,1,amplitude_damping,0.001,effective_shots_for_target,1003.0060100150212,1003.0060100150209,1003.0060100150215,30,5000
9,3,3,1,amplitude_damping,0.001,postselection_total_variation_distance,6.642915004682961e-17,5.283535703375735e-17,8.028888806781737e-17,30,5000
9,3,3,1,amplitude_damping,0.005,noisy_feasible_probability,0.9850748749999997,0.9850748749999997,0.9850748750000001,30,5000
9,3,3,1,amplitude_damping,0.005,retained_shot_fraction,0.9850748749999997,0.9850748749999997,0.9850748750000001,30,5000
9,3,3,1,amplitude_damping,0.005,noisy_probability_of_optimum,0.48426019592353875,0.37413529314014515,0.5920971302920855,30,5000
9,3,3,1,amplitude_damping,0.005,postselected_probability_of_optimum,0.4915973477889575,0.38353148488107625,0.5982859830125158,30,5000
9,3,3,1,amplitude_damping,0.005,conditional_mode_probability,0.5346507352642853,0.4379026802878533,0.6262374297420452,30,5000
9,3,3,1,amplitude_damping,0.005,conditional_mode_is_optimal,0.6333333333333333,0.4666666666666667,0.8,30,5000
9,3,3,1,amplitude_damping,0.005,conditional_mode_cost_gap,0.03785877418872287,0.01699207931750181,0.06221756173825093,30,5000
9,3,3,1,amplitude_damping,0.005,conditional_mode_approximation_ratio,0.9910552815704701,0.9854475481972375,0.9958251486291643,30,5000
9,3,3,1,amplitude_damping,0.005,effective_shots_for_target,1015.1512594410657,1015.1512594410652,1015.1512594410657,30,5000
9,3,3,1,amplitude_damping,0.005,postselection_total_variation_distance,6.250638164941734e-17,4.758430271456821e-17,7.862053906414598e-17,30,5000
9,3,3,1,amplitude_damping,0.01,noisy_feasible_probability,0.9702990000000001,0.970299,0.9702990000000002,30,5000
9,3,3,1,amplitude_damping,0.01,retained_shot_fraction,0.9702990000000001,0.970299,0.9702990000000002,30,5000
9,3,3,1,amplitude_damping,0.01,noisy_probability_of_optimum,0.4769964149622776,0.37178627584338764,0.5797897235003105,30,5000
9,3,3,1,amplitude_damping,0.01,postselected_probability_of_optimum,0.4915973477889575,0.3793018456590896,0.6019211005641946,30,5000
9,3,3,1,amplitude_damping,0.01,conditional_mode_probability,0.5346507352642853,0.4427935236863286,0.625923618627211,30,5000
9,3,3,1,amplitude_damping,0.01,conditional_mode_is_optimal,0.6333333333333333,0.4666666666666667,0.8,30,5000
9,3,3,1,amplitude_damping,0.01,conditional_mode_cost_gap,0.03785877418872287,0.017119033386218174,0.062188706228888085,30,5000
9,3,3,1,amplitude_damping,0.01,conditional_mode_approximation_ratio,0.9910552815704701,0.9853114714352302,0.9957721297806792,30,5000
9,3,3,1,amplitude_damping,0.01,effective_shots_for_target,1030.6101521283642,1030.6101521283642,1030.6101521283645,30,5000
9,3,3,1,amplitude_damping,0.01,postselection_total_variation_distance,4.772108020522741e-17,3.5260625991307786e-17,6.125496367809057e-17,30,5000
9,3,3,1,amplitude_damping,0.02,noisy_feasible_probability,0.9411920000000003,0.9411919999999999,0.9411920000000003,30,5000
9,3,3,1,amplitude_damping,0.02,retained_shot_fraction,0.9411920000000003,0.9411919999999999,0.9411920000000003,30,5000
9,3,3,1,amplitude_damping,0.02,noisy_probability_of_optimum,0.46268749096018436,0.3623529176701187,0.5624502911371487,30,5000
9,3,3,1,amplitude_damping,0.02,postselected_probability_of_optimum,0.4915973477889574,0.3858502126294345,0.6002316162366735,30,5000
9,3,3,1,amplitude_damping,0.02,conditional_mode_probability,0.5346507352642853,0.4414749055153833,0.6259217702087932,30,5000
9,3,3,1,amplitude_damping,0.02,conditional_mode_is_optimal,0.6333333333333333,0.4666666666666667,0.8,30,5000
9,3,3,1,amplitude_damping,0.02,conditional_mode_cost_gap,0.03785877418872287,0.016851215138484994,0.06266871309541093,30,5000
9,3,3,1,amplitude_damping,0.02,conditional_mode_approximation_ratio,0.9910552815704701,0.9854492163889518,0.9960369016583184,30,5000
9,3,3,1,amplitude_damping,0.02,effective_shots_for_target,1062.4824690392609,1062.4824690392604,1062.482469039261,30,5000
9,3,3,1,amplitude_damping,0.02,postselection_total_variation_distance,4.970648131729215e-17,3.685151434204747e-17,6.292889757089008e-17,30,5000
9,3,3,1,bit_flip,0.0,noisy_feasible_probability,1.0,0.9999999999999999,1.0000000000000002,30,5000
9,3,3,1,bit_flip,0.0,retained_shot_fraction,1.0,0.9999999999999999,1.0000000000000002,30,5000
9,3,3,1,bit_flip,0.0,noisy_probability_of_optimum,0.4915973477889574,0.37538665386470305,0.6003905504727254,30,5000
9,3,3,1,bit_flip,0.0,postselected_probability_of_optimum,0.49159734778895736,0.3833190975768539,0.6020529417401635,30,5000
9,3,3,1,bit_flip,0.0,conditional_mode_probability,0.5346507352642853,0.44259185186410194,0.624061215750425,30,5000
9,3,3,1,bit_flip,0.0,conditional_mode_is_optimal,0.6333333333333333,0.4666666666666667,0.8,30,5000
9,3,3,1,bit_flip,0.0,conditional_mode_cost_gap,0.03785877418872287,0.016690088908392714,0.06229308013197034,30,5000
9,3,3,1,bit_flip,0.0,conditional_mode_approximation_ratio,0.9910552815704701,0.9852046657239159,0.9959893683817604,30,5000
9,3,3,1,bit_flip,0.0,effective_shots_for_target,1000.0,999.9999999999998,1000.0000000000001,30,5000
9,3,3,1,bit_flip,0.0,postselection_total_variation_distance,0.0,0.0,0.0,30,5000
9,3,3,1,bit_flip,0.001,noisy_feasible_probability,0.9910418742636045,0.9910418742636043,0.9910418742636047,30,5000
9,3,3,1,bit_flip,0.001,retained_shot_fraction,0.9910418742636045,0.9910418742636042,0.9910418742636047,30,5000
9,3,3,1,bit_flip,0.001,noisy_probability_of_optimum,0.4871909061420439,0.3797261041574277,0.5944897905628346,30,5000
9,3,3,1,bit_flip,0.001,postselected_probability_of_optimum,0.49159467303442855,0.3824926185863972,0.5985896685533498,30,5000
9,3,3,1,bit_flip,0.001,conditional_mode_probability,0.5346478024787675,0.44431734561475916,0.627880438321088,30,5000
9,3,3,1,bit_flip,0.001,conditional_mode_is_optimal,0.6333333333333333,0.4666666666666667,0.8,30,5000
9,3,3,1,bit_flip,0.001,conditional_mode_cost_gap,0.03785877418872287,0.01738173994762276,0.06336917031012099,30,5000
9,3,3,1,bit_flip,0.001,conditional_mode_approximation_ratio,0.9910552815704701,0.985301491398937,0.9959401210431147,30,5000
9,3,3,1,bit_flip,0.001,effective_shots_for_target,1009.0390991228819,1009.0390991228818,1009.0390991228821,30,5000
9,3,3,1,bit_flip,0.001,postselection_total_variation_distance,3.6960576714405774e-06,3.382056721439193e-06,4.011482988553376e-06,30,5000
9,3,3,1,bit_flip,0.005,noisy_feasible_probability,0.9560344137690701,0.9560344137690697,0.9560344137690703,30,5000
9,3,3,1,bit_flip,0.005,retained_shot_fraction,0.9560344137690701,0.9560344137690698,0.9560344137690703,30,5000
9,3,3,1,bit_flip,0.005,noisy_probability_of_optimum,0.46991954426477345,0.3658538028104099,0.5707233853421623,30,5000
9,3,3,1,bit_flip,0.005,postselected_probability_of_optimum,0.49152994651328796,0.3856847128188712,0.5965682230222706,30,5000
9,3,3,1,bit_flip,0.005,conditional_mode_probability,0.5345768318567423,0.43980095280933795,0.6265594033947964,30,5000
9,3,3,1,bit_flip,0.005,conditional_mode_is_optimal,0.6333333333333333,0.4666666666666667,0.8,30,5000
9,3,3,1,bit_flip,0.005,conditional_mode_cost_gap,0.03785877418872287,0.016391973130790008,0.06254712338973852,30,5000
9,3,3,1,bit_flip,0.005,conditional_mode_approximation_ratio,0.9910552815704701,0.9851959043088198,0.9959300371846364,30,5000
9,3,3,1,bit_flip,0.005,effective_shots_for_target,1045.987451495182,1045.9874514951819,1045.9874514951823,30,5000
9,3,3,1,bit_flip,0.005,postselection_total_variation_distance,9.313733416050971e-05,8.516169319745085e-05,0.00010096562045494592,30,5000
9,3,3,1,bit_flip,0.01,noisy_feasible_probability,0.9140766008189531,0.9140766008189528,0.9140766008189535,30,5000
9,3,3,1,bit_flip,0.01,retained_shot_fraction,0.9140766008189531,0.9140766008189528,0.9140766008189535,30,5000
9,3,3,1,bit_flip,0.01,noisy_probability_of_optimum,0.4491087710777085,0.35081394218076395,0.5439494633656611,30,5000
9,3,3,1,bit_flip,0.01,postselected_probability_of_optimum,0.4913250931873063,0.3827780888222435,0.5976793408352566,30,5000
9,3,3,1,bit_flip,0.01,conditional_mode_probability,0.5343522165939844,0.4403627115305189,0.6258235984801146,30,5000
9,3,3,1,bit_flip,0.01,conditional_mode_is_optimal,0.6333333333333333,0.4666666666666667,0.8,30,5000
9,3,3,1,bit_flip,0.01,conditional_mode_cost_gap,0.03785877418872287,0.01712992926713426,0.06336257758014885,30,5000
9,3,3,1,bit_flip,0.01,conditional_mode_approximation_ratio,0.9910552815704701,0.9853500423548766,0.9958243302804705,30,5000
9,3,3,1,bit_flip,0.01,effective_shots_for_target,1094.0002173822904,1094.0002173822902,1094.0002173822907,30,5000
9,3,3,1,bit_flip,0.01,postselection_total_variation_distance,0.00037621291784323534,0.0003434995283547313,0.0004100986478312729,30,5000
9,3,3,1,bit_flip,0.02,noisy_feasible_probability,0.8358329994197617,0.8358329994197616,0.8358329994197619,30,5000
9,3,3,1,bit_flip,0.02,retained_shot_fraction,0.8358329994197617,0.8358329994197616,0.8358329994197619,30,5000
9,3,3,1,bit_flip,0.02,noisy_probability_of_optimum,0.40996550288154704,0.31890930291352376,0.4975239321475939,30,5000
9,3,3,1,bit_flip,0.02,postselected_probability_of_optimum,0.4904873379803699,0.3789862668801273,0.6000216409227345,30,5000
9,3,3,1,bit_flip,0.02,conditional_mode_probability,0.5334336450560879,0.44157061821223836,0.6252871866820735,30,5000
9,3,3,1,bit_flip,0.02,conditional_mode_is_optimal,0.6333333333333333,0.4666666666666667,0.8,30,5000
9,3,3,1,bit_flip,0.02,conditional_mode_cost_gap,0.03785877418872287,0.017024892808569714,0.06206217934986768,30,5000
9,3,3,1,bit_flip,0.02,conditional_mode_approximation_ratio,0.9910552815704701,0.9854436992712062,0.9958599553547308,30,5000
9,3,3,1,bit_flip,0.02,effective_shots_for_target,1196.4112456605606,1196.4112456605603,1196.4112456605608,30,5000
9,3,3,1,bit_flip,0.02,postselection_total_variation_distance,0.0015339025623065552,0.0013983759002046958,0.001664071287545047,30,5000
9,3,3,2,amplitude_damping,0.0,noisy_feasible_probability,1.0,0.9999999999999998,1.0000000000000002,30,5000
9,3,3,2,amplitude_damping,0.0,retained_shot_fraction,1.0,0.9999999999999998,1.0000000000000002,30,5000
9,3,3,2,amplitude_damping,0.0,noisy_probability_of_optimum,0.6343810343155268,0.5248869191754677,0.7323864634707157,30,5000
9,3,3,2,amplitude_damping,0.0,postselected_probability_of_optimum,0.6343810343155266,0.5286599629039407,0.7380637373091209,30,5000
9,3,3,2,amplitude_damping,0.0,conditional_mode_probability,0.691951020520763,0.6164564941031324,0.7621932572673468,30,5000
9,3,3,2,amplitude_damping,0.0,conditional_mode_is_optimal,0.8,0.6333333333333333,0.9333333333333333,30,5000
9,3,3,2,amplitude_damping,0.0,conditional_mode_cost_gap,0.01728296329140241,0.004488447231621606,0.03318715753391107,30,5000
9,3,3,2,amplitude_damping,0.0,conditional_mode_approximation_ratio,0.9958799685401671,0.9921219736947766,0.9989581535368733,30,5000
9,3,3,2,amplitude_damping,0.0,effective_shots_for_target,1000.0,999.9999999999998,1000.0000000000002,30,5000
9,3,3,2,amplitude_damping,0.0,postselection_total_variation_distance,0.0,0.0,0.0,30,5000
9,3,3,2,amplitude_damping,0.001,noisy_feasible_probability,0.9970029989999998,0.9970029989999997,0.9970029990000001,30,5000
9,3,3,2,amplitude_damping,0.001,retained_shot_fraction,0.9970029989999998,0.9970029989999997,0.9970029990000001,30,5000
9,3,3,2,amplitude_damping,0.001,noisy_probability_of_optimum,0.632479793721302,0.5235967186809973,0.7306636263404311,30,5000
9,3,3,2,amplitude_damping,0.001,postselected_probability_of_optimum,0.6343810343155266,0.5240997962723168,0.7343316723883783,30,5000
9,3,3,2,amplitude_damping,0.001,conditional_mode_probability,0.6919510205207632,0.6173231824291446,0.7636334244030374,30,5000
9,3,3,2,amplitude_damping,0.001,conditional_mode_is_optimal,0.8,0.6666666666666666,0.9333333333333333,30,5000
9,3,3,2,amplitude_damping,0.001,conditional_mode_cost_gap,0.01728296329140241,0.00434437678908471,0.033486403210347425,30,5000
9,3,3,2,amplitude_damping,0.001,conditional_mode_approximation_ratio,0.9958799685401671,0.9920952479666396,0.9988924917274983,30,5000
9,3,3,2,amplitude_damping,0.001,effective_shots_for_target,1003.006010015021,1003.0060100150208,1003.0060100150215,30,5000
9,3,3,2,amplitude_damping,0.001,postselection_total_variation_distance,5.036394167350604e-17,3.8277215741892465e-17,6.313214900783788e-17,30,5000
9,3,3,2,amplitude_damping,0.005,noisy_feasible_probability,0.9850748749999998,0.9850748749999997,0.9850748750000002,30,5000
9,3,3,2,amplitude_damping,0.005,retained_shot_fraction,0.9850748749999998,0.9850748749999997,0.9850748750000002,30,5000
9,3,3,2,amplitude_damping,0.005,noisy_probability_of_optimum,0.6249128180807381,0.5201687964604284,0.7213172165748679,30,5000
9,3,3,2,amplitude_damping,0.005,postselected_probability_of_optimum,0.6343810343155266,0.5273470464105123,0.7344813963851468,30,5000
9,3,3,2,amplitude_damping,0.005,conditional_mode_probability,0.6919510205207631,0.6168139363117418,0.7635960981201713,30,5000
9,3,3,2,amplitude_damping,0.005,conditional_mode_is_optimal,0.8,0.6333333333333333,0.9333333333333333,30,5000
9,3,3,2,amplitude_damping,0.005,conditional_mode_cost_gap,0.01728296329140241,0.004488447231621606,0.03333170990811824,30,5000
9,3,3,2,amplitude_damping,0.005,conditional_mode_approximation_ratio,0.9958799685401671,0.992132286552369,0.9989429650302218,30,5000
9,3,3,2,amplitude_damping,0.005,effective_shots_for_target,1015.1512594410653,1015.151259441065,1015.1512594410657,30,5000
9,3,3,2,amplitude_damping,0.005,postselection_total_variation_distance,6.498772832759723e-17,5.185639806803912e-17,7.908764488445735e-17,30,5000
9,3,3,2,amplitude_damping,0.01,noisy_feasible_probability,0.9702990000000002,0.970299,0.9702990000000004,30,5000
9,3,3,2,amplitude_damping,0.01,retained_shot_fraction,0.9702990000000002,0.970299,0.9702990000000004,30,5000
9,3,3,2,amplitude_damping,0.01,noisy_probability_of_optimum,0.6155392832153215,0.5078562213577386,0.7124870913111423,30,5000
9,3,3,2,amplitude_damping,0.01,postselected_probability_of_optimum,0.6343810343155266,0.5258501198644271,0.7342650208783299,30,5000
9,3,3,2,amplitude_damping,0.01,conditional_mode_probability,0.691951020520763,0.6176605507311331,0.7622645907998272,30,5000
9,3,3,2,amplitude_damping,0.01,conditional_mode_is_optimal,0.8,0.6333333333333333,0.9333333333333333,30,5000
9,3,3,2,amplitude_damping,0.01,conditional_mode_cost_gap,0.01728296329140241,0.004620363505416917,0.03306020924343397,30,5000
9,3,3,2,amplitude_damping,0.01,conditional_mode_approximation_ratio,0.9958799685401671,0.9921485217855642,0.9989581535368733,30,5000
9,3,3,2,amplitude_damping,0.01,effective_shots_for_target,1030.6101521283642,1030.6101521283642,1030.6101521283647,30,5000
9,3,3,2,amplitude_damping,0.01,postselection_total_variation_distance,4.6888883293712985e-17,3.5367146573114633e-17,5.882031879287208e-17,30,5000
9,3,3,2,amplitude_damping,0.02,noisy_feasible_probability,0.9411920000000001,0.9411919999999998,0.9411920000000004,30,5000
9,3,3,2,amplitude_damping,0.02,retained_shot_fraction,0.9411920000000001,0.9411919999999998,0.9411920000000004,30,5000
9,3,3,2,amplitude_damping,0.02,noisy_probability_of_optimum,0.5970743544494991,0.4945067248406452,0.6905439362678361,30,5000
9,3,3,2,amplitude_damping,0.02,postselected_probability_of_optimum,0.6343810343155266,0.5252249808358624,0.7303765217236321,30,5000
9,3,3,2,amplitude_damping,0.02,conditional_mode_probability,0.6919510205207631,0.6134050906333977,0.764286413850989,30,5000
9,3,3,2,amplitude_damping,0.02,conditional_mode_is_optimal,0.8,0.6333333333333333,0.9333333333333333,30,5000
9,3,3,2,amplitude_damping,0.02,conditional_mode_cost_gap,0.01728296329140241,0.004620363505416917,0.03363106553143794,30,5000
9,3,3,2,amplitude_damping,0.02,conditional_mode_approximation_ratio,0.9958799685401671,0.9920527311008126,0.9988866399396786,30,5000
9,3,3,2,amplitude_damping,0.02,effective_shots_for_target,1062.4824690392609,1062.4824690392606,1062.482469039261,30,5000
9,3,3,2,amplitude_damping,0.02,postselection_total_variation_distance,6.946206869839374e-17,5.4342470879871965e-17,8.49300120852159e-17,30,5000
9,3,3,2,bit_flip,0.0,noisy_feasible_probability,1.0,0.9999999999999998,1.0000000000000002,30,5000
9,3,3,2,bit_flip,0.0,retained_shot_fraction,1.0,0.9999999999999998,1.0000000000000002,30,5000
9,3,3,2,bit_flip,0.0,noisy_probability_of_optimum,0.6343810343155268,0.5255808036835988,0.7355021320451368,30,5000
9,3,3,2,bit_flip,0.0,postselected_probability_of_optimum,0.6343810343155266,0.5269290009978302,0.7361119497310359,30,5000
9,3,3,2,bit_flip,0.0,conditional_mode_probability,0.691951020520763,0.6169140114664706,0.7622780532905203,30,5000
9,3,3,2,bit_flip,0.0,conditional_mode_is_optimal,0.8,0.6333333333333333,0.9333333333333333,30,5000
9,3,3,2,bit_flip,0.0,conditional_mode_cost_gap,0.01728296329140241,0.004620363505416917,0.032972394065095514,30,5000
9,3,3,2,bit_flip,0.0,conditional_mode_approximation_ratio,0.9958799685401671,0.9920335040377727,0.9989581535368733,30,5000
9,3,3,2,bit_flip,0.0,effective_shots_for_target,1000.0,999.9999999999998,1000.0000000000002,30,5000
9,3,3,2,bit_flip,0.0,postselection_total_variation_distance,0.0,0.0,0.0,30,5000
9,3,3,2,bit_flip,0.001,noisy_feasible_probability,0.9910418742636045,0.9910418742636043,0.9910418742636047,30,5000
9,3,3,2,bit_flip,0.001,retained_shot_fraction,0.9910418742636045,0.9910418742636043,0.9910418742636047,30,5000
9,3,3,2,bit_flip,0.001,noisy_probability_of_optimum,0.6286946229707507,0.5181464166672056,0.7250399657652743,30,5000
9,3,3,2,bit_flip,0.001,postselected_probability_of_optimum,0.6343774559858063,0.5231595229294211,0.7342031112070169,30,5000
9,3,3,2,bit_flip,0.001,conditional_mode_probability,0.6919470938104278,0.6148182809497282,0.7614218131528205,30,5000
9,3,3,2,bit_flip,0.001,conditional_mode_is_optimal,0.8,0.6333333333333333,0.9333333333333333,30,5000
9,3,3,2,bit_flip,0.001,conditional_mode_cost_gap,0.01728296329140241,0.004488447231621606,0.033178091385748426,30,5000
9,3,3,2,bit_flip,0.001,conditional_mode_approximation_ratio,0.9958799685401671,0.9922152498063267,0.9989433447428882,30,5000
9,3,3,2,bit_flip,0.001,effective_shots_for_target,1009.0390991228819,1009.0390991228817,1009.0390991228821,30,5000
9,3,3,2,bit_flip,0.001,postselection_total_variation_distance,4.452306326145273e-06,4.192530885686294e-06,4.708120086725266e-06,30,5000
9,3,3,2,bit_flip,0.005,noisy_feasible_probability,0.95603441376907,0.9560344137690697,0.9560344137690703,30,5000
9,3,3,2,bit_flip,0.005,retained_shot_fraction,0.95603441376907,0.9560344137690697,0.9560344137690703,30,5000
9,3,3,2,bit_flip,0.005,noisy_probability_of_optimum,0.6064038942211336,0.5022099534048163,0.7015169480914366,30,5000
9,3,3,2,bit_flip,0.005,postselected_probability_of_optimum,0.6342908638931174,0.5257961806078925,0.7365346250248034,30,5000
9,3,3,2,bit_flip,0.005,conditional_mode_probability,0.691852071239887,0.6160767251294459,0.7617805564254223,30,5000
9,3,3,2,bit_flip,0.005,conditional_mode_is_optimal,0.8,0.6658333333333336,0.9333333333333333,30,5000
9,3,3,2,bit_flip,0.005,conditional_mode_cost_gap,0.01728296329140241,0.004669969474321968,0.03276082395066981,30,5000
9,3,3,2,bit_flip,0.005,conditional_mode_approximation_ratio,0.9958799685401671,0.9921663213811421,0.9989581535368733,30,5000
9,3,3,2,bit_flip,0.005,effective_shots_for_target,1045.987451495182,1045.9874514951819,1045.9874514951823,30,5000
9,3,3,2,bit_flip,0.005,postselection_total_variation_distance,0.00011219371597609243,0.00010550838637709307,0.00011841627107599222,30,5000
9,3,3,2,bit_flip,0.01,noisy_feasible_probability,0.9140766008189534,0.9140766008189528,0.9140766008189535,30,5000
9,3,3,2,bit_flip,0.01,retained_shot_fraction,0.9140766008189534,0.9140766008189528,0.9140766008189535,30,5000
9,3,3,2,bit_flip,0.01,noisy_probability_of_optimum,0.5795399298567434,0.481341252944221,0.670328874613557,30,5000
9,3,3,2,bit_flip,0.01,postselected_probability_of_optimum,0.6340168092449947,0.5221392672434655,0.7341187834695254,30,5000
9,3,3,2,bit_flip,0.01,conditional_mode_probability,0.6915513349560221,0.616421896868071,0.7641989023402078,30,5000
9,3,3,2,bit_flip,0.01,conditional_mode_is_optimal,0.8,0.6666666666666666,0.9333333333333333,30,5000
9,3,3,2,bit_flip,0.01,conditional_mode_cost_gap,0.01728296329140241,0.00434437678908471,0.03336767269251136,30,5000
9,3,3,2,bit_flip,0.01,conditional_mode_approximation_ratio,0.9958799685401671,0.9920562161670361,0.9988924917274983,30,5000
9,3,3,2,bit_flip,0.01,effective_shots_for_target,1094.0002173822904,1094.0002173822902,1094.0002173822907,30,5000
9,3,3,2,bit_flip,0.01,postselection_total_variation_distance,0.0004531828476282626,0.0004266752028425349,0.0004803176014778913,30,5000
9,3,3,2,bit_flip,0.02,noisy_feasible_probability,0.8358329994197619,0.8358329994197615,0.8358329994197621,30,5000
9,3,3,2,bit_flip,0.02,retained_shot_fraction,0.8358329994197619,0.8358329994197615,0.8358329994197621,30,5000
9,3,3,2,bit_flip,0.02,noisy_probability_of_optimum,0.5289954212134383,0.43872113843974647,0.6123035721482993,30,5000
9,3,3,2,bit_flip,0.02,postselected_probability_of_optimum,0.6328960708427027,0.5231540237790469,0.7324901407124732,30,5000
9,3,3,2,bit_flip,0.02,conditional_mode_probability,0.690321481506761,0.6154426093422649,0.7586379553534753,30,5000
9,3,3,2,bit_flip,0.02,conditional_mode_is_optimal,0.8,0.6333333333333333,0.9333333333333333,30,5000
9,3,3,2,bit_flip,0.02,conditional_mode_cost_gap,0.01728296329140241,0.004488447231621606,0.03343274496704336,30,5000
9,3,3,2,bit_flip,0.02,conditional_mode_approximation_ratio,0.9958799685401671,0.9920773538434968,0.9989817239431578,30,5000
9,3,3,2,bit_flip,0.02,effective_shots_for_target,1196.4112456605608,1196.4112456605603,1196.411245660561,30,5000
9,3,3,2,bit_flip,0.02,postselection_total_variation_distance,0.001847640514713086,0.0017427093468732851,0.0019526683049675443,30,5000
9,3,3,3,amplitude_damping,0.0,noisy_feasible_probability,1.0000000000000002,0.9999999999999999,1.0000000000000004,30,5000
9,3,3,3,amplitude_damping,0.0,retained_shot_fraction,1.0000000000000002,0.9999999999999999,1.0000000000000004,30,5000
9,3,3,3,amplitude_damping,0.0,noisy_probability_of_optimum,0.591118314664066,0.46432247679782107,0.7101165168351053,30,5000
9,3,3,3,amplitude_damping,0.0,postselected_probability_of_optimum,0.591118314664066,0.46579579481233363,0.7100684471800042,30,5000
9,3,3,3,amplitude_damping,0.0,conditional_mode_probability,0.6858490016580067,0.5992744616377009,0.7649060178194196,30,5000
9,3,3,3,amplitude_damping,0.0,conditional_mode_is_optimal,0.6666666666666666,0.5,0.8333333333333334,30,5000
9,3,3,3,amplitude_damping,0.0,conditional_mode_cost_gap,0.028692077475374736,0.010613281051083653,0.05127664458195665,30,5000
9,3,3,3,amplitude_damping,0.0,conditional_mode_approximation_ratio,0.9932410395659947,0.9880413780695285,0.99739618360273,30,5000
9,3,3,3,amplitude_damping,0.0,effective_shots_for_target,999.9999999999998,999.9999999999997,1000.0000000000001,30,5000
9,3,3,3,amplitude_damping,0.0,postselection_total_variation_distance,0.0,0.0,0.0,30,5000
9,3,3,3,amplitude_damping,0.001,noisy_feasible_probability,0.997002999,0.9970029989999998,0.9970029990000004,30,5000
9,3,3,3,amplitude_damping,0.001,retained_shot_fraction,0.997002999,0.9970029989999998,0.9970029990000004,30,5000
9,3,3,3,amplitude_damping,0.001,noisy_probability_of_optimum,0.5893467324838997,0.46503328848465153,0.7087567277983611,30,5000
9,3,3,3,amplitude_damping,0.001,postselected_probability_of_optimum,0.591118314664066,0.46694570239579175,0.7069688209686239,30,5000
9,3,3,3,amplitude_damping,0.001,conditional_mode_probability,0.6858490016580067,0.6015442957491015,0.7650073354046294,30,5000
9,3,3,3,amplitude_damping,0.001,conditional_mode_is_optimal,0.6666666666666666,0.5,0.8333333333333334,30,5000
9,3,3,3,amplitude_damping,0.001,conditional_mode_cost_gap,0.028692077475374736,0.010038443446188525,0.05053067155641006,30,5000
9,3,3,3,amplitude_damping,0.001,conditional_mode_approximation_ratio,0.9932410395659947,0.9879956498273982,0.9975826326561326,30,5000
9,3,3,3,amplitude_damping,0.001,effective_shots_for_target,1003.006010015021,1003.0060100150206,1003.0060100150214,30,5000
9,3,3,3,amplitude_damping,0.001,postselection_total_variation_distance,5.607833596297713e-17,4.2554996150549134e-17,6.95900426050552e-17,30,5000
9,3,3,3,amplitude_damping,0.005,noisy_feasible_probability,0.985074875,0.9850748749999998,0.9850748750000005,30,5000
9,3,3,3,amplitude_damping,0.005,retained_shot_fraction,0.985074875,0.9850748749999998,0.9850748750000005,30,5000
9,3,3,3,amplitude_damping,0.005,noisy_probability_of_optimum,0.5822957999279155,0.4601546813845525,0.6980592722427885,30,5000
9,3,3,3,amplitude_damping,0.005,postselected_probability_of_optimum,0.591118314664066,0.45980008743068873,0.710418080909633,30,5000
9,3,3,3,amplitude_damping,0.005,conditional_mode_probability,0.6858490016580067,0.6004652690002038,0.7673063021915325,30,5000
9,3,3,3,amplitude_damping,0.005,conditional_mode_is_optimal,0.6666666666666666,0.5,0.8333333333333334,30,5000
9,3,3,3,amplitude_damping,0.005,conditional_mode_cost_gap,0.028692077475374736,0.010235966870566932,0.05204280096857268,30,5000
9,3,3,3,amplitude_damping,0.005,conditional_mode_approximation_ratio,0.9932410395659947,0.9881104597371088,0.9974967956414335,30,5000
9,3,3,3,amplitude_damping,0.005,effective_shots_for_target,1015.1512594410652,1015.1512594410649,1015.1512594410656,30,5000
9,3,3,3,amplitude_damping,0.005,postselection_total_variation_distance,6.278746379784477e-17,4.200099256394901e-17,8.605088378912679e-17,30,5000
9,3,3,3,amplitude_damping,0.01,noisy_feasible_probability,0.9702990000000002,0.9702989999999999,0.9702990000000005,30,5000
9,3,3,3,amplitude_damping,0.01,retained_shot_fraction,0.9702990000000002,0.9702989999999999,0.9702990000000005,30,5000
9,3,3,3,amplitude_damping,0.01,noisy_probability_of_optimum,0.5735615096002286,0.4515352117039708,0.6891843998776384,30,5000
9,3,3,3,amplitude_damping,0.01,postselected_probability_of_optimum,0.591118314664066,0.465224925614005,0.714560041906664,30,5000
9,3,3,3,amplitude_damping,0.01,conditional_mode_probability,0.6858490016580068,0.596962371767343,0.7655613597270576,30,5000
9,3,3,3,amplitude_damping,0.01,conditional_mode_is_optimal,0.6666666666666666,0.5,0.8333333333333334,30,5000
9,3,3,3,amplitude_damping,0.01,conditional_mode_cost_gap,0.028692077475374736,0.009859170058042651,0.050901838020202886,30,5000
9,3,3,3,amplitude_damping,0.01,conditional_mode_approximation_ratio,0.9932410395659947,0.9881144461601561,0.9975024004798131,30,5000
9,3,3,3,amplitude_damping,0.01,effective_shots_for_target,1030.6101521283642,1030.610152128364,1030.6101521283647,30,5000
9,3,3,3,amplitude_damping,0.01,postselection_total_variation_distance,5.437581870900471e-17,3.858753219576134e-17,7.010998408517048e-17,30,5000
9,3,3,3,amplitude_damping,0.02,noisy_feasible_probability,0.9411920000000004,0.9411919999999998,0.9411920000000005,30,5000
9,3,3,3,amplitude_damping,0.02,retained_shot_fraction,0.9411920000000004,0.9411919999999998,0.9411920000000005,30,5000
9,3,3,3,amplitude_damping,0.02,noisy_probability_of_optimum,0.5563558288153015,0.4410586398273502,0.668098161983204,30,5000
9,3,3,3,amplitude_damping,0.02,postselected_probability_of_optimum,0.591118314664066,0.4649271881581848,0.7162296348558413,30,5000
9,3,3,3,amplitude_damping,0.02,conditional_mode_probability,0.6858490016580067,0.5975805570315731,0.7670710652617155,30,5000
9,3,3,3,amplitude_damping,0.02,conditional_mode_is_optimal,0.6666666666666666,0.5,0.8333333333333334,30,5000
9,3,3,3,amplitude_damping,0.02,conditional_mode_cost_gap,0.028692077475374736,0.010128620773080126,0.051536157478400006,30,5000
9,3,3,3,amplitude_damping,0.02,conditional_mode_approximation_ratio,0.9932410395659947,0.9880835546192134,0.9975229331333942,30,5000
9,3,3,3,amplitude_damping,0.02,effective_shots_for_target,1062.4824690392606,1062.4824690392604,1062.482469039261,30,5000
9,3,3,3,amplitude_damping,0.02,postselection_total_variation_distance,7.144975917066717e-17,5.644786673656566e-17,8.640844399090808e-17,30,5000
9,3,3,3,bit_flip,0.0,noisy_feasible_probability,1.0000000000000002,0.9999999999999999,1.0000000000000004,30,5000
9,3,3,3,bit_flip,0.0,retained_shot_fraction,1.0000000000000002,0.9999999999999999,1.0000000000000004,30,5000
9,3,3,3,bit_flip,0.0,noisy_probability_of_optimum,0.591118314664066,0.4680615567281148,0.7103510880841496,30,5000
9,3,3,3,bit_flip,0.0,postselected_probability_of_optimum,0.591118314664066,0.4703554290384089,0.712348430184294,30,5000
9,3,3,3,bit_flip,0.0,conditional_mode_probability,0.6858490016580067,0.6007391196429486,0.7666147514021936,30,5000
9,3,3,3,bit_flip,0.0,conditional_mode_is_optimal,0.6666666666666666,0.5,0.8333333333333334,30,5000
9,3,3,3,bit_flip,0.0,conditional_mode_cost_gap,0.028692077475374736,0.010418004101858497,0.05043285950856065,30,5000
9,3,3,3,bit_flip,0.0,conditional_mode_approximation_ratio,0.9932410395659947,0.9880302592725493,0.9974614503070693,30,5000
9,3,3,3,bit_flip,0.0,effective_shots_for_target,999.9999999999998,999.9999999999997,1000.0000000000001,30,5000
9,3,3,3,bit_flip,0.0,postselection_total_variation_distance,0.0,0.0,0.0,30,5000
9,3,3,3,bit_flip,0.001,noisy_feasible_probability,0.9910418742636047,0.9910418742636043,0.9910418742636049,30,5000
9,3,3,3,bit_flip,0.001,retained_shot_fraction,0.9910418742636047,0.9910418742636043,0.9910418742636049,30,5000
9,3,3,3,bit_flip,0.001,noisy_probability_of_optimum,0.5858197610963595,0.4604829788351091,0.7091870632824149,30,5000
9,3,3,3,bit_flip,0.001,postselected_probability_of_optimum,0.5911150439850527,0.4674363678998431,0.7102291570701136,30,5000
9,3,3,3,bit_flip,0.001,conditional_mode_probability,0.6858451069498809,0.5995080053042261,0.7669939046756264,30,5000
9,3,3,3,bit_flip,0.001,conditional_mode_is_optimal,0.6666666666666666,0.5,0.8333333333333334,30,5000
9,3,3,3,bit_flip,0.001,conditional_mode_cost_gap,0.028692077475374736,0.010677300265998734,0.05093395314859315,30,5000
9,3,3,3,bit_flip,0.001,conditional_mode_approximation_ratio,0.9932410395659947,0.9881074465724752,0.9975717203405025,30,5000
9,3,3,3,bit_flip,0.001,effective_shots_for_target,1009.0390991228817,1009.0390991228816,1009.0390991228821,30,5000
9,3,3,3,bit_flip,0.001,postselection_total_variation_distance,4.579299289809654e-06,4.278815137111607e-06,4.865618560900696e-06,30,5000
9,3,3,3,bit_flip,0.005,noisy_feasible_probability,0.9560344137690701,0.9560344137690697,0.9560344137690705,30,5000
9,3,3,3,bit_flip,0.005,retained_shot_fraction,0.9560344137690701,0.9560344137690697,0.9560344137690705,30,5000
9,3,3,3,bit_flip,0.005,noisy_probability_of_optimum,0.5650506569840584,0.4424238422513856,0.6816489850220101,30,5000
9,3,3,3,bit_flip,0.005,postselected_probability_of_optimum,0.5910358966644338,0.46587383722250214,0.712498686078297,30,5000
9,3,3,3,bit_flip,0.005,conditional_mode_probability,0.685750858813694,0.6035707095784912,0.7673069760200206,30,5000
9,3,3,3,bit_flip,0.005,conditional_mode_is_optimal,0.6666666666666666,0.5,0.8333333333333334,30,5000
9,3,3,3,bit_flip,0.005,conditional_mode_cost_gap,0.028692077475374736,0.010386904485626076,0.05104936162586312,30,5000
9,3,3,3,bit_flip,0.005,conditional_mode_approximation_ratio,0.9932410395659947,0.9881879589509414,0.9975082712141304,30,5000
9,3,3,3,bit_flip,0.005,effective_shots_for_target,1045.987451495182,1045.9874514951816,1045.9874514951823,30,5000
9,3,3,3,bit_flip,0.005,postselection_total_variation_distance,0.00011539373342212609,0.00010790557327633155,0.00012270025058879418,30,5000
9,3,3,3,bit_flip,0.01,noisy_feasible_probability,0.9140766008189533,0.914076600818953,0.9140766008189537,30,5000
9,3,3,3,bit_flip,0.01,retained_shot_fraction,0.9140766008189533,0.914076600818953,0.9140766008189537,30,5000
9,3,3,3,bit_flip,0.01,noisy_probability_of_optimum,0.5400231129557068,0.4252721079526411,0.6500915203235618,30,5000
9,3,3,3,bit_flip,0.01,postselected_probability_of_optimum,0.5907854029650044,0.4591753865272443,0.7096079148364637,30,5000
9,3,3,3,bit_flip,0.01,conditional_mode_probability,0.685452573683946,0.6024126777581265,0.7682973106707156,30,5000
9,3,3,3,bit_flip,0.01,conditional_mode_is_optimal,0.6666666666666666,0.5,0.8333333333333334,30,5000
9,3,3,3,bit_flip,0.01,conditional_mode_cost_gap,0.028692077475374736,0.010514595314395725,0.05062020602722803,30,5000
9,3,3,3,bit_flip,0.01,conditional_mode_approximation_ratio,0.9932410395659947,0.9881189472800795,0.9975230185597014,30,5000
9,3,3,3,bit_flip,0.01,effective_shots_for_target,1094.0002173822904,1094.00021738229,1094.0002173822907,30,5000
9,3,3,3,bit_flip,0.01,postselection_total_variation_distance,0.00046610770444233346,0.00043510520996154764,0.00049640706178216,30,5000
9,3,3,3,bit_flip,0.02,noisy_feasible_probability,0.8358329994197619,0.8358329994197616,0.8358329994197623,30,5000
9,3,3,3,bit_flip,0.02,retained_shot_fraction,0.8358329994197619,0.8358329994197616,0.8358329994197623,30,5000
9,3,3,3,bit_flip,0.02,noisy_probability_of_optimum,0.49294170663751696,0.38912845753897435,0.5933820572851441,30,5000
9,3,3,3,bit_flip,0.02,postselected_probability_of_optimum,0.5897610012762342,0.45855789720107437,0.7085487516365225,30,5000
9,3,3,3,bit_flip,0.02,conditional_mode_probability,0.6842327465754828,0.599192353537038,0.7659038678014635,30,5000
9,3,3,3,bit_flip,0.02,conditional_mode_is_optimal,0.6666666666666666,0.5,0.8333333333333334,30,5000
9,3,3,3,bit_flip,0.02,conditional_mode_cost_gap,0.028692077475374736,0.009737695281890956,0.05146648909857151,30,5000
9,3,3,3,bit_flip,0.02,conditional_mode_approximation_ratio,0.9932410395659947,0.9880635770465888,0.9975202007469048,30,5000
9,3,3,3,bit_flip,0.02,effective_shots_for_target,1196.4112456605603,1196.41124566056,1196.4112456605608,30,5000
9,3,3,3,bit_flip,0.02,postselection_total_variation_distance,0.0019003213328172967,0.0017816783480098279,0.0020184881653472517,30,5000
12,4,3,1,amplitude_damping,0.0,noisy_feasible_probability,0.9999999999999999,0.9999999999999997,1.0,30,5000
12,4,3,1,amplitude_damping,0.0,retained_shot_fraction,0.9999999999999999,0.9999999999999997,1.0,30,5000
12,4,3,1,amplitude_damping,0.0,noisy_probability_of_optimum,0.3230190915501281,0.20793179480862997,0.44469909420510456,30,5000
12,4,3,1,amplitude_damping,0.0,postselected_probability_of_optimum,0.32301909155012815,0.20646141064365778,0.4446361104841885,30,5000
12,4,3,1,amplitude_damping,0.0,conditional_mode_probability,0.4943391072707677,0.38862746455301633,0.5959964883452077,30,5000
12,4,3,1,amplitude_damping,0.0,conditional_mode_is_optimal,0.43333333333333335,0.26666666666666666,0.6,30,5000
12,4,3,1,amplitude_damping,0.0,conditional_mode_cost_gap,0.06911689386300912,0.033989670268501575,0.10765738579755044,30,5000
12,4,3,1,amplitude_damping,0.0,conditional_mode_approximation_ratio,0.9856137777140945,0.977680130636887,0.992649575808124,30,5000
12,4,3,1,amplitude_damping,0.0,effective_shots_for_target,1000.0000000000001,1000.0,1000.0000000000003,30,5000
12,4,3,1,amplitude_damping,0.0,postselection_total_variation_distance,0.0,0.0,0.0,30,5000
12,4,3,1,amplitude_damping,0.001,noisy_feasible_probability,0.9960059960009997,0.9960059960009995,0.9960059960009999,30,5000
12,4,3,1,amplitude_damping,0.001,retained_shot_fraction,0.9960059960009997,0.9960059960009995,0.9960059960009999,30,5000
12,4,3,1,amplitude_damping,0.001,noisy_probability_of_optimum,0.3217289520067236,0.20507119340199717,0.44118233001765045,30,5000
12,4,3,1,amplitude_damping,0.001,postselected_probability_of_optimum,0.32301909155012815,0.20707397754248608,0.44211034454735815,30,5000
12,4,3,1,amplitude_damping,0.001,conditional_mode_probability,0.4943391072707677,0.38610047814788756,0.5947620814544748,30,5000
12,4,3,1,amplitude_damping,0.001,conditional_mode_is_optimal,0.43333333333333335,0.26666666666666666,0.6333333333333333,30,5000
12,4,3,1,amplitude_damping,0.001,conditional_mode_cost_gap,0.06911689386300912,0.03462183440771852,0.10774615214982992,30,5000
12,4,3,1,amplitude_damping,0.001,conditional_mode_approximation_ratio,0.9856137777140945,0.9775747051441193,0.992966775463326,30,5000
12,4,3,1,amplitude_damping,0.001,effective_shots_for_target,1004.0100200350564,1004.0100200350561,1004.0100200350566,30,5000
12,4,3,1,amplitude_damping,0.001,postselection_total_variation_distance,6.541246897683217e-17,4.720997263768702e-17,8.611583028282483e-17,30,5000
12,4,3,1,amplitude_damping,0.005,noisy_feasible_probability,0.9801495006249998,0.9801495006249996,0.9801495006250001,30,5000
12,4,3,1,amplitude_damping,0.005,retained_shot_fraction,0.9801495006249998,0.9801495006249996,0.9801495006250001,30,5000
12,4,3,1,amplitude_damping,0.005,noisy_probability_of_optimum,0.3166070012751993,0.20217629638304016,0.440589384161856,30,5000
12,4,3,1,amplitude_damping,0.005,postselected_probability_of_optimum,0.3230190915501282,0.2032016235156021,0.44402162715568916,30,5000
12,4,3,1,amplitude_damping,0.005,conditional_mode_probability,0.4943391072707677,0.3892792664326752,0.5981384597274277,30,5000
12,4,3,1,amplitude_damping,0.005,conditional_mode_is_optimal,0.43333333333333335,0.26666666666666666,0.6,30,5000
12,4,3,1,amplitude_damping,0.005,conditional_mode_cost_gap,0.06911689386300912,0.034869820688867965,0.10874754812144304,30,5000
12,4,3,1,amplitude_damping,0.005,conditional_mode_approximation_ratio,0.9856137777140945,0.9776154571947929,0.9928354044689359,30,5000
12,4,3,1,amplitude_damping,0.005,effective_shots_for_target,1020.2525220513223,1020.2525220513219,1020.2525220513224,30,5000
12,4,3,1,amplitude_damping,0.005,postselection_total_variation_distance,7.470805256172815e-17,5.735954351678475e-17,9.333477110914479e-17,30,5000
12,4,3,1,amplitude_damping,0.01,noisy_feasible_probability,0.9605960099999997,0.9605960099999996,0.96059601,30,5000
12,4,3,1,amplitude_damping,0.01,retained_shot_fraction,0.9605960099999997,0.9605960099999996,0.96059601,30,5000
12,4,3,1,amplitude_damping,0.01,noisy_probability_of_optimum,0.31029085049687777,0.19988080796851748,0.4253902461364508,30,5000
12,4,3,1,amplitude_damping,0.01,postselected_probability_of_optimum,0.32301909155012815,0.2052975701617773,0.44690370188147416,30,5000
12,4,3,1,amplitude_damping,0.01,conditional_mode_probability,0.4943391072707677,0.3891717246312087,0.5959222286388158,30,5000
12,4,3,1,amplitude_damping,0.01,conditional_mode_is_optimal,0.43333333333333335,0.26666666666666666,0.6,30,5000
12,4,3,1,amplitude_damping,0.01,conditional_mode_cost_gap,0.06911689386300912,0.03437684809328366,0.10753460808336882,30,5000
12,4,3,1,amplitude_damping,0.01,conditional_mode_approximation_ratio,0.9856137777140945,0.9774867693604332,0.9925972561133757,30,5000
12,4,3,1,amplitude_damping,0.01,effective_shots_for_target,1041.020355685217,1041.0203556852168,1041.0203556852173,30,5000
12,4,3,1,amplitude_damping,0.01,postselection_total_variation_distance,9.065653605882098e-17,7.188936876846924e-17,1.110516885085536e-16,30,5000
12,4,3,1,amplitude_damping,0.02,noisy_feasible_probability,0.9223681599999997,0.9223681599999994,0.9223681600000001,30,5000
12,4,3,1,amplitude_damping,0.02,retained_shot_fraction,0.9223681599999997,0.9223681599999994,0.9223681600000001,30,5000
12,4,3,1,amplitude_damping,0.02,noisy_probability_of_optimum,0.29794252511796326,0.19025888884980466,0.40496958786786913,30,5000
12,4,3,1,amplitude_damping,0.02,postselected_probability_of_optimum,0.3230190915501282,0.20576926105374202,0.44270792087655697,30,5000
12,4,3,1,amplitude_damping,0.02,conditional_mode_probability,0.4943391072707677,0.38506825780320414,0.5932545147260759,30,5000
12,4,3,1,amplitude_damping,0.02,conditional_mode_is_optimal,0.43333333333333335,0.26666666666666666,0.6,30,5000
12,4,3,1,amplitude_damping,0.02,conditional_mode_cost_gap,0.06911689386300912,0.03468593163127382,0.1065187597571709,30,5000
12,4,3,1,amplitude_damping,0.02,conditional_mode_approximation_ratio,0.9856137777140945,0.9776896004621981,0.9926735570816811,30,5000
12,4,3,1,amplitude_damping,0.02,effective_shots_for_target,1084.16578473394,1084.1657847339397,1084.1657847339404,30,5000
12,4,3,1,amplitude_damping,0.02,postselection_total_variation_distance,7.182403643620214e-17,5.467748117380031e-17,9.147170851920055e-17,30,5000
12,4,3,1,bit_flip,0.0,noisy_feasible_probability,0.9999999999999999,0.9999999999999997,1.0,30,5000
12,4,3,1,bit_flip,0.0,retained_shot_fraction,0.9999999999999999,0.9999999999999997,1.0,30,5000
12,4,3,1,bit_flip,0.0,noisy_probability_of_optimum,0.3230190915501281,0.20384336651930965,0.44305113044894145,30,5000
12,4,3,1,bit_flip,0.0,postselected_probability_of_optimum,0.32301909155012815,0.2047703826549994,0.44284778667768254,30,5000
12,4,3,1,bit_flip,0.0,conditional_mode_probability,0.4943391072707677,0.3897100514738701,0.5953168068409206,30,5000
12,4,3,1,bit_flip,0.0,conditional_mode_is_optimal,0.43333333333333335,0.26666666666666666,0.6,30,5000
12,4,3,1,bit_flip,0.0,conditional_mode_cost_gap,0.06911689386300912,0.03399363819054809,0.107884635078135,30,5000
12,4,3,1,bit_flip,0.0,conditional_mode_approximation_ratio,0.9856137777140945,0.9774857660731552,0.9928205761117259,30,5000
12,4,3,1,bit_flip,0.0,effective_shots_for_target,1000.0000000000001,1000.0,1000.0000000000003,30,5000
12,4,3,1,bit_flip,0.0,postselection_total_variation_distance,0.0,0.0,0.0,30,5000
12,4,3,1,bit_flip,0.001,noisy_feasible_probability,0.9880737008770593,0.988073700877059,0.9880737008770595,30,5000
12,4,3,1,bit_flip,0.001,retained_shot_fraction,0.9880737008770593,0.988073700877059,0.9880737008770595,30,5000
12,4,3,1,bit_flip,0.001,noisy_probability_of_optimum,0.3191644081006314,0.20480991626533354,0.437087320328621,30,5000
12,4,3,1,bit_flip,0.001,postselected_probability_of_optimum,0.3230168031163328,0.20516817969233045,0.44561075189476484,30,5000
12,4,3,1,bit_flip,0.001,conditional_mode_probability,0.49433540427017914,0.3852758917377924,0.598118899866768,30,5000
12,4,3,1,bit_flip,0.001,conditional_mode_is_optimal,0.43333333333333335,0.26666666666666666,0.6,30,5000
12,4,3,1,bit_flip,0.001,conditional_mode_cost_gap,0.06911689386300912,0.03397274124984135,0.10861674695666958,30,5000
12,4,3,1,bit_flip,0.001,conditional_mode_approximation_ratio,0.9856137777140945,0.9775175908374246,0.9928154663740549,30,5000
12,4,3,1,bit_flip,0.001,effective_shots_for_target,1012.0702525655267,1012.0702525655264,1012.0702525655271,30,5000
12,4,3,1,bit_flip,0.001,postselection_total_variation_distance,4.400520950210795e-06,3.832521664877455e-06,4.97252282804057e-06,30,5000
12,4,3,1,bit_flip,0.005,noisy_feasible_probability,0.9418130433513495,0.9418130433513494,0.94181304335135,30,5000
12,4,3,1,bit_flip,0.005,retained_shot_fraction,0.9418130433513495,0.9418130433513494,0.94181304335135,30,5000
12,4,3,1,bit_flip,0.005,noisy_probability_of_optimum,0.3041692838430738,0.1989056128386633,0.41849845893760834,30,5000
12,4,3,1,bit_flip,0.005,postselected_probability_of_optimum,0.3229614263577378,0.20464671694281608,0.44206428600638964,30,5000
12,4,3,1,bit_flip,0.005,conditional_mode_probability,0.4942457973668369,0.3885055504373698,0.5956663910422632,30,5000
12,4,3,1,bit_flip,0.005,conditional_mode_is_optimal,0.43333333333333335,0.26666666666666666,0.6,30,5000
12,4,3,1,bit_flip,0.005,conditional_mode_cost_gap,0.06911689386300912,0.03429366180141976,0.10727312737373383,30,5000
12,4,3,1,bit_flip,0.005,conditional_mode_approximation_ratio,0.9856137777140945,0.9776465367871082,0.9927753206586283,30,5000
12,4,3,1,bit_flip,0.005,effective_shots_for_target,1061.7818547528261,1061.781854752826,1061.7818547528263,30,5000
12,4,3,1,bit_flip,0.005,postselection_total_variation_distance,0.000110887131666695,9.630585431948846e-05,0.0001250734719003834,30,5000
12,4,3,1,bit_flip,0.01,noisy_feasible_probability,0.8871085988649913,0.8871085988649912,0.8871085988649914,30,5000
12,4,3,1,bit_flip,0.01,retained_shot_fraction,0.8871085988649913,0.8871085988649912,0.8871085988649914,30,5000
12,4,3,1,bit_flip,0.01,noisy_probability_of_optimum,0.28634639492076774,0.18487831267213586,0.39115158612933676,30,5000
12,4,3,1,bit_flip,0.01,postselected_probability_of_optimum,0.3227861789268337,0.2081729310147489,0.44196899506103987,30,5000
12,4,3,1,bit_flip,0.01,conditional_mode_probability,0.49396222779009946,0.38356589207320835,0.596003733904647,30,5000
12,4,3,1,bit_flip,0.01,conditional_mode_is_optimal,0.43333333333333335,0.26666666666666666,0.6,30,5000
12,4,3,1,bit_flip,0.01,conditional_mode_cost_gap,0.06911689386300912,0.03399965741504235,0.10862256905198857,30,5000
12,4,3,1,bit_flip,0.01,conditional_mode_approximation_ratio,0.9856137777140945,0.9776156576029396,0.9928335320275918,30,5000
12,4,3,1,bit_flip,0.01,effective_shots_for_target,1127.2577013450748,1127.2577013450743,1127.257701345075,30,5000
12,4,3,1,bit_flip,0.01,postselection_total_variation_distance,0.00044788415644313195,0.0003892560573088637,0.0005052131094656036,30,5000
12,4,3,1,bit_flip,0.02,noisy_feasible_probability,0.7873346254614295,0.7873346254614294,0.7873346254614297,30,5000
12,4,3,1,bit_flip,0.02,retained_shot_fraction,0.7873346254614295,0.7873346254614293,0.7873346254614297,30,5000
12,4,3,1,bit_flip,0.02,noisy_probability_of_optimum,0.25357665181525335,0.16174013359545095,0.34571336828388266,30,5000
12,4,3,1,bit_flip,0.02,postselected_probability_of_optimum,0.32206973199818417,0.20392843915934644,0.43927093327364936,30,5000
12,4,3,1,bit_flip,0.02,conditional_mode_probability,0.49280299964674296,0.388090182514684,0.5943549560027376,30,5000
12,4,3,1,bit_flip,0.02,conditional_mode_is_optimal,0.43333333333333335,0.26666666666666666,0.6,30,5000
12,4,3,1,bit_flip,0.02,conditional_mode_cost_gap,0.06911689386300912,0.03417633993393464,0.10624860936576504,30,5000
12,4,3,1,bit_flip,0.02,conditional_mode_approximation_ratio,0.9856137777140945,0.977485475230733,0.9928357136408116,30,5000
12,4,3,1,bit_flip,0.02,effective_shots_for_target,1270.1079917753325,1270.107991775332,1270.107991775333,30,5000
12,4,3,1,bit_flip,0.02,postselection_total_variation_distance,0.0018256813196182414,0.0015847496532281323,0.0020554606739349845,30,5000
12,4,3,2,amplitude_damping,0.0,noisy_feasible_probability,1.0,0.9999999999999997,1.0000000000000004,30,5000
12,4,3,2,amplitude_damping,0.0,retained_shot_fraction,1.0,0.9999999999999997,1.0000000000000004,30,5000
12,4,3,2,amplitude_damping,0.0,noisy_probability_of_optimum,0.3297009278697851,0.22167144607999856,0.4450101551698338,30,5000
12,4,3,2,amplitude_damping,0.0,postselected_probability_of_optimum,0.32970092786978517,0.2235367866185796,0.4440444965752912,30,5000
12,4,3,2,amplitude_damping,0.0,conditional_mode_probability,0.5255766837485433,0.43573241641325855,0.6091043974113897,30,5000
12,4,3,2,amplitude_damping,0.0,conditional_mode_is_optimal,0.5,0.3333333333333333,0.6666666666666666,30,5000
12,4,3,2,amplitude_damping,0.0,conditional_mode_cost_gap,0.033732400289785594,0.012764586734160189,0.06017908714646989,30,5000
12,4,3,2,amplitude_damping,0.0,conditional_mode_approximation_ratio,0.9929878245108965,0.9876689064116447,0.9973644584162025,30,5000
12,4,3,2,amplitude_damping,0.0,effective_shots_for_target,1000.0,999.9999999999997,1000.0000000000003,30,5000
12,4,3,2,amplitude_damping,0.0,postselection_total_variation_distance,0.0,0.0,0.0,30,5000
12,4,3,2,amplitude_damping,0.001,noisy_feasible_probability,0.996005996001,0.9960059960009996,0.9960059960010005,30,5000
12,4,3,2,amplitude_damping,0.001,retained_shot_fraction,0.996005996001,0.9960059960009996,0.9960059960010005,30,5000
12,4,3,2,amplitude_damping,0.001,noisy_probability_of_optimum,0.3283841010453993,0.2198444555686144,0.4383798132550135,30,5000
12,4,3,2,amplitude_damping,0.001,postselected_probability_of_optimum,0.32970092786978517,0.22238990813108345,0.4426200109396774,30,5000
12,4,3,2,amplitude_damping,0.001,conditional_mode_probability,0.5255766837485433,0.4356246452645635,0.6113241652941556,30,5000
12,4,3,2,amplitude_damping,0.001,conditional_mode_is_optimal,0.5,0.3333333333333333,0.6666666666666666,30,5000
12,4,3,2,amplitude_damping,0.001,conditional_mode_cost_gap,0.033732400289785594,0.012426144443366158,0.06206617970312967,30,5000
12,4,3,2,amplitude_damping,0.001,conditional_mode_approximation_ratio,0.9929878245108965,0.9875843064148168,0.997348710781329,30,5000
12,4,3,2,amplitude_damping,0.001,effective_shots_for_target,1004.010020035056,1004.0100200350557,1004.0100200350566,30,5000
12,4,3,2,amplitude_damping,0.001,postselection_total_variation_distance,5.845831947545333e-17,4.534818345545506e-17,7.26989421153861e-17,30,5000
12,4,3,2,amplitude_damping,0.005,noisy_feasible_probability,0.980149500625,0.9801495006249997,0.9801495006250004,30,5000
12,4,3,2,amplitude_damping,0.005,retained_shot_fraction,0.980149500625,0.9801495006249997,0.9801495006250004,30,5000
12,4,3,2,amplitude_damping,0.005,noisy_probability_of_optimum,0.32315619980716903,0.21443603565265643,0.4321934423195068,30,5000
12,4,3,2,amplitude_damping,0.005,postselected_probability_of_optimum,0.32970092786978517,0.2209365538949121,0.4433854465676318,30,5000
12,4,3,2,amplitude_damping,0.005,conditional_mode_probability,0.5255766837485433,0.43852109613871154,0.6122723995676175,30,5000
12,4,3,2,amplitude_damping,0.005,conditional_mode_is_optimal,0.5,0.3333333333333333,0.6666666666666666,30,5000
12,4,3,2,amplitude_damping,0.005,conditional_mode_cost_gap,0.033732400289785594,0.012569065814568273,0.06034381146317707,30,5000
12,4,3,2,amplitude_damping,0.005,conditional_mode_approximation_ratio,0.9929878245108965,0.9876418964849742,0.9974434344811404,30,5000
12,4,3,2,amplitude_damping,0.005,effective_shots_for_target,1020.252522051322,1020.2525220513215,1020.2525220513223,30,5000
12,4,3,2,amplitude_damping,0.005,postselection_total_variation_distance,7.440506351037647e-17,5.884793846872737e-17,9.108993363840789e-17,30,5000
12,4,3,2,amplitude_damping,0.01,noisy_feasible_probability,0.9605960099999998,0.9605960099999996,0.9605960100000003,30,5000
12,4,3,2,amplitude_damping,0.01,retained_shot_fraction,0.9605960099999998,0.9605960099999996,0.9605960100000003,30,5000
12,4,3,2,amplitude_damping,0.01,noisy_probability_of_optimum,0.31670939580501334,0.2136922011668309,0.4268514118728232,30,5000
12,4,3,2,amplitude_damping,0.01,postselected_probability_of_optimum,0.32970092786978517,0.21711883527828432,0.4431802471761908,30,5000
12,4,3,2,amplitude_damping,0.01,conditional_mode_probability,0.5255766837485433,0.43987678500220284,0.6139036876472483,30,5000
12,4,3,2,amplitude_damping,0.01,conditional_mode_is_optimal,0.5,0.3333333333333333,0.6666666666666666,30,5000
12,4,3,2,amplitude_damping,0.01,conditional_mode_cost_gap,0.033732400289785594,0.012814191463650721,0.060018852165254946,30,5000
12,4,3,2,amplitude_damping,0.01,conditional_mode_approximation_ratio,0.9929878245108965,0.9873282843814489,0.9973618389520013,30,5000
12,4,3,2,amplitude_damping,0.01,effective_shots_for_target,1041.0203556852166,1041.0203556852164,1041.020355685217,30,5000
12,4,3,2,amplitude_damping,0.01,postselection_total_variation_distance,6.661564239993793e-17,5.093521927301044e-17,8.445539986776216e-17,30,5000
12,4,3,2,amplitude_damping,0.02,noisy_feasible_probability,0.92236816,0.9223681599999995,0.9223681600000003,30,5000
12,4,3,2,amplitude_damping,0.02,retained_shot_fraction,0.92236816,0.9223681599999995,0.9223681600000003,30,5000
12,4,3,2,amplitude_damping,0.02,noisy_probability_of_optimum,0.30410563818954645,0.20449144073839487,0.403012551943481,30,5000
12,4,3,2,amplitude_damping,0.02,postselected_probability_of_optimum,0.32970092786978517,0.22378080375419734,0.44291918437692224,30,5000
12,4,3,2,amplitude_damping,0.02,conditional_mode_probability,0.5255766837485433,0.4361726359702639,0.610452028804173,30,5000
12,4,3,2,amplitude_damping,0.02,conditional_mode_is_optimal,0.5,0.3333333333333333,0.6666666666666666,30,5000
12,4,3,2,amplitude_damping,0.02,conditional_mode_cost_gap,0.033732400289785594,0.012490907071229792,0.06051756161890319,30,5000
12,4,3,2,amplitude_damping,0.02,conditional_mode_approximation_ratio,0.9929878245108965,0.9876057199737843,0.9973948633387012,30,5000
12,4,3,2,amplitude_damping,0.02,effective_shots_for_target,1084.1657847339397,1084.1657847339393,1084.1657847339402,30,5000
12,4,3,2,amplitude_damping,0.02,postselection_total_variation_distance,6.292685888332855e-17,4.8228958198033586e-17,7.869137452401524e-17,30,5000
12,4,3,2,bit_flip,0.0,noisy_feasible_probability,1.0,0.9999999999999997,1.0000000000000004,30,5000
12,4,3,2,bit_flip,0.0,retained_shot_fraction,1.0,0.9999999999999997,1.0000000000000004,30,5000
12,4,3,2,bit_flip,0.0,noisy_probability_of_optimum,0.3297009278697851,0.22067170918133405,0.440290592954911,30,5000
12,4,3,2,bit_flip,0.0,postselected_probability_of_optimum,0.32970092786978517,0.2199441010004442,0.4407415661681357,30,5000
12,4,3,2,bit_flip,0.0,conditional_mode_probability,0.5255766837485433,0.43639797061623664,0.6135893202614898,30,5000
12,4,3,2,bit_flip,0.0,conditional_mode_is_optimal,0.5,0.3333333333333333,0.6666666666666666,30,5000
12,4,3,2,bit_flip,0.0,conditional_mode_cost_gap,0.033732400289785594,0.012351841058349487,0.061368988387741255,30,5000
12,4,3,2,bit_flip,0.0,conditional_mode_approximation_ratio,0.9929878245108965,0.9873907846525898,0.9972821295462819,30,5000
12,4,3,2,bit_flip,0.0,effective_shots_for_target,1000.0,999.9999999999997,1000.0000000000003,30,5000
12,4,3,2,bit_flip,0.0,postselection_total_variation_distance,0.0,0.0,0.0,30,5000
12,4,3,2,bit_flip,0.001,noisy_feasible_probability,0.9880737008770593,0.988073700877059,0.9880737008770597,30,5000
12,4,3,2,bit_flip,0.001,retained_shot_fraction,0.9880737008770593,0.988073700877059,0.9880737008770597,30,5000
12,4,3,2,bit_flip,0.001,noisy_probability_of_optimum,0.3257665615636851,0.21508277654556546,0.43183279438034505,30,5000
12,4,3,2,bit_flip,0.001,postselected_probability_of_optimum,0.3296986462391619,0.21906837820245406,0.44368424944521784,30,5000
12,4,3,2,bit_flip,0.001,conditional_mode_probability,0.5255727759637757,0.438876624367362,0.6095669051191468,30,5000
12,4,3,2,bit_flip,0.001,conditional_mode_is_optimal,0.5,0.33250000000000024,0.6666666666666666,30,5000
12,4,3,2,bit_flip,0.001,conditional_mode_cost_gap,0.033732400289785594,0.012202554791102242,0.061027393378276736,30,5000
12,4,3,2,bit_flip,0.001,conditional_mode_approximation_ratio,0.9929878245108965,0.9872751575560746,0.9973991848401588,30,5000
12,4,3,2,bit_flip,0.001,effective_shots_for_target,1012.0702525655265,1012.0702525655262,1012.0702525655271,30,5000
12,4,3,2,bit_flip,0.001,postselection_total_variation_distance,4.82929945632195e-06,4.379884661489121e-06,5.275888792277621e-06,30,5000
12,4,3,2,bit_flip,0.005,noisy_feasible_probability,0.94181304335135,0.9418130433513494,0.9418130433513503,30,5000
12,4,3,2,bit_flip,0.005,retained_shot_fraction,0.94181304335135,0.9418130433513494,0.9418130433513503,30,5000
12,4,3,2,bit_flip,0.005,noisy_probability_of_optimum,0.3104624857923404,0.20875904684521487,0.41666385314030807,30,5000
12,4,3,2,bit_flip,0.005,postselected_probability_of_optimum,0.329643433995764,0.2196385422934056,0.4414499916268208,30,5000
12,4,3,2,bit_flip,0.005,conditional_mode_probability,0.5254782135201459,0.4381620221553001,0.6102594015663023,30,5000
12,4,3,2,bit_flip,0.005,conditional_mode_is_optimal,0.5,0.3333333333333333,0.6666666666666666,30,5000
12,4,3,2,bit_flip,0.005,conditional_mode_cost_gap,0.033732400289785594,0.01282231353816291,0.060556532069666845,30,5000
12,4,3,2,bit_flip,0.005,conditional_mode_approximation_ratio,0.9929878245108965,0.9874655380236314,0.9973164033014357,30,5000
12,4,3,2,bit_flip,0.005,effective_shots_for_target,1061.7818547528261,1061.7818547528254,1061.7818547528263,30,5000
12,4,3,2,bit_flip,0.005,postselection_total_variation_distance,0.00012169197030140159,0.00011002982132103515,0.00013281886061592655,30,5000
12,4,3,2,bit_flip,0.01,noisy_feasible_probability,0.8871085988649915,0.8871085988649912,0.8871085988649919,30,5000
12,4,3,2,bit_flip,0.01,retained_shot_fraction,0.8871085988649915,0.8871085988649912,0.8871085988649919,30,5000
12,4,3,2,bit_flip,0.01,noisy_probability_of_optimum,0.29227452195663445,0.19314392197941194,0.39272552713810005,30,5000
12,4,3,2,bit_flip,0.01,postselected_probability_of_optimum,0.32946870578256615,0.22300105227974115,0.4448842228055152,30,5000
12,4,3,2,bit_flip,0.01,conditional_mode_probability,0.5251789606644238,0.43525745405650484,0.614227749192765,30,5000
12,4,3,2,bit_flip,0.01,conditional_mode_is_optimal,0.5,0.3333333333333333,0.6666666666666666,30,5000
12,4,3,2,bit_flip,0.01,conditional_mode_cost_gap,0.033732400289785594,0.012441859844607356,0.060586539493656985,30,5000
12,4,3,2,bit_flip,0.01,conditional_mode_approximation_ratio,0.9929878245108965,0.9874517777599279,0.9972753920788797,30,5000
12,4,3,2,bit_flip,0.01,effective_shots_for_target,1127.2577013450743,1127.2577013450739,1127.2577013450748,30,5000
12,4,3,2,bit_flip,0.01,postselection_total_variation_distance,0.0004915285898692981,0.00044458122205829037,0.000536966043945875,30,5000
12,4,3,2,bit_flip,0.02,noisy_feasible_probability,0.7873346254614296,0.7873346254614293,0.78733462546143,30,5000
12,4,3,2,bit_flip,0.02,retained_shot_fraction,0.7873346254614296,0.7873346254614293,0.78733462546143,30,5000
12,4,3,2,bit_flip,0.02,noisy_probability_of_optimum,0.2588396902309442,0.17255821645387018,0.34832351032864434,30,5000
12,4,3,2,bit_flip,0.02,postselected_probability_of_optimum,0.32875435915097373,0.2225373850893077,0.44116277754653865,30,5000
12,4,3,2,bit_flip,0.02,conditional_mode_probability,0.5239556036899575,0.4367189300880912,0.6057538675308284,30,5000
12,4,3,2,bit_flip,0.02,conditional_mode_is_optimal,0.5,0.3333333333333333,0.6666666666666666,30,5000
12,4,3,2,bit_flip,0.02,conditional_mode_cost_gap,0.033732400289785594,0.012784871385619897,0.0601120906094776,30,5000
12,4,3,2,bit_flip,0.02,conditional_mode_approximation_ratio,0.9929878245108965,0.9876193234104358,0.997379897076779,30,5000
12,4,3,2,bit_flip,0.02,effective_shots_for_target,1270.1079917753325,1270.1079917753318,1270.107991775333,30,5000
12,4,3,2,bit_flip,0.02,postselection_total_variation_distance,0.0020036322132487598,0.0018115471493123936,0.0021815828139678663,30,5000
12,4,3,3,amplitude_damping,0.0,noisy_feasible_probability,1.0000000000000004,0.9999999999999999,1.0000000000000007,30,5000
12,4,3,3,amplitude_damping,0.0,retained_shot_fraction,1.0000000000000004,0.9999999999999999,1.0000000000000007,30,5000
12,4,3,3,amplitude_damping,0.0,noisy_probability_of_optimum,0.3616424909104896,0.23594257014280381,0.48947631415111764,30,5000
12,4,3,3,amplitude_damping,0.0,postselected_probability_of_optimum,0.36164249091048944,0.24005401691684572,0.4901003374285569,30,5000
12,4,3,3,amplitude_damping,0.0,conditional_mode_probability,0.5044600115322261,0.4031758354210336,0.6016736082403603,30,5000
12,4,3,3,amplitude_damping,0.0,conditional_mode_is_optimal,0.4666666666666667,0.3,0.6333333333333333,30,5000
12,4,3,3,amplitude_damping,0.0,conditional_mode_cost_gap,0.04709606728572222,0.017467082268323227,0.08243102994244315,30,5000
12,4,3,3,amplitude_damping,0.0,conditional_mode_approximation_ratio,0.9901862764734358,0.9833338738816941,0.9962761331231946,30,5000
12,4,3,3,amplitude_damping,0.0,effective_shots_for_target,999.9999999999997,999.9999999999993,1000.0000000000001,30,5000
12,4,3,3,amplitude_damping,0.0,postselection_total_variation_distance,0.0,0.0,0.0,30,5000
12,4,3,3,amplitude_damping,0.001,noisy_feasible_probability,0.9960059960010003,0.9960059960009999,0.9960059960010008,30,5000
12,4,3,3,amplitude_damping,0.001,retained_shot_fraction,0.9960059960010003,0.9960059960009999,0.9960059960010008,30,5000
12,4,3,3,amplitude_damping,0.001,noisy_probability_of_optimum,0.36019808935558467,0.2375904677234425,0.49098299715877075,30,5000
12,4,3,3,amplitude_damping,0.001,postselected_probability_of_optimum,0.36164249091048944,0.2372037244288076,0.49621355965608116,30,5000
12,4,3,3,amplitude_damping,0.001,conditional_mode_probability,0.5044600115322261,0.4040385861852587,0.6027330511007193,30,5000
12,4,3,3,amplitude_damping,0.001,conditional_mode_is_optimal,0.4666666666666667,0.3,0.6333333333333333,30,5000
12,4,3,3,amplitude_damping,0.001,conditional_mode_cost_gap,0.04709606728572222,0.01708204525105799,0.08363515235061088,30,5000
12,4,3,3,amplitude_damping,0.001,conditional_mode_approximation_ratio,0.9901862764734358,0.9830597450276413,0.9961037332001726,30,5000
12,4,3,3,amplitude_damping,0.001,effective_shots_for_target,1004.0100200350557,1004.0100200350553,1004.0100200350563,30,5000
12,4,3,3,amplitude_damping,0.001,postselection_total_variation_distance,6.734770962735374e-17,5.4340380868295296e-17,8.128429521856919e-17,30,5000
12,4,3,3,amplitude_damping,0.005,noisy_feasible_probability,0.9801495006250004,0.980149500625,0.9801495006250006,30,5000
12,4,3,3,amplitude_damping,0.005,retained_shot_fraction,0.9801495006250004,0.980149500625,0.9801495006250006,30,5000
12,4,3,3,amplitude_damping,0.005,noisy_probability_of_optimum,0.35446370687069745,0.2341416153858217,0.4795929780335333,30,5000
12,4,3,3,amplitude_damping,0.005,postselected_probability_of_optimum,0.36164249091048944,0.23546462206204122,0.4950911617122898,30,5000
12,4,3,3,amplitude_damping,0.005,conditional_mode_probability,0.5044600115322261,0.40377779432554917,0.6059040267036163,30,5000
12,4,3,3,amplitude_damping,0.005,conditional_mode_is_optimal,0.4666666666666667,0.3,0.6333333333333333,30,5000
12,4,3,3,amplitude_damping,0.005,conditional_mode_cost_gap,0.04709606728572222,0.017538712348929283,0.08224201790880017,30,5000
12,4,3,3,amplitude_damping,0.005,conditional_mode_approximation_ratio,0.9901862764734358,0.9830563367196057,0.9961769171395158,30,5000
12,4,3,3,amplitude_damping,0.005,effective_shots_for_target,1020.2525220513216,1020.2525220513212,1020.252522051322,30,5000
12,4,3,3,amplitude_damping,0.005,postselection_total_variation_distance,6.328991143439781e-17,5.067067810652897e-17,7.547596838465343e-17,30,5000
12,4,3,3,amplitude_damping,0.01,noisy_feasible_probability,0.9605960100000002,0.9605960099999998,0.9605960100000007,30,5000
12,4,3,3,amplitude_damping,0.01,retained_shot_fraction,0.9605960100000002,0.9605960099999998,0.9605960100000007,30,5000
12,4,3,3,amplitude_damping,0.01,noisy_probability_of_optimum,0.34739233381507756,0.22206016538961343,0.4719298626825728,30,5000
12,4,3,3,amplitude_damping,0.01,postselected_probability_of_optimum,0.36164249091048944,0.2334733829178579,0.4897934907651991,30,5000
12,4,3,3,amplitude_damping,0.01,conditional_mode_probability,0.5044600115322261,0.40285178145257755,0.604954813681496,30,5000
12,4,3,3,amplitude_damping,0.01,conditional_mode_is_optimal,0.4666666666666667,0.26666666666666666,0.6333333333333333,30,5000
12,4,3,3,amplitude_damping,0.01,conditional_mode_cost_gap,0.04709606728572222,0.017560774154790227,0.08126183508198029,30,5000
12,4,3,3,amplitude_damping,0.01,conditional_mode_approximation_ratio,0.9901862764734358,0.9827655274842783,0.9962996920736102,30,5000
12,4,3,3,amplitude_damping,0.01,effective_shots_for_target,1041.0203556852164,1041.020355685216,1041.0203556852168,30,5000
12,4,3,3,amplitude_damping,0.01,postselection_total_variation_distance,6.869502728033916e-17,5.1044464155897825e-17,8.638098285679721e-17,30,5000
12,4,3,3,amplitude_damping,0.02,noisy_feasible_probability,0.9223681600000003,0.9223681599999999,0.9223681600000008,30,5000
12,4,3,3,amplitude_damping,0.02,retained_shot_fraction,0.9223681600000003,0.9223681599999999,0.9223681600000008,30,5000
12,4,3,3,amplitude_damping,0.02,noisy_probability_of_optimum,0.33356751891892494,0.21742492026477,0.4582755015504852,30,5000
12,4,3,3,amplitude_damping,0.02,postselected_probability_of_optimum,0.3616424909104895,0.2321747247960555,0.49670072118261777,30,5000
12,4,3,3,amplitude_damping,0.02,conditional_mode_probability,0.5044600115322261,0.40275363422018556,0.6049811919045501,30,5000
12,4,3,3,amplitude_damping,0.02,conditional_mode_is_optimal,0.4666666666666667,0.3,0.6333333333333333,30,5000
12,4,3,3,amplitude_damping,0.02,conditional_mode_cost_gap,0.04709606728572222,0.01681800884353482,0.08278826561886546,30,5000
12,4,3,3,amplitude_damping,0.02,conditional_mode_approximation_ratio,0.9901862764734358,0.9829804927193073,0.9962844570385436,30,5000
12,4,3,3,amplitude_damping,0.02,effective_shots_for_target,1084.1657847339395,1084.1657847339388,1084.1657847339397,30,5000
12,4,3,3,amplitude_damping,0.02,postselection_total_variation_distance,7.972282166808728e-17,6.45163121421384e-17,9.472916508110414e-17,30,5000
12,4,3,3,bit_flip,0.0,noisy_feasible_probability,1.0000000000000004,0.9999999999999999,1.0000000000000007,30,5000
12,4,3,3,bit_flip,0.0,retained_shot_fraction,1.0000000000000004,0.9999999999999999,1.0000000000000007,30,5000
12,4,3,3,bit_flip,0.0,noisy_probability_of_optimum,0.3616424909104896,0.23333156554347395,0.4907065686521452,30,5000
12,4,3,3,bit_flip,0.0,postselected_probability_of_optimum,0.36164249091048944,0.23454771481398237,0.49030688172988957,30,5000
12,4,3,3,bit_flip,0.0,conditional_mode_probability,0.5044600115322261,0.40645630494385737,0.6061390883840774,30,5000
12,4,3,3,bit_flip,0.0,conditional_mode_is_optimal,0.4666666666666667,0.3,0.6333333333333333,30,5000
12,4,3,3,bit_flip,0.0,conditional_mode_cost_gap,0.04709606728572222,0.017279600810589088,0.08263070133078494,30,5000
12,4,3,3,bit_flip,0.0,conditional_mode_approximation_ratio,0.9901862764734358,0.9830625859455269,0.9963039024210174,30,5000
12,4,3,3,bit_flip,0.0,effective_shots_for_target,999.9999999999997,999.9999999999993,1000.0000000000001,30,5000
12,4,3,3,bit_flip,0.0,postselection_total_variation_distance,0.0,0.0,0.0,30,5000
12,4,3,3,bit_flip,0.001,noisy_feasible_probability,0.9880737008770597,0.9880737008770593,0.9880737008770599,30,5000
12,4,3,3,bit_flip,0.001,retained_shot_fraction,0.9880737008770597,0.9880737008770593,0.9880737008770599,30,5000
12,4,3,3,bit_flip,0.001,noisy_probability_of_optimum,0.35732686448285145,0.23404567360257414,0.48476164456342147,30,5000
12,4,3,3,bit_flip,0.001,postselected_probability_of_optimum,0.3616398899856072,0.23058531302828306,0.4932201232411471,30,5000
12,4,3,3,bit_flip,0.001,conditional_mode_probability,0.5044562680979756,0.40371595073826544,0.6050860433761261,30,5000
12,4,3,3,bit_flip,0.001,conditional_mode_is_optimal,0.4666666666666667,0.3,0.6333333333333333,30,5000
12,4,3,3,bit_flip,0.001,conditional_mode_cost_gap,0.04709606728572222,0.017655976758941167,0.0829504165928106,30,5000
12,4,3,3,bit_flip,0.001,conditional_mode_approximation_ratio,0.9901862764734358,0.9828985998646076,0.9963183436837585,30,5000
12,4,3,3,bit_flip,0.001,effective_shots_for_target,1012.0702525655263,1012.0702525655257,1012.0702525655266,30,5000
12,4,3,3,bit_flip,0.001,postselection_total_variation_distance,4.934875214191139e-06,4.404115304769426e-06,5.444454744849161e-06,30,5000
12,4,3,3,bit_flip,0.005,noisy_feasible_probability,0.9418130433513503,0.9418130433513497,0.9418130433513506,30,5000
12,4,3,3,bit_flip,0.005,retained_shot_fraction,0.9418130433513503,0.9418130433513497,0.9418130433513506,30,5000
12,4,3,3,bit_flip,0.005,noisy_probability_of_optimum,0.34053788905952337,0.22353763415798714,0.4642907578548629,30,5000
12,4,3,3,bit_flip,0.005,postselected_probability_of_optimum,0.36157695145923274,0.2361456038555619,0.49483576705584087,30,5000
12,4,3,3,bit_flip,0.005,conditional_mode_probability,0.5043656826896412,0.4036349610992758,0.6059411226091934,30,5000
12,4,3,3,bit_flip,0.005,conditional_mode_is_optimal,0.4666666666666667,0.3,0.6333333333333333,30,5000
12,4,3,3,bit_flip,0.005,conditional_mode_cost_gap,0.04709606728572222,0.0177903165875929,0.08183368076192742,30,5000
12,4,3,3,bit_flip,0.005,conditional_mode_approximation_ratio,0.9901862764734358,0.9826909906703526,0.9962312733861111,30,5000
12,4,3,3,bit_flip,0.005,effective_shots_for_target,1061.7818547528257,1061.7818547528252,1061.7818547528261,30,5000
12,4,3,3,bit_flip,0.005,postselection_total_variation_distance,0.0001243524693063034,0.00011096665783742616,0.00013778223329669208,30,5000
12,4,3,3,bit_flip,0.01,noisy_feasible_probability,0.8871085988649919,0.8871085988649914,0.8871085988649923,30,5000
12,4,3,3,bit_flip,0.01,retained_shot_fraction,0.8871085988649919,0.8871085988649914,0.8871085988649923,30,5000
12,4,3,3,bit_flip,0.01,noisy_probability_of_optimum,0.3205813312261867,0.21084850064085964,0.434252142806958,30,5000
12,4,3,3,bit_flip,0.01,postselected_probability_of_optimum,0.361377774532175,0.2356115400334593,0.49525078981464704,30,5000
12,4,3,3,bit_flip,0.01,conditional_mode_probability,0.5040790156198924,0.40264080580999967,0.6031811883666012,30,5000
12,4,3,3,bit_flip,0.01,conditional_mode_is_optimal,0.4666666666666667,0.3,0.6666666666666666,30,5000
12,4,3,3,bit_flip,0.01,conditional_mode_cost_gap,0.04709606728572222,0.017244096089338242,0.08159307058024813,30,5000
12,4,3,3,bit_flip,0.01,conditional_mode_approximation_ratio,0.9901862764734358,0.9828714220398556,0.996430270228811,30,5000
12,4,3,3,bit_flip,0.01,effective_shots_for_target,1127.2577013450739,1127.2577013450732,1127.2577013450743,30,5000
12,4,3,3,bit_flip,0.01,postselection_total_variation_distance,0.0005022763204051635,0.0004488259143083719,0.000555966492212164,30,5000
12,4,3,3,bit_flip,0.02,noisy_feasible_probability,0.78733462546143,0.7873346254614296,0.7873346254614302,30,5000
12,4,3,3,bit_flip,0.02,retained_shot_fraction,0.78733462546143,0.7873346254614296,0.7873346254614302,30,5000
12,4,3,3,bit_flip,0.02,noisy_probability_of_optimum,0.2838841369784356,0.18409088427521833,0.3865245564852093,30,5000
12,4,3,3,bit_flip,0.02,postselected_probability_of_optimum,0.3605635111145542,0.2365968628864428,0.4890824948863827,30,5000
12,4,3,3,bit_flip,0.02,conditional_mode_probability,0.5029071103990659,0.4022033768899018,0.6032399296809318,30,5000
12,4,3,3,bit_flip,0.02,conditional_mode_is_optimal,0.4666666666666667,0.3,0.6333333333333333,30,5000
12,4,3,3,bit_flip,0.02,conditional_mode_cost_gap,0.04709606728572222,0.01695437849698801,0.08374950228919166,30,5000
12,4,3,3,bit_flip,0.02,conditional_mode_approximation_ratio,0.9901862764734358,0.9829188458198314,0.996324277888928,30,5000
12,4,3,3,bit_flip,0.02,effective_shots_for_target,1270.107991775332,1270.1079917753314,1270.1079917753327,30,5000
12,4,3,3,bit_flip,0.02,postselection_total_variation_distance,0.002047469314490226,0.001825780648311717,0.002269386348504757,30,5000
16,4,4,1,amplitude_damping,0.0,noisy_feasible_probability,1.0,0.9999999999999999,1.0000000000000002,30,5000
16,4,4,1,amplitude_damping,0.0,retained_shot_fraction,1.0,0.9999999999999999,1.0000000000000002,30,5000
16,4,4,1,amplitude_damping,0.0,noisy_probability_of_optimum,0.01070573528196576,0.006893036187253366,0.01601199759072244,30,5000
16,4,4,1,amplitude_damping,0.0,postselected_probability_of_optimum,0.010705735281965757,0.006912907136467551,0.016085003305992867,30,5000
16,4,4,1,amplitude_damping,0.0,conditional_mode_probability,0.030635939273350943,0.024863197658853205,0.037784440669773066,30,5000
16,4,4,1,amplitude_damping,0.0,conditional_mode_is_optimal,0.03333333333333333,0.0,0.1,30,5000
16,4,4,1,amplitude_damping,0.0,conditional_mode_cost_gap,0.41721631119195934,0.2262049086876631,0.7456839074489106,30,5000
16,4,4,1,amplitude_damping,0.0,conditional_mode_approximation_ratio,0.9312922840593217,0.8956622232017811,0.9533344698053701,30,5000
16,4,4,1,amplitude_damping,0.0,effective_shots_for_target,1000.0,999.9999999999998,1000.0000000000001,30,5000
16,4,4,1,amplitude_damping,0.0,postselection_total_variation_distance,0.0,0.0,0.0,30,5000
16,4,4,1,amplitude_damping,0.001,noisy_feasible_probability,0.9960059960009999,0.9960059960009997,0.9960059960009999,30,5000
16,4,4,1,amplitude_damping,0.001,retained_shot_fraction,0.9960059960009999,0.9960059960009997,0.9960059960009999,30,5000
16,4,4,1,amplitude_damping,0.001,noisy_probability_of_optimum,0.01066297653243736,0.006915905517348612,0.015977135470427208,30,5000
16,4,4,1,amplitude_damping,0.001,postselected_probability_of_optimum,0.010705735281965759,0.0069906888353835584,0.016162231793979385,30,5000
16,4,4,1,amplitude_damping,0.001,conditional_mode_probability,0.03063593927335094,0.024768927738930323,0.03758708967590404,30,5000
16,4,4,1,amplitude_damping,0.001,conditional_mode_is_optimal,0.03333333333333333,0.0,0.1,30,5000
16,4,4,1,amplitude_damping,0.001,conditional_mode_cost_gap,0.41721631119195934,0.22624829313070208,0.7517947523209854,30,5000
16,4,4,1,amplitude_damping,0.001,conditional_mode_approximation_ratio,0.9312922840593217,0.8954814448463292,0.9535537991458988,30,5000
16,4,4,1,amplitude_damping,0.001,effective_shots_for_target,1004.0100200350563,1004.0100200350561,1004.0100200350564,30,5000
16,4,4,1,amplitude_damping,0.001,postselection_total_variation_distance,5.578340894108565e-17,4.9040081508356694e-17,6.372359287586992e-17,30,5000
16,4,4,1,amplitude_damping,0.005,noisy_feasible_probability,0.9801495006250001,0.9801495006249998,0.9801495006250003,30,5000
16,4,4,1,amplitude_damping,0.005,retained_shot_fraction,0.9801495006250001,0.980149500625,0.9801495006250003,30,5000
16,4,4,1,amplitude_damping,0.005,noisy_probability_of_optimum,0.010493221090442185,0.006687029658827545,0.015426314819037095,30,5000
16,4,4,1,amplitude_damping,0.005,postselected_probability_of_optimum,0.010705735281965757,0.006954059917420431,0.016355609271266915,30,5000
16,4,4,1,amplitude_damping,0.005,conditional_mode_probability,0.030635939273350943,0.02467805484515893,0.03740677794698244,30,5000
16,4,4,1,amplitude_damping,0.005,conditional_mode_is_optimal,0.03333333333333333,0.0,0.1,30,5000
16,4,4,1,amplitude_damping,0.005,conditional_mode_cost_gap,0.41721631119195934,0.22623706001190091,0.7563381513585438,30,5000
16,4,4,1,amplitude_damping,0.005,conditional_mode_approximation_ratio,0.9312922840593217,0.8951760950267174,0.9538088866724043,30,5000
16,4,4,1,amplitude_damping,0.005,effective_shots_for_target,1020.252522051322,1020.2525220513215,1020.2525220513222,30,5000
16,4,4,1,amplitude_damping,0.005,postselection_total_variation_distance,5.750328608292395e-17,4.9097197377189473e-17,6.82022399120332e-17,30,5000
16,4,4,1,amplitude_damping,0.01,noisy_feasible_probability,0.96059601,0.9605960099999997,0.9605960100000002,30,5000
16,4,4,1,amplitude_damping,0.01,retained_shot_fraction,0.96059601,0.9605960099999998,0.9605960100000002,30,5000
16,4,4,1,amplitude_damping,0.01,noisy_probability_of_optimum,0.010283886595972538,0.006699385053521551,0.015356685675652461,30,5000
16,4,4,1,amplitude_damping,0.01,postselected_probability_of_optimum,0.010705735281965757,0.006879874753938937,0.016038223382957437,30,5000
16,4,4,1,amplitude_damping,0.01,conditional_mode_probability,0.030635939273350937,0.024849578969216517,0.03763031113414079,30,5000
16,4,4,1,amplitude_damping,0.01,conditional_mode_is_optimal,0.03333333333333333,0.0,0.1,30,5000
16,4,4,1,amplitude_damping,0.01,conditional_mode_cost_gap,0.41721631119195934,0.22397237329398703,0.7502461342115835,30,5000
16,4,4,1,amplitude_damping,0.01,conditional_mode_approximation_ratio,0.9312922840593217,0.8952308692711747,0.9539562871584202,30,5000
16,4,4,1,amplitude_damping,0.01,effective_shots_for_target,1041.0203556852168,1041.0203556852168,1041.020355685217,30,5000
16,4,4,1,amplitude_damping,0.01,postselection_total_variation_distance,5.32529943501321e-17,4.497117554191393e-17,6.317042870698554e-17,30,5000
16,4,4,1,amplitude_damping,0.02,noisy_feasible_probability,0.9223681600000002,0.9223681599999999,0.9223681600000003,30,5000
16,4,4,1,amplitude_damping,0.02,retained_shot_fraction,0.9223681600000002,0.9223681599999999,0.9223681600000003,30,5000
16,4,4,1,amplitude_damping,0.02,noisy_probability_of_optimum,0.00987462935347384,0.006377557644240097,0.014829166500330494,30,5000
16,4,4,1,amplitude_damping,0.02,postselected_probability_of_optimum,0.010705735281965757,0.0068883894465742125,0.01608094985623386,30,5000
16,4,4,1,amplitude_damping,0.02,conditional_mode_probability,0.030635939273350943,0.024970869794412928,0.03719348614708874,30,5000
16,4,4,1,amplitude_damping,0.02,conditional_mode_is_optimal,0.03333333333333333,0.0,0.1,30,5000
16,4,4,1,amplitude_damping,0.02,conditional_mode_cost_gap,0.41721631119195934,0.22514800205652505,0.7521438749505613,30,5000
16,4,4,1,amplitude_damping,0.02,conditional_mode_approximation_ratio,0.9312922840593217,0.8955672408543265,0.9536123175916765,30,5000
16,4,4,1,amplitude_damping,0.02,effective_shots_for_target,1084.1657847339397,1084.1657847339395,1084.16578473394,30,5000
16,4,4,1,amplitude_damping,0.02,postselection_total_variation_distance,5.437671083018852e-17,4.659741195669388e-17,6.360625773559621e-17,30,5000
16,4,4,1,bit_flip,0.0,noisy_feasible_probability,1.0,0.9999999999999999,1.0000000000000002,30,5000
16,4,4,1,bit_flip,0.0,retained_shot_fraction,1.0,0.9999999999999999,1.0000000000000002,30,5000
16,4,4,1,bit_flip,0.0,noisy_probability_of_optimum,0.01070573528196576,0.006868530773704658,0.01588223725148153,30,5000
16,4,4,1,bit_flip,0.0,postselected_probability_of_optimum,0.010705735281965757,0.00692392827892119,0.01614202839758917,30,5000
16,4,4,1,bit_flip,0.0,conditional_mode_probability,0.030635939273350943,0.02486514234817501,0.0372829060800429,30,5000
16,4,4,1,bit_flip,0.0,conditional_mode_is_optimal,0.03333333333333333,0.0,0.1,30,5000
16,4,4,1,bit_flip,0.0,conditional_mode_cost_gap,0.41721631119195934,0.22617417150469937,0.7540412837783104,30,5000
16,4,4,1,bit_flip,0.0,conditional_mode_approximation_ratio,0.9312922840593217,0.8948208410161302,0.954040706618182,30,5000
16,4,4,1,bit_flip,0.0,effective_shots_for_target,1000.0,999.9999999999998,1000.0000000000001,30,5000
16,4,4,1,bit_flip,0.0,postselection_total_variation_distance,0.0,0.0,0.0,30,5000
16,4,4,1,bit_flip,0.001,noisy_feasible_probability,0.9841312749566398,0.9841312749566394,0.9841312749566401,30,5000
16,4,4,1,bit_flip,0.001,retained_shot_fraction,0.9841312749566398,0.9841312749566394,0.9841312749566401,30,5000
16,4,4,1,bit_flip,0.001,noisy_probability_of_optimum,0.01053580727482611,0.006762812891856945,0.016077880742453303,30,5000
16,4,4,1,bit_flip,0.001,postselected_probability_of_optimum,0.010705692973013492,0.006907580641874428,0.016126576309523907,30,5000
16,4,4,1,bit_flip,0.001,conditional_mode_probability,0.03063571406846733,0.02460262970966136,0.03738351169888176,30,5000
16,4,4,1,bit_flip,0.001,conditional_mode_is_optimal,0.03333333333333333,0.0,0.1,30,5000
16,4,4,1,bit_flip,0.001,conditional_mode_cost_gap,0.41721631119195934,0.22749281081894637,0.7471508827467275,30,5000
16,4,4,1,bit_flip,0.001,conditional_mode_approximation_ratio,0.9312922840593217,0.8958038175299691,0.9536622233870937,30,5000
16,4,4,1,bit_flip,0.001,effective_shots_for_target,1016.1246019176247,1016.1246019176245,1016.1246019176249,30,5000
16,4,4,1,bit_flip,0.001,postselection_total_variation_distance,3.3338379658028336e-06,3.0403435898533857e-06,3.642962792368382e-06,30,5000
16,4,4,1,bit_flip,0.005,noisy_feasible_probability,0.9232108247914359,0.9232108247914359,0.9232108247914361,30,5000
16,4,4,1,bit_flip,0.005,retained_shot_fraction,0.9232108247914359,0.9232108247914359,0.9232108247914361,30,5000
16,4,4,1,bit_flip,0.005,noisy_probability_of_optimum,0.009882666440840343,0.006390789816133828,0.014776917395814049,30,5000
16,4,4,1,bit_flip,0.005,postselected_probability_of_optimum,0.010704669156227616,0.006980725264402135,0.016194418950158777,30,5000
16,4,4,1,bit_flip,0.005,conditional_mode_probability,0.030630264615741868,0.02496177219257622,0.03754816180497263,30,5000
16,4,4,1,bit_flip,0.005,conditional_mode_is_optimal,0.03333333333333333,0.0,0.1,30,5000
16,4,4,1,bit_flip,0.005,conditional_mode_cost_gap,0.41721631119195934,0.22597794489727321,0.7504148107452283,30,5000
16,4,4,1,bit_flip,0.005,conditional_mode_approximation_ratio,0.9312922840593217,0.8951385841525432,0.9536285564077723,30,5000
16,4,4,1,bit_flip,0.005,effective_shots_for_target,1083.176207586075,1083.176207586075,1083.1762075860754,30,5000
16,4,4,1,bit_flip,0.005,postselection_total_variation_distance,8.40069038354846e-05,7.659829148978545e-05,9.196525331449777e-05,30,5000
16,4,4,1,bit_flip,0.01,noisy_feasible_probability,0.8525007448157103,0.85250074481571,0.8525007448157103,30,5000
16,4,4,1,bit_flip,0.01,retained_shot_fraction,0.8525007448157103,0.85250074481571,0.8525007448157104,30,5000
16,4,4,1,bit_flip,0.01,noisy_probability_of_optimum,0.00912297629728153,0.005914638868239294,0.013786870622877357,30,5000
16,4,4,1,bit_flip,0.01,postselected_probability_of_optimum,0.010701429122215833,0.006848975856372091,0.016137080191586904,30,5000
16,4,4,1,bit_flip,0.01,conditional_mode_probability,0.0306130213050495,0.0248242363689437,0.03756467184173316,30,5000
16,4,4,1,bit_flip,0.01,conditional_mode_is_optimal,0.03333333333333333,0.0,0.1,30,5000
16,4,4,1,bit_flip,0.01,conditional_mode_cost_gap,0.41721631119195934,0.2264620048889526,0.7562402350973968,30,5000
16,4,4,1,bit_flip,0.01,conditional_mode_approximation_ratio,0.9312922840593217,0.8954015948668801,0.9539470483844001,30,5000
16,4,4,1,bit_flip,0.01,effective_shots_for_target,1173.0195030107282,1173.019503010728,1173.0195030107284,30,5000
16,4,4,1,bit_flip,0.01,postselection_total_variation_distance,0.0003392960095124989,0.00030942353038963187,0.0003709178782433859,30,5000
16,4,4,1,bit_flip,0.02,noisy_feasible_probability,0.7274219875134394,0.7274219875134392,0.7274219875134398,30,5000
16,4,4,1,bit_flip,0.02,retained_shot_fraction,0.7274219875134394,0.7274219875134392,0.7274219875134398,30,5000
16,4,4,1,bit_flip,0.02,noisy_probability_of_optimum,0.007774819194813901,0.004964204285406616,0.01191199914380871,30,5000
16,4,4,1,bit_flip,0.02,postselected_probability_of_optimum,0.010688182826849532,0.006932054844376646,0.016118338160380198,30,5000
16,4,4,1,bit_flip,0.02,conditional_mode_probability,0.030542562531364108,0.024795699211048374,0.037418730126652734,30,5000
16,4,4,1,bit_flip,0.02,conditional_mode_is_optimal,0.03333333333333333,0.0,0.1,30,5000
16,4,4,1,bit_flip,0.02,conditional_mode_cost_gap,0.41721631119195934,0.22563831472203205,0.7523060816718962,30,5000
16,4,4,1,bit_flip,0.02,conditional_mode_approximation_ratio,0.9312922840593217,0.8951832244708524,0.9541051990416173,30,5000
16,4,4,1,bit_flip,0.02,effective_shots_for_target,1374.7178627612282,1374.7178627612277,1374.7178627612282,30,5000
16,4,4,1,bit_flip,0.02,postselection_total_variation_distance,0.0013827801145374237,0.0012594447545407005,0.0015138611129938556,30,5000
16,4,4,2,amplitude_damping,0.0,noisy_feasible_probability,0.9999999999999998,0.9999999999999996,1.0,30,5000
16,4,4,2,amplitude_damping,0.0,retained_shot_fraction,0.9999999999999998,0.9999999999999997,1.0,30,5000
16,4,4,2,amplitude_damping,0.0,noisy_probability_of_optimum,0.01988270918613511,0.00855344976743687,0.035885334129794506,30,5000
16,4,4,2,amplitude_damping,0.0,postselected_probability_of_optimum,0.01988270918613512,0.008486887962926716,0.035503067637842015,30,5000
16,4,4,2,amplitude_damping,0.0,conditional_mode_probability,0.06757948247109168,0.05352779757120731,0.08367157553744606,30,5000
16,4,4,2,amplitude_damping,0.0,conditional_mode_is_optimal,0.1,0.0,0.23333333333333334,30,5000
16,4,4,2,amplitude_damping,0.0,conditional_mode_cost_gap,0.3732315706008361,0.170164527753463,0.7307260769112044,30,5000
16,4,4,2,amplitude_damping,0.0,conditional_mode_approximation_ratio,0.9415206456158328,0.9032917774338437,0.964932773451382,30,5000
16,4,4,2,amplitude_damping,0.0,effective_shots_for_target,1000.0000000000002,1000.0,1000.0000000000005,30,5000
16,4,4,2,amplitude_damping,0.0,postselection_total_variation_distance,0.0,0.0,0.0,30,5000
16,4,4,2,amplitude_damping,0.001,noisy_feasible_probability,0.9960059960009995,0.9960059960009995,0.9960059960009998,30,5000
16,4,4,2,amplitude_damping,0.001,retained_shot_fraction,0.9960059960009995,0.9960059960009995,0.9960059960009998,30,5000
16,4,4,2,amplitude_damping,0.001,noisy_probability_of_optimum,0.019803297566134734,0.008686943174761349,0.03570183966090375,30,5000
16,4,4,2,amplitude_damping,0.001,postselected_probability_of_optimum,0.019882709186135123,0.008711331386031418,0.03606106486537215,30,5000
16,4,4,2,amplitude_damping,0.001,conditional_mode_probability,0.06757948247109168,0.053149246110522734,0.08386357819524075,30,5000
16,4,4,2,amplitude_damping,0.001,conditional_mode_is_optimal,0.1,0.0,0.23333333333333334,30,5000
16,4,4,2,amplitude_damping,0.001,conditional_mode_cost_gap,0.3732315706008361,0.16983106162632725,0.7370896835980126,30,5000
16,4,4,2,amplitude_damping,0.001,conditional_mode_approximation_ratio,0.9415206456158328,0.9052660194429021,0.964593416760121,30,5000
16,4,4,2,amplitude_damping,0.001,effective_shots_for_target,1004.0100200350564,1004.0100200350563,1004.0100200350566,30,5000
16,4,4,2,amplitude_damping,0.001,postselection_total_variation_distance,5.943981676469312e-17,4.991278033852807e-17,7.216606941563822e-17,30,5000
16,4,4,2,amplitude_damping,0.005,noisy_feasible_probability,0.9801495006249998,0.9801495006249996,0.9801495006250001,30,5000
16,4,4,2,amplitude_damping,0.005,retained_shot_fraction,0.9801495006249998,0.9801495006249996,0.9801495006250001,30,5000
16,4,4,2,amplitude_damping,0.005,noisy_probability_of_optimum,0.01948802747986243,0.008430026108874484,0.035269365278272014,30,5000
16,4,4,2,amplitude_damping,0.005,postselected_probability_of_optimum,0.01988270918613512,0.008527142195260975,0.03519076421383618,30,5000
16,4,4,2,amplitude_damping,0.005,conditional_mode_probability,0.06757948247109168,0.05341492933065977,0.08382799765606197,30,5000
16,4,4,2,amplitude_damping,0.005,conditional_mode_is_optimal,0.1,0.0,0.2,30,5000
16,4,4,2,amplitude_damping,0.005,conditional_mode_cost_gap,0.3732315706008361,0.17041591494714423,0.7304730348199046,30,5000
16,4,4,2,amplitude_damping,0.005,conditional_mode_approximation_ratio,0.9415206456158328,0.9045389889827604,0.9651336423075899,30,5000
16,4,4,2,amplitude_damping,0.005,effective_shots_for_target,1020.252522051322,1020.2525220513219,1020.2525220513224,30,5000
16,4,4,2,amplitude_damping,0.005,postselection_total_variation_distance,5.928133756200632e-17,4.768896044979109e-17,7.28572846703506e-17,30,5000
16,4,4,2,amplitude_damping,0.01,noisy_feasible_probability,0.9605960099999997,0.9605960099999996,0.96059601,30,5000
16,4,4,2,amplitude_damping,0.01,retained_shot_fraction,0.9605960099999997,0.9605960099999996,0.96059601,30,5000
16,4,4,2,amplitude_damping,0.01,noisy_probability_of_optimum,0.019099251112191733,0.008253030942186306,0.0344220446586457,30,5000
16,4,4,2,amplitude_damping,0.01,postselected_probability_of_optimum,0.01988270918613512,0.008595355802760328,0.03644608398607438,30,5000
16,4,4,2,amplitude_damping,0.01,conditional_mode_probability,0.06757948247109168,0.05379058280268551,0.08462837458108408,30,5000
16,4,4,2,amplitude_damping,0.01,conditional_mode_is_optimal,0.1,0.0,0.2,30,5000
16,4,4,2,amplitude_damping,0.01,conditional_mode_cost_gap,0.3732315706008361,0.16809635922547542,0.7275334574325153,30,5000
16,4,4,2,amplitude_damping,0.01,conditional_mode_approximation_ratio,0.9415206456158328,0.9034513748936527,0.9648375467681138,30,5000
16,4,4,2,amplitude_damping,0.01,effective_shots_for_target,1041.020355685217,1041.0203556852168,1041.0203556852173,30,5000
16,4,4,2,amplitude_damping,0.01,postselection_total_variation_distance,6.738010505830677e-17,5.666813032567892e-17,7.928636195165499e-17,30,5000
16,4,4,2,amplitude_damping,0.02,noisy_feasible_probability,0.9223681599999998,0.9223681599999994,0.9223681600000001,30,5000
16,4,4,2,amplitude_damping,0.02,retained_shot_fraction,0.9223681599999998,0.9223681599999994,0.9223681600000001,30,5000
16,4,4,2,amplitude_damping,0.02,noisy_probability_of_optimum,0.018339177887830533,0.008105757625039216,0.033702523872143404,30,5000
16,4,4,2,amplitude_damping,0.02,postselected_probability_of_optimum,0.01988270918613512,0.008644139885227308,0.035832795117928515,30,5000
16,4,4,2,amplitude_damping,0.02,conditional_mode_probability,0.06757948247109168,0.05381219399893909,0.08466799532509728,30,5000
16,4,4,2,amplitude_damping,0.02,conditional_mode_is_optimal,0.1,0.0,0.2,30,5000
16,4,4,2,amplitude_damping,0.02,conditional_mode_cost_gap,0.3732315706008361,0.17258549941701282,0.7281158627582411,30,5000
16,4,4,2,amplitude_damping,0.02,conditional_mode_approximation_ratio,0.9415206456158328,0.9032963525270085,0.9653264965879556,30,5000
16,4,4,2,amplitude_damping,0.02,effective_shots_for_target,1084.1657847339397,1084.1657847339397,1084.1657847339402,30,5000
16,4,4,2,amplitude_damping,0.02,postselection_total_variation_distance,6.174273054828723e-17,5.107943355974578e-17,7.393282623425001e-17,30,5000
16,4,4,2,bit_flip,0.0,noisy_feasible_probability,0.9999999999999998,0.9999999999999996,1.0,30,5000
16,4,4,2,bit_flip,0.0,retained_shot_fraction,0.9999999999999998,0.9999999999999996,1.0,30,5000
16,4,4,2,bit_flip,0.0,noisy_probability_of_optimum,0.01988270918613511,0.008617956558532345,0.03589643046664457,30,5000
16,4,4,2,bit_flip,0.0,postselected_probability_of_optimum,0.01988270918613512,0.008695633978293331,0.036213597356762176,30,5000
16,4,4,2,bit_flip,0.0,conditional_mode_probability,0.06757948247109168,0.05346238156950321,0.08370740658734535,30,5000
16,4,4,2,bit_flip,0.0,conditional_mode_is_optimal,0.1,0.0,0.2,30,5000
16,4,4,2,bit_flip,0.0,conditional_mode_cost_gap,0.3732315706008361,0.1712845351446323,0.7290297987492748,30,5000
16,4,4,2,bit_flip,0.0,conditional_mode_approximation_ratio,0.9415206456158328,0.9047577703265303,0.965044005262446,30,5000
16,4,4,2,bit_flip,0.0,effective_shots_for_target,1000.0000000000002,1000.0,1000.0000000000005,30,5000
16,4,4,2,bit_flip,0.0,postselection_total_variation_distance,0.0,0.0,0.0,30,5000
16,4,4,2,bit_flip,0.001,noisy_feasible_probability,0.9841312749566399,0.9841312749566391,0.9841312749566399,30,5000
16,4,4,2,bit_flip,0.001,retained_shot_fraction,0.9841312749566399,0.9841312749566391,0.9841312749566399,30,5000
16,4,4,2,bit_flip,0.001,noisy_probability_of_optimum,0.01956707120973252,0.008321381174875256,0.035183622462253095,30,5000
16,4,4,2,bit_flip,0.001,postselected_probability_of_optimum,0.019882582443683284,0.008309213295655704,0.03553392296889607,30,5000
16,4,4,2,bit_flip,0.001,conditional_mode_probability,0.06757889371113214,0.05323715828197587,0.08430231493772207,30,5000
16,4,4,2,bit_flip,0.001,conditional_mode_is_optimal,0.1,0.0,0.23333333333333334,30,5000
16,4,4,2,bit_flip,0.001,conditional_mode_cost_gap,0.3732315706008361,0.16994048152612692,0.734194162992844,30,5000
16,4,4,2,bit_flip,0.001,conditional_mode_approximation_ratio,0.9415206456158328,0.9052904942088205,0.9648159191400543,30,5000
16,4,4,2,bit_flip,0.001,effective_shots_for_target,1016.1246019176249,1016.1246019176247,1016.1246019176251,30,5000
16,4,4,2,bit_flip,0.001,postselection_total_variation_distance,4.162543221298091e-06,3.889470431877578e-06,4.436345047962606e-06,30,5000
16,4,4,2,bit_flip,0.005,noisy_feasible_probability,0.9232108247914357,0.9232108247914356,0.9232108247914359,30,5000
16,4,4,2,bit_flip,0.005,retained_shot_fraction,0.9232108247914357,0.9232108247914356,0.9232108247914359,30,5000
16,4,4,2,bit_flip,0.005,noisy_probability_of_optimum,0.018352983933524525,0.008133928394819785,0.03303934371856472,30,5000
16,4,4,2,bit_flip,0.005,postselected_probability_of_optimum,0.019879515535003268,0.00845972302258383,0.035062290399052835,30,5000
16,4,4,2,bit_flip,0.005,conditional_mode_probability,0.06756464718494894,0.05344993283761569,0.08413799347264933,30,5000
16,4,4,2,bit_flip,0.005,conditional_mode_is_optimal,0.1,0.0,0.2,30,5000
16,4,4,2,bit_flip,0.005,conditional_mode_cost_gap,0.3732315706008361,0.1707261094020028,0.735956691991731,30,5000
16,4,4,2,bit_flip,0.005,conditional_mode_approximation_ratio,0.9415206456158328,0.9039409412554127,0.9648441658449607,30,5000
16,4,4,2,bit_flip,0.005,effective_shots_for_target,1083.1762075860754,1083.1762075860752,1083.1762075860756,30,5000
16,4,4,2,bit_flip,0.005,postselection_total_variation_distance,0.0001048885402653414,9.80160804619798e-05,0.00011141405022681693,30,5000
16,4,4,2,bit_flip,0.01,noisy_feasible_probability,0.85250074481571,0.8525007448157098,0.8525007448157103,30,5000
16,4,4,2,bit_flip,0.01,retained_shot_fraction,0.85250074481571,0.8525007448157098,0.8525007448157103,30,5000
16,4,4,2,bit_flip,0.01,noisy_probability_of_optimum,0.016939028514967164,0.007216763179188976,0.03017348898228232,30,5000
16,4,4,2,bit_flip,0.01,postselected_probability_of_optimum,0.01986981081011135,0.008536643970231475,0.036278973411686476,30,5000
16,4,4,2,bit_flip,0.01,conditional_mode_probability,0.0675195697435717,0.05389443218828856,0.08409042962948719,30,5000
16,4,4,2,bit_flip,0.01,conditional_mode_is_optimal,0.1,0.0,0.23333333333333334,30,5000
16,4,4,2,bit_flip,0.01,conditional_mode_cost_gap,0.3732315706008361,0.1710999601993842,0.7323364004511682,30,5000
16,4,4,2,bit_flip,0.01,conditional_mode_approximation_ratio,0.9415206456158328,0.9047301979038851,0.9653539057837587,30,5000
16,4,4,2,bit_flip,0.01,effective_shots_for_target,1173.0195030107286,1173.0195030107282,1173.0195030107288,30,5000
16,4,4,2,bit_flip,0.01,postselection_total_variation_distance,0.00042363126121425254,0.0003957925282558514,0.0004511866454290938,30,5000
16,4,4,2,bit_flip,0.02,noisy_feasible_probability,0.7274219875134394,0.727421987513439,0.7274219875134394,30,5000
16,4,4,2,bit_flip,0.02,retained_shot_fraction,0.7274219875134394,0.727421987513439,0.7274219875134394,30,5000
16,4,4,2,bit_flip,0.02,noisy_probability_of_optimum,0.014424887615115758,0.006248865214889113,0.02595208339763571,30,5000
16,4,4,2,bit_flip,0.02,postselected_probability_of_optimum,0.019830150672822844,0.008518758288136943,0.03576185666624935,30,5000
16,4,4,2,bit_flip,0.02,conditional_mode_probability,0.06733540520592769,0.053778476725492304,0.08345037860630569,30,5000
16,4,4,2,bit_flip,0.02,conditional_mode_is_optimal,0.1,0.0,0.23333333333333334,30,5000
16,4,4,2,bit_flip,0.02,conditional_mode_cost_gap,0.3732315706008361,0.17098723958801473,0.7312644085226097,30,5000
16,4,4,2,bit_flip,0.02,conditional_mode_approximation_ratio,0.9415206456158328,0.9041046472590244,0.964876530611974,30,5000
16,4,4,2,bit_flip,0.02,effective_shots_for_target,1374.7178627612286,1374.717862761228,1374.7178627612288,30,5000
16,4,4,2,bit_flip,0.02,postselection_total_variation_distance,0.0017264212811029433,0.0016146050043647957,0.0018350541738715396,30,5000
16,4,4,3,amplitude_damping,0.0,noisy_feasible_probability,1.0000000000000002,0.9999999999999999,1.0000000000000007,30,5000
16,4,4,3,amplitude_damping,0.0,retained_shot_fraction,1.0000000000000002,1.0,1.0000000000000007,30,5000
16,4,4,3,amplitude_damping,0.0,noisy_probability_of_optimum,0.06692779577594007,0.03894012233602405,0.10037544448871742,30,5000
16,4,4,3,amplitude_damping,0.0,postselected_probability_of_optimum,0.06692779577594007,0.03834324599326916,0.10019954866218884,30,5000
16,4,4,3,amplitude_damping,0.0,conditional_mode_probability,0.10499809445415921,0.08136960675128535,0.13137243526559603,30,5000
16,4,4,3,amplitude_damping,0.0,conditional_mode_is_optimal,0.26666666666666666,0.13333333333333333,0.43333333333333335,30,5000
16,4,4,3,amplitude_damping,0.0,conditional_mode_cost_gap,0.12757972177809732,0.08222702379893565,0.17541049513246876,30,5000
16,4,4,3,amplitude_damping,0.0,conditional_mode_approximation_ratio,0.9737674985823515,0.9641471571839674,0.9828364606044968,30,5000
16,4,4,3,amplitude_damping,0.0,effective_shots_for_target,999.9999999999997,999.9999999999994,1000.0000000000001,30,5000
16,4,4,3,amplitude_damping,0.0,postselection_total_variation_distance,0.0,0.0,0.0,30,5000
16,4,4,3,amplitude_damping,0.001,noisy_feasible_probability,0.9960059960010003,0.9960059960009997,0.9960059960010005,30,5000
16,4,4,3,amplitude_damping,0.001,retained_shot_fraction,0.9960059960010003,0.9960059960009997,0.9960059960010005,30,5000
16,4,4,3,amplitude_damping,0.001,noisy_probability_of_optimum,0.06666048589196674,0.03801712587574099,0.09840209898441396,30,5000
16,4,4,3,amplitude_damping,0.001,postselected_probability_of_optimum,0.06692779577594007,0.0378901570145312,0.09940858774771076,30,5000
16,4,4,3,amplitude_damping,0.001,conditional_mode_probability,0.10499809445415921,0.08228623221929911,0.13092998873646092,30,5000
16,4,4,3,amplitude_damping,0.001,conditional_mode_is_optimal,0.26666666666666666,0.13333333333333333,0.43333333333333335,30,5000
16,4,4,3,amplitude_damping,0.001,conditional_mode_cost_gap,0.12757972177809732,0.08307067067833253,0.1757811626167459,30,5000
16,4,4,3,amplitude_damping,0.001,conditional_mode_approximation_ratio,0.9737674985823515,0.9639511969415133,0.9827850315480015,30,5000
16,4,4,3,amplitude_damping,0.001,effective_shots_for_target,1004.0100200350561,1004.0100200350556,1004.0100200350564,30,5000
16,4,4,3,amplitude_damping,0.001,postselection_total_variation_distance,7.035352291279742e-17,5.814322190124838e-17,8.50435842192409e-17,30,5000
16,4,4,3,amplitude_damping,0.005,noisy_feasible_probability,0.9801495006250003,0.980149500625,0.9801495006250005,30,5000
16,4,4,3,amplitude_damping,0.005,retained_shot_fraction,0.9801495006250003,0.980149500625,0.9801495006250005,30,5000
16,4,4,3,amplitude_damping,0.005,noisy_probability_of_optimum,0.06559924560771965,0.03802158987887002,0.09772660677362527,30,5000
16,4,4,3,amplitude_damping,0.005,postselected_probability_of_optimum,0.06692779577594007,0.03846489932592614,0.09904629154652564,30,5000
16,4,4,3,amplitude_damping,0.005,conditional_mode_probability,0.10499809445415921,0.08208843806211477,0.1311643146562786,30,5000
16,4,4,3,amplitude_damping,0.005,conditional_mode_is_optimal,0.26666666666666666,0.1,0.43333333333333335,30,5000
16,4,4,3,amplitude_damping,0.005,conditional_mode_cost_gap,0.12757972177809732,0.08329152366025039,0.17320178148025764,30,5000
16,4,4,3,amplitude_damping,0.005,conditional_mode_approximation_ratio,0.9737674985823515,0.9642966160702503,0.982899167651237,30,5000
16,4,4,3,amplitude_damping,0.005,effective_shots_for_target,1020.2525220513218,1020.2525220513213,1020.2525220513221,30,5000
16,4,4,3,amplitude_damping,0.005,postselection_total_variation_distance,6.589316071562067e-17,5.745458456525474e-17,7.477557080406961e-17,30,5000
16,4,4,3,amplitude_damping,0.01,noisy_feasible_probability,0.9605960100000002,0.9605960099999998,0.9605960100000004,30,5000
16,4,4,3,amplitude_damping,0.01,retained_shot_fraction,0.9605960100000002,0.9605960099999998,0.9605960100000004,30,5000
16,4,4,3,amplitude_damping,0.01,noisy_probability_of_optimum,0.0642905735804629,0.03638183373070026,0.09584917796996673,30,5000
16,4,4,3,amplitude_damping,0.01,postselected_probability_of_optimum,0.06692779577594007,0.03870533421006908,0.1006083241710586,30,5000
16,4,4,3,amplitude_damping,0.01,conditional_mode_probability,0.10499809445415921,0.08178035752298396,0.13176686018106393,30,5000
16,4,4,3,amplitude_damping,0.01,conditional_mode_is_optimal,0.26666666666666666,0.13333333333333333,0.43333333333333335,30,5000
16,4,4,3,amplitude_damping,0.01,conditional_mode_cost_gap,0.12757972177809732,0.0828205620182916,0.17533626026673382,30,5000
16,4,4,3,amplitude_damping,0.01,conditional_mode_approximation_ratio,0.9737674985823515,0.9638692393793521,0.9828567837870201,30,5000
16,4,4,3,amplitude_damping,0.01,effective_shots_for_target,1041.0203556852166,1041.0203556852164,1041.020355685217,30,5000
16,4,4,3,amplitude_damping,0.01,postselection_total_variation_distance,6.029885523235095e-17,5.158425693553768e-17,6.976904738863199e-17,30,5000
16,4,4,3,amplitude_damping,0.02,noisy_feasible_probability,0.92236816,0.9223681599999999,0.9223681600000007,30,5000
16,4,4,3,amplitude_damping,0.02,retained_shot_fraction,0.92236816,0.9223681599999999,0.9223681600000007,30,5000
16,4,4,3,amplitude_damping,0.02,noisy_probability_of_optimum,0.06173206784270963,0.03530816566421018,0.09163971286240466,30,5000
16,4,4,3,amplitude_damping,0.02,postselected_probability_of_optimum,0.06692779577594006,0.03835337930642003,0.10007145667955447,30,5000
16,4,4,3,amplitude_damping,0.02,conditional_mode_probability,0.10499809445415921,0.08177684289640288,0.1322101990033629,30,5000
16,4,4,3,amplitude_damping,0.02,conditional_mode_is_optimal,0.26666666666666666,0.13333333333333333,0.43333333333333335,30,5000
16,4,4,3,amplitude_damping,0.02,conditional_mode_cost_gap,0.12757972177809732,0.08317341585237158,0.17538542010503783,30,5000
16,4,4,3,amplitude_damping,0.02,conditional_mode_approximation_ratio,0.9737674985823515,0.9643152175433719,0.9825872374354707,30,5000
16,4,4,3,amplitude_damping,0.02,effective_shots_for_target,1084.1657847339395,1084.165784733939,1084.16578473394,30,5000
16,4,4,3,amplitude_damping,0.02,postselection_total_variation_distance,6.31844648315004e-17,5.355655182436184e-17,7.399721234117273e-17,30,5000
16,4,4,3,bit_flip,0.0,noisy_feasible_probability,1.0000000000000002,0.9999999999999999,1.0000000000000007,30,5000
16,4,4,3,bit_flip,0.0,retained_shot_fraction,1.0000000000000002,0.9999999999999999,1.0000000000000007,30,5000
16,4,4,3,bit_flip,0.0,noisy_probability_of_optimum,0.06692779577594007,0.03885218765436248,0.09881206185139914,30,5000
16,4,4,3,bit_flip,0.0,postselected_probability_of_optimum,0.06692779577594007,0.038305036388736724,0.09911241820527336,30,5000
16,4,4,3,bit_flip,0.0,conditional_mode_probability,0.10499809445415921,0.08212435130111108,0.13109834247915794,30,5000
16,4,4,3,bit_flip,0.0,conditional_mode_is_optimal,0.26666666666666666,0.13333333333333333,0.43333333333333335,30,5000
16,4,4,3,bit_flip,0.0,conditional_mode_cost_gap,0.12757972177809732,0.08257875734901142,0.17551554755926022,30,5000
16,4,4,3,bit_flip,0.0,conditional_mode_approximation_ratio,0.9737674985823515,0.9643587607649372,0.9830204552393073,30,5000
16,4,4,3,bit_flip,0.0,effective_shots_for_target,999.9999999999997,999.9999999999994,1000.0000000000001,30,5000
16,4,4,3,bit_flip,0.0,postselection_total_variation_distance,0.0,0.0,0.0,30,5000
16,4,4,3,bit_flip,0.001,noisy_feasible_probability,0.98413127495664,0.9841312749566397,0.9841312749566403,30,5000
16,4,4,3,bit_flip,0.001,retained_shot_fraction,0.98413127495664,0.9841312749566397,0.9841312749566403,30,5000
16,4,4,3,bit_flip,0.001,noisy_probability_of_optimum,0.0658651428586112,0.037142713527856426,0.0995579824145289,30,5000
16,4,4,3,bit_flip,0.001,postselected_probability_of_optimum,0.06692719206745376,0.038344351218920616,0.09846805992297203,30,5000
16,4,4,3,bit_flip,0.001,conditional_mode_probability,0.10499711086821893,0.0817616922055692,0.13206186583550925,30,5000
16,4,4,3,bit_flip,0.001,conditional_mode_is_optimal,0.26666666666666666,0.13250000000000028,0.43333333333333335,30,5000
16,4,4,3,bit_flip,0.001,conditional_mode_cost_gap,0.12757972177809732,0.08304131796528656,0.17776702071508363,30,5000
16,4,4,3,bit_flip,0.001,conditional_mode_approximation_ratio,0.9737674985823515,0.9642565708517754,0.9829462514817465,30,5000
16,4,4,3,bit_flip,0.001,effective_shots_for_target,1016.1246019176244,1016.1246019176241,1016.1246019176249,30,5000
16,4,4,3,bit_flip,0.001,postselection_total_variation_distance,4.669965659441525e-06,4.369759629248794e-06,4.977108888928976e-06,30,5000
16,4,4,3,bit_flip,0.005,noisy_feasible_probability,0.9232108247914361,0.9232108247914359,0.9232108247914363,30,5000
16,4,4,3,bit_flip,0.005,retained_shot_fraction,0.9232108247914361,0.9232108247914359,0.9232108247914363,30,5000
16,4,4,3,bit_flip,0.005,noisy_probability_of_optimum,0.061774421744824094,0.035223548261172744,0.09150257985106537,30,5000
16,4,4,3,bit_flip,0.005,postselected_probability_of_optimum,0.06691258387138131,0.0383145061823146,0.099429309230019,30,5000
16,4,4,3,bit_flip,0.005,conditional_mode_probability,0.10497331065193344,0.08182826991805156,0.13239558733265125,30,5000
16,4,4,3,bit_flip,0.005,conditional_mode_is_optimal,0.26666666666666666,0.1,0.43333333333333335,30,5000
16,4,4,3,bit_flip,0.005,conditional_mode_cost_gap,0.12757972177809732,0.08142760313815073,0.17480738022474562,30,5000
16,4,4,3,bit_flip,0.005,conditional_mode_approximation_ratio,0.9737674985823515,0.9643444253311018,0.9830392674008884,30,5000
16,4,4,3,bit_flip,0.005,effective_shots_for_target,1083.176207586075,1083.1762075860747,1083.1762075860754,30,5000
16,4,4,3,bit_flip,0.005,postselection_total_variation_distance,0.0001176740137614085,0.00011002646508684448,0.00012545105692577893,30,5000
16,4,4,3,bit_flip,0.01,noisy_feasible_probability,0.8525007448157105,0.85250074481571,0.8525007448157106,30,5000
16,4,4,3,bit_flip,0.01,retained_shot_fraction,0.8525007448157105,0.85250074481571,0.8525007448157106,30,5000
16,4,4,3,bit_flip,0.01,noisy_probability_of_optimum,0.057003623977942404,0.03289633600042635,0.0860354549501829,30,5000
16,4,4,3,bit_flip,0.01,postselected_probability_of_optimum,0.06686636266841642,0.038631798341937675,0.09981112286986467,30,5000
16,4,4,3,bit_flip,0.01,conditional_mode_probability,0.10489800584657526,0.08217357698973854,0.1324059118450378,30,5000
16,4,4,3,bit_flip,0.01,conditional_mode_is_optimal,0.26666666666666666,0.1,0.43333333333333335,30,5000
16,4,4,3,bit_flip,0.01,conditional_mode_cost_gap,0.12757972177809732,0.08357926676348895,0.17562691658258736,30,5000
16,4,4,3,bit_flip,0.01,conditional_mode_approximation_ratio,0.9737674985823515,0.9643154684727923,0.9828110340955424,30,5000
16,4,4,3,bit_flip,0.01,effective_shots_for_target,1173.019503010728,1173.0195030107277,1173.0195030107284,30,5000
16,4,4,3,bit_flip,0.01,postselection_total_variation_distance,0.00047526180486022907,0.00044424233149757415,0.0005075873905225496,30,5000
16,4,4,3,bit_flip,0.02,noisy_feasible_probability,0.7274219875134394,0.7274219875134392,0.7274219875134399,30,5000
16,4,4,3,bit_flip,0.02,retained_shot_fraction,0.7274219875134394,0.7274219875134392,0.7274219875134399,30,5000
16,4,4,3,bit_flip,0.02,noisy_probability_of_optimum,0.04850270484195418,0.027861051234908712,0.07240829335838496,30,5000
16,4,4,3,bit_flip,0.02,postselected_probability_of_optimum,0.06667753473846987,0.03933863218260276,0.10063541862641111,30,5000
16,4,4,3,bit_flip,0.02,conditional_mode_probability,0.10459037025725294,0.0814799931197686,0.13128165955971943,30,5000
16,4,4,3,bit_flip,0.02,conditional_mode_is_optimal,0.26666666666666666,0.13333333333333333,0.43333333333333335,30,5000
16,4,4,3,bit_flip,0.02,conditional_mode_cost_gap,0.12757972177809732,0.0835551166781475,0.17538858293308962,30,5000
16,4,4,3,bit_flip,0.02,conditional_mode_approximation_ratio,0.9737674985823515,0.9641523669128365,0.9825619204625445,30,5000
16,4,4,3,bit_flip,0.02,effective_shots_for_target,1374.7178627612277,1374.7178627612273,1374.7178627612282,30,5000
16,4,4,3,bit_flip,0.02,postselection_total_variation_distance,0.0019366927645190248,0.0018097496432990345,0.00206643889871419,30,5000
20,5,4,1,amplitude_damping,0.0,noisy_feasible_probability,1.0,0.9999999999999998,1.0000000000000002,30,5000
20,5,4,1,amplitude_damping,0.0,retained_shot_fraction,1.0,0.9999999999999998,1.0000000000000002,30,5000
20,5,4,1,amplitude_damping,0.0,noisy_probability_of_optimum,0.005356828899949229,0.001993868999365115,0.009625190003678598,30,5000
20,5,4,1,amplitude_damping,0.0,postselected_probability_of_optimum,0.005356828899949229,0.002076402325452463,0.009387163706649092,30,5000
20,5,4,1,amplitude_damping,0.0,conditional_mode_probability,0.015296353142788122,0.010458702666522698,0.020450015655172057,30,5000
20,5,4,1,amplitude_damping,0.0,conditional_mode_is_optimal,0.0,0.0,0.0,30,5000
20,5,4,1,amplitude_damping,0.0,conditional_mode_cost_gap,0.3702878885285513,0.3104252570766274,0.4270381505805461,30,5000
20,5,4,1,amplitude_damping,0.0,conditional_mode_approximation_ratio,0.9346180066720848,0.9250889442365199,0.9449961100923226,30,5000
20,5,4,1,amplitude_damping,0.0,effective_shots_for_target,1000.0,999.9999999999998,1000.0000000000002,30,5000
20,5,4,1,amplitude_damping,0.0,postselection_total_variation_distance,0.0,0.0,0.0,30,5000
20,5,4,1,amplitude_damping,0.001,noisy_feasible_probability,0.9950099900049989,0.9950099900049987,0.9950099900049991,30,5000
20,5,4,1,amplitude_damping,0.001,retained_shot_fraction,0.9950099900049989,0.9950099900049987,0.9950099900049991,30,5000
20,5,4,1,amplitude_damping,0.001,noisy_probability_of_optimum,0.005330098270196972,0.002072548549012097,0.009416577253527696,30,5000
20,5,4,1,amplitude_damping,0.001,postselected_probability_of_optimum,0.005356828899949229,0.0020854957588821547,0.009512123380588247,30,5000
20,5,4,1,amplitude_damping,0.001,conditional_mode_probability,0.015296353142788122,0.010502620485431305,0.020625104705151116,30,5000
20,5,4,1,amplitude_damping,0.001,conditional_mode_is_optimal,0.0,0.0,0.0,30,5000
20,5,4,1,amplitude_damping,0.001,conditional_mode_cost_gap,0.3702878885285513,0.310173490203103,0.42487481750752487,30,5000
20,5,4,1,amplitude_damping,0.001,conditional_mode_approximation_ratio,0.9346180066720848,0.9248714903253477,0.9445591939075662,30,5000
20,5,4,1,amplitude_damping,0.001,effective_shots_for_target,1005.0150350701263,1005.015035070126,1005.0150350701264,30,5000
20,5,4,1,amplitude_damping,0.001,postselection_total_variation_distance,5.895377726738516e-17,5.316623383507608e-17,6.520900607145272e-17,30,5000
20,5,4,1,amplitude_damping,0.005,noisy_feasible_probability,0.9752487531218749,0.9752487531218748,0.9752487531218751,30,5000
20,5,4,1,amplitude_damping,0.005,retained_shot_fraction,0.9752487531218749,0.9752487531218748,0.9752487531218751,30,5000
20,5,4,1,amplitude_damping,0.005,noisy_probability_of_optimum,0.00522424070536271,0.0020373893794002184,0.009134981521906655,30,5000
20,5,4,1,amplitude_damping,0.005,postselected_probability_of_optimum,0.005356828899949228,0.002062213764531449,0.009468651676747715,30,5000
20,5,4,1,amplitude_damping,0.005,conditional_mode_probability,0.015296353142788122,0.01040159639303155,0.02052491653876539,30,5000
20,5,4,1,amplitude_damping,0.005,conditional_mode_is_optimal,0.0,0.0,0.0,30,5000
20,5,4,1,amplitude_damping,0.005,conditional_mode_cost_gap,0.3702878885285513,0.3094984839254202,0.4270155178860853,30,5000
20,5,4,1,amplitude_damping,0.005,conditional_mode_approximation_ratio,0.9346180066720848,0.9249057460750854,0.9449759063934721,30,5000
20,5,4,1,amplitude_damping,0.005,effective_shots_for_target,1025.3794191470577,1025.379419147057,1025.3794191470577,30,5000
20,5,4,1,amplitude_damping,0.005,postselection_total_variation_distance,6.18536670353815e-17,5.3702653730381885e-17,7.075551449051062e-17,30,5000
20,5,4,1,amplitude_damping,0.01,noisy_feasible_probability,0.9509900498999999,0.9509900498999997,0.9509900499,30,5000
20,5,4,1,amplitude_damping,0.01,retained_shot_fraction,0.9509900498999999,0.9509900498999997,0.9509900499000001,30,5000
20,5,4,1,amplitude_damping,0.01,noisy_probability_of_optimum,0.005094290982868478,0.00200217925734465,0.008866528065675875,30,5000
20,5,4,1,amplitude_damping,0.01,postselected_probability_of_optimum,0.0053568288999492255,0.0020584291506499813,0.009350493668102634,30,5000
20,5,4,1,amplitude_damping,0.01,conditional_mode_probability,0.015296353142788122,0.010512725044664963,0.0206000654228474,30,5000
20,5,4,1,amplitude_damping,0.01,conditional_mode_is_optimal,0.0,0.0,0.0,30,5000
20,5,4,1,amplitude_damping,0.01,conditional_mode_cost_gap,0.3702878885285513,0.3100352076867377,0.42666238806178347,30,5000
20,5,4,1,amplitude_damping,0.01,conditional_mode_approximation_ratio,0.9346180066720848,0.9249090295789536,0.9449356954048801,30,5000
20,5,4,1,amplitude_damping,0.01,effective_shots_for_target,1051.5357128133505,1051.53571281335,1051.5357128133505,30,5000
20,5,4,1,amplitude_damping,0.01,postselection_total_variation_distance,6.57767183889797e-17,5.63744073536576e-17,7.598482803998906e-17,30,5000
20,5,4,1,amplitude_damping,0.02,noisy_feasible_probability,0.9039207967999999,0.9039207967999997,0.9039207968000003,30,5000
20,5,4,1,amplitude_damping,0.02,retained_shot_fraction,0.9039207967999999,0.9039207967999997,0.9039207968000003,30,5000
20,5,4,1,amplitude_damping,0.02,noisy_probability_of_optimum,0.004842149047563373,0.0018910568229724696,0.008559263592133524,30,5000
20,5,4,1,amplitude_damping,0.02,postselected_probability_of_optimum,0.005356828899949226,0.0020652590368259107,0.009422200960876684,30,5000
20,5,4,1,amplitude_damping,0.02,conditional_mode_probability,0.015296353142788122,0.010381798326983712,0.020669241791124775,30,5000
20,5,4,1,amplitude_damping,0.02,conditional_mode_is_optimal,0.0,0.0,0.0,30,5000
20,5,4,1,amplitude_damping,0.02,conditional_mode_cost_gap,0.3702878885285513,0.3121140082910322,0.42823921586831265,30,5000
20,5,4,1,amplitude_damping,0.02,conditional_mode_approximation_ratio,0.9346180066720848,0.924848450598884,0.9446184089862218,30,5000
20,5,4,1,amplitude_damping,0.02,effective_shots_for_target,1106.2916170754486,1106.2916170754481,1106.291617075449,30,5000
20,5,4,1,amplitude_damping,0.02,postselection_total_variation_distance,6.01555870591267e-17,5.366208946616791e-17,6.719962406037527e-17,30,5000
20,5,4,1,bit_flip,0.0,noisy_feasible_probability,1.0,0.9999999999999998,1.0000000000000002,30,5000
20,5,4,1,bit_flip,0.0,retained_shot_fraction,1.0,0.9999999999999998,1.0000000000000002,30,5000
20,5,4,1,bit_flip,0.0,noisy_probability_of_optimum,0.005356828899949229,0.0020105886578379037,0.00951729519212132,30,5000
20,5,4,1,bit_flip,0.0,postselected_probability_of_optimum,0.005356828899949229,0.002049401365814957,0.009336528541788406,30,5000
20,5,4,1,bit_flip,0.0,conditional_mode_probability,0.015296353142788122,0.01050699045627564,0.020430361582405,30,5000
20,5,4,1,bit_flip,0.0,conditional_mode_is_optimal,0.0,0.0,0.0,30,5000
20,5,4,1,bit_flip,0.0,conditional_mode_cost_gap,0.3702878885285513,0.31222606656166174,0.428731385854244,30,5000
20,5,4,1,bit_flip,0.0,conditional_mode_approximation_ratio,0.9346180066720848,0.9249094404237228,0.944818351671105,30,5000
20,5,4,1,bit_flip,0.0,effective_shots_for_target,1000.0,999.9999999999998,1000.0000000000002,30,5000
20,5,4,1,bit_flip,0.0,postselection_total_variation_distance,0.0,0.0,0.0,30,5000
20,5,4,1,bit_flip,0.001,noisy_feasible_probability,0.9802035972009118,0.9802035972009115,0.980203597200912,30,5000
20,5,4,1,bit_flip,0.001,retained_shot_fraction,0.9802035972009118,0.9802035972009115,0.980203597200912,30,5000
20,5,4,1,bit_flip,0.001,noisy_probability_of_optimum,0.0052507420039579695,0.001961705988222913,0.009163639733313661,30,5000
20,5,4,1,bit_flip,0.001,postselected_probability_of_optimum,0.005356787119484246,0.0021039874711602157,0.009372075887125205,30,5000
20,5,4,1,bit_flip,0.001,conditional_mode_probability,0.015296210794546936,0.010588012685575276,0.020672059454365625,30,5000
20,5,4,1,bit_flip,0.001,conditional_mode_is_optimal,0.0,0.0,0.0,30,5000
20,5,4,1,bit_flip,0.001,conditional_mode_cost_gap,0.3702878885285513,0.311979215380884,0.42749437978133703,30,5000
20,5,4,1,bit_flip,0.001,conditional_mode_approximation_ratio,0.9346180066720848,0.9249326428376298,0.9449240972284975,30,5000
20,5,4,1,bit_flip,0.001,effective_shots_for_target,1020.1962152104104,1020.1962152104104,1020.196215210411,30,5000
20,5,4,1,bit_flip,0.001,postselection_total_variation_distance,3.431486810619288e-06,2.9107119672654972e-06,4.002118524655056e-06,30,5000
20,5,4,1,bit_flip,0.005,noisy_feasible_probability,0.9049531790256815,0.9049531790256812,0.9049531790256817,30,5000
20,5,4,1,bit_flip,0.005,retained_shot_fraction,0.9049531790256815,0.9049531790256812,0.9049531790256817,30,5000
20,5,4,1,bit_flip,0.005,noisy_probability_of_optimum,0.00484672664997271,0.0018360069013086755,0.008478361399553594,30,5000
20,5,4,1,bit_flip,0.005,postselected_probability_of_optimum,0.005355776146552622,0.002093076849732447,0.00934572173925499,30,5000
20,5,4,1,bit_flip,0.005,conditional_mode_probability,0.01529276636459445,0.01053502447213673,0.02048873845516744,30,5000
20,5,4,1,bit_flip,0.005,conditional_mode_is_optimal,0.0,0.0,0.0,30,5000
20,5,4,1,bit_flip,0.005,conditional_mode_cost_gap,0.3702878885285513,0.3112624838509511,0.42715199022437167,30,5000
20,5,4,1,bit_flip,0.005,conditional_mode_approximation_ratio,0.9346180066720848,0.9249219149747959,0.9447175448900264,30,5000
20,5,4,1,bit_flip,0.005,effective_shots_for_target,1105.0295453701272,1105.0295453701267,1105.0295453701276,30,5000
20,5,4,1,bit_flip,0.005,postselection_total_variation_distance,8.646703222456389e-05,7.29445265806184e-05,0.00010128608016063631,30,5000
20,5,4,1,bit_flip,0.01,noisy_feasible_probability,0.8191594747859976,0.8191594747859975,0.8191594747859978,30,5000
20,5,4,1,bit_flip,0.01,retained_shot_fraction,0.8191594747859976,0.8191594747859974,0.8191594747859978,30,5000
20,5,4,1,bit_flip,0.01,noisy_probability_of_optimum,0.004384614539060337,0.0016523696581540153,0.00765199704667531,30,5000
20,5,4,1,bit_flip,0.01,postselected_probability_of_optimum,0.005352577457772555,0.002059193780697563,0.009311097297153485,30,5000
20,5,4,1,bit_flip,0.01,conditional_mode_probability,0.015281868390106985,0.010460564851311652,0.020586851637112005,30,5000
20,5,4,1,bit_flip,0.01,conditional_mode_is_optimal,0.0,0.0,0.0,30,5000
20,5,4,1,bit_flip,0.01,conditional_mode_cost_gap,0.3702878885285513,0.30853345796609283,0.42643528868451025,30,5000
20,5,4,1,bit_flip,0.01,conditional_mode_approximation_ratio,0.9346180066720848,0.9248776285020087,0.9450278066777869,30,5000
20,5,4,1,bit_flip,0.01,effective_shots_for_target,1220.763515262088,1220.7635152620874,1220.763515262088,30,5000
20,5,4,1,bit_flip,0.01,postselection_total_variation_distance,0.0003492264575386351,0.0002933093796859449,0.0004076191283171229,30,5000
20,5,4,1,bit_flip,0.02,noisy_feasible_probability,0.6717892194584832,0.6717892194584832,0.6717892194584837,30,5000
20,5,4,1,bit_flip,0.02,retained_shot_fraction,0.6717892194584832,0.6717892194584831,0.6717892194584837,30,5000
20,5,4,1,bit_flip,0.02,noisy_probability_of_optimum,0.0035870260889681017,0.0013766073980483425,0.006256418059591028,30,5000
20,5,4,1,bit_flip,0.02,postselected_probability_of_optimum,0.005339511241129374,0.0019850330048994274,0.009438648048931814,30,5000
20,5,4,1,bit_flip,0.02,conditional_mode_probability,0.015237353219560427,0.010376054158936521,0.02055555402182353,30,5000
20,5,4,1,bit_flip,0.02,conditional_mode_is_optimal,0.0,0.0,0.0,30,5000
20,5,4,1,bit_flip,0.02,conditional_mode_cost_gap,0.3702878885285513,0.308953914662398,0.426937663829969,30,5000
20,5,4,1,bit_flip,0.02,conditional_mode_approximation_ratio,0.9346180066720848,0.9250593091582427,0.9445245341334779,30,5000
20,5,4,1,bit_flip,0.02,effective_shots_for_target,1488.5621427597202,1488.5621427597202,1488.5621427597207,30,5000
20,5,4,1,bit_flip,0.02,postselection_total_variation_distance,0.0014231548058540747,0.0011944988748002,0.0016581699035738777,30,5000
20,5,4,2,amplitude_damping,0.0,noisy_feasible_probability,1.0,0.9999999999999998,1.0000000000000004,30,5000
20,5,4,2,amplitude_damping,0.0,retained_shot_fraction,1.0,0.9999999999999998,1.0000000000000004,30,5000
20,5,4,2,amplitude_damping,0.0,noisy_probability_of_optimum,0.0261519089105872,0.012019276547976396,0.043317044416418794,30,5000
20,5,4,2,amplitude_damping,0.0,postselected_probability_of_optimum,0.026151908910587215,0.011605854062937678,0.04363819845703173,30,5000
20,5,4,2,amplitude_damping,0.0,conditional_mode_probability,0.04414026788752639,0.03040428793473108,0.06007815246332031,30,5000
20,5,4,2,amplitude_damping,0.0,conditional_mode_is_optimal,0.23333333333333334,0.1,0.4,30,5000
20,5,4,2,amplitude_damping,0.0,conditional_mode_cost_gap,0.2211228077609879,0.1380815899274701,0.31414717867893055,30,5000
20,5,4,2,amplitude_damping,0.0,conditional_mode_approximation_ratio,0.9612840855502071,0.9461921401393752,0.9753589669753179,30,5000
20,5,4,2,amplitude_damping,0.0,effective_shots_for_target,1000.0,999.9999999999997,1000.0000000000002,30,5000
20,5,4,2,amplitude_damping,0.0,postselection_total_variation_distance,0.0,0.0,0.0,30,5000
20,5,4,2,amplitude_damping,0.001,noisy_feasible_probability,0.995009990004999,0.9950099900049987,0.9950099900049995,30,5000
20,5,4,2,amplitude_damping,0.001,retained_shot_fraction,0.995009990004999,0.9950099900049987,0.9950099900049995,30,5000
20,5,4,2,amplitude_damping,0.001,noisy_probability_of_optimum,0.026021410623735013,0.012062242781682447,0.04300824667489696,30,5000
20,5,4,2,amplitude_damping,0.001,postselected_probability_of_optimum,0.026151908910587215,0.012090872979781647,0.043300688800081345,30,5000
20,5,4,2,amplitude_damping,0.001,conditional_mode_probability,0.04414026788752639,0.030512998962933694,0.0611148589685847,30,5000
20,5,4,2,amplitude_damping,0.001,conditional_mode_is_optimal,0.23333333333333334,0.1,0.4,30,5000
20,5,4,2,amplitude_damping,0.001,conditional_mode_cost_gap,0.2211228077609879,0.1384388586098892,0.3099447793300736,30,5000
20,5,4,2,amplitude_damping,0.001,conditional_mode_approximation_ratio,0.9612840855502071,0.94628876243313,0.9759472125789406,30,5000
20,5,4,2,amplitude_damping,0.001,effective_shots_for_target,1005.015035070126,1005.0150350701258,1005.0150350701265,30,5000
20,5,4,2,amplitude_damping,0.001,postselection_total_variation_distance,6.424116164396352e-17,5.678399878800993e-17,7.226598645639118e-17,30,5000
20,5,4,2,amplitude_damping,0.005,noisy_feasible_probability,0.975248753121875,0.9752487531218748,0.9752487531218752,30,5000
20,5,4,2,amplitude_damping,0.005,retained_shot_fraction,0.975248753121875,0.9752487531218746,0.9752487531218752,30,5000
20,5,4,2,amplitude_damping,0.005,noisy_probability_of_optimum,0.02550461655680701,0.012248449999374333,0.042222816795299746,30,5000
20,5,4,2,amplitude_damping,0.005,postselected_probability_of_optimum,0.026151908910587215,0.012455845612254275,0.042793811811640214,30,5000
20,5,4,2,amplitude_damping,0.005,conditional_mode_probability,0.04414026788752638,0.030563188411185525,0.060001607762382884,30,5000
20,5,4,2,amplitude_damping,0.005,conditional_mode_is_optimal,0.23333333333333334,0.1,0.4,30,5000
20,5,4,2,amplitude_damping,0.005,conditional_mode_cost_gap,0.2211228077609879,0.13604511268857625,0.3085964625647403,30,5000
20,5,4,2,amplitude_damping,0.005,conditional_mode_approximation_ratio,0.9612840855502071,0.9458027366252246,0.9760086791766042,30,5000
20,5,4,2,amplitude_damping,0.005,effective_shots_for_target,1025.3794191470572,1025.3794191470568,1025.3794191470577,30,5000
20,5,4,2,amplitude_damping,0.005,postselection_total_variation_distance,6.097945758938141e-17,5.4278485217298416e-17,6.891624403905477e-17,30,5000
20,5,4,2,amplitude_damping,0.01,noisy_feasible_probability,0.9509900498999999,0.9509900498999997,0.9509900499000002,30,5000
20,5,4,2,amplitude_damping,0.01,retained_shot_fraction,0.9509900498999999,0.9509900498999997,0.9509900499000001,30,5000
20,5,4,2,amplitude_damping,0.01,noisy_probability_of_optimum,0.024870205159859566,0.011674225939972862,0.04029154732953337,30,5000
20,5,4,2,amplitude_damping,0.01,postselected_probability_of_optimum,0.026151908910587215,0.012161564754116718,0.043170263403978434,30,5000
20,5,4,2,amplitude_damping,0.01,conditional_mode_probability,0.04414026788752639,0.030271796448823808,0.060238272709951385,30,5000
20,5,4,2,amplitude_damping,0.01,conditional_mode_is_optimal,0.23333333333333334,0.1,0.4,30,5000
20,5,4,2,amplitude_damping,0.01,conditional_mode_cost_gap,0.2211228077609879,0.1363934644224612,0.3067129450216858,30,5000
20,5,4,2,amplitude_damping,0.01,conditional_mode_approximation_ratio,0.9612840855502071,0.9458139845027345,0.975545658655335,30,5000
20,5,4,2,amplitude_damping,0.01,effective_shots_for_target,1051.5357128133503,1051.5357128133498,1051.5357128133505,30,5000
20,5,4,2,amplitude_damping,0.01,postselection_total_variation_distance,6.643876085006383e-17,5.701686196479977e-17,7.679576912956928e-17,30,5000
20,5,4,2,amplitude_damping,0.02,noisy_feasible_probability,0.9039207967999999,0.9039207967999996,0.9039207968000004,30,5000
20,5,4,2,amplitude_damping,0.02,retained_shot_fraction,0.9039207967999999,0.9039207967999996,0.9039207968000004,30,5000
20,5,4,2,amplitude_damping,0.02,noisy_probability_of_optimum,0.023639254340299,0.01123457836553449,0.03935040549665939,30,5000
20,5,4,2,amplitude_damping,0.02,postselected_probability_of_optimum,0.026151908910587215,0.01215041406725405,0.04277860016424358,30,5000
20,5,4,2,amplitude_damping,0.02,conditional_mode_probability,0.04414026788752639,0.030388937594831765,0.0610547354690467,30,5000
20,5,4,2,amplitude_damping,0.02,conditional_mode_is_optimal,0.23333333333333334,0.1,0.4,30,5000
20,5,4,2,amplitude_damping,0.02,conditional_mode_cost_gap,0.2211228077609879,0.13823961895130926,0.3089649551914405,30,5000
20,5,4,2,amplitude_damping,0.02,conditional_mode_approximation_ratio,0.9612840855502071,0.9457613583035497,0.9757601531866954,30,5000
20,5,4,2,amplitude_damping,0.02,effective_shots_for_target,1106.2916170754486,1106.2916170754481,1106.2916170754493,30,5000
20,5,4,2,amplitude_damping,0.02,postselection_total_variation_distance,6.054008503771836e-17,5.342984863121509e-17,6.849348016273076e-17,30,5000
20,5,4,2,bit_flip,0.0,noisy_feasible_probability,1.0,0.9999999999999998,1.0000000000000004,30,5000
20,5,4,2,bit_flip,0.0,retained_shot_fraction,1.0,0.9999999999999998,1.0000000000000004,30,5000
20,5,4,2,bit_flip,0.0,noisy_probability_of_optimum,0.0261519089105872,0.01245215287211655,0.04308882139981317,30,5000
20,5,4,2,bit_flip,0.0,postselected_probability_of_optimum,0.026151908910587215,0.01225991621826449,0.04371277522733849,30,5000
20,5,4,2,bit_flip,0.0,conditional_mode_probability,0.04414026788752639,0.030324045398682425,0.06057346148616537,30,5000
20,5,4,2,bit_flip,0.0,conditional_mode_is_optimal,0.23333333333333334,0.1,0.4,30,5000
20,5,4,2,bit_flip,0.0,conditional_mode_cost_gap,0.2211228077609879,0.13779540302611387,0.3101881632092249,30,5000
20,5,4,2,bit_flip,0.0,conditional_mode_approximation_ratio,0.9612840855502071,0.9455423241650869,0.9762382109135584,30,5000
20,5,4,2,bit_flip,0.0,effective_shots_for_target,1000.0,999.9999999999997,1000.0000000000002,30,5000
20,5,4,2,bit_flip,0.0,postselection_total_variation_distance,0.0,0.0,0.0,30,5000
20,5,4,2,bit_flip,0.001,noisy_feasible_probability,0.9802035972009118,0.9802035972009114,0.980203597200912,30,5000
20,5,4,2,bit_flip,0.001,retained_shot_fraction,0.9802035972009118,0.9802035972009114,0.9802035972009121,30,5000
20,5,4,2,bit_flip,0.001,noisy_probability_of_optimum,0.025633911763759457,0.011975115034485673,0.043034791763473926,30,5000
20,5,4,2,bit_flip,0.001,postselected_probability_of_optimum,0.026151619762425034,0.012251691543483524,0.044115673670034196,30,5000
20,5,4,2,bit_flip,0.001,conditional_mode_probability,0.044139766562689225,0.03024097291692204,0.059874292943943745,30,5000
20,5,4,2,bit_flip,0.001,conditional_mode_is_optimal,0.23333333333333334,0.1,0.4,30,5000
20,5,4,2,bit_flip,0.001,conditional_mode_cost_gap,0.2211228077609879,0.13504180217397838,0.30922491549718806,30,5000
20,5,4,2,bit_flip,0.001,conditional_mode_approximation_ratio,0.9612840855502071,0.9463471546092495,0.9758171053980117,30,5000
20,5,4,2,bit_flip,0.001,effective_shots_for_target,1020.1962152104105,1020.1962152104102,1020.1962152104111,30,5000
20,5,4,2,bit_flip,0.001,postselection_total_variation_distance,4.6066500984952605e-06,4.1214588523882745e-06,5.102737563216026e-06,30,5000
20,5,4,2,bit_flip,0.005,noisy_feasible_probability,0.9049531790256815,0.9049531790256811,0.9049531790256818,30,5000
20,5,4,2,bit_flip,0.005,retained_shot_fraction,0.9049531790256815,0.9049531790256811,0.9049531790256818,30,5000
20,5,4,2,bit_flip,0.005,noisy_probability_of_optimum,0.023659659976217225,0.01084401254181057,0.03904663600719987,30,5000
20,5,4,2,bit_flip,0.005,postselected_probability_of_optimum,0.02614462330713113,0.011978499481179768,0.042994003123939986,30,5000
20,5,4,2,bit_flip,0.005,conditional_mode_probability,0.044127636132176844,0.02994567625343205,0.06057412638837797,30,5000
20,5,4,2,bit_flip,0.005,conditional_mode_is_optimal,0.23333333333333334,0.1,0.4,30,5000
20,5,4,2,bit_flip,0.005,conditional_mode_cost_gap,0.2211228077609879,0.13679960319866402,0.31107712054747044,30,5000
20,5,4,2,bit_flip,0.005,conditional_mode_approximation_ratio,0.9612840855502071,0.9457529875968597,0.9754805252821092,30,5000
20,5,4,2,bit_flip,0.005,effective_shots_for_target,1105.029545370127,1105.0295453701267,1105.0295453701276,30,5000
20,5,4,2,bit_flip,0.005,postselection_total_variation_distance,0.00011607732775901026,0.00010388582901588675,0.00012846744172202547,30,5000
20,5,4,2,bit_flip,0.01,noisy_feasible_probability,0.8191594747859976,0.8191594747859973,0.8191594747859978,30,5000
20,5,4,2,bit_flip,0.01,retained_shot_fraction,0.8191594747859976,0.8191594747859973,0.8191594747859978,30,5000
20,5,4,2,bit_flip,0.01,noisy_probability_of_optimum,0.021398483949300818,0.01017246651837846,0.0355215581812213,30,5000
20,5,4,2,bit_flip,0.01,postselected_probability_of_optimum,0.026122488487227848,0.012379940021675443,0.04338420911926901,30,5000
20,5,4,2,bit_flip,0.01,conditional_mode_probability,0.04408925908052772,0.030245460731908574,0.06002244442604191,30,5000
20,5,4,2,bit_flip,0.01,conditional_mode_is_optimal,0.23333333333333334,0.1,0.4,30,5000
20,5,4,2,bit_flip,0.01,conditional_mode_cost_gap,0.2211228077609879,0.13912774126387442,0.3122810027427846,30,5000
20,5,4,2,bit_flip,0.01,conditional_mode_approximation_ratio,0.9612840855502071,0.9458331998669114,0.9759621104492158,30,5000
20,5,4,2,bit_flip,0.01,effective_shots_for_target,1220.7635152620874,1220.7635152620871,1220.7635152620883,30,5000
20,5,4,2,bit_flip,0.01,postselection_total_variation_distance,0.00046879704629822444,0.00041965148938179507,0.0005211253565848533,30,5000
20,5,4,2,bit_flip,0.02,noisy_feasible_probability,0.6717892194584836,0.6717892194584832,0.6717892194584839,30,5000
20,5,4,2,bit_flip,0.02,retained_shot_fraction,0.6717892194584836,0.6717892194584832,0.6717892194584839,30,5000
20,5,4,2,bit_flip,0.02,noisy_probability_of_optimum,0.017488083147533282,0.008353032517543798,0.029002206603288384,30,5000
20,5,4,2,bit_flip,0.02,postselected_probability_of_optimum,0.026032098522852303,0.012203409418918627,0.04281406046397181,30,5000
20,5,4,2,bit_flip,0.02,conditional_mode_probability,0.04393254572551728,0.029778476348420173,0.05949865864031515,30,5000
20,5,4,2,bit_flip,0.02,conditional_mode_is_optimal,0.23333333333333334,0.1,0.4,30,5000
20,5,4,2,bit_flip,0.02,conditional_mode_cost_gap,0.2211228077609879,0.13579093033549,0.30890793127567856,30,5000
20,5,4,2,bit_flip,0.02,conditional_mode_approximation_ratio,0.9612840855502071,0.9461364144224516,0.9757020565008929,30,5000
20,5,4,2,bit_flip,0.02,effective_shots_for_target,1488.5621427597202,1488.5621427597196,1488.5621427597207,30,5000
20,5,4,2,bit_flip,0.02,postselection_total_variation_distance,0.0019100810540216362,0.0017099102155290777,0.002117199226353325,30,5000
20,5,4,3,amplitude_damping,0.0,noisy_feasible_probability,1.0000000000000002,0.9999999999999997,1.0000000000000007,30,5000
20,5,4,3,amplitude_damping,0.0,retained_shot_fraction,1.0000000000000002,0.9999999999999996,1.0000000000000007,30,5000
20,5,4,3,amplitude_damping,0.0,noisy_probability_of_optimum,0.02510422062987525,0.012692616906192647,0.03980111477388269,30,5000
20,5,4,3,amplitude_damping,0.0,postselected_probability_of_optimum,0.025104220629875263,0.012474933374363485,0.040362012530348136,30,5000
20,5,4,3,amplitude_damping,0.0,conditional_mode_probability,0.048771504130200885,0.03471238693855959,0.06396033096122691,30,5000
20,5,4,3,amplitude_damping,0.0,conditional_mode_is_optimal,0.23333333333333334,0.1,0.4,30,5000
20,5,4,3,amplitude_damping,0.0,conditional_mode_cost_gap,0.14366176657094748,0.08082971595887105,0.21400625241671034,30,5000
20,5,4,3,amplitude_damping,0.0,conditional_mode_approximation_ratio,0.9744021686487035,0.9619627064421461,0.9854419398344407,30,5000
20,5,4,3,amplitude_damping,0.0,effective_shots_for_target,999.9999999999998,999.9999999999993,1000.0000000000003,30,5000
20,5,4,3,amplitude_damping,0.0,postselection_total_variation_distance,0.0,0.0,0.0,30,5000
20,5,4,3,amplitude_damping,0.001,noisy_feasible_probability,0.9950099900049991,0.9950099900049986,0.9950099900049998,30,5000
20,5,4,3,amplitude_damping,0.001,retained_shot_fraction,0.9950099900049991,0.9950099900049986,0.9950099900049998,30,5000
20,5,4,3,amplitude_damping,0.001,noisy_probability_of_optimum,0.024978950318015454,0.012792960904810037,0.03988338965132329,30,5000
20,5,4,3,amplitude_damping,0.001,postselected_probability_of_optimum,0.02510422062987527,0.012410693200747678,0.040389758026124,30,5000
20,5,4,3,amplitude_damping,0.001,conditional_mode_probability,0.04877150413020089,0.03480230321551184,0.0645705374712964,30,5000
20,5,4,3,amplitude_damping,0.001,conditional_mode_is_optimal,0.23333333333333334,0.1,0.4,30,5000
20,5,4,3,amplitude_damping,0.001,conditional_mode_cost_gap,0.14366176657094748,0.0805146460452353,0.21539241948432353,30,5000
20,5,4,3,amplitude_damping,0.001,conditional_mode_approximation_ratio,0.9744021686487035,0.9623919965945474,0.9855591563063681,30,5000
20,5,4,3,amplitude_damping,0.001,effective_shots_for_target,1005.0150350701261,1005.0150350701256,1005.0150350701266,30,5000
20,5,4,3,amplitude_damping,0.001,postselection_total_variation_distance,7.916803672344398e-17,6.303881054570674e-17,9.944308000704998e-17,30,5000
20,5,4,3,amplitude_damping,0.005,noisy_feasible_probability,0.9752487531218752,0.9752487531218745,0.9752487531218758,30,5000
20,5,4,3,amplitude_damping,0.005,retained_shot_fraction,0.9752487531218752,0.9752487531218745,0.9752487531218758,30,5000
20,5,4,3,amplitude_damping,0.005,noisy_probability_of_optimum,0.024482859867382276,0.012044263293365283,0.03978259530865013,30,5000
20,5,4,3,amplitude_damping,0.005,postselected_probability_of_optimum,0.02510422062987527,0.012799314883467727,0.04025571419102257,30,5000
20,5,4,3,amplitude_damping,0.005,conditional_mode_probability,0.04877150413020089,0.03505075975400974,0.06405479379033115,30,5000
20,5,4,3,amplitude_damping,0.005,conditional_mode_is_optimal,0.23333333333333334,0.1,0.4,30,5000
20,5,4,3,amplitude_damping,0.005,conditional_mode_cost_gap,0.14366176657094748,0.08037822227633588,0.21533614482378008,30,5000
20,5,4,3,amplitude_damping,0.005,conditional_mode_approximation_ratio,0.9744021686487035,0.9617513803834407,0.9853531803352837,30,5000
20,5,4,3,amplitude_damping,0.005,effective_shots_for_target,1025.3794191470572,1025.3794191470565,1025.3794191470577,30,5000
20,5,4,3,amplitude_damping,0.005,postselection_total_variation_distance,6.964912478136338e-17,5.638229534066279e-17,8.458644568186137e-17,30,5000
20,5,4,3,amplitude_damping,0.01,noisy_feasible_probability,0.9509900499000001,0.9509900498999996,0.9509900499000007,30,5000
20,5,4,3,amplitude_damping,0.01,retained_shot_fraction,0.9509900499000001,0.9509900498999996,0.9509900499000007,30,5000
20,5,4,3,amplitude_damping,0.01,noisy_probability_of_optimum,0.023873864029505667,0.012058380227299346,0.038719488925600724,30,5000
20,5,4,3,amplitude_damping,0.01,postselected_probability_of_optimum,0.025104220629875267,0.012632487510096753,0.040330075213701515,30,5000
20,5,4,3,amplitude_damping,0.01,conditional_mode_probability,0.04877150413020089,0.03522928810484935,0.06494153442539503,30,5000
20,5,4,3,amplitude_damping,0.01,conditional_mode_is_optimal,0.23333333333333334,0.1,0.4,30,5000
20,5,4,3,amplitude_damping,0.01,conditional_mode_cost_gap,0.14366176657094748,0.08030005546657351,0.21290004996162912,30,5000
20,5,4,3,amplitude_damping,0.01,conditional_mode_approximation_ratio,0.9744021686487035,0.9624933716815334,0.9853974540606459,30,5000
20,5,4,3,amplitude_damping,0.01,effective_shots_for_target,1051.53571281335,1051.5357128133494,1051.5357128133505,30,5000
20,5,4,3,amplitude_damping,0.01,postselection_total_variation_distance,8.180060247319382e-17,6.869181252813762e-17,9.641576592383918e-17,30,5000
20,5,4,3,amplitude_damping,0.02,noisy_feasible_probability,0.9039207967999999,0.9039207967999995,0.9039207968000007,30,5000
20,5,4,3,amplitude_damping,0.02,retained_shot_fraction,0.9039207967999999,0.9039207967999996,0.9039207968000007,30,5000
20,5,4,3,amplitude_damping,0.02,noisy_probability_of_optimum,0.022692227114799828,0.01132240470707911,0.036031207495518164,30,5000
20,5,4,3,amplitude_damping,0.02,postselected_probability_of_optimum,0.02510422062987527,0.012487045880450642,0.0402980643522712,30,5000
20,5,4,3,amplitude_damping,0.02,conditional_mode_probability,0.04877150413020089,0.034716831943215315,0.06401322686249548,30,5000
20,5,4,3,amplitude_damping,0.02,conditional_mode_is_optimal,0.23333333333333334,0.1,0.36666666666666664,30,5000
20,5,4,3,amplitude_damping,0.02,conditional_mode_cost_gap,0.14366176657094748,0.08037503716445782,0.21693130412722877,30,5000
20,5,4,3,amplitude_damping,0.02,conditional_mode_approximation_ratio,0.9744021686487035,0.9624452282570736,0.9853568983308338,30,5000
20,5,4,3,amplitude_damping,0.02,effective_shots_for_target,1106.2916170754484,1106.291617075448,1106.2916170754493,30,5000
20,5,4,3,amplitude_damping,0.02,postselection_total_variation_distance,7.140476702282547e-17,5.912974486622438e-17,8.543362068951057e-17,30,5000
20,5,4,3,bit_flip,0.0,noisy_feasible_probability,1.0000000000000002,0.9999999999999997,1.0000000000000007,30,5000
20,5,4,3,bit_flip,0.0,retained_shot_fraction,1.0000000000000002,0.9999999999999997,1.0000000000000007,30,5000
20,5,4,3,bit_flip,0.0,noisy_probability_of_optimum,0.02510422062987525,0.012165872229397247,0.040524604334525274,30,5000
20,5,4,3,bit_flip,0.0,postselected_probability_of_optimum,0.025104220629875263,0.01225461468109008,0.03995608402823623,30,5000
20,5,4,3,bit_flip,0.0,conditional_mode_probability,0.048771504130200885,0.03541392150458559,0.0637732485910967,30,5000
20,5,4,3,bit_flip,0.0,conditional_mode_is_optimal,0.23333333333333334,0.1,0.4,30,5000
20,5,4,3,bit_flip,0.0,conditional_mode_cost_gap,0.14366176657094748,0.07855979457001647,0.2145269226980319,30,5000
20,5,4,3,bit_flip,0.0,conditional_mode_approximation_ratio,0.9744021686487035,0.9621784009777458,0.9854556861304962,30,5000
20,5,4,3,bit_flip,0.0,effective_shots_for_target,999.9999999999998,999.9999999999993,1000.0000000000003,30,5000
20,5,4,3,bit_flip,0.0,postselection_total_variation_distance,0.0,0.0,0.0,30,5000
20,5,4,3,bit_flip,0.001,noisy_feasible_probability,0.9802035972009119,0.9802035972009112,0.9802035972009124,30,5000
20,5,4,3,bit_flip,0.001,retained_shot_fraction,0.9802035972009119,0.9802035972009112,0.9802035972009124,30,5000
20,5,4,3,bit_flip,0.001,noisy_probability_of_optimum,0.024606988772978122,0.012703241790191212,0.039270211007755816,30,5000
20,5,4,3,bit_flip,0.001,postselected_probability_of_optimum,0.025103956813917364,0.012544105676983676,0.04033743356956879,30,5000
20,5,4,3,bit_flip,0.001,conditional_mode_probability,0.048770950176697386,0.035025204543956794,0.06424066178228466,30,5000
20,5,4,3,bit_flip,0.001,conditional_mode_is_optimal,0.23333333333333334,0.1,0.4,30,5000
20,5,4,3,bit_flip,0.001,conditional_mode_cost_gap,0.14366176657094748,0.07818634883801266,0.21295461399794413,30,5000
20,5,4,3,bit_flip,0.001,conditional_mode_approximation_ratio,0.9744021686487035,0.9620276909609458,0.9855116924644692,30,5000
20,5,4,3,bit_flip,0.001,effective_shots_for_target,1020.1962152104104,1020.1962152104098,1020.1962152104112,30,5000
20,5,4,3,bit_flip,0.001,postselection_total_variation_distance,4.9761925640591835e-06,4.499588628978178e-06,5.501461698179781e-06,30,5000
20,5,4,3,bit_flip,0.005,noisy_feasible_probability,0.9049531790256815,0.904953179025681,0.9049531790256821,30,5000
20,5,4,3,bit_flip,0.005,retained_shot_fraction,0.9049531790256815,0.904953179025681,0.9049531790256821,30,5000
20,5,4,3,bit_flip,0.005,noisy_probability_of_optimum,0.022712128726067937,0.011469254242459734,0.03650694474225843,30,5000
20,5,4,3,bit_flip,0.005,postselected_probability_of_optimum,0.025097573280554675,0.012471356933612046,0.04002100677462749,30,5000
20,5,4,3,bit_flip,0.005,conditional_mode_probability,0.048757546296358506,0.03530091018569758,0.06521036888491581,30,5000
20,5,4,3,bit_flip,0.005,conditional_mode_is_optimal,0.23333333333333334,0.1,0.4,30,5000
20,5,4,3,bit_flip,0.005,conditional_mode_cost_gap,0.14366176657094748,0.07800301423033826,0.21414609935400408,30,5000
20,5,4,3,bit_flip,0.005,conditional_mode_approximation_ratio,0.9744021686487035,0.9619496684274756,0.9857137989205168,30,5000
20,5,4,3,bit_flip,0.005,effective_shots_for_target,1105.029545370127,1105.0295453701262,1105.0295453701278,30,5000
20,5,4,3,bit_flip,0.005,postselection_total_variation_distance,0.00012538904113727097,0.00011351129590385129,0.000137924756749352,30,5000
20,5,4,3,bit_flip,0.01,noisy_feasible_probability,0.8191594747859977,0.8191594747859973,0.8191594747859982,30,5000
20,5,4,3,bit_flip,0.01,retained_shot_fraction,0.8191594747859977,0.8191594747859973,0.8191594747859982,30,5000
20,5,4,3,bit_flip,0.01,noisy_probability_of_optimum,0.020542371069785088,0.01021518300252842,0.033487505462220284,30,5000
20,5,4,3,bit_flip,0.01,postselected_probability_of_optimum,0.025077377118969076,0.012837477741756838,0.04047290818616543,30,5000
20,5,4,3,bit_flip,0.01,conditional_mode_probability,0.04871514033853507,0.034879731689573854,0.06407213410885632,30,5000
20,5,4,3,bit_flip,0.01,conditional_mode_is_optimal,0.23333333333333334,0.1,0.4,30,5000
20,5,4,3,bit_flip,0.01,conditional_mode_cost_gap,0.14366176657094748,0.07764714855638653,0.21479934623970387,30,5000
20,5,4,3,bit_flip,0.01,conditional_mode_approximation_ratio,0.9744021686487035,0.9622078187537861,0.985652939145433,30,5000
20,5,4,3,bit_flip,0.01,effective_shots_for_target,1220.7635152620876,1220.763515262087,1220.7635152620885,30,5000
20,5,4,3,bit_flip,0.01,postselection_total_variation_distance,0.0005064047364244018,0.0004580051269842947,0.0005558640286683053,30,5000
20,5,4,3,bit_flip,0.02,noisy_feasible_probability,0.6717892194584838,0.6717892194584832,0.671789219458484,30,5000
20,5,4,3,bit_flip,0.02,retained_shot_fraction,0.6717892194584838,0.6717892194584832,0.671789219458484,30,5000
20,5,4,3,bit_flip,0.02,noisy_probability_of_optimum,0.016791302140091138,0.00851095946588898,0.026584331335659447,30,5000
20,5,4,3,bit_flip,0.02,postselected_probability_of_optimum,0.02499489669337995,0.012285076388806089,0.03952135671427792,30,5000
20,5,4,3,bit_flip,0.02,conditional_mode_probability,0.04854197342153354,0.034788494283434224,0.06410134094618099,30,5000
20,5,4,3,bit_flip,0.02,conditional_mode_is_optimal,0.23333333333333334,0.1,0.4,30,5000
20,5,4,3,bit_flip,0.02,conditional_mode_cost_gap,0.14366176657094748,0.08002089099510225,0.21711711249029986,30,5000
20,5,4,3,bit_flip,0.02,conditional_mode_approximation_ratio,0.9744021686487035,0.9625381069679476,0.9853863047726428,30,5000
20,5,4,3,bit_flip,0.02,effective_shots_for_target,1488.5621427597196,1488.5621427597187,1488.5621427597207,30,5000
20,5,4,3,bit_flip,0.02,postselection_total_variation_distance,0.0020633249162934557,0.0018689938420368,0.0022698910391000587,30,5000
25,5,5,1,amplitude_damping,0.0,noisy_feasible_probability,1.0000000000000002,1.0,1.0000000000000004,30,5000
25,5,5,1,amplitude_damping,0.0,retained_shot_fraction,1.0000000000000002,1.0,1.0000000000000004,30,5000
25,5,5,1,amplitude_damping,0.0,noisy_probability_of_optimum,0.00045998814600274585,0.00034425428742669703,0.0005856287183713782,30,5000
25,5,5,1,amplitude_damping,0.0,postselected_probability_of_optimum,0.0004599881460027458,0.00034565727549694045,0.0005849368525534442,30,5000
25,5,5,1,amplitude_damping,0.0,conditional_mode_probability,0.0027691750396990973,0.002227365277107685,0.0033963723637103283,30,5000
25,5,5,1,amplitude_damping,0.0,conditional_mode_is_optimal,0.0,0.0,0.0,30,5000
25,5,5,1,amplitude_damping,0.0,conditional_mode_cost_gap,0.5404139013703165,0.46481967064530205,0.6236457480262063,30,5000
25,5,5,1,amplitude_damping,0.0,conditional_mode_approximation_ratio,0.9072885065345428,0.8948740189291564,0.9192432075491743,30,5000
25,5,5,1,amplitude_damping,0.0,effective_shots_for_target,999.9999999999999,999.9999999999995,1000.0,30,5000
25,5,5,1,amplitude_damping,0.0,postselection_total_variation_distance,0.0,0.0,0.0,30,5000
25,5,5,1,amplitude_damping,0.001,noisy_feasible_probability,0.9950099900049989,0.9950099900049988,0.9950099900049995,30,5000
25,5,5,1,amplitude_damping,0.001,retained_shot_fraction,0.9950099900049989,0.9950099900049988,0.9950099900049995,30,5000
25,5,5,1,amplitude_damping,0.001,noisy_probability_of_optimum,0.00045769280055661026,0.0003457339743901143,0.0005819790327928906,30,5000
25,5,5,1,amplitude_damping,0.001,postselected_probability_of_optimum,0.00045998814600274585,0.00034820672335191536,0.0005806678793286855,30,5000
25,5,5,1,amplitude_damping,0.001,conditional_mode_probability,0.002769175039699097,0.0022324989816893026,0.0034045773356589475,30,5000
25,5,5,1,amplitude_damping,0.001,conditional_mode_is_optimal,0.0,0.0,0.0,30,5000
25,5,5,1,amplitude_damping,0.001,conditional_mode_cost_gap,0.5404139013703165,0.46615264354098146,0.6199015353345522,30,5000
25,5,5,1,amplitude_damping,0.001,conditional_mode_approximation_ratio,0.9072885065345428,0.8945809814470146,0.9193009895911511,30,5000
25,5,5,1,amplitude_damping,0.001,effective_shots_for_target,1005.015035070126,1005.0150350701258,1005.0150350701263,30,5000
25,5,5,1,amplitude_damping,0.001,postselection_total_variation_distance,5.963212872072083e-17,5.473965530459621e-17,6.586003990634707e-17,30,5000
25,5,5,1,amplitude_damping,0.005,noisy_feasible_probability,0.975248753121875,0.9752487531218748,0.9752487531218752,30,5000
25,5,5,1,amplitude_damping,0.005,retained_shot_fraction,0.975248753121875,0.9752487531218748,0.9752487531218752,30,5000
25,5,5,1,amplitude_damping,0.005,noisy_probability_of_optimum,0.00044860286584002087,0.0003364858576578631,0.0005638377348141384,30,5000
25,5,5,1,amplitude_damping,0.005,postselected_probability_of_optimum,0.00045998814600274585,0.00034747575869695864,0.000583336809069847,30,5000
25,5,5,1,amplitude_damping,0.005,conditional_mode_probability,0.002769175039699097,0.0022225569900609734,0.0034094313329358444,30,5000
25,5,5,1,amplitude_damping,0.005,conditional_mode_is_optimal,0.0,0.0,0.0,30,5000
25,5,5,1,amplitude_damping,0.005,conditional_mode_cost_gap,0.5404139013703165,0.4632445583735864,0.6209508155531581,30,5000
25,5,5,1,amplitude_damping,0.005,conditional_mode_approximation_ratio,0.9072885065345428,0.8941372341019242,0.9194336985125031,30,5000
25,5,5,1,amplitude_damping,0.005,effective_shots_for_target,1025.379419147057,1025.3794191470568,1025.3794191470574,30,5000
25,5,5,1,amplitude_damping,0.005,postselection_total_variation_distance,6.510670241572701e-17,5.5135543389910557e-17,7.660873702968635e-17,30,5000
25,5,5,1,amplitude_damping,0.01,noisy_feasible_probability,0.9509900499,0.9509900498999998,0.9509900499000002,30,5000
25,5,5,1,amplitude_damping,0.01,retained_shot_fraction,0.9509900499,0.9509900498999998,0.9509900499000002,30,5000
25,5,5,1,amplitude_damping,0.01,noisy_probability_of_optimum,0.0004374441499205598,0.00032815640984233695,0.0005544797636023589,30,5000
25,5,5,1,amplitude_damping,0.01,postselected_probability_of_optimum,0.00045998814600274585,0.0003460401778715518,0.000579054946644093,30,5000
25,5,5,1,amplitude_damping,0.01,conditional_mode_probability,0.002769175039699097,0.0022348316051571194,0.003381966691882983,30,5000
25,5,5,1,amplitude_damping,0.01,conditional_mode_is_optimal,0.0,0.0,0.0,30,5000
25,5,5,1,amplitude_damping,0.01,conditional_mode_cost_gap,0.5404139013703165,0.46523189505237733,0.6219483364236399,30,5000
25,5,5,1,amplitude_damping,0.01,conditional_mode_approximation_ratio,0.9072885065345428,0.8942202890308002,0.9192020883867469,30,5000
25,5,5,1,amplitude_damping,0.01,effective_shots_for_target,1051.53571281335,1051.5357128133498,1051.5357128133505,30,5000
25,5,5,1,amplitude_damping,0.01,postselection_total_variation_distance,6.325750496833842e-17,5.5080409367981085e-17,7.260718882427175e-17,30,5000
25,5,5,1,amplitude_damping,0.02,noisy_feasible_probability,0.9039207968000001,0.9039207967999997,0.9039207968000004,30,5000
25,5,5,1,amplitude_damping,0.02,retained_shot_fraction,0.9039207968000001,0.9039207967999998,0.9039207968000004,30,5000
25,5,5,1,amplitude_damping,0.02,noisy_probability_of_optimum,0.0004157928514533568,0.00031113645183902165,0.0005265718664745218,30,5000
25,5,5,1,amplitude_damping,0.02,postselected_probability_of_optimum,0.00045998814600274585,0.00034487226506362884,0.0005789472241037925,30,5000
25,5,5,1,amplitude_damping,0.02,conditional_mode_probability,0.0027691750396990973,0.002249445057032766,0.003379011524480283,30,5000
25,5,5,1,amplitude_damping,0.02,conditional_mode_is_optimal,0.0,0.0,0.0,30,5000
25,5,5,1,amplitude_damping,0.02,conditional_mode_cost_gap,0.5404139013703165,0.46382414779245223,0.624528860245141,30,5000
25,5,5,1,amplitude_damping,0.02,conditional_mode_approximation_ratio,0.9072885065345428,0.8938302124008248,0.9193706818479691,30,5000
25,5,5,1,amplitude_damping,0.02,effective_shots_for_target,1106.2916170754484,1106.2916170754481,1106.291617075449,30,5000
25,5,5,1,amplitude_damping,0.02,postselection_total_variation_distance,5.838376689465686e-17,5.1733177331310446e-17,6.599545567608293e-17,30,5000
25,5,5,1,bit_flip,0.0,noisy_feasible_probability,1.0000000000000002,1.0,1.0000000000000004,30,5000
25,5,5,1,bit_flip,0.0,retained_shot_fraction,1.0000000000000002,1.0,1.0000000000000004,30,5000
25,5,5,1,bit_flip,0.0,noisy_probability_of_optimum,0.00045998814600274585,0.00034707875417251514,0.0005799375998107453,30,5000
25,5,5,1,bit_flip,0.0,postselected_probability_of_optimum,0.0004599881460027458,0.0003427851757517214,0.0005778919590563475,30,5000
25,5,5,1,bit_flip,0.0,conditional_mode_probability,0.0027691750396990973,0.0022225788189389603,0.003393998406388763,30,5000
25,5,5,1,bit_flip,0.0,conditional_mode_is_optimal,0.0,0.0,0.0,30,5000
25,5,5,1,bit_flip,0.0,conditional_mode_cost_gap,0.5404139013703165,0.46277132088985135,0.6209239158835087,30,5000
25,5,5,1,bit_flip,0.0,conditional_mode_approximation_ratio,0.9072885065345428,0.894679960334881,0.9196075794874492,30,5000
25,5,5,1,bit_flip,0.0,effective_shots_for_target,999.9999999999999,999.9999999999995,1000.0,30,5000
25,5,5,1,bit_flip,0.0,postselection_total_variation_distance,0.0,0.0,0.0,30,5000
25,5,5,1,bit_flip,0.001,noisy_feasible_probability,0.9753172577784773,0.975317257778477,0.9753172577784777,30,5000
25,5,5,1,bit_flip,0.001,retained_shot_fraction,0.9753172577784773,0.975317257778477,0.9753172577784777,30,5000
25,5,5,1,bit_flip,0.001,noisy_probability_of_optimum,0.0004486336985363257,0.0003359346858991143,0.0005683794271853899,30,5000
25,5,5,1,bit_flip,0.001,postselected_probability_of_optimum,0.00045998745019461496,0.00034537384494643796,0.0005864202802261258,30,5000
25,5,5,1,bit_flip,0.001,conditional_mode_probability,0.002769147043273916,0.0022339470685270777,0.0034058559294597077,30,5000
25,5,5,1,bit_flip,0.001,conditional_mode_is_optimal,0.0,0.0,0.0,30,5000
25,5,5,1,bit_flip,0.001,conditional_mode_cost_gap,0.5404139013703165,0.4647009068284008,0.62140253832329,30,5000
25,5,5,1,bit_flip,0.001,conditional_mode_approximation_ratio,0.9072885065345428,0.8947144697795844,0.919349088304818,30,5000
25,5,5,1,bit_flip,0.001,effective_shots_for_target,1025.3073982077829,1025.3073982077826,1025.3073982077833,30,5000
25,5,5,1,bit_flip,0.001,postselection_total_variation_distance,3.5015140445748618e-06,3.1477312972765316e-06,3.86585137792356e-06,30,5000
25,5,5,1,bit_flip,0.005,noisy_feasible_probability,0.8826658874945263,0.8826658874945259,0.8826658874945266,30,5000
25,5,5,1,bit_flip,0.005,retained_shot_fraction,0.8826658874945263,0.8826658874945259,0.8826658874945266,30,5000
25,5,5,1,bit_flip,0.005,noisy_probability_of_optimum,0.00040600036864640773,0.0003096982457769021,0.0005126891315908644,30,5000
25,5,5,1,bit_flip,0.005,postselected_probability_of_optimum,0.0004599706122084903,0.0003485842322197278,0.000578791182458647,30,5000
25,5,5,1,bit_flip,0.005,conditional_mode_probability,0.002768469633930759,0.0022414125118381525,0.0034061396156720705,30,5000
25,5,5,1,bit_flip,0.005,conditional_mode_is_optimal,0.0,0.0,0.0,30,5000
25,5,5,1,bit_flip,0.005,conditional_mode_cost_gap,0.5404139013703165,0.4618523398327922,0.6241301548300789,30,5000
25,5,5,1,bit_flip,0.005,conditional_mode_approximation_ratio,0.9072885065345428,0.8944052246108128,0.9193777750279188,30,5000
25,5,5,1,bit_flip,0.005,effective_shots_for_target,1132.931513688073,1132.9315136880725,1132.9315136880732,30,5000
25,5,5,1,bit_flip,0.005,postselection_total_variation_distance,8.822924412652093e-05,7.957121905980811e-05,9.772946628454397e-05,30,5000
25,5,5,1,bit_flip,0.01,noisy_feasible_probability,0.779409884059879,0.7794098840598785,0.7794098840598792,30,5000
25,5,5,1,bit_flip,0.01,retained_shot_fraction,0.779409884059879,0.7794098840598785,0.7794098840598792,30,5000
25,5,5,1,bit_flip,0.01,noisy_probability_of_optimum,0.00035846410539997983,0.0002681120471486441,0.0004532349804305451,30,5000
25,5,5,1,bit_flip,0.01,postselected_probability_of_optimum,0.00045991732043834384,0.00034934550691735925,0.0005819122286367068,30,5000
25,5,5,1,bit_flip,0.01,conditional_mode_probability,0.002766326679035375,0.0022226252869016827,0.003380391265032126,30,5000
25,5,5,1,bit_flip,0.01,conditional_mode_is_optimal,0.0,0.0,0.0,30,5000
25,5,5,1,bit_flip,0.01,conditional_mode_cost_gap,0.5404139013703165,0.4626353007625278,0.6210846368195814,30,5000
25,5,5,1,bit_flip,0.01,conditional_mode_approximation_ratio,0.9072885065345428,0.8948992629928113,0.9193445508399392,30,5000
25,5,5,1,bit_flip,0.01,effective_shots_for_target,1283.02196373375,1283.0219637337495,1283.0219637337502,30,5000
25,5,5,1,bit_flip,0.01,postselection_total_variation_distance,0.0003563138047562333,0.0003209406249270862,0.00039535028451530356,30,5000
25,5,5,1,bit_flip,0.02,noisy_feasible_probability,0.6085082849114478,0.6085082849114477,0.6085082849114479,30,5000
25,5,5,1,bit_flip,0.02,retained_shot_fraction,0.6085082849114478,0.6085082849114477,0.6085082849114479,30,5000
25,5,5,1,bit_flip,0.02,noisy_probability_of_optimum,0.00027973087151215455,0.00021165378004768195,0.00035363332859422015,30,5000
25,5,5,1,bit_flip,0.02,postselected_probability_of_optimum,0.00045969936391722577,0.00034728719086194387,0.0005810656190689343,30,5000
25,5,5,1,bit_flip,0.02,conditional_mode_probability,0.0027575784936905855,0.0022233278447159133,0.003377178842142427,30,5000
25,5,5,1,bit_flip,0.02,conditional_mode_is_optimal,0.0,0.0,0.0,30,5000
25,5,5,1,bit_flip,0.02,conditional_mode_cost_gap,0.5404139013703165,0.46295178343374344,0.623148686790852,30,5000
25,5,5,1,bit_flip,0.02,conditional_mode_approximation_ratio,0.9072885065345428,0.8943810955240813,0.9190103306372231,30,5000
25,5,5,1,bit_flip,0.02,effective_shots_for_target,1643.362998986158,1643.3629989861572,1643.362998986158,30,5000
25,5,5,1,bit_flip,0.02,postselection_total_variation_distance,0.001451538647155939,0.0013071566652193762,0.0016001328429215667,30,5000
25,5,5,2,amplitude_damping,0.0,noisy_feasible_probability,1.0000000000000002,0.9999999999999999,1.0000000000000004,30,5000
25,5,5,2,amplitude_damping,0.0,retained_shot_fraction,1.0000000000000002,0.9999999999999999,1.0000000000000004,30,5000
25,5,5,2,amplitude_damping,0.0,noisy_probability_of_optimum,0.0003103070039180194,0.00018729144709132264,0.00046307388168223047,30,5000
25,5,5,2,amplitude_damping,0.0,postselected_probability_of_optimum,0.0003103070039180192,0.00018585952925271934,0.00045861969081890784,30,5000
25,5,5,2,amplitude_damping,0.0,conditional_mode_probability,0.005983961529928904,0.004859250110616737,0.0071708554006577885,30,5000
25,5,5,2,amplitude_damping,0.0,conditional_mode_is_optimal,0.0,0.0,0.0,30,5000
25,5,5,2,amplitude_damping,0.0,conditional_mode_cost_gap,0.5080170650670021,0.4561705022809838,0.5604593769083379,30,5000
25,5,5,2,amplitude_damping,0.0,conditional_mode_approximation_ratio,0.911745070261168,0.9030384514541993,0.9205751627619675,30,5000
25,5,5,2,amplitude_damping,0.0,effective_shots_for_target,999.9999999999998,999.9999999999995,1000.0000000000001,30,5000
25,5,5,2,amplitude_damping,0.0,postselection_total_variation_distance,0.0,0.0,0.0,30,5000
25,5,5,2,amplitude_damping,0.001,noisy_feasible_probability,0.9950099900049991,0.9950099900049988,0.9950099900049996,30,5000
25,5,5,2,amplitude_damping,0.001,retained_shot_fraction,0.9950099900049991,0.9950099900049988,0.9950099900049996,30,5000
25,5,5,2,amplitude_damping,0.001,noisy_probability_of_optimum,0.00030875856886694965,0.00018424120666929106,0.0004693480914399815,30,5000
25,5,5,2,amplitude_damping,0.001,postselected_probability_of_optimum,0.0003103070039180192,0.00018446870495248595,0.0004617788438639716,30,5000
25,5,5,2,amplitude_damping,0.001,conditional_mode_probability,0.005983961529928903,0.004849402226021939,0.007159998565988723,30,5000
25,5,5,2,amplitude_damping,0.001,conditional_mode_is_optimal,0.0,0.0,0.0,30,5000
25,5,5,2,amplitude_damping,0.001,conditional_mode_cost_gap,0.5080170650670021,0.455217507764725,0.559460710627148,30,5000
25,5,5,2,amplitude_damping,0.001,conditional_mode_approximation_ratio,0.911745070261168,0.902993008338887,0.9206102056880994,30,5000
25,5,5,2,amplitude_damping,0.001,effective_shots_for_target,1005.0150350701258,1005.0150350701257,1005.0150350701263,30,5000
25,5,5,2,amplitude_damping,0.001,postselection_total_variation_distance,6.062185354689842e-17,5.506036815582405e-17,6.679099172683288e-17,30,5000
25,5,5,2,amplitude_damping,0.005,noisy_feasible_probability,0.9752487531218752,0.9752487531218749,0.9752487531218754,30,5000
25,5,5,2,amplitude_damping,0.005,retained_shot_fraction,0.9752487531218752,0.9752487531218749,0.9752487531218754,30,5000
25,5,5,2,amplitude_damping,0.005,noisy_probability_of_optimum,0.0003026265186560332,0.0001810294453293827,0.0004432589305839399,30,5000
25,5,5,2,amplitude_damping,0.005,postselected_probability_of_optimum,0.0003103070039180192,0.00018621893401502844,0.00046532630531081614,30,5000
25,5,5,2,amplitude_damping,0.005,conditional_mode_probability,0.005983961529928904,0.004872929078765677,0.007118845234430777,30,5000
25,5,5,2,amplitude_damping,0.005,conditional_mode_is_optimal,0.0,0.0,0.0,30,5000
25,5,5,2,amplitude_damping,0.005,conditional_mode_cost_gap,0.5080170650670021,0.4562450716940522,0.56128900366375,30,5000
25,5,5,2,amplitude_damping,0.005,conditional_mode_approximation_ratio,0.911745070261168,0.9030909967843521,0.920614282429179,30,5000
25,5,5,2,amplitude_damping,0.005,effective_shots_for_target,1025.3794191470572,1025.3794191470565,1025.3794191470574,30,5000
25,5,5,2,amplitude_damping,0.005,postselection_total_variation_distance,5.808557554061808e-17,5.0197070547072016e-17,6.66745865401744e-17,30,5000
25,5,5,2,amplitude_damping,0.01,noisy_feasible_probability,0.9509900499000001,0.9509900498999998,0.9509900499000004,30,5000
25,5,5,2,amplitude_damping,0.01,retained_shot_fraction,0.9509900499000001,0.9509900498999998,0.9509900499000004,30,5000
25,5,5,2,amplitude_damping,0.01,noisy_probability_of_optimum,0.00029509887314031676,0.00018000872881686634,0.0004423619446005716,30,5000
25,5,5,2,amplitude_damping,0.01,postselected_probability_of_optimum,0.0003103070039180192,0.00018913352911832255,0.0004678794518943247,30,5000
25,5,5,2,amplitude_damping,0.01,conditional_mode_probability,0.005983961529928903,0.004856793881584102,0.007133764187307588,30,5000
25,5,5,2,amplitude_damping,0.01,conditional_mode_is_optimal,0.0,0.0,0.0,30,5000
25,5,5,2,amplitude_damping,0.01,conditional_mode_cost_gap,0.5080170650670021,0.45562907869683195,0.5586568890528906,30,5000
25,5,5,2,amplitude_damping,0.01,conditional_mode_approximation_ratio,0.911745070261168,0.9029596818314946,0.9205655648654856,30,5000
25,5,5,2,amplitude_damping,0.01,effective_shots_for_target,1051.53571281335,1051.5357128133498,1051.5357128133505,30,5000
25,5,5,2,amplitude_damping,0.01,postselection_total_variation_distance,5.8884187953411e-17,5.3527730324655816e-17,6.458843588522228e-17,30,5000
25,5,5,2,amplitude_damping,0.02,noisy_feasible_probability,0.9039207967999999,0.9039207967999998,0.9039207968000006,30,5000
25,5,5,2,amplitude_damping,0.02,retained_shot_fraction,0.9039207967999999,0.9039207967999998,0.9039207968000006,30,5000
25,5,5,2,amplitude_damping,0.02,noisy_probability_of_optimum,0.0002804929542341968,0.00016614174158534608,0.00041882755065851914,30,5000
25,5,5,2,amplitude_damping,0.02,postselected_probability_of_optimum,0.0003103070039180192,0.00018696174786698498,0.0004615614821971888,30,5000
25,5,5,2,amplitude_damping,0.02,conditional_mode_probability,0.005983961529928903,0.004843896612516486,0.007155416005140288,30,5000
25,5,5,2,amplitude_damping,0.02,conditional_mode_is_optimal,0.0,0.0,0.0,30,5000
25,5,5,2,amplitude_damping,0.02,conditional_mode_cost_gap,0.5080170650670021,0.4547652318754221,0.5625108954169433,30,5000
25,5,5,2,amplitude_damping,0.02,conditional_mode_approximation_ratio,0.911745070261168,0.9028476806828631,0.9203816804247116,30,5000
25,5,5,2,amplitude_damping,0.02,effective_shots_for_target,1106.2916170754484,1106.291617075448,1106.291617075449,30,5000
25,5,5,2,amplitude_damping,0.02,postselection_total_variation_distance,6.485057422453473e-17,5.576451821738508e-17,7.485933895407079e-17,30,5000
25,5,5,2,bit_flip,0.0,noisy_feasible_probability,1.0000000000000002,0.9999999999999999,1.0000000000000004,30,5000
25,5,5,2,bit_flip,0.0,retained_shot_fraction,1.0000000000000002,0.9999999999999999,1.0000000000000004,30,5000
25,5,5,2,bit_flip,0.0,noisy_probability_of_optimum,0.0003103070039180194,0.00018858512299226723,0.00045440788219965105,30,5000
25,5,5,2,bit_flip,0.0,postselected_probability_of_optimum,0.0003103070039180192,0.000186848125558518,0.0004659192278874413,30,5000
25,5,5,2,bit_flip,0.0,conditional_mode_probability,0.005983961529928904,0.004882916122224581,0.007182121204816396,30,5000
25,5,5,2,bit_flip,0.0,conditional_mode_is_optimal,0.0,0.0,0.0,30,5000
25,5,5,2,bit_flip,0.0,conditional_mode_cost_gap,0.5080170650670021,0.45553058494364823,0.5600108545252206,30,5000
25,5,5,2,bit_flip,0.0,conditional_mode_approximation_ratio,0.911745070261168,0.9030672861173391,0.9202819451589852,30,5000
25,5,5,2,bit_flip,0.0,effective_shots_for_target,999.9999999999998,999.9999999999995,1000.0000000000001,30,5000
25,5,5,2,bit_flip,0.0,postselection_total_variation_distance,0.0,0.0,0.0,30,5000
25,5,5,2,bit_flip,0.001,noisy_feasible_probability,0.9753172577784776,0.975317257778477,0.9753172577784778,30,5000
25,5,5,2,bit_flip,0.001,retained_shot_fraction,0.9753172577784776,0.975317257778477,0.9753172577784778,30,5000
25,5,5,2,bit_flip,0.001,noisy_probability_of_optimum,0.00030264786850829644,0.0001828204262354783,0.00045283986608469617,30,5000
25,5,5,2,bit_flip,0.001,postselected_probability_of_optimum,0.0003103070986333726,0.00018415795491807913,0.0004622114531427072,30,5000
25,5,5,2,bit_flip,0.001,conditional_mode_probability,0.005983889949980297,0.004838611833981332,0.007147261111516801,30,5000
25,5,5,2,bit_flip,0.001,conditional_mode_is_optimal,0.0,0.0,0.0,30,5000
25,5,5,2,bit_flip,0.001,conditional_mode_cost_gap,0.5080170650670021,0.45697126958269724,0.5609320193326783,30,5000
25,5,5,2,bit_flip,0.001,conditional_mode_approximation_ratio,0.911745070261168,0.9029744023456143,0.920227861236545,30,5000
25,5,5,2,bit_flip,0.001,effective_shots_for_target,1025.3073982077829,1025.3073982077824,1025.3073982077833,30,5000
25,5,5,2,bit_flip,0.001,postselection_total_variation_distance,4.411901463697272e-06,4.03562299770252e-06,4.795452040157851e-06,30,5000
25,5,5,2,bit_flip,0.005,noisy_feasible_probability,0.8826658874945263,0.8826658874945259,0.8826658874945267,30,5000
25,5,5,2,bit_flip,0.005,retained_shot_fraction,0.8826658874945263,0.8826658874945259,0.8826658874945267,30,5000
25,5,5,2,bit_flip,0.005,noisy_probability_of_optimum,0.0002738995134926602,0.00016334755401204543,0.0004129044769952907,30,5000
25,5,5,2,bit_flip,0.005,postselected_probability_of_optimum,0.00031030939041966625,0.0001862456491735542,0.00046271045483884434,30,5000
25,5,5,2,bit_flip,0.005,conditional_mode_probability,0.0059821580054347,0.004872637108871715,0.007155839088050634,30,5000
25,5,5,2,bit_flip,0.005,conditional_mode_is_optimal,0.0,0.0,0.0,30,5000
25,5,5,2,bit_flip,0.005,conditional_mode_cost_gap,0.5080170650670021,0.458590166443689,0.5631450017565314,30,5000
25,5,5,2,bit_flip,0.005,conditional_mode_approximation_ratio,0.911745070261168,0.9031421471369339,0.920520603407046,30,5000
25,5,5,2,bit_flip,0.005,effective_shots_for_target,1132.9315136880728,1132.9315136880723,1132.9315136880732,30,5000
25,5,5,2,bit_flip,0.005,postselection_total_variation_distance,0.00011116827754441942,0.00010201748999796626,0.00012073525116078355,30,5000
25,5,5,2,bit_flip,0.01,noisy_feasible_probability,0.7794098840598788,0.7794098840598785,0.7794098840598792,30,5000
25,5,5,2,bit_flip,0.01,retained_shot_fraction,0.7794098840598788,0.7794098840598785,0.7794098840598792,30,5000
25,5,5,2,bit_flip,0.01,noisy_probability_of_optimum,0.00024186385697320573,0.00014682432432324818,0.00036253679953356826,30,5000
25,5,5,2,bit_flip,0.01,postselected_probability_of_optimum,0.0003103166407299811,0.00018654012537952934,0.0004670055366819147,30,5000
25,5,5,2,bit_flip,0.01,conditional_mode_probability,0.005976679377309678,0.004880248455324828,0.007149453565529776,30,5000
25,5,5,2,bit_flip,0.01,conditional_mode_is_optimal,0.0,0.0,0.0,30,5000
25,5,5,2,bit_flip,0.01,conditional_mode_cost_gap,0.5080170650670021,0.4576067885569297,0.5623967782262308,30,5000
25,5,5,2,bit_flip,0.01,conditional_mode_approximation_ratio,0.911745070261168,0.9029514749990138,0.9205146834102156,30,5000
25,5,5,2,bit_flip,0.01,effective_shots_for_target,1283.0219637337498,1283.0219637337493,1283.0219637337502,30,5000
25,5,5,2,bit_flip,0.01,postselection_total_variation_distance,0.00044894783261606973,0.00041119081633915065,0.00048758410632033144,30,5000
25,5,5,2,bit_flip,0.02,noisy_feasible_probability,0.6085082849114479,0.6085082849114477,0.608508284911448,30,5000
25,5,5,2,bit_flip,0.02,retained_shot_fraction,0.6085082849114479,0.6085082849114477,0.608508284911448,30,5000
25,5,5,2,bit_flip,0.02,noisy_probability_of_optimum,0.0001888482607989838,0.00011246789789517585,0.0002819774207820087,30,5000
25,5,5,2,bit_flip,0.02,postselected_probability_of_optimum,0.0003103462442199379,0.00018540173232004618,0.00046623634954440424,30,5000
25,5,5,2,bit_flip,0.02,conditional_mode_probability,0.005954318755430717,0.0048557921181940555,0.0070797418600764845,30,5000
25,5,5,2,bit_flip,0.02,conditional_mode_is_optimal,0.0,0.0,0.0,30,5000
25,5,5,2,bit_flip,0.02,conditional_mode_cost_gap,0.5080170650670021,0.4560505916557264,0.5592880048493644,30,5000
25,5,5,2,bit_flip,0.02,conditional_mode_approximation_ratio,0.911745070261168,0.9032320630146643,0.9201981863116029,30,5000
25,5,5,2,bit_flip,0.02,effective_shots_for_target,1643.3629989861574,1643.362998986157,1643.362998986158,30,5000
25,5,5,2,bit_flip,0.02,postselection_total_variation_distance,0.0018288204439806828,0.0016794062742729419,0.0019867478849583124,30,5000
25,5,5,3,amplitude_damping,0.0,noisy_feasible_probability,1.0,0.9999999999999994,1.0000000000000004,30,5000
25,5,5,3,amplitude_damping,0.0,retained_shot_fraction,1.0,0.9999999999999994,1.0000000000000004,30,5000
25,5,5,3,amplitude_damping,0.0,noisy_probability_of_optimum,0.000758327758959714,0.0002104530516851555,0.0014681611863136012,30,5000
25,5,5,3,amplitude_damping,0.0,postselected_probability_of_optimum,0.0007583277589597138,0.00024325060188209527,0.0014703551474469683,30,5000
25,5,5,3,amplitude_damping,0.0,conditional_mode_probability,0.011196294940727304,0.008725309587798888,0.013923398539774905,30,5000
25,5,5,3,amplitude_damping,0.0,conditional_mode_is_optimal,0.0,0.0,0.0,30,5000
25,5,5,3,amplitude_damping,0.0,conditional_mode_cost_gap,0.4375993005865073,0.3667996072980539,0.5058652095754775,30,5000
25,5,5,3,amplitude_damping,0.0,conditional_mode_approximation_ratio,0.9237615801740677,0.9124407485838983,0.9361530545813483,30,5000
25,5,5,3,amplitude_damping,0.0,effective_shots_for_target,1000.0,999.9999999999997,1000.0000000000006,30,5000
25,5,5,3,amplitude_damping,0.0,postselection_total_variation_distance,0.0,0.0,0.0,30,5000
25,5,5,3,amplitude_damping,0.001,noisy_feasible_probability,0.9950099900049989,0.9950099900049983,0.9950099900049995,30,5000
25,5,5,3,amplitude_damping,0.001,retained_shot_fraction,0.9950099900049989,0.9950099900049983,0.9950099900049992,30,5000
25,5,5,3,amplitude_damping,0.001,noisy_probability_of_optimum,0.0007545436958630185,0.00021580202580137738,0.0014639497180283093,30,5000
25,5,5,3,amplitude_damping,0.001,postselected_probability_of_optimum,0.0007583277589597137,0.00021905211012079846,0.0014532162605333458,30,5000
25,5,5,3,amplitude_damping,0.001,conditional_mode_probability,0.011196294940727304,0.008725566639451563,0.01404688098855844,30,5000
25,5,5,3,amplitude_damping,0.001,conditional_mode_is_optimal,0.0,0.0,0.0,30,5000
25,5,5,3,amplitude_damping,0.001,conditional_mode_cost_gap,0.4375993005865073,0.36664377967034056,0.5060085058264672,30,5000
25,5,5,3,amplitude_damping,0.001,conditional_mode_approximation_ratio,0.9237615801740677,0.9124325667413051,0.9358845831129946,30,5000
25,5,5,3,amplitude_damping,0.001,effective_shots_for_target,1005.0150350701261,1005.0150350701258,1005.0150350701267,30,5000
25,5,5,3,amplitude_damping,0.001,postselection_total_variation_distance,6.237844055912247e-17,5.4782897480724716e-17,7.130731581780038e-17,30,5000
25,5,5,3,amplitude_damping,0.005,noisy_feasible_probability,0.975248753121875,0.9752487531218744,0.9752487531218753,30,5000
25,5,5,3,amplitude_damping,0.005,retained_shot_fraction,0.975248753121875,0.9752487531218744,0.9752487531218753,30,5000
25,5,5,3,amplitude_damping,0.005,noisy_probability_of_optimum,0.0007395582013831671,0.00020706156384212585,0.0014122476563169805,30,5000
25,5,5,3,amplitude_damping,0.005,postselected_probability_of_optimum,0.0007583277589597137,0.00021409679551555685,0.0014512716575463172,30,5000
25,5,5,3,amplitude_damping,0.005,conditional_mode_probability,0.011196294940727304,0.00873293291940269,0.014090574736885879,30,5000
25,5,5,3,amplitude_damping,0.005,conditional_mode_is_optimal,0.0,0.0,0.0,30,5000
25,5,5,3,amplitude_damping,0.005,conditional_mode_cost_gap,0.4375993005865073,0.36664692340199107,0.5061547430188845,30,5000
25,5,5,3,amplitude_damping,0.005,conditional_mode_approximation_ratio,0.9237615801740677,0.9122371593199868,0.9359974442793951,30,5000
25,5,5,3,amplitude_damping,0.005,effective_shots_for_target,1025.3794191470574,1025.3794191470568,1025.379419147058,30,5000
25,5,5,3,amplitude_damping,0.005,postselection_total_variation_distance,5.926346769041349e-17,5.327600772796314e-17,6.541741258073307e-17,30,5000
25,5,5,3,amplitude_damping,0.01,noisy_feasible_probability,0.9509900498999999,0.9509900498999994,0.9509900499000002,30,5000
25,5,5,3,amplitude_damping,0.01,retained_shot_fraction,0.9509900498999999,0.9509900498999994,0.9509900499000002,30,5000
25,5,5,3,amplitude_damping,0.01,noisy_probability_of_optimum,0.000721162153333654,0.00020204503743181417,0.0014167653946249668,30,5000
25,5,5,3,amplitude_damping,0.01,postselected_probability_of_optimum,0.0007583277589597139,0.00020151618963787382,0.001465796860501399,30,5000
25,5,5,3,amplitude_damping,0.01,conditional_mode_probability,0.011196294940727304,0.00865911881473439,0.01403750952012068,30,5000
25,5,5,3,amplitude_damping,0.01,conditional_mode_is_optimal,0.0,0.0,0.0,30,5000
25,5,5,3,amplitude_damping,0.01,conditional_mode_cost_gap,0.4375993005865073,0.3644012994657157,0.5069944525133775,30,5000
25,5,5,3,amplitude_damping,0.01,conditional_mode_approximation_ratio,0.9237615801740677,0.9125650470396981,0.9356990081943197,30,5000
25,5,5,3,amplitude_damping,0.01,effective_shots_for_target,1051.5357128133505,1051.53571281335,1051.535712813351,30,5000
25,5,5,3,amplitude_damping,0.01,postselection_total_variation_distance,5.917657604215527e-17,5.289522405848406e-17,6.661682120633668e-17,30,5000
25,5,5,3,amplitude_damping,0.02,noisy_feasible_probability,0.9039207967999998,0.9039207967999995,0.9039207968000004,30,5000
25,5,5,3,amplitude_damping,0.02,retained_shot_fraction,0.9039207967999998,0.9039207967999995,0.9039207968000004,30,5000
25,5,5,3,amplitude_damping,0.02,noisy_probability_of_optimum,0.0006854682321144233,0.00019840033670357724,0.0013415446281813482,30,5000
25,5,5,3,amplitude_damping,0.02,postselected_probability_of_optimum,0.0007583277589597137,0.0002166390847593183,0.0014645656138015694,30,5000
25,5,5,3,amplitude_damping,0.02,conditional_mode_probability,0.011196294940727304,0.00868889033413905,0.014033643336576923,30,5000
25,5,5,3,amplitude_damping,0.02,conditional_mode_is_optimal,0.0,0.0,0.0,30,5000
25,5,5,3,amplitude_damping,0.02,conditional_mode_cost_gap,0.4375993005865073,0.3650794988911775,0.5068585327328999,30,5000
25,5,5,3,amplitude_damping,0.02,conditional_mode_approximation_ratio,0.9237615801740677,0.9125136184272873,0.9359289839431826,30,5000
25,5,5,3,amplitude_damping,0.02,effective_shots_for_target,1106.291617075449,1106.2916170754481,1106.2916170754495,30,5000
25,5,5,3,amplitude_damping,0.02,postselection_total_variation_distance,5.631749082041547e-17,4.90062432316129e-17,6.576867803195175e-17,30,5000
25,5,5,3,bit_flip,0.0,noisy_feasible_probability,1.0,0.9999999999999994,1.0000000000000004,30,5000
25,5,5,3,bit_flip,0.0,retained_shot_fraction,1.0,0.9999999999999994,1.0000000000000004,30,5000
25,5,5,3,bit_flip,0.0,noisy_probability_of_optimum,0.000758327758959714,0.00021627548275283053,0.0014690926259576388,30,5000
25,5,5,3,bit_flip,0.0,postselected_probability_of_optimum,0.0007583277589597138,0.00022008200304966753,0.0014621609666183885,30,5000
25,5,5,3,bit_flip,0.0,conditional_mode_probability,0.011196294940727304,0.00876272734508149,0.014152533515385708,30,5000
25,5,5,3,bit_flip,0.0,conditional_mode_is_optimal,0.0,0.0,0.0,30,5000
25,5,5,3,bit_flip,0.0,conditional_mode_cost_gap,0.4375993005865073,0.3645662037816758,0.5061705022455298,30,5000
25,5,5,3,bit_flip,0.0,conditional_mode_approximation_ratio,0.9237615801740677,0.9124247569140812,0.9360831801156655,30,5000
25,5,5,3,bit_flip,0.0,effective_shots_for_target,1000.0,999.9999999999995,1000.0000000000005,30,5000
25,5,5,3,bit_flip,0.0,postselection_total_variation_distance,0.0,0.0,0.0,30,5000
25,5,5,3,bit_flip,0.001,noisy_feasible_probability,0.9753172577784771,0.9753172577784766,0.9753172577784776,30,5000
25,5,5,3,bit_flip,0.001,retained_shot_fraction,0.9753172577784771,0.9753172577784766,0.9753172577784776,30,5000
25,5,5,3,bit_flip,0.001,noisy_probability_of_optimum,0.0007396049209438542,0.00021987723506154615,0.0014550457971721608,30,5000
25,5,5,3,bit_flip,0.001,postselected_probability_of_optimum,0.0007583223971946159,0.00020188910748908026,0.0014650993141585797,30,5000
25,5,5,3,bit_flip,0.001,conditional_mode_probability,0.011196141865033048,0.008695091452423915,0.014022025892324298,30,5000
25,5,5,3,bit_flip,0.001,conditional_mode_is_optimal,0.0,0.0,0.0,30,5000
25,5,5,3,bit_flip,0.001,conditional_mode_cost_gap,0.4375993005865073,0.36847153783816355,0.5061741677621306,30,5000
25,5,5,3,bit_flip,0.001,conditional_mode_approximation_ratio,0.9237615801740677,0.9126010201975229,0.9360830423042696,30,5000
25,5,5,3,bit_flip,0.001,effective_shots_for_target,1025.307398207783,1025.3073982077826,1025.3073982077835,30,5000
25,5,5,3,bit_flip,0.001,postselection_total_variation_distance,5.431549337480691e-06,4.985264511654773e-06,5.926931254583039e-06,30,5000
25,5,5,3,bit_flip,0.005,noisy_feasible_probability,0.8826658874945259,0.8826658874945256,0.8826658874945265,30,5000
25,5,5,3,bit_flip,0.005,retained_shot_fraction,0.8826658874945259,0.8826658874945256,0.8826658874945265,30,5000
25,5,5,3,bit_flip,0.005,noisy_probability_of_optimum,0.0006692307982194449,0.00018903290685319722,0.0013042092887867607,30,5000
25,5,5,3,bit_flip,0.005,postselected_probability_of_optimum,0.0007581926612334332,0.00021812523575268295,0.0014557489860742808,30,5000
25,5,5,3,bit_flip,0.005,conditional_mode_probability,0.011192438116454472,0.008722841575558315,0.014129639986144952,30,5000
25,5,5,3,bit_flip,0.005,conditional_mode_is_optimal,0.0,0.0,0.0,30,5000
25,5,5,3,bit_flip,0.005,conditional_mode_cost_gap,0.4375993005865073,0.36573594229938494,0.5055005574328306,30,5000
25,5,5,3,bit_flip,0.005,conditional_mode_approximation_ratio,0.9237615801740677,0.9120294328488826,0.936305206805415,30,5000
25,5,5,3,bit_flip,0.005,effective_shots_for_target,1132.9315136880732,1132.9315136880725,1132.9315136880737,30,5000
25,5,5,3,bit_flip,0.005,postselection_total_variation_distance,0.00013685893065568054,0.0001251796525332083,0.00014945681865297653,30,5000
25,5,5,3,bit_flip,0.01,noisy_feasible_probability,0.7794098840598787,0.7794098840598782,0.7794098840598791,30,5000
25,5,5,3,bit_flip,0.01,retained_shot_fraction,0.7794098840598787,0.7794098840598782,0.779409884059879,30,5000
25,5,5,3,bit_flip,0.01,noisy_probability_of_optimum,0.000590622961679943,0.00017480521963240798,0.0011216379837255873,30,5000
25,5,5,3,bit_flip,0.01,postselected_probability_of_optimum,0.0007577822321208434,0.00022032480337682195,0.0014793042112201283,30,5000
25,5,5,3,bit_flip,0.01,conditional_mode_probability,0.011180722909176625,0.008718150683051732,0.014017211481221809,30,5000
25,5,5,3,bit_flip,0.01,conditional_mode_is_optimal,0.0,0.0,0.0,30,5000
25,5,5,3,bit_flip,0.01,conditional_mode_cost_gap,0.4375993005865073,0.3657851178636454,0.5068145207784157,30,5000
25,5,5,3,bit_flip,0.01,conditional_mode_approximation_ratio,0.9237615801740677,0.9123345767279645,0.9356726577041147,30,5000
25,5,5,3,bit_flip,0.01,effective_shots_for_target,1283.02196373375,1283.0219637337495,1283.0219637337507,30,5000
25,5,5,3,bit_flip,0.01,postselection_total_variation_distance,0.0005526755094152124,0.0005058757653723506,0.000604353194182845,30,5000
25,5,5,3,bit_flip,0.02,noisy_feasible_probability,0.6085082849114476,0.6085082849114474,0.6085082849114479,30,5000
25,5,5,3,bit_flip,0.02,retained_shot_fraction,0.6085082849114476,0.6085082849114474,0.6085082849114479,30,5000
25,5,5,3,bit_flip,0.02,noisy_probability_of_optimum,0.0004600970697756686,0.0001289307613767548,0.0008741988428359108,30,5000
25,5,5,3,bit_flip,0.02,postselected_probability_of_optimum,0.0007561065004112861,0.00021825701876055617,0.0014666250897245698,30,5000
25,5,5,3,bit_flip,0.02,conditional_mode_probability,0.011132920647988003,0.008671118936462828,0.013867947002873061,30,5000
25,5,5,3,bit_flip,0.02,conditional_mode_is_optimal,0.0,0.0,0.0,30,5000
25,5,5,3,bit_flip,0.02,conditional_mode_cost_gap,0.4375993005865073,0.3671133126545869,0.5068706518560655,30,5000
25,5,5,3,bit_flip,0.02,conditional_mode_approximation_ratio,0.9237615801740677,0.9130197951471037,0.9361940941304583,30,5000
25,5,5,3,bit_flip,0.02,effective_shots_for_target,1643.362998986158,1643.3629989861572,1643.3629989861588,30,5000
25,5,5,3,bit_flip,0.02,postselection_total_variation_distance,0.002250982687219694,0.0020610242896318917,0.0024637458199608365,30,5000
