seed,attack,intensity,stealth,actor_nodes,attack_seed,formulation,selection_cost,choices,logical_route,physical_route,selection_connected,physical_connected,true_route_cost,malicious_relays,malicious_relay_exposure,selected_malicious_relay,selected_sybil_identities,tunnel_used,packets_sent,packets_delivered,pdr,natural_drops,malicious_drops,energy_drops,disconnect_drops,energy_consumed_j,regret
1,sinkhole,0.25,0.0,[85],1000253,naive_poisoned,5.046428433497979,"[0, 0, 0]","[88, 7, 13, 52, 150]","[88, 7, 13, 52, 150]",True,True,5.046428433497979,0,0.0,False,0,False,300,61,0.20333333333333334,83,0,156,0,0.30034395526582003,0.0
1,sinkhole,0.25,0.0,[85],1000253,trust_weighted,5.046428433497979,"[0, 0, 0]","[88, 7, 13, 52, 150]","[88, 7, 13, 52, 150]",True,True,5.046428433497979,0,0.0,False,0,False,300,61,0.20333333333333334,83,0,156,0,0.30034395526582003,0.0
1,sinkhole,0.25,0.0,[85],1000253,clean_oracle,5.046428433497979,"[0, 0, 0]","[88, 7, 13, 52, 150]","[88, 7, 13, 52, 150]",True,True,5.046428433497979,0,0.0,False,0,False,300,61,0.20333333333333334,83,0,156,0,0.30034395526582003,0.0
1,sinkhole,0.25,0.5,[2],1000303,naive_poisoned,5.046428433497979,"[0, 0, 0]","[88, 7, 13, 52, 150]","[88, 7, 13, 52, 150]",True,True,5.046428433497979,0,0.0,False,0,False,300,61,0.20333333333333334,83,0,156,0,0.30034395526582003,0.0
1,sinkhole,0.25,0.5,[2],1000303,trust_weighted,5.046428433497979,"[0, 0, 0]","[88, 7, 13, 52, 150]","[88, 7, 13, 52, 150]",True,True,5.046428433497979,0,0.0,False,0,False,300,61,0.20333333333333334,83,0,156,0,0.30034395526582003,0.0
1,sinkhole,0.25,0.5,[2],1000303,clean_oracle,5.046428433497979,"[0, 0, 0]","[88, 7, 13, 52, 150]","[88, 7, 13, 52, 150]",True,True,5.046428433497979,0,0.0,False,0,False,300,61,0.20333333333333334,83,0,156,0,0.30034395526582003,0.0
1,sinkhole,0.5,0.0,[103],1000503,naive_poisoned,5.046428433497979,"[0, 0, 0]","[88, 7, 13, 52, 150]","[88, 7, 13, 52, 150]",True,True,5.046428433497979,0,0.0,False,0,False,300,61,0.20333333333333334,83,0,156,0,0.30034395526582003,0.0
1,sinkhole,0.5,0.0,[103],1000503,trust_weighted,5.046428433497979,"[0, 0, 0]","[88, 7, 13, 52, 150]","[88, 7, 13, 52, 150]",True,True,5.046428433497979,0,0.0,False,0,False,300,61,0.20333333333333334,83,0,156,0,0.30034395526582003,0.0
1,sinkhole,0.5,0.0,[103],1000503,clean_oracle,5.046428433497979,"[0, 0, 0]","[88, 7, 13, 52, 150]","[88, 7, 13, 52, 150]",True,True,5.046428433497979,0,0.0,False,0,False,300,61,0.20333333333333334,83,0,156,0,0.30034395526582003,0.0
1,sinkhole,0.5,0.5,[129],1000553,naive_poisoned,5.046428433497979,"[0, 0, 0]","[88, 7, 13, 52, 150]","[88, 7, 13, 52, 150]",True,True,5.046428433497979,0,0.0,False,0,False,300,61,0.20333333333333334,83,0,156,0,0.30034395526582003,0.0
1,sinkhole,0.5,0.5,[129],1000553,trust_weighted,5.046428433497979,"[0, 0, 0]","[88, 7, 13, 52, 150]","[88, 7, 13, 52, 150]",True,True,5.046428433497979,0,0.0,False,0,False,300,61,0.20333333333333334,83,0,156,0,0.30034395526582003,0.0
1,sinkhole,0.5,0.5,[129],1000553,clean_oracle,5.046428433497979,"[0, 0, 0]","[88, 7, 13, 52, 150]","[88, 7, 13, 52, 150]",True,True,5.046428433497979,0,0.0,False,0,False,300,61,0.20333333333333334,83,0,156,0,0.30034395526582003,0.0
1,sinkhole,0.75,0.0,"[7, 85]",1000753,naive_poisoned,3.231439142955453,"[0, 0, 0]","[88, 7, 13, 52, 150]","[88, 7, 13, 52, 150]",True,True,5.046428433497979,1,0.3333333333333333,True,0,False,300,51,0.17,83,10,156,0,0.2774219709761745,0.0
1,sinkhole,0.75,0.0,"[7, 85]",1000753,trust_weighted,12.231439142955454,"[0, 0, 0]","[88, 7, 13, 52, 150]","[88, 7, 13, 52, 150]",True,True,5.046428433497979,1,0.3333333333333333,True,0,False,300,51,0.17,83,10,156,0,0.2774219709761745,0.0
1,sinkhole,0.75,0.0,"[7, 85]",1000753,clean_oracle,5.046428433497979,"[0, 0, 0]","[88, 7, 13, 52, 150]","[88, 7, 13, 52, 150]",True,True,5.046428433497979,1,0.3333333333333333,True,0,False,300,51,0.17,83,10,156,0,0.2774219709761745,0.0
1,sinkhole,0.75,0.5,"[129, 103]",1000803,naive_poisoned,5.046428433497979,"[0, 0, 0]","[88, 7, 13, 52, 150]","[88, 7, 13, 52, 150]",True,True,5.046428433497979,0,0.0,False,0,False,300,61,0.20333333333333334,83,0,156,0,0.30034395526582003,0.0
1,sinkhole,0.75,0.5,"[129, 103]",1000803,trust_weighted,5.046428433497979,"[0, 0, 0]","[88, 7, 13, 52, 150]","[88, 7, 13, 52, 150]",True,True,5.046428433497979,0,0.0,False,0,False,300,61,0.20333333333333334,83,0,156,0,0.30034395526582003,0.0
1,sinkhole,0.75,0.5,"[129, 103]",1000803,clean_oracle,5.046428433497979,"[0, 0, 0]","[88, 7, 13, 52, 150]","[88, 7, 13, 52, 150]",True,True,5.046428433497979,0,0.0,False,0,False,300,61,0.20333333333333334,83,0,156,0,0.30034395526582003,0.0
1,sinkhole,1.0,0.0,"[103, 7]",1001003,naive_poisoned,2.6264427127746113,"[0, 0, 0]","[88, 7, 13, 52, 150]","[88, 7, 13, 52, 150]",True,True,5.046428433497979,1,0.3333333333333333,True,0,False,300,49,0.16333333333333333,81,14,156,0,0.2716350320653138,0.0
1,sinkhole,1.0,0.0,"[103, 7]",1001003,trust_weighted,14.62644271277461,"[0, 0, 0]","[88, 7, 13, 52, 150]","[88, 7, 13, 52, 150]",True,True,5.046428433497979,1,0.3333333333333333,True,0,False,300,49,0.16333333333333333,81,14,156,0,0.2716350320653138,0.0
1,sinkhole,1.0,0.0,"[103, 7]",1001003,clean_oracle,5.046428433497979,"[0, 0, 0]","[88, 7, 13, 52, 150]","[88, 7, 13, 52, 150]",True,True,5.046428433497979,1,0.3333333333333333,True,0,False,300,49,0.16333333333333333,81,14,156,0,0.2716350320653138,0.0
1,sinkhole,1.0,0.5,"[7, 10]",1001053,naive_poisoned,2.6264427127746113,"[0, 0, 0]","[88, 7, 13, 52, 150]","[88, 7, 13, 52, 150]",True,True,5.046428433497979,1,0.3333333333333333,True,0,False,300,49,0.16333333333333333,81,14,156,0,0.2716350320653138,0.0
1,sinkhole,1.0,0.5,"[7, 10]",1001053,trust_weighted,8.626442712774612,"[0, 0, 0]","[88, 7, 13, 52, 150]","[88, 7, 13, 52, 150]",True,True,5.046428433497979,1,0.3333333333333333,True,0,False,300,49,0.16333333333333333,81,14,156,0,0.2716350320653138,0.0
1,sinkhole,1.0,0.5,"[7, 10]",1001053,clean_oracle,5.046428433497979,"[0, 0, 0]","[88, 7, 13, 52, 150]","[88, 7, 13, 52, 150]",True,True,5.046428433497979,1,0.3333333333333333,True,0,False,300,49,0.16333333333333333,81,14,156,0,0.2716350320653138,0.0
1,wormhole,0.25,0.0,"[129, 103]",1010260,naive_poisoned,4.335678677452,"[2, 1, 0]","[88, 129, 103, 52, 150]","[88, 129, 103, 52, 150]",True,False,17.194128460897637,2,0.6666666666666666,True,0,True,300,0,0.0,0,0,0,300,0.0,12.147700027399658
1,wormhole,0.25,0.0,"[129, 103]",1010260,trust_weighted,5.046428433497979,"[0, 0, 0]","[88, 7, 13, 52, 150]","[88, 7, 13, 52, 150]",True,True,5.046428433497979,0,0.0,False,0,False,300,61,0.20333333333333334,83,0,156,0,0.30034395526582003,0.0
1,wormhole,0.25,0.0,"[129, 103]",1010260,clean_oracle,5.046428433497979,"[0, 0, 0]","[88, 7, 13, 52, 150]","[88, 7, 13, 52, 150]",True,True,5.046428433497979,0,0.0,False,0,False,300,61,0.20333333333333334,83,0,156,0,0.30034395526582003,0.0
1,wormhole,0.25,0.5,"[129, 103]",1010310,naive_poisoned,4.335678677452,"[2, 1, 0]","[88, 129, 103, 52, 150]","[88, 129, 103, 52, 150]",True,False,17.194128460897637,2,0.6666666666666666,True,0,True,300,0,0.0,0,0,0,300,0.0,12.147700027399658
1,wormhole,0.25,0.5,"[129, 103]",1010310,trust_weighted,5.046428433497979,"[0, 0, 0]","[88, 7, 13, 52, 150]","[88, 7, 13, 52, 150]",True,True,5.046428433497979,0,0.0,False,0,False,300,61,0.20333333333333334,83,0,156,0,0.30034395526582003,0.0
1,wormhole,0.25,0.5,"[129, 103]",1010310,clean_oracle,5.046428433497979,"[0, 0, 0]","[88, 7, 13, 52, 150]","[88, 7, 13, 52, 150]",True,True,5.046428433497979,0,0.0,False,0,False,300,61,0.20333333333333334,83,0,156,0,0.30034395526582003,0.0
1,wormhole,0.5,0.0,"[129, 21]",1010510,naive_poisoned,4.105073039909545,"[2, 2, 0]","[88, 129, 21, 52, 150]","[88, 129, 21, 52, 150]",True,False,17.206970383837696,2,0.6666666666666666,True,0,True,300,0,0.0,0,0,0,300,0.0,12.160541950339717
1,wormhole,0.5,0.0,"[129, 21]",1010510,trust_weighted,5.046428433497979,"[0, 0, 0]","[88, 7, 13, 52, 150]","[88, 7, 13, 52, 150]",True,True,5.046428433497979,0,0.0,False,0,False,300,61,0.20333333333333334,83,0,156,0,0.30034395526582003,0.0
1,wormhole,0.5,0.0,"[129, 21]",1010510,clean_oracle,5.046428433497979,"[0, 0, 0]","[88, 7, 13, 52, 150]","[88, 7, 13, 52, 150]",True,True,5.046428433497979,0,0.0,False,0,False,300,61,0.20333333333333334,83,0,156,0,0.30034395526582003,0.0
1,wormhole,0.5,0.5,"[129, 21]",1010560,naive_poisoned,4.105073039909545,"[2, 2, 0]","[88, 129, 21, 52, 150]","[88, 129, 21, 52, 150]",True,False,17.206970383837696,2,0.6666666666666666,True,0,True,300,0,0.0,0,0,0,300,0.0,12.160541950339717
1,wormhole,0.5,0.5,"[129, 21]",1010560,trust_weighted,5.046428433497979,"[0, 0, 0]","[88, 7, 13, 52, 150]","[88, 7, 13, 52, 150]",True,True,5.046428433497979,0,0.0,False,0,False,300,61,0.20333333333333334,83,0,156,0,0.30034395526582003,0.0
1,wormhole,0.5,0.5,"[129, 21]",1010560,clean_oracle,5.046428433497979,"[0, 0, 0]","[88, 7, 13, 52, 150]","[88, 7, 13, 52, 150]",True,True,5.046428433497979,0,0.0,False,0,False,300,61,0.20333333333333334,83,0,156,0,0.30034395526582003,0.0
1,wormhole,0.75,0.0,"[129, 21]",1010760,naive_poisoned,3.8616254794270333,"[2, 2, 0]","[88, 129, 21, 52, 150]","[88, 129, 21, 52, 150]",True,False,17.206970383837696,2,0.6666666666666666,True,0,True,300,0,0.0,0,0,0,300,0.0,12.160541950339717
1,wormhole,0.75,0.0,"[129, 21]",1010760,trust_weighted,5.046428433497979,"[0, 0, 0]","[88, 7, 13, 52, 150]","[88, 7, 13, 52, 150]",True,True,5.046428433497979,0,0.0,False,0,False,300,61,0.20333333333333334,83,0,156,0,0.30034395526582003,0.0
1,wormhole,0.75,0.0,"[129, 21]",1010760,clean_oracle,5.046428433497979,"[0, 0, 0]","[88, 7, 13, 52, 150]","[88, 7, 13, 52, 150]",True,True,5.046428433497979,0,0.0,False,0,False,300,61,0.20333333333333334,83,0,156,0,0.30034395526582003,0.0
1,wormhole,0.75,0.5,"[129, 21]",1010810,naive_poisoned,3.8616254794270333,"[2, 2, 0]","[88, 129, 21, 52, 150]","[88, 129, 21, 52, 150]",True,False,17.206970383837696,2,0.6666666666666666,True,0,True,300,0,0.0,0,0,0,300,0.0,12.160541950339717
1,wormhole,0.75,0.5,"[129, 21]",1010810,trust_weighted,5.046428433497979,"[0, 0, 0]","[88, 7, 13, 52, 150]","[88, 7, 13, 52, 150]",True,True,5.046428433497979,0,0.0,False,0,False,300,61,0.20333333333333334,83,0,156,0,0.30034395526582003,0.0
1,wormhole,0.75,0.5,"[129, 21]",1010810,clean_oracle,5.046428433497979,"[0, 0, 0]","[88, 7, 13, 52, 150]","[88, 7, 13, 52, 150]",True,True,5.046428433497979,0,0.0,False,0,False,300,61,0.20333333333333334,83,0,156,0,0.30034395526582003,0.0
1,wormhole,1.0,0.0,"[129, 21]",1011010,naive_poisoned,3.618177918944522,"[2, 2, 0]","[88, 129, 21, 52, 150]","[88, 129, 21, 52, 150]",True,False,17.206970383837696,2,0.6666666666666666,True,0,True,300,0,0.0,0,0,0,300,0.0,12.160541950339717
1,wormhole,1.0,0.0,"[129, 21]",1011010,trust_weighted,5.046428433497979,"[0, 0, 0]","[88, 7, 13, 52, 150]","[88, 7, 13, 52, 150]",True,True,5.046428433497979,0,0.0,False,0,False,300,61,0.20333333333333334,83,0,156,0,0.30034395526582003,0.0
1,wormhole,1.0,0.0,"[129, 21]",1011010,clean_oracle,5.046428433497979,"[0, 0, 0]","[88, 7, 13, 52, 150]","[88, 7, 13, 52, 150]",True,True,5.046428433497979,0,0.0,False,0,False,300,61,0.20333333333333334,83,0,156,0,0.30034395526582003,0.0
1,wormhole,1.0,0.5,"[129, 21]",1011060,naive_poisoned,3.618177918944522,"[2, 2, 0]","[88, 129, 21, 52, 150]","[88, 129, 21, 52, 150]",True,False,17.206970383837696,2,0.6666666666666666,True,0,True,300,0,0.0,0,0,0,300,0.0,12.160541950339717
1,wormhole,1.0,0.5,"[129, 21]",1011060,trust_weighted,5.046428433497979,"[0, 0, 0]","[88, 7, 13, 52, 150]","[88, 7, 13, 52, 150]",True,True,5.046428433497979,0,0.0,False,0,False,300,61,0.20333333333333334,83,0,156,0,0.30034395526582003,0.0
1,wormhole,1.0,0.5,"[129, 21]",1011060,clean_oracle,5.046428433497979,"[0, 0, 0]","[88, 7, 13, 52, 150]","[88, 7, 13, 52, 150]",True,True,5.046428433497979,0,0.0,False,0,False,300,61,0.20333333333333334,83,0,156,0,0.30034395526582003,0.0
1,sybil,0.25,0.0,[10],1020267,naive_poisoned,5.046428433497979,"[0, 0, 0]","[88, 7, 13, 52, 150]","[88, 7, 13, 52, 150]",True,True,5.046428433497979,0,0.0,False,0,False,300,61,0.20333333333333334,83,0,156,0,0.30034395526582003,0.0
1,sybil,0.25,0.0,[10],1020267,trust_weighted,5.046428433497979,"[0, 0, 0]","[88, 7, 13, 52, 150]","[88, 7, 13, 52, 150]",True,True,5.046428433497979,0,0.0,False,0,False,300,61,0.20333333333333334,83,0,156,0,0.30034395526582003,0.0
1,sybil,0.25,0.0,[10],1020267,clean_oracle,5.046428433497979,"[0, 0, 0]","[88, 7, 13, 52, 150]","[88, 7, 13, 52, 150]",True,True,5.046428433497979,0,0.0,False,0,False,300,61,0.20333333333333334,83,0,156,0,0.30034395526582003,0.0
1,sybil,0.25,0.5,[52],1020317,naive_poisoned,4.4528981107230505,"[0, 0, 0]","[88, 7, 13, ""sybil:52:0"", 150]","[88, 7, 13, 52, 150]",True,True,5.046428433497979,1,0.3333333333333333,True,1,False,300,55,0.18333333333333332,81,8,156,0,0.30034524528465667,0.0
1,sybil,0.25,0.5,[52],1020317,trust_weighted,5.9528981107230505,"[0, 0, 0]","[88, 7, 13, ""sybil:52:0"", 150]","[88, 7, 13, 52, 150]",True,True,5.046428433497979,1,0.3333333333333333,True,1,False,300,55,0.18333333333333332,81,8,156,0,0.30034524528465667,0.0
1,sybil,0.25,0.5,[52],1020317,clean_oracle,5.046428433497979,"[0, 0, 0]","[88, 7, 13, 52, 150]","[88, 7, 13, 52, 150]",True,True,5.046428433497979,1,0.3333333333333333,True,0,False,300,55,0.18333333333333332,81,8,156,0,0.30034524528465667,0.0
1,sybil,0.5,0.0,[10],1020517,naive_poisoned,103.14936667631552,"[0, 0, 0]","[88, 7, 13, ""sybil:10:1"", 150]","[88, 7, 13, 10, 150]",False,False,17.33408994661109,1,0.3333333333333333,True,1,False,300,0,0.0,0,0,0,300,0.0,12.287661513113111
1,sybil,0.5,0.0,[10],1020517,trust_weighted,103.72670646216056,"[0, 0, 2]","[88, 7, 13, 85, 150]","[88, 7, 13, 85, 150]",False,False,17.36675104505006,0,0.0,False,0,False,300,0,0.0,0,0,0,300,0.0,12.32032261155208
1,sybil,0.5,0.0,[10],1020517,clean_oracle,5.046428433497979,"[0, 0, 0]","[88, 7, 13, 52, 150]","[88, 7, 13, 52, 150]",True,True,5.046428433497979,0,0.0,False,0,False,300,61,0.20333333333333334,83,0,156,0,0.30034395526582003,0.0
1,sybil,0.5,0.5,[85],1020567,naive_poisoned,103.16651375299598,"[0, 0, 0]","[88, 7, 13, ""sybil:85:1"", 150]","[88, 7, 13, 85, 150]",False,False,17.36675104505006,1,0.3333333333333333,True,1,False,300,0,0.0,0,0,0,300,0.0,12.32032261155208
1,sybil,0.5,0.5,[85],1020567,trust_weighted,103.6940453637216,"[0, 0, 1]","[88, 7, 13, 10, 150]","[88, 7, 13, 10, 150]",False,False,17.33408994661109,0,0.0,False,0,False,300,0,0.0,0,0,0,300,0.0,12.287661513113111
1,sybil,0.5,0.5,[85],1020567,clean_oracle,5.046428433497979,"[0, 0, 0]","[88, 7, 13, 52, 150]","[88, 7, 13, 52, 150]",True,True,5.046428433497979,0,0.0,False,0,False,300,61,0.20333333333333334,83,0,156,0,0.30034395526582003,0.0
1,sybil,0.75,0.0,[85],1020767,naive_poisoned,102.88641739841368,"[0, 0, 0]","[88, 7, 13, ""sybil:85:1"", 150]","[88, 7, 13, 85, 150]",False,False,17.36675104505006,1,0.3333333333333333,True,1,False,300,0,0.0,0,0,0,300,0.0,12.32032261155208
1,sybil,0.75,0.0,[85],1020767,trust_weighted,111.88641739841368,"[0, 0, 0]","[88, 7, 13, ""sybil:85:1"", 150]","[88, 7, 13, 85, 150]",False,False,17.36675104505006,1,0.3333333333333333,True,1,False,300,0,0.0,0,0,0,300,0.0,12.32032261155208
1,sybil,0.75,0.0,[85],1020767,clean_oracle,5.046428433497979,"[0, 0, 0]","[88, 7, 13, 52, 150]","[88, 7, 13, 52, 150]",True,True,5.046428433497979,0,0.0,False,0,False,300,61,0.20333333333333334,83,0,156,0,0.30034395526582003,0.0
1,sybil,0.75,0.5,[52],1020817,naive_poisoned,3.2658374651731945,"[0, 0, 0]","[88, 7, 13, ""sybil:52:0"", 150]","[88, 7, 13, 52, 150]",True,True,5.046428433497979,1,0.3333333333333333,True,1,False,300,50,0.16666666666666666,78,16,156,0,0.2976502987937728,0.0
1,sybil,0.75,0.5,[52],1020817,trust_weighted,7.7658374651731945,"[0, 0, 0]","[88, 7, 13, ""sybil:52:0"", 150]","[88, 7, 13, 52, 150]",True,True,5.046428433497979,1,0.3333333333333333,True,1,False,300,50,0.16666666666666666,78,16,156,0,0.2976502987937728,0.0
1,sybil,0.75,0.5,[52],1020817,clean_oracle,5.046428433497979,"[0, 0, 0]","[88, 7, 13, 52, 150]","[88, 7, 13, 52, 150]",True,True,5.046428433497979,1,0.3333333333333333,True,0,False,300,50,0.16666666666666666,78,16,156,0,0.2976502987937728,0.0
1,sybil,1.0,0.0,[52],1021017,naive_poisoned,2.672307142398266,"[0, 0, 0]","[88, 7, 13, ""sybil:52:0"", 150]","[88, 7, 13, 52, 150]",True,True,5.046428433497979,1,0.3333333333333333,True,1,False,300,50,0.16666666666666666,78,16,156,0,0.2976502987937728,0.0
1,sybil,1.0,0.0,[52],1021017,trust_weighted,14.672307142398266,"[0, 0, 0]","[88, 7, 13, ""sybil:52:0"", 150]","[88, 7, 13, 52, 150]",True,True,5.046428433497979,1,0.3333333333333333,True,1,False,300,50,0.16666666666666666,78,16,156,0,0.2976502987937728,0.0
1,sybil,1.0,0.0,[52],1021017,clean_oracle,5.046428433497979,"[0, 0, 0]","[88, 7, 13, 52, 150]","[88, 7, 13, 52, 150]",True,True,5.046428433497979,1,0.3333333333333333,True,0,False,300,50,0.16666666666666666,78,16,156,0,0.2976502987937728,0.0
1,sybil,1.0,0.5,[85],1021067,naive_poisoned,102.6063210438314,"[0, 0, 0]","[88, 7, 13, ""sybil:85:1"", 150]","[88, 7, 13, 85, 150]",False,False,17.36675104505006,1,0.3333333333333333,True,1,False,300,0,0.0,0,0,0,300,0.0,12.32032261155208
1,sybil,1.0,0.5,[85],1021067,trust_weighted,108.6063210438314,"[0, 0, 0]","[88, 7, 13, ""sybil:85:1"", 150]","[88, 7, 13, 85, 150]",False,False,17.36675104505006,1,0.3333333333333333,True,1,False,300,0,0.0,0,0,0,300,0.0,12.32032261155208
1,sybil,1.0,0.5,[85],1021067,clean_oracle,5.046428433497979,"[0, 0, 0]","[88, 7, 13, 52, 150]","[88, 7, 13, 52, 150]",True,True,5.046428433497979,0,0.0,False,0,False,300,61,0.20333333333333334,83,0,156,0,0.30034395526582003,0.0
2,sinkhole,0.25,0.0,[127],2000256,naive_poisoned,4.8910317280466975,"[0, 0, 0]","[138, 10, 37, 126, 150]","[138, 10, 37, 126, 150]",True,True,4.8910317280466975,0,0.0,False,0,False,300,70,0.23333333333333334,82,0,148,0,0.27889293698898143,0.0
2,sinkhole,0.25,0.0,[127],2000256,trust_weighted,4.8910317280466975,"[0, 0, 0]","[138, 10, 37, 126, 150]","[138, 10, 37, 126, 150]",True,True,4.8910317280466975,0,0.0,False,0,False,300,70,0.23333333333333334,82,0,148,0,0.27889293698898143,0.0
2,sinkhole,0.25,0.0,[127],2000256,clean_oracle,4.8910317280466975,"[0, 0, 0]","[138, 10, 37, 126, 150]","[138, 10, 37, 126, 150]",True,True,4.8910317280466975,0,0.0,False,0,False,300,70,0.23333333333333334,82,0,148,0,0.27889293698898143,0.0
2,sinkhole,0.25,0.5,[126],2000306,naive_poisoned,4.341575987369265,"[0, 0, 0]","[138, 10, 37, 126, 150]","[138, 10, 37, 126, 150]",True,True,4.8910317280466975,1,0.3333333333333333,True,0,False,300,64,0.21333333333333335,86,2,148,0,0.28099324466129616,0.0
2,sinkhole,0.25,0.5,[126],2000306,trust_weighted,4.895570438462113,"[0, 0, 1]","[138, 10, 37, 21, 150]","[138, 10, 37, 21, 150]",True,True,4.895570438462113,0,0.0,False,0,False,300,69,0.23,83,0,148,0,0.2778159558916844,0.004538710415415537
2,sinkhole,0.25,0.5,[126],2000306,clean_oracle,4.8910317280466975,"[0, 0, 0]","[138, 10, 37, 126, 150]","[138, 10, 37, 126, 150]",True,True,4.8910317280466975,1,0.3333333333333333,True,0,False,300,64,0.21333333333333335,86,2,148,0,0.28099324466129616,0.0
2,sinkhole,0.5,0.0,[21],2000506,naive_poisoned,3.7945030696599265,"[0, 0, 1]","[138, 10, 37, 21, 150]","[138, 10, 37, 21, 150]",True,True,4.895570438462113,1,0.3333333333333333,True,0,False,300,60,0.2,85,7,148,0,0.2766272054739929,0.004538710415415537
2,sinkhole,0.5,0.0,[21],2000506,trust_weighted,4.8910317280466975,"[0, 0, 0]","[138, 10, 37, 126, 150]","[138, 10, 37, 126, 150]",True,True,4.8910317280466975,0,0.0,False,0,False,300,70,0.23333333333333334,82,0,148,0,0.27889293698898143,0.0
2,sinkhole,0.5,0.0,[21],2000506,clean_oracle,4.8910317280466975,"[0, 0, 0]","[138, 10, 37, 126, 150]","[138, 10, 37, 126, 150]",True,True,4.8910317280466975,0,0.0,False,0,False,300,70,0.23333333333333334,82,0,148,0,0.27889293698898143,0.0
2,sinkhole,0.5,0.5,[37],2000556,naive_poisoned,3.7367655899223147,"[0, 0, 0]","[138, 10, 37, 126, 150]","[138, 10, 37, 126, 150]",True,True,4.8910317280466975,1,0.3333333333333333,True,0,False,300,60,0.2,80,12,148,0,0.2779313492791857,0.0
2,sinkhole,0.5,0.5,[37],2000556,trust_weighted,6.736765589922314,"[0, 0, 0]","[138, 10, 37, 126, 150]","[138, 10, 37, 126, 150]",True,True,4.8910317280466975,1,0.3333333333333333,True,0,False,300,60,0.2,80,12,148,0,0.2779313492791857,0.0
2,sinkhole,0.5,0.5,[37],2000556,clean_oracle,4.8910317280466975,"[0, 0, 0]","[138, 10, 37, 126, 150]","[138, 10, 37, 126, 150]",True,True,4.8910317280466975,1,0.3333333333333333,True,0,False,300,60,0.2,80,12,148,0,0.2779313492791857,0.0
2,sinkhole,0.75,0.0,"[36, 99]",2000756,naive_poisoned,4.8910317280466975,"[0, 0, 0]","[138, 10, 37, 126, 150]","[138, 10, 37, 126, 150]",True,True,4.8910317280466975,0,0.0,False,0,False,300,70,0.23333333333333334,82,0,148,0,0.27889293698898143,0.0
2,sinkhole,0.75,0.0,"[36, 99]",2000756,trust_weighted,4.8910317280466975,"[0, 0, 0]","[138, 10, 37, 126, 150]","[138, 10, 37, 126, 150]",True,True,4.8910317280466975,0,0.0,False,0,False,300,70,0.23333333333333334,82,0,148,0,0.27889293698898143,0.0
2,sinkhole,0.75,0.0,"[36, 99]",2000756,clean_oracle,4.8910317280466975,"[0, 0, 0]","[138, 10, 37, 126, 150]","[138, 10, 37, 126, 150]",True,True,4.8910317280466975,0,0.0,False,0,False,300,70,0.23333333333333334,82,0,148,0,0.27889293698898143,0.0
2,sinkhole,0.75,0.5,"[17, 126]",2000806,naive_poisoned,3.2426645060144006,"[0, 0, 0]","[138, 10, 37, 126, 150]","[138, 10, 37, 126, 150]",True,True,4.8910317280466975,1,0.3333333333333333,True,0,False,300,55,0.18333333333333332,86,11,148,0,0.28013537970365476,0.0
2,sinkhole,0.75,0.5,"[17, 126]",2000806,trust_weighted,4.895570438462113,"[0, 0, 1]","[138, 10, 37, 21, 150]","[138, 10, 37, 21, 150]",True,True,4.895570438462113,0,0.0,False,0,False,300,69,0.23,83,0,148,0,0.2778159558916844,0.004538710415415537
2,sinkhole,0.75,0.5,"[17, 126]",2000806,clean_oracle,4.8910317280466975,"[0, 0, 0]","[138, 10, 37, 126, 150]","[138, 10, 37, 126, 150]",True,True,4.8910317280466975,1,0.3333333333333333,True,0,False,300,55,0.18333333333333332,86,11,148,0,0.28013537970365476,0.0
2,sinkhole,1.0,0.0,"[127, 37]",2001006,naive_poisoned,2.5785971663334255,"[0, 0, 1]","[138, 10, 37, 21, 150]","[138, 10, 37, 21, 150]",True,True,4.895570438462113,1,0.3333333333333333,True,0,False,300,52,0.17333333333333334,81,19,148,0,0.26617897609081,0.004538710415415537
2,sinkhole,1.0,0.0,"[127, 37]",2001006,trust_weighted,14.578597166333426,"[0, 0, 1]","[138, 10, 37, 21, 150]","[138, 10, 37, 21, 150]",True,True,4.895570438462113,1,0.3333333333333333,True,0,False,300,52,0.17333333333333334,81,19,148,0,0.26617897609081,0.004538710415415537
2,sinkhole,1.0,0.0,"[127, 37]",2001006,clean_oracle,4.8910317280466975,"[0, 0, 0]","[138, 10, 37, 126, 150]","[138, 10, 37, 126, 150]",True,True,4.8910317280466975,1,0.3333333333333333,True,0,False,300,54,0.18,77,21,148,0,0.26656603464281936,0.0
2,sinkhole,1.0,0.5,"[34, 127]",2001056,naive_poisoned,4.8910317280466975,"[0, 0, 0]","[138, 10, 37, 126, 150]","[138, 10, 37, 126, 150]",True,True,4.8910317280466975,0,0.0,False,0,False,300,70,0.23333333333333334,82,0,148,0,0.27889293698898143,0.0
2,sinkhole,1.0,0.5,"[34, 127]",2001056,trust_weighted,4.8910317280466975,"[0, 0, 0]","[138, 10, 37, 126, 150]","[138, 10, 37, 126, 150]",True,True,4.8910317280466975,0,0.0,False,0,False,300,70,0.23333333333333334,82,0,148,0,0.27889293698898143,0.0
2,sinkhole,1.0,0.5,"[34, 127]",2001056,clean_oracle,4.8910317280466975,"[0, 0, 0]","[138, 10, 37, 126, 150]","[138, 10, 37, 126, 150]",True,True,4.8910317280466975,0,0.0,False,0,False,300,70,0.23333333333333334,82,0,148,0,0.27889293698898143,0.0
2,wormhole,0.25,0.0,"[34, 126]",2010263,naive_poisoned,4.350991096690421,"[1, 2, 0]","[138, 99, 34, 126, 150]","[138, 99, 34, 126, 150]",True,False,17.21182692792064,2,0.6666666666666666,True,0,True,300,0,0.0,0,0,0,300,0.0,12.320795199873942
2,wormhole,0.25,0.0,"[34, 126]",2010263,trust_weighted,4.895570438462113,"[0, 0, 1]","[138, 10, 37, 21, 150]","[138, 10, 37, 21, 150]",True,True,4.895570438462113,0,0.0,False,0,False,300,69,0.23,83,0,148,0,0.2778159558916844,0.004538710415415537
2,wormhole,0.25,0.0,"[34, 126]",2010263,clean_oracle,4.8910317280466975,"[0, 0, 0]","[138, 10, 37, 126, 150]","[138, 10, 37, 126, 150]",True,True,4.8910317280466975,1,0.3333333333333333,True,0,False,300,64,0.21333333333333335,86,2,148,0,0.28099324466129616,0.0
2,wormhole,0.25,0.5,"[34, 126]",2010313,naive_poisoned,4.350991096690421,"[1, 2, 0]","[138, 99, 34, 126, 150]","[138, 99, 34, 126, 150]",True,False,17.21182692792064,2,0.6666666666666666,True,0,True,300,0,0.0,0,0,0,300,0.0,12.320795199873942
2,wormhole,0.25,0.5,"[34, 126]",2010313,trust_weighted,4.895570438462113,"[0, 0, 1]","[138, 10, 37, 21, 150]","[138, 10, 37, 21, 150]",True,True,4.895570438462113,0,0.0,False,0,False,300,69,0.23,83,0,148,0,0.2778159558916844,0.004538710415415537
2,wormhole,0.25,0.5,"[34, 126]",2010313,clean_oracle,4.8910317280466975,"[0, 0, 0]","[138, 10, 37, 126, 150]","[138, 10, 37, 126, 150]",True,True,4.8910317280466975,1,0.3333333333333333,True,0,False,300,64,0.21333333333333335,86,2,148,0,0.28099324466129616,0.0
2,wormhole,0.5,0.0,"[99, 17]",2010513,naive_poisoned,3.993294965428721,"[1, 1, 0]","[138, 99, 17, 126, 150]","[138, 99, 17, 126, 150]",True,False,17.096212614711757,2,0.6666666666666666,True,0,True,300,0,0.0,0,0,0,300,0.0,12.205180886665058
2,wormhole,0.5,0.0,"[99, 17]",2010513,trust_weighted,4.8910317280466975,"[0, 0, 0]","[138, 10, 37, 126, 150]","[138, 10, 37, 126, 150]",True,True,4.8910317280466975,0,0.0,False,0,False,300,70,0.23333333333333334,82,0,148,0,0.27889293698898143,0.0
2,wormhole,0.5,0.0,"[99, 17]",2010513,clean_oracle,4.8910317280466975,"[0, 0, 0]","[138, 10, 37, 126, 150]","[138, 10, 37, 126, 150]",True,True,4.8910317280466975,0,0.0,False,0,False,300,70,0.23333333333333334,82,0,148,0,0.27889293698898143,0.0
2,wormhole,0.5,0.5,"[99, 17]",2010563,naive_poisoned,3.993294965428721,"[1, 1, 0]","[138, 99, 17, 126, 150]","[138, 99, 17, 126, 150]",True,False,17.096212614711757,2,0.6666666666666666,True,0,True,300,0,0.0,0,0,0,300,0.0,12.205180886665058
2,wormhole,0.5,0.5,"[99, 17]",2010563,trust_weighted,4.8910317280466975,"[0, 0, 0]","[138, 10, 37, 126, 150]","[138, 10, 37, 126, 150]",True,True,4.8910317280466975,0,0.0,False,0,False,300,70,0.23333333333333334,82,0,148,0,0.27889293698898143,0.0
2,wormhole,0.5,0.5,"[99, 17]",2010563,clean_oracle,4.8910317280466975,"[0, 0, 0]","[138, 10, 37, 126, 150]","[138, 10, 37, 126, 150]",True,True,4.8910317280466975,0,0.0,False,0,False,300,70,0.23333333333333334,82,0,148,0,0.27889293698898143,0.0
2,wormhole,0.75,0.0,"[99, 17]",2010763,naive_poisoned,3.7512131473759065,"[1, 1, 0]","[138, 99, 17, 126, 150]","[138, 99, 17, 126, 150]",True,False,17.096212614711757,2,0.6666666666666666,True,0,True,300,0,0.0,0,0,0,300,0.0,12.205180886665058
2,wormhole,0.75,0.0,"[99, 17]",2010763,trust_weighted,4.8910317280466975,"[0, 0, 0]","[138, 10, 37, 126, 150]","[138, 10, 37, 126, 150]",True,True,4.8910317280466975,0,0.0,False,0,False,300,70,0.23333333333333334,82,0,148,0,0.27889293698898143,0.0
2,wormhole,0.75,0.0,"[99, 17]",2010763,clean_oracle,4.8910317280466975,"[0, 0, 0]","[138, 10, 37, 126, 150]","[138, 10, 37, 126, 150]",True,True,4.8910317280466975,0,0.0,False,0,False,300,70,0.23333333333333334,82,0,148,0,0.27889293698898143,0.0
2,wormhole,0.75,0.5,"[99, 17]",2010813,naive_poisoned,3.7512131473759065,"[1, 1, 0]","[138, 99, 17, 126, 150]","[138, 99, 17, 126, 150]",True,False,17.096212614711757,2,0.6666666666666666,True,0,True,300,0,0.0,0,0,0,300,0.0,12.205180886665058
2,wormhole,0.75,0.5,"[99, 17]",2010813,trust_weighted,4.8910317280466975,"[0, 0, 0]","[138, 10, 37, 126, 150]","[138, 10, 37, 126, 150]",True,True,4.8910317280466975,0,0.0,False,0,False,300,70,0.23333333333333334,82,0,148,0,0.27889293698898143,0.0
2,wormhole,0.75,0.5,"[99, 17]",2010813,clean_oracle,4.8910317280466975,"[0, 0, 0]","[138, 10, 37, 126, 150]","[138, 10, 37, 126, 150]",True,True,4.8910317280466975,0,0.0,False,0,False,300,70,0.23333333333333334,82,0,148,0,0.27889293698898143,0.0
2,wormhole,1.0,0.0,"[34, 126]",2011013,naive_poisoned,3.6247456425319773,"[1, 2, 0]","[138, 99, 34, 126, 150]","[138, 99, 34, 126, 150]",True,False,17.21182692792064,2,0.6666666666666666,True,0,True,300,0,0.0,0,0,0,300,0.0,12.320795199873942
2,wormhole,1.0,0.0,"[34, 126]",2011013,trust_weighted,4.895570438462113,"[0, 0, 1]","[138, 10, 37, 21, 150]","[138, 10, 37, 21, 150]",True,True,4.895570438462113,0,0.0,False,0,False,300,69,0.23,83,0,148,0,0.2778159558916844,0.004538710415415537
2,wormhole,1.0,0.0,"[34, 126]",2011013,clean_oracle,4.8910317280466975,"[0, 0, 0]","[138, 10, 37, 126, 150]","[138, 10, 37, 126, 150]",True,True,4.8910317280466975,1,0.3333333333333333,True,0,False,300,50,0.16666666666666666,84,18,148,0,0.27696067523718426,0.0
2,wormhole,1.0,0.5,"[34, 126]",2011063,naive_poisoned,3.6247456425319773,"[1, 2, 0]","[138, 99, 34, 126, 150]","[138, 99, 34, 126, 150]",True,False,17.21182692792064,2,0.6666666666666666,True,0,True,300,0,0.0,0,0,0,300,0.0,12.320795199873942
2,wormhole,1.0,0.5,"[34, 126]",2011063,trust_weighted,4.895570438462113,"[0, 0, 1]","[138, 10, 37, 21, 150]","[138, 10, 37, 21, 150]",True,True,4.895570438462113,0,0.0,False,0,False,300,69,0.23,83,0,148,0,0.2778159558916844,0.004538710415415537
2,wormhole,1.0,0.5,"[34, 126]",2011063,clean_oracle,4.8910317280466975,"[0, 0, 0]","[138, 10, 37, 126, 150]","[138, 10, 37, 126, 150]",True,True,4.8910317280466975,1,0.3333333333333333,True,0,False,300,50,0.16666666666666666,84,18,148,0,0.27696067523718426,0.0
2,sybil,0.25,0.0,[21],2020270,naive_poisoned,4.345036754061019,"[0, 0, 1]","[138, 10, 37, ""sybil:21:0"", 150]","[138, 10, 37, 21, 150]",True,True,4.895570438462113,1,0.3333333333333333,True,1,False,300,64,0.21333333333333335,86,2,148,0,0.2797095618197396,0.004538710415415537
2,sybil,0.25,0.0,[21],2020270,trust_weighted,4.8910317280466975,"[0, 0, 0]","[138, 10, 37, 126, 150]","[138, 10, 37, 126, 150]",True,True,4.8910317280466975,0,0.0,False,0,False,300,70,0.23333333333333334,82,0,148,0,0.27889293698898143,0.0
2,sybil,0.25,0.0,[21],2020270,clean_oracle,4.8910317280466975,"[0, 0, 0]","[138, 10, 37, 126, 150]","[138, 10, 37, 126, 150]",True,True,4.8910317280466975,0,0.0,False,0,False,300,70,0.23333333333333334,82,0,148,0,0.27889293698898143,0.0
2,sybil,0.25,0.5,[126],2020320,naive_poisoned,4.341575987369265,"[0, 0, 0]","[138, 10, 37, ""sybil:126:0"", 150]","[138, 10, 37, 126, 150]",True,True,4.8910317280466975,1,0.3333333333333333,True,1,False,300,64,0.21333333333333335,86,2,148,0,0.28099324466129616,0.0
2,sybil,0.25,0.5,[126],2020320,trust_weighted,4.895570438462113,"[0, 0, 1]","[138, 10, 37, 21, 150]","[138, 10, 37, 21, 150]",True,True,4.895570438462113,0,0.0,False,0,False,300,69,0.23,83,0,148,0,0.2778159558916844,0.004538710415415537
2,sybil,0.25,0.5,[126],2020320,clean_oracle,4.8910317280466975,"[0, 0, 0]","[138, 10, 37, 126, 150]","[138, 10, 37, 126, 150]",True,True,4.8910317280466975,1,0.3333333333333333,True,0,False,300,64,0.21333333333333335,86,2,148,0,0.28099324466129616,0.0
2,sybil,0.5,0.0,[36],2020520,naive_poisoned,4.895570438462113,"[0, 0, 1]","[138, 10, 37, 21, 150]","[138, 10, 37, 21, 150]",True,True,4.895570438462113,0,0.0,False,0,False,300,69,0.23,83,0,148,0,0.2778159558916844,0.004538710415415537
2,sybil,0.5,0.0,[36],2020520,trust_weighted,4.895570438462113,"[0, 0, 1]","[138, 10, 37, 21, 150]","[138, 10, 37, 21, 150]",True,True,4.895570438462113,0,0.0,False,0,False,300,69,0.23,83,0,148,0,0.2778159558916844,0.004538710415415537
2,sybil,0.5,0.0,[36],2020520,clean_oracle,4.8910317280466975,"[0, 0, 0]","[138, 10, 37, 126, 150]","[138, 10, 37, 126, 150]",True,True,4.8910317280466975,0,0.0,False,0,False,300,70,0.23333333333333334,82,0,148,0,0.27889293698898143,0.0
2,sybil,0.5,0.5,[21],2020570,naive_poisoned,3.7945030696599265,"[0, 0, 0]","[138, 10, 37, ""sybil:21:1"", 150]","[138, 10, 37, 21, 150]",True,True,4.895570438462113,1,0.3333333333333333,True,1,False,300,58,0.19333333333333333,85,9,148,0,0.27848214098067814,0.004538710415415537
2,sybil,0.5,0.5,[21],2020570,trust_weighted,6.7945030696599265,"[0, 0, 0]","[138, 10, 37, ""sybil:21:1"", 150]","[138, 10, 37, 21, 150]",True,True,4.895570438462113,1,0.3333333333333333,True,1,False,300,58,0.19333333333333333,85,9,148,0,0.27848214098067814,0.004538710415415537
2,sybil,0.5,0.5,[21],2020570,clean_oracle,4.8910317280466975,"[0, 0, 0]","[138, 10, 37, 126, 150]","[138, 10, 37, 126, 150]",True,True,4.8910317280466975,0,0.0,False,0,False,300,70,0.23333333333333334,82,0,148,0,0.27889293698898143,0.0
2,sybil,0.75,0.0,[21],2020770,naive_poisoned,3.2439693852588323,"[0, 0, 0]","[138, 10, 37, ""sybil:21:1"", 150]","[138, 10, 37, 21, 150]",True,True,4.895570438462113,1,0.3333333333333333,True,1,False,300,52,0.17333333333333334,85,15,148,0,0.27611364102528135,0.004538710415415537
2,sybil,0.75,0.0,[21],2020770,trust_weighted,12.243969385258833,"[0, 0, 0]","[138, 10, 37, ""sybil:21:1"", 150]","[138, 10, 37, 21, 150]",True,True,4.895570438462113,1,0.3333333333333333,True,1,False,300,52,0.17333333333333334,85,15,148,0,0.27611364102528135,0.004538710415415537
2,sybil,0.75,0.0,[21],2020770,clean_oracle,4.8910317280466975,"[0, 0, 0]","[138, 10, 37, 126, 150]","[138, 10, 37, 126, 150]",True,True,4.8910317280466975,0,0.0,False,0,False,300,70,0.23333333333333334,82,0,148,0,0.27889293698898143,0.0
2,sybil,0.75,0.5,[126],2020820,naive_poisoned,3.2426645060144006,"[0, 0, 0]","[138, 10, 37, ""sybil:126:0"", 150]","[138, 10, 37, 126, 150]",True,True,4.8910317280466975,1,0.3333333333333333,True,1,False,300,52,0.17333333333333334,85,15,148,0,0.2772081931222452,0.0
2,sybil,0.75,0.5,[126],2020820,trust_weighted,7.7426645060144015,"[0, 0, 0]","[138, 10, 37, ""sybil:126:0"", 150]","[138, 10, 37, 126, 150]",True,True,4.8910317280466975,1,0.3333333333333333,True,1,False,300,52,0.17333333333333334,85,15,148,0,0.2772081931222452,0.0
2,sybil,0.75,0.5,[126],2020820,clean_oracle,4.8910317280466975,"[0, 0, 0]","[138, 10, 37, 126, 150]","[138, 10, 37, 126, 150]",True,True,4.8910317280466975,1,0.3333333333333333,True,0,False,300,52,0.17333333333333334,85,15,148,0,0.2772081931222452,0.0
2,sybil,1.0,0.0,[126],2021020,naive_poisoned,2.6932087653369683,"[0, 0, 0]","[138, 10, 37, ""sybil:126:0"", 150]","[138, 10, 37, 126, 150]",True,True,4.8910317280466975,1,0.3333333333333333,True,1,False,300,49,0.16333333333333333,83,20,148,0,0.276432000053596,0.0
2,sybil,1.0,0.0,[126],2021020,trust_weighted,14.69320876533697,"[0, 0, 0]","[138, 10, 37, ""sybil:126:0"", 150]","[138, 10, 37, 126, 150]",True,True,4.8910317280466975,1,0.3333333333333333,True,1,False,300,49,0.16333333333333333,83,20,148,0,0.276432000053596,0.0
2,sybil,1.0,0.0,[126],2021020,clean_oracle,4.8910317280466975,"[0, 0, 0]","[138, 10, 37, 126, 150]","[138, 10, 37, 126, 150]",True,True,4.8910317280466975,1,0.3333333333333333,True,0,False,300,49,0.16333333333333333,83,20,148,0,0.276432000053596,0.0
2,sybil,1.0,0.5,[36],2021070,naive_poisoned,102.48730216015298,"[1, 2, 0]","[138, 99, 34, ""sybil:36:1"", 150]","[138, 99, 34, 36, 150]",False,False,17.306434836138973,1,0.3333333333333333,True,1,False,300,0,0.0,0,0,0,300,0.0,12.415403108092274
2,sybil,1.0,0.5,[36],2021070,trust_weighted,108.48730216015298,"[1, 2, 0]","[138, 99, 34, ""sybil:36:1"", 150]","[138, 99, 34, 36, 150]",False,False,17.306434836138973,1,0.3333333333333333,True,1,False,300,0,0.0,0,0,0,300,0.0,12.415403108092274
2,sybil,1.0,0.5,[36],2021070,clean_oracle,4.8910317280466975,"[0, 0, 0]","[138, 10, 37, 126, 150]","[138, 10, 37, 126, 150]",True,True,4.8910317280466975,0,0.0,False,0,False,300,70,0.23333333333333334,82,0,148,0,0.27889293698898143,0.0
3,sinkhole,0.25,0.0,[8],3000259,naive_poisoned,4.261935926114552,"[0, 0, 0]","[52, 8, 125, 20, 150]","[52, 8, 125, 20, 150]",True,True,4.851234369832344,1,0.3333333333333333,True,0,False,300,76,0.25333333333333335,97,2,125,0,0.3549912450602708,0.0
3,sinkhole,0.25,0.0,[8],3000259,trust_weighted,7.261935926114552,"[0, 0, 0]","[52, 8, 125, 20, 150]","[52, 8, 125, 20, 150]",True,True,4.851234369832344,1,0.3333333333333333,True,0,False,300,76,0.25333333333333335,97,2,125,0,0.3549912450602708,0.0
3,sinkhole,0.25,0.0,[8],3000259,clean_oracle,4.851234369832344,"[0, 0, 0]","[52, 8, 125, 20, 150]","[52, 8, 125, 20, 150]",True,True,4.851234369832344,1,0.3333333333333333,True,0,False,300,76,0.25333333333333335,97,2,125,0,0.3549912450602708,0.0
3,sinkhole,0.25,0.5,[102],3000309,naive_poisoned,4.322104591910833,"[0, 0, 2]","[52, 8, 125, 102, 150]","[52, 8, 125, 102, 150]",True,True,4.895483473040054,1,0.3333333333333333,True,0,False,300,78,0.26,93,4,125,0,0.3630235502098049,0.044249103207709695
3,sinkhole,0.25,0.5,[102],3000309,trust_weighted,4.851234369832344,"[0, 0, 0]","[52, 8, 125, 20, 150]","[52, 8, 125, 20, 150]",True,True,4.851234369832344,0,0.0,False,0,False,300,89,0.2966666666666667,83,0,128,0,0.3611673236144526,0.0
3,sinkhole,0.25,0.5,[102],3000309,clean_oracle,4.851234369832344,"[0, 0, 0]","[52, 8, 125, 20, 150]","[52, 8, 125, 20, 150]",True,True,4.851234369832344,0,0.0,False,0,False,300,89,0.2966666666666667,83,0,128,0,0.3611673236144526,0.0
3,sinkhole,0.5,0.0,[125],3000509,naive_poisoned,3.6996302835115604,"[0, 0, 0]","[52, 8, 125, 20, 150]","[52, 8, 125, 20, 150]",True,True,4.851234369832344,1,0.3333333333333333,True,0,False,300,82,0.2733333333333333,85,8,125,0,0.3523025856858233,0.0
3,sinkhole,0.5,0.0,[125],3000509,trust_weighted,9.699630283511562,"[0, 0, 0]","[52, 8, 125, 20, 150]","[52, 8, 125, 20, 150]",True,True,4.851234369832344,1,0.3333333333333333,True,0,False,300,82,0.2733333333333333,85,8,125,0,0.3523025856858233,0.0
3,sinkhole,0.5,0.0,[125],3000509,clean_oracle,4.851234369832344,"[0, 0, 0]","[52, 8, 125, 20, 150]","[52, 8, 125, 20, 150]",True,True,4.851234369832344,1,0.3333333333333333,True,0,False,300,82,0.2733333333333333,85,8,125,0,0.3523025856858233,0.0
3,sinkhole,0.5,0.5,[125],3000559,naive_poisoned,3.6996302835115604,"[0, 0, 0]","[52, 8, 125, 20, 150]","[52, 8, 125, 20, 150]",True,True,4.851234369832344,1,0.3333333333333333,True,0,False,300,82,0.2733333333333333,85,8,125,0,0.3523025856858233,0.0
3,sinkhole,0.5,0.5,[125],3000559,trust_weighted,6.699630283511561,"[0, 0, 0]","[52, 8, 125, 20, 150]","[52, 8, 125, 20, 150]",True,True,4.851234369832344,1,0.3333333333333333,True,0,False,300,82,0.2733333333333333,85,8,125,0,0.3523025856858233,0.0
3,sinkhole,0.5,0.5,[125],3000559,clean_oracle,4.851234369832344,"[0, 0, 0]","[52, 8, 125, 20, 150]","[52, 8, 125, 20, 150]",True,True,4.851234369832344,1,0.3333333333333333,True,0,False,300,82,0.2733333333333333,85,8,125,0,0.3523025856858233,0.0
3,sinkhole,0.75,0.0,"[125, 20]",3000759,naive_poisoned,2.2738616543451498,"[0, 0, 0]","[52, 8, 125, 20, 150]","[52, 8, 125, 20, 150]",True,True,4.851234369832344,2,0.6666666666666666,True,0,False,300,60,0.2,86,26,128,0,0.3392540041597716,0.0
3,sinkhole,0.75,0.0,"[125, 20]",3000759,trust_weighted,12.118051490843891,"[0, 0, 2]","[52, 8, 125, 102, 150]","[52, 8, 125, 102, 150]",True,True,4.895483473040054,1,0.3333333333333333,True,0,False,300,76,0.25333333333333335,83,16,125,0,0.34892691469193515,0.044249103207709695
3,sinkhole,0.75,0.0,"[125, 20]",3000759,clean_oracle,4.851234369832344,"[0, 0, 0]","[52, 8, 125, 20, 150]","[52, 8, 125, 20, 150]",True,True,4.851234369832344,2,0.6666666666666666,True,0,False,300,60,0.2,86,26,128,0,0.3392540041597716,0.0
3,sinkhole,0.75,0.5,"[149, 20]",3000809,naive_poisoned,3.162625212480175,"[0, 0, 0]","[52, 8, 125, 20, 150]","[52, 8, 125, 20, 150]",True,True,4.851234369832344,1,0.3333333333333333,True,0,False,300,76,0.25333333333333335,85,14,125,0,0.3601242789846797,0.0
3,sinkhole,0.75,0.5,"[149, 20]",3000809,trust_weighted,4.895483473040054,"[0, 0, 2]","[52, 8, 125, 102, 150]","[52, 8, 125, 102, 150]",True,True,4.895483473040054,0,0.0,False,0,False,300,83,0.27666666666666667,90,0,127,0,0.3583844854883971,0.044249103207709695
3,sinkhole,0.75,0.5,"[149, 20]",3000809,clean_oracle,4.851234369832344,"[0, 0, 0]","[52, 8, 125, 20, 150]","[52, 8, 125, 20, 150]",True,True,4.851234369832344,1,0.3333333333333333,True,0,False,300,76,0.25333333333333335,85,14,125,0,0.3601242789846797,0.0
3,sinkhole,1.0,0.0,"[94, 149]",3001009,naive_poisoned,4.851234369832344,"[0, 0, 0]","[52, 8, 125, 20, 150]","[52, 8, 125, 20, 150]",True,True,4.851234369832344,0,0.0,False,0,False,300,89,0.2966666666666667,83,0,128,0,0.3611673236144526,0.0
3,sinkhole,1.0,0.0,"[94, 149]",3001009,trust_weighted,4.851234369832344,"[0, 0, 0]","[52, 8, 125, 20, 150]","[52, 8, 125, 20, 150]",True,True,4.851234369832344,0,0.0,False,0,False,300,89,0.2966666666666667,83,0,128,0,0.3611673236144526,0.0
3,sinkhole,1.0,0.0,"[94, 149]",3001009,clean_oracle,4.851234369832344,"[0, 0, 0]","[52, 8, 125, 20, 150]","[52, 8, 125, 20, 150]",True,True,4.851234369832344,0,0.0,False,0,False,300,89,0.2966666666666667,83,0,128,0,0.3611673236144526,0.0
3,sinkhole,1.0,0.5,"[64, 46]",3001059,naive_poisoned,4.851234369832344,"[0, 0, 0]","[52, 8, 125, 20, 150]","[52, 8, 125, 20, 150]",True,True,4.851234369832344,0,0.0,False,0,False,300,89,0.2966666666666667,83,0,128,0,0.3611673236144526,0.0
3,sinkhole,1.0,0.5,"[64, 46]",3001059,trust_weighted,4.851234369832344,"[0, 0, 0]","[52, 8, 125, 20, 150]","[52, 8, 125, 20, 150]",True,True,4.851234369832344,0,0.0,False,0,False,300,89,0.2966666666666667,83,0,128,0,0.3611673236144526,0.0
3,sinkhole,1.0,0.5,"[64, 46]",3001059,clean_oracle,4.851234369832344,"[0, 0, 0]","[52, 8, 125, 20, 150]","[52, 8, 125, 20, 150]",True,True,4.851234369832344,0,0.0,False,0,False,300,89,0.2966666666666667,83,0,128,0,0.3611673236144526,0.0
3,wormhole,0.25,0.0,"[85, 149]",3010266,naive_poisoned,4.279726571797868,"[1, 2, 0]","[52, 85, 149, 20, 150]","[52, 85, 149, 20, 150]",True,False,17.158192338264485,2,0.6666666666666666,True,0,True,300,0,0.0,0,0,0,300,0.0,12.30695796843214
3,wormhole,0.25,0.0,"[85, 149]",3010266,trust_weighted,4.851234369832344,"[0, 0, 0]","[52, 8, 125, 20, 150]","[52, 8, 125, 20, 150]",True,True,4.851234369832344,0,0.0,False,0,False,300,89,0.2966666666666667,83,0,128,0,0.3611673236144526,0.0
3,wormhole,0.25,0.0,"[85, 149]",3010266,clean_oracle,4.851234369832344,"[0, 0, 0]","[52, 8, 125, 20, 150]","[52, 8, 125, 20, 150]",True,True,4.851234369832344,0,0.0,False,0,False,300,89,0.2966666666666667,83,0,128,0,0.3611673236144526,0.0
3,wormhole,0.25,0.5,"[64, 149]",3010316,naive_poisoned,4.265690554101228,"[2, 2, 0]","[52, 64, 149, 20, 150]","[52, 64, 149, 20, 150]",True,False,17.144156320567845,2,0.6666666666666666,True,0,True,300,0,0.0,0,0,0,300,0.0,12.2929219507355
3,wormhole,0.25,0.5,"[64, 149]",3010316,trust_weighted,4.851234369832344,"[0, 0, 0]","[52, 8, 125, 20, 150]","[52, 8, 125, 20, 150]",True,True,4.851234369832344,0,0.0,False,0,False,300,89,0.2966666666666667,83,0,128,0,0.3611673236144526,0.0
3,wormhole,0.25,0.5,"[64, 149]",3010316,clean_oracle,4.851234369832344,"[0, 0, 0]","[52, 8, 125, 20, 150]","[52, 8, 125, 20, 150]",True,True,4.851234369832344,0,0.0,False,0,False,300,89,0.2966666666666667,83,0,128,0,0.3611673236144526,0.0
3,wormhole,0.5,0.0,"[64, 149]",3010516,naive_poisoned,4.022480285714902,"[2, 2, 0]","[52, 64, 149, 20, 150]","[52, 64, 149, 20, 150]",True,False,17.144156320567845,2,0.6666666666666666,True,0,True,300,0,0.0,0,0,0,300,0.0,12.2929219507355
3,wormhole,0.5,0.0,"[64, 149]",3010516,trust_weighted,4.851234369832344,"[0, 0, 0]","[52, 8, 125, 20, 150]","[52, 8, 125, 20, 150]",True,True,4.851234369832344,0,0.0,False,0,False,300,89,0.2966666666666667,83,0,128,0,0.3611673236144526,0.0
3,wormhole,0.5,0.0,"[64, 149]",3010516,clean_oracle,4.851234369832344,"[0, 0, 0]","[52, 8, 125, 20, 150]","[52, 8, 125, 20, 150]",True,True,4.851234369832344,0,0.0,False,0,False,300,89,0.2966666666666667,83,0,128,0,0.3611673236144526,0.0
3,wormhole,0.5,0.5,"[85, 149]",3010566,naive_poisoned,4.036516303411542,"[1, 2, 0]","[52, 85, 149, 20, 150]","[52, 85, 149, 20, 150]",True,False,17.158192338264485,2,0.6666666666666666,True,0,True,300,0,0.0,0,0,0,300,0.0,12.30695796843214
3,wormhole,0.5,0.5,"[85, 149]",3010566,trust_weighted,4.851234369832344,"[0, 0, 0]","[52, 8, 125, 20, 150]","[52, 8, 125, 20, 150]",True,True,4.851234369832344,0,0.0,False,0,False,300,89,0.2966666666666667,83,0,128,0,0.3611673236144526,0.0
3,wormhole,0.5,0.5,"[85, 149]",3010566,clean_oracle,4.851234369832344,"[0, 0, 0]","[52, 8, 125, 20, 150]","[52, 8, 125, 20, 150]",True,True,4.851234369832344,0,0.0,False,0,False,300,89,0.2966666666666667,83,0,128,0,0.3611673236144526,0.0
3,wormhole,0.75,0.0,"[64, 149]",3010766,naive_poisoned,3.779270017328576,"[2, 2, 0]","[52, 64, 149, 20, 150]","[52, 64, 149, 20, 150]",True,False,17.144156320567845,2,0.6666666666666666,True,0,True,300,0,0.0,0,0,0,300,0.0,12.2929219507355
3,wormhole,0.75,0.0,"[64, 149]",3010766,trust_weighted,4.851234369832344,"[0, 0, 0]","[52, 8, 125, 20, 150]","[52, 8, 125, 20, 150]",True,True,4.851234369832344,0,0.0,False,0,False,300,89,0.2966666666666667,83,0,128,0,0.3611673236144526,0.0
3,wormhole,0.75,0.0,"[64, 149]",3010766,clean_oracle,4.851234369832344,"[0, 0, 0]","[52, 8, 125, 20, 150]","[52, 8, 125, 20, 150]",True,True,4.851234369832344,0,0.0,False,0,False,300,89,0.2966666666666667,83,0,128,0,0.3611673236144526,0.0
3,wormhole,0.75,0.5,"[64, 149]",3010816,naive_poisoned,3.779270017328576,"[2, 2, 0]","[52, 64, 149, 20, 150]","[52, 64, 149, 20, 150]",True,False,17.144156320567845,2,0.6666666666666666,True,0,True,300,0,0.0,0,0,0,300,0.0,12.2929219507355
3,wormhole,0.75,0.5,"[64, 149]",3010816,trust_weighted,4.851234369832344,"[0, 0, 0]","[52, 8, 125, 20, 150]","[52, 8, 125, 20, 150]",True,True,4.851234369832344,0,0.0,False,0,False,300,89,0.2966666666666667,83,0,128,0,0.3611673236144526,0.0
3,wormhole,0.75,0.5,"[64, 149]",3010816,clean_oracle,4.851234369832344,"[0, 0, 0]","[52, 8, 125, 20, 150]","[52, 8, 125, 20, 150]",True,True,4.851234369832344,0,0.0,False,0,False,300,89,0.2966666666666667,83,0,128,0,0.3611673236144526,0.0
3,wormhole,1.0,0.0,"[85, 149]",3011016,naive_poisoned,3.55009576663889,"[1, 2, 0]","[52, 85, 149, 20, 150]","[52, 85, 149, 20, 150]",True,False,17.158192338264485,2,0.6666666666666666,True,0,True,300,0,0.0,0,0,0,300,0.0,12.30695796843214
3,wormhole,1.0,0.0,"[85, 149]",3011016,trust_weighted,4.851234369832344,"[0, 0, 0]","[52, 8, 125, 20, 150]","[52, 8, 125, 20, 150]",True,True,4.851234369832344,0,0.0,False,0,False,300,89,0.2966666666666667,83,0,128,0,0.3611673236144526,0.0
3,wormhole,1.0,0.0,"[85, 149]",3011016,clean_oracle,4.851234369832344,"[0, 0, 0]","[52, 8, 125, 20, 150]","[52, 8, 125, 20, 150]",True,True,4.851234369832344,0,0.0,False,0,False,300,89,0.2966666666666667,83,0,128,0,0.3611673236144526,0.0
3,wormhole,1.0,0.5,"[85, 149]",3011066,naive_poisoned,3.55009576663889,"[1, 2, 0]","[52, 85, 149, 20, 150]","[52, 85, 149, 20, 150]",True,False,17.158192338264485,2,0.6666666666666666,True,0,True,300,0,0.0,0,0,0,300,0.0,12.30695796843214
3,wormhole,1.0,0.5,"[85, 149]",3011066,trust_weighted,4.851234369832344,"[0, 0, 0]","[52, 8, 125, 20, 150]","[52, 8, 125, 20, 150]",True,True,4.851234369832344,0,0.0,False,0,False,300,89,0.2966666666666667,83,0,128,0,0.3611673236144526,0.0
3,wormhole,1.0,0.5,"[85, 149]",3011066,clean_oracle,4.851234369832344,"[0, 0, 0]","[52, 8, 125, 20, 150]","[52, 8, 125, 20, 150]",True,True,4.851234369832344,0,0.0,False,0,False,300,89,0.2966666666666667,83,0,128,0,0.3611673236144526,0.0
3,sybil,0.25,0.0,[94],3020273,naive_poisoned,4.851234369832344,"[0, 0, 0]","[52, 8, 125, 20, 150]","[52, 8, 125, 20, 150]",True,True,4.851234369832344,0,0.0,False,0,False,300,89,0.2966666666666667,83,0,128,0,0.3611673236144526,0.0
3,sybil,0.25,0.0,[94],3020273,trust_weighted,4.851234369832344,"[0, 0, 0]","[52, 8, 125, 20, 150]","[52, 8, 125, 20, 150]",True,True,4.851234369832344,0,0.0,False,0,False,300,89,0.2966666666666667,83,0,128,0,0.3611673236144526,0.0
3,sybil,0.25,0.0,[94],3020273,clean_oracle,4.851234369832344,"[0, 0, 0]","[52, 8, 125, 20, 150]","[52, 8, 125, 20, 150]",True,True,4.851234369832344,0,0.0,False,0,False,300,89,0.2966666666666667,83,0,128,0,0.3611673236144526,0.0
3,sybil,0.25,0.5,[102],3020323,naive_poisoned,4.322104591910833,"[0, 0, 2]","[52, 8, 125, ""sybil:102:0"", 150]","[52, 8, 125, 102, 150]",True,True,4.895483473040054,1,0.3333333333333333,True,1,False,300,74,0.24666666666666667,94,7,125,0,0.35868359295062113,0.044249103207709695
3,sybil,0.25,0.5,[102],3020323,trust_weighted,4.851234369832344,"[0, 0, 0]","[52, 8, 125, 20, 150]","[52, 8, 125, 20, 150]",True,True,4.851234369832344,0,0.0,False,0,False,300,89,0.2966666666666667,83,0,128,0,0.3611673236144526,0.0
3,sybil,0.25,0.5,[102],3020323,clean_oracle,4.851234369832344,"[0, 0, 0]","[52, 8, 125, 20, 150]","[52, 8, 125, 20, 150]",True,True,4.851234369832344,0,0.0,False,0,False,300,89,0.2966666666666667,83,0,128,0,0.3611673236144526,0.0
3,sybil,0.5,0.0,[94],3020523,naive_poisoned,4.895483473040054,"[0, 0, 2]","[52, 8, 125, 102, 150]","[52, 8, 125, 102, 150]",True,True,4.895483473040054,0,0.0,False,0,False,300,83,0.27666666666666667,90,0,127,0,0.3583844854883971,0.044249103207709695
3,sybil,0.5,0.0,[94],3020523,trust_weighted,4.895483473040054,"[0, 0, 2]","[52, 8, 125, 102, 150]","[52, 8, 125, 102, 150]",True,True,4.895483473040054,0,0.0,False,0,False,300,83,0.27666666666666667,90,0,127,0,0.3583844854883971,0.044249103207709695
3,sybil,0.5,0.0,[94],3020523,clean_oracle,4.851234369832344,"[0, 0, 0]","[52, 8, 125, 20, 150]","[52, 8, 125, 20, 150]",True,True,4.851234369832344,0,0.0,False,0,False,300,89,0.2966666666666667,83,0,128,0,0.3611673236144526,0.0
3,sybil,0.5,0.5,[94],3020573,naive_poisoned,4.895483473040054,"[0, 0, 2]","[52, 8, 125, 102, 150]","[52, 8, 125, 102, 150]",True,True,4.895483473040054,0,0.0,False,0,False,300,83,0.27666666666666667,90,0,127,0,0.3583844854883971,0.044249103207709695
3,sybil,0.5,0.5,[94],3020573,trust_weighted,4.895483473040054,"[0, 0, 2]","[52, 8, 125, 102, 150]","[52, 8, 125, 102, 150]",True,True,4.895483473040054,0,0.0,False,0,False,300,83,0.27666666666666667,90,0,127,0,0.3583844854883971,0.044249103207709695
3,sybil,0.5,0.5,[94],3020573,clean_oracle,4.851234369832344,"[0, 0, 0]","[52, 8, 125, 20, 150]","[52, 8, 125, 20, 150]",True,True,4.851234369832344,0,0.0,False,0,False,300,89,0.2966666666666667,83,0,128,0,0.3611673236144526,0.0
3,sybil,0.75,0.0,[94],3020773,naive_poisoned,102.79940778156553,"[0, 0, 0]","[52, 8, 125, ""sybil:94:1"", 150]","[52, 8, 125, 94, 150]",False,False,17.247168126129058,1,0.3333333333333333,True,1,False,300,0,0.0,0,0,0,300,0.0,12.395933756296714
3,sybil,0.75,0.0,[94],3020773,trust_weighted,111.79940778156553,"[0, 0, 0]","[52, 8, 125, ""sybil:94:1"", 150]","[52, 8, 125, 94, 150]",False,False,17.247168126129058,1,0.3333333333333333,True,1,False,300,0,0.0,0,0,0,300,0.0,12.395933756296714
3,sybil,0.75,0.0,[94],3020773,clean_oracle,4.851234369832344,"[0, 0, 0]","[52, 8, 125, 20, 150]","[52, 8, 125, 20, 150]",True,True,4.851234369832344,0,0.0,False,0,False,300,89,0.2966666666666667,83,0,128,0,0.3611673236144526,0.0
3,sybil,0.75,0.5,[94],3020823,naive_poisoned,102.79940778156553,"[0, 0, 0]","[52, 8, 125, ""sybil:94:1"", 150]","[52, 8, 125, 94, 150]",False,False,17.247168126129058,1,0.3333333333333333,True,1,False,300,0,0.0,0,0,0,300,0.0,12.395933756296714
3,sybil,0.75,0.5,[94],3020823,trust_weighted,107.29940778156553,"[0, 0, 0]","[52, 8, 125, ""sybil:94:1"", 150]","[52, 8, 125, 94, 150]",False,False,17.247168126129058,1,0.3333333333333333,True,1,False,300,0,0.0,0,0,0,300,0.0,12.395933756296714
3,sybil,0.75,0.5,[94],3020823,clean_oracle,4.851234369832344,"[0, 0, 0]","[52, 8, 125, 20, 150]","[52, 8, 125, 20, 150]",True,True,4.851234369832344,0,0.0,False,0,False,300,89,0.2966666666666667,83,0,128,0,0.3611673236144526,0.0
3,sybil,1.0,0.0,[94],3021023,naive_poisoned,102.53658724450807,"[0, 0, 0]","[52, 8, 125, ""sybil:94:1"", 150]","[52, 8, 125, 94, 150]",False,False,17.247168126129058,1,0.3333333333333333,True,1,False,300,0,0.0,0,0,0,300,0.0,12.395933756296714
3,sybil,1.0,0.0,[94],3021023,trust_weighted,114.53658724450807,"[0, 0, 0]","[52, 8, 125, ""sybil:94:1"", 150]","[52, 8, 125, 94, 150]",False,False,17.247168126129058,1,0.3333333333333333,True,1,False,300,0,0.0,0,0,0,300,0.0,12.395933756296714
3,sybil,1.0,0.0,[94],3021023,clean_oracle,4.851234369832344,"[0, 0, 0]","[52, 8, 125, 20, 150]","[52, 8, 125, 20, 150]",True,True,4.851234369832344,0,0.0,False,0,False,300,89,0.2966666666666667,83,0,128,0,0.3611673236144526,0.0
3,sybil,1.0,0.5,[102],3021073,naive_poisoned,2.6019679485231704,"[0, 0, 0]","[52, 8, 125, ""sybil:102:1"", 150]","[52, 8, 125, 102, 150]",True,True,4.895483473040054,1,0.3333333333333333,True,1,False,300,61,0.20333333333333334,93,21,125,0,0.35534913426212533,0.044249103207709695
3,sybil,1.0,0.5,[102],3021073,trust_weighted,8.601967948523171,"[0, 0, 0]","[52, 8, 125, ""sybil:102:1"", 150]","[52, 8, 125, 102, 150]",True,True,4.895483473040054,1,0.3333333333333333,True,1,False,300,61,0.20333333333333334,93,21,125,0,0.35534913426212533,0.044249103207709695
3,sybil,1.0,0.5,[102],3021073,clean_oracle,4.851234369832344,"[0, 0, 0]","[52, 8, 125, 20, 150]","[52, 8, 125, 20, 150]",True,True,4.851234369832344,0,0.0,False,0,False,300,89,0.2966666666666667,83,0,128,0,0.3611673236144526,0.0
4,sinkhole,0.25,0.0,[15],4000262,naive_poisoned,4.437056570515309,"[1, 1, 0]","[127, 83, 15, 52, 150]","[127, 83, 15, 52, 150]",True,True,5.02872444882038,1,0.3333333333333333,True,0,False,300,56,0.18666666666666668,69,1,174,0,0.27499469096771456,0.06617241572938504
4,sinkhole,0.25,0.0,[15],4000262,trust_weighted,4.962552033090995,"[0, 0, 0]","[127, 55, 48, 52, 150]","[127, 55, 48, 52, 150]",True,True,4.962552033090995,0,0.0,False,0,False,300,61,0.20333333333333334,69,0,170,0,0.2868324438361931,0.0
4,sinkhole,0.25,0.0,[15],4000262,clean_oracle,4.962552033090995,"[0, 0, 0]","[127, 55, 48, 52, 150]","[127, 55, 48, 52, 150]",True,True,4.962552033090995,0,0.0,False,0,False,300,61,0.20333333333333334,69,0,170,0,0.2868324438361931,0.0
4,sinkhole,0.25,0.5,[48],4000312,naive_poisoned,4.379671714274043,"[0, 0, 0]","[127, 55, 48, 52, 150]","[127, 55, 48, 52, 150]",True,True,4.962552033090995,1,0.3333333333333333,True,0,False,300,62,0.20666666666666667,66,1,171,0,0.284640942978168,0.0
4,sinkhole,0.25,0.5,[48],4000312,trust_weighted,5.02872444882038,"[1, 1, 0]","[127, 83, 15, 52, 150]","[127, 83, 15, 52, 150]",True,True,5.02872444882038,0,0.0,False,0,False,300,56,0.18666666666666668,72,0,172,0,0.27616269921468195,0.06617241572938504
4,sinkhole,0.25,0.5,[48],4000312,clean_oracle,4.962552033090995,"[0, 0, 0]","[127, 55, 48, 52, 150]","[127, 55, 48, 52, 150]",True,True,4.962552033090995,1,0.3333333333333333,True,0,False,300,62,0.20666666666666667,66,1,171,0,0.284640942978168,0.0
4,sinkhole,0.5,0.0,[55],4000512,naive_poisoned,3.785582884014306,"[0, 0, 0]","[127, 55, 48, 52, 150]","[127, 55, 48, 52, 150]",True,True,4.962552033090995,1,0.3333333333333333,True,0,False,300,63,0.21,62,9,166,0,0.28369306776366265,0.0
4,sinkhole,0.5,0.0,[55],4000512,trust_weighted,4.9651041288576465,"[1, 0, 0]","[127, 83, 48, 52, 150]","[127, 83, 48, 52, 150]",True,True,4.9651041288576465,0,0.0,False,0,False,300,67,0.22333333333333333,78,0,155,0,0.2978389551965641,0.0025520957666511634
4,sinkhole,0.5,0.0,[55],4000512,clean_oracle,4.962552033090995,"[0, 0, 0]","[127, 55, 48, 52, 150]","[127, 55, 48, 52, 150]",True,True,4.962552033090995,1,0.3333333333333333,True,0,False,300,63,0.21,62,9,166,0,0.28369306776366265,0.0
4,sinkhole,0.5,0.5,[26],4000562,naive_poisoned,4.962552033090995,"[0, 0, 0]","[127, 55, 48, 52, 150]","[127, 55, 48, 52, 150]",True,True,4.962552033090995,0,0.0,False,0,False,300,61,0.20333333333333334,69,0,170,0,0.2868324438361931,0.0
4,sinkhole,0.5,0.5,[26],4000562,trust_weighted,4.962552033090995,"[0, 0, 0]","[127, 55, 48, 52, 150]","[127, 55, 48, 52, 150]",True,True,4.962552033090995,0,0.0,False,0,False,300,61,0.20333333333333334,69,0,170,0,0.2868324438361931,0.0
4,sinkhole,0.5,0.5,[26],4000562,clean_oracle,4.962552033090995,"[0, 0, 0]","[127, 55, 48, 52, 150]","[127, 55, 48, 52, 150]",True,True,4.962552033090995,0,0.0,False,0,False,300,61,0.20333333333333334,69,0,170,0,0.2868324438361931,0.0
4,sinkhole,0.75,0.0,"[111, 52]",4000762,naive_poisoned,3.1921874331286957,"[0, 0, 0]","[127, 55, 48, 52, 150]","[127, 55, 48, 52, 150]",True,True,4.962552033090995,1,0.3333333333333333,True,0,False,300,59,0.19666666666666666,54,12,175,0,0.2836241989049686,0.0
4,sinkhole,0.75,0.0,"[111, 52]",4000762,trust_weighted,12.192187433128694,"[0, 0, 0]","[127, 55, 48, 52, 150]","[127, 55, 48, 52, 150]",True,True,4.962552033090995,1,0.3333333333333333,True,0,False,300,59,0.19666666666666666,54,12,175,0,0.2836241989049686,0.0
4,sinkhole,0.75,0.0,"[111, 52]",4000762,clean_oracle,4.962552033090995,"[0, 0, 0]","[127, 55, 48, 52, 150]","[127, 55, 48, 52, 150]",True,True,4.962552033090995,1,0.3333333333333333,True,0,False,300,59,0.19666666666666666,54,12,175,0,0.2836241989049686,0.0
4,sinkhole,0.75,0.5,"[15, 83]",4000812,naive_poisoned,2.3434842507678253,"[1, 1, 0]","[127, 83, 15, 52, 150]","[127, 83, 15, 52, 150]",True,True,5.02872444882038,2,0.6666666666666666,True,0,False,300,46,0.15333333333333332,69,24,161,0,0.26179354881451644,0.06617241572938504
4,sinkhole,0.75,0.5,"[15, 83]",4000812,trust_weighted,4.962552033090995,"[0, 0, 0]","[127, 55, 48, 52, 150]","[127, 55, 48, 52, 150]",True,True,4.962552033090995,0,0.0,False,0,False,300,61,0.20333333333333334,69,0,170,0,0.2868324438361931,0.0
4,sinkhole,0.75,0.5,"[15, 83]",4000812,clean_oracle,4.962552033090995,"[0, 0, 0]","[127, 55, 48, 52, 150]","[127, 55, 48, 52, 150]",True,True,4.962552033090995,0,0.0,False,0,False,300,61,0.20333333333333334,69,0,170,0,0.2868324438361931,0.0
4,sinkhole,1.0,0.0,"[55, 52]",4001012,naive_poisoned,0.24812760165454978,"[0, 0, 0]","[127, 55, 48, 52, 150]","[127, 55, 48, 52, 150]",True,True,4.962552033090995,2,0.6666666666666666,True,0,False,300,51,0.17,61,39,149,0,0.2691591683335659,0.0
4,sinkhole,1.0,0.0,"[55, 52]",4001012,trust_weighted,14.60461799557458,"[1, 0, 0]","[127, 83, 48, 52, 150]","[127, 83, 48, 52, 150]",True,True,4.9651041288576465,1,0.3333333333333333,True,0,False,300,58,0.19333333333333333,64,19,159,0,0.2895575394780092,0.0025520957666511634
4,sinkhole,1.0,0.0,"[55, 52]",4001012,clean_oracle,4.962552033090995,"[0, 0, 0]","[127, 55, 48, 52, 150]","[127, 55, 48, 52, 150]",True,True,4.962552033090995,2,0.6666666666666666,True,0,False,300,51,0.17,61,39,149,0,0.2691591683335659,0.0
4,sinkhole,1.0,0.5,"[55, 83]",4001062,naive_poisoned,2.6082639312904528,"[1, 1, 0]","[127, 83, 15, 52, 150]","[127, 83, 15, 52, 150]",True,True,5.02872444882038,1,0.3333333333333333,True,0,False,300,55,0.18333333333333332,66,20,159,0,0.2725611318404262,0.06617241572938504
4,sinkhole,1.0,0.5,"[55, 83]",4001062,trust_weighted,5.011028202760389,"[2, 0, 0]","[127, 109, 48, 52, 150]","[127, 109, 48, 52, 150]",True,True,5.011028202760389,0,0.0,False,0,False,300,71,0.23666666666666666,91,0,138,0,0.31214465472416286,0.048476169669394054
4,sinkhole,1.0,0.5,"[55, 83]",4001062,clean_oracle,4.962552033090995,"[0, 0, 0]","[127, 55, 48, 52, 150]","[127, 55, 48, 52, 150]",True,True,4.962552033090995,1,0.3333333333333333,True,0,False,300,60,0.2,61,21,158,0,0.2819973173346497,0.0
4,wormhole,0.25,0.0,"[18, 111]",4010269,naive_poisoned,4.412319358561531,"[1, 2, 1]","[127, 83, 18, 111, 150]","[127, 83, 18, 111, 150]",True,False,17.305346805235086,2,0.6666666666666666,True,0,True,300,0,0.0,0,0,0,300,0.0,12.34279477214409
4,wormhole,0.25,0.0,"[18, 111]",4010269,trust_weighted,4.962552033090995,"[0, 0, 0]","[127, 55, 48, 52, 150]","[127, 55, 48, 52, 150]",True,True,4.962552033090995,0,0.0,False,0,False,300,61,0.20333333333333334,69,0,170,0,0.2868324438361931,0.0
4,wormhole,0.25,0.0,"[18, 111]",4010269,clean_oracle,4.962552033090995,"[0, 0, 0]","[127, 55, 48, 52, 150]","[127, 55, 48, 52, 150]",True,True,4.962552033090995,0,0.0,False,0,False,300,61,0.20333333333333334,69,0,170,0,0.2868324438361931,0.0
4,wormhole,0.25,0.5,"[18, 26]",4010319,naive_poisoned,4.398470554605948,"[1, 2, 2]","[127, 83, 18, 26, 150]","[127, 83, 18, 26, 150]",True,False,17.291498001279503,2,0.6666666666666666,True,0,True,300,0,0.0,0,0,0,300,0.0,12.328945968188508
4,wormhole,0.25,0.5,"[18, 26]",4010319,trust_weighted,4.962552033090995,"[0, 0, 0]","[127, 55, 48, 52, 150]","[127, 55, 48, 52, 150]",True,True,4.962552033090995,0,0.0,False,0,False,300,61,0.20333333333333334,69,0,170,0,0.2868324438361931,0.0
4,wormhole,0.25,0.5,"[18, 26]",4010319,clean_oracle,4.962552033090995,"[0, 0, 0]","[127, 55, 48, 52, 150]","[127, 55, 48, 52, 150]",True,True,4.962552033090995,0,0.0,False,0,False,300,61,0.20333333333333334,69,0,170,0,0.2868324438361931,0.0
4,wormhole,0.5,0.0,"[18, 26]",4010519,naive_poisoned,4.156402871215267,"[1, 2, 2]","[127, 83, 18, 26, 150]","[127, 83, 18, 26, 150]",True,False,17.291498001279503,2,0.6666666666666666,True,0,True,300,0,0.0,0,0,0,300,0.0,12.328945968188508
4,wormhole,0.5,0.0,"[18, 26]",4010519,trust_weighted,4.962552033090995,"[0, 0, 0]","[127, 55, 48, 52, 150]","[127, 55, 48, 52, 150]",True,True,4.962552033090995,0,0.0,False,0,False,300,61,0.20333333333333334,69,0,170,0,0.2868324438361931,0.0
4,wormhole,0.5,0.0,"[18, 26]",4010519,clean_oracle,4.962552033090995,"[0, 0, 0]","[127, 55, 48, 52, 150]","[127, 55, 48, 52, 150]",True,True,4.962552033090995,0,0.0,False,0,False,300,61,0.20333333333333334,69,0,170,0,0.2868324438361931,0.0
4,wormhole,0.5,0.5,"[18, 26]",4010569,naive_poisoned,4.156402871215267,"[1, 2, 2]","[127, 83, 18, 26, 150]","[127, 83, 18, 26, 150]",True,False,17.291498001279503,2,0.6666666666666666,True,0,True,300,0,0.0,0,0,0,300,0.0,12.328945968188508
4,wormhole,0.5,0.5,"[18, 26]",4010569,trust_weighted,4.962552033090995,"[0, 0, 0]","[127, 55, 48, 52, 150]","[127, 55, 48, 52, 150]",True,True,4.962552033090995,0,0.0,False,0,False,300,61,0.20333333333333334,69,0,170,0,0.2868324438361931,0.0
4,wormhole,0.5,0.5,"[18, 26]",4010569,clean_oracle,4.962552033090995,"[0, 0, 0]","[127, 55, 48, 52, 150]","[127, 55, 48, 52, 150]",True,True,4.962552033090995,0,0.0,False,0,False,300,61,0.20333333333333334,69,0,170,0,0.2868324438361931,0.0
4,wormhole,0.75,0.0,"[48, 26]",4010769,naive_poisoned,3.834350372659686,"[0, 0, 2]","[127, 55, 48, 26, 150]","[127, 55, 48, 26, 150]",True,False,17.211513186114605,2,0.6666666666666666,True,0,True,300,0,0.0,0,0,0,300,0.0,12.24896115302361
4,wormhole,0.75,0.0,"[48, 26]",4010769,trust_weighted,5.02872444882038,"[1, 1, 0]","[127, 83, 15, 52, 150]","[127, 83, 15, 52, 150]",True,True,5.02872444882038,0,0.0,False,0,False,300,56,0.18666666666666668,72,0,172,0,0.27616269921468195,0.06617241572938504
4,wormhole,0.75,0.0,"[48, 26]",4010769,clean_oracle,4.962552033090995,"[0, 0, 0]","[127, 55, 48, 52, 150]","[127, 55, 48, 52, 150]",True,True,4.962552033090995,1,0.3333333333333333,True,0,False,300,57,0.19,62,8,173,0,0.27631692683444165,0.0
4,wormhole,0.75,0.5,"[18, 26]",4010819,naive_poisoned,3.9143351878245847,"[1, 2, 2]","[127, 83, 18, 26, 150]","[127, 83, 18, 26, 150]",True,False,17.291498001279503,2,0.6666666666666666,True,0,True,300,0,0.0,0,0,0,300,0.0,12.328945968188508
4,wormhole,0.75,0.5,"[18, 26]",4010819,trust_weighted,4.962552033090995,"[0, 0, 0]","[127, 55, 48, 52, 150]","[127, 55, 48, 52, 150]",True,True,4.962552033090995,0,0.0,False,0,False,300,61,0.20333333333333334,69,0,170,0,0.2868324438361931,0.0
4,wormhole,0.75,0.5,"[18, 26]",4010819,clean_oracle,4.962552033090995,"[0, 0, 0]","[127, 55, 48, 52, 150]","[127, 55, 48, 52, 150]",True,True,4.962552033090995,0,0.0,False,0,False,300,61,0.20333333333333334,69,0,170,0,0.2868324438361931,0.0
4,wormhole,1.0,0.0,"[18, 111]",4011019,naive_poisoned,3.686116308389485,"[1, 2, 1]","[127, 83, 18, 111, 150]","[127, 83, 18, 111, 150]",True,False,17.305346805235086,2,0.6666666666666666,True,0,True,300,0,0.0,0,0,0,300,0.0,12.34279477214409
4,wormhole,1.0,0.0,"[18, 111]",4011019,trust_weighted,4.962552033090995,"[0, 0, 0]","[127, 55, 48, 52, 150]","[127, 55, 48, 52, 150]",True,True,4.962552033090995,0,0.0,False,0,False,300,61,0.20333333333333334,69,0,170,0,0.2868324438361931,0.0
4,wormhole,1.0,0.0,"[18, 111]",4011019,clean_oracle,4.962552033090995,"[0, 0, 0]","[127, 55, 48, 52, 150]","[127, 55, 48, 52, 150]",True,True,4.962552033090995,0,0.0,False,0,False,300,61,0.20333333333333334,69,0,170,0,0.2868324438361931,0.0
4,wormhole,1.0,0.5,"[18, 26]",4011069,naive_poisoned,3.6722675044339033,"[1, 2, 2]","[127, 83, 18, 26, 150]","[127, 83, 18, 26, 150]",True,False,17.291498001279503,2,0.6666666666666666,True,0,True,300,0,0.0,0,0,0,300,0.0,12.328945968188508
4,wormhole,1.0,0.5,"[18, 26]",4011069,trust_weighted,4.962552033090995,"[0, 0, 0]","[127, 55, 48, 52, 150]","[127, 55, 48, 52, 150]",True,True,4.962552033090995,0,0.0,False,0,False,300,61,0.20333333333333334,69,0,170,0,0.2868324438361931,0.0
4,wormhole,1.0,0.5,"[18, 26]",4011069,clean_oracle,4.962552033090995,"[0, 0, 0]","[127, 55, 48, 52, 150]","[127, 55, 48, 52, 150]",True,True,4.962552033090995,0,0.0,False,0,False,300,61,0.20333333333333334,69,0,170,0,0.2868324438361931,0.0
4,sybil,0.25,0.0,[26],4020276,naive_poisoned,4.962552033090995,"[0, 0, 0]","[127, 55, 48, 52, 150]","[127, 55, 48, 52, 150]",True,True,4.962552033090995,0,0.0,False,0,False,300,61,0.20333333333333334,69,0,170,0,0.2868324438361931,0.0
4,sybil,0.25,0.0,[26],4020276,trust_weighted,4.962552033090995,"[0, 0, 0]","[127, 55, 48, 52, 150]","[127, 55, 48, 52, 150]",True,True,4.962552033090995,0,0.0,False,0,False,300,61,0.20333333333333334,69,0,170,0,0.2868324438361931,0.0
4,sybil,0.25,0.0,[26],4020276,clean_oracle,4.962552033090995,"[0, 0, 0]","[127, 55, 48, 52, 150]","[127, 55, 48, 52, 150]",True,True,4.962552033090995,0,0.0,False,0,False,300,61,0.20333333333333334,69,0,170,0,0.2868324438361931,0.0
4,sybil,0.25,0.5,[111],4020326,naive_poisoned,4.962552033090995,"[0, 0, 0]","[127, 55, 48, 52, 150]","[127, 55, 48, 52, 150]",True,True,4.962552033090995,0,0.0,False,0,False,300,61,0.20333333333333334,69,0,170,0,0.2868324438361931,0.0
4,sybil,0.25,0.5,[111],4020326,trust_weighted,4.962552033090995,"[0, 0, 0]","[127, 55, 48, 52, 150]","[127, 55, 48, 52, 150]",True,True,4.962552033090995,0,0.0,False,0,False,300,61,0.20333333333333334,69,0,170,0,0.2868324438361931,0.0
4,sybil,0.25,0.5,[111],4020326,clean_oracle,4.962552033090995,"[0, 0, 0]","[127, 55, 48, 52, 150]","[127, 55, 48, 52, 150]",True,True,4.962552033090995,0,0.0,False,0,False,300,61,0.20333333333333334,69,0,170,0,0.2868324438361931,0.0
4,sybil,0.5,0.0,[26],4020526,naive_poisoned,103.03616271172605,"[0, 0, 0]","[127, 55, 48, ""sybil:26:1"", 150]","[127, 55, 48, 26, 150]",False,False,17.211513186114605,1,0.3333333333333333,True,1,False,300,0,0.0,0,0,0,300,0.0,12.24896115302361
4,sybil,0.5,0.0,[26],4020526,trust_weighted,103.55516987566865,"[0, 0, 1]","[127, 55, 48, 111, 150]","[127, 55, 48, 111, 150]",False,False,17.225361990070187,0,0.0,False,0,False,300,0,0.0,0,0,0,300,0.0,12.262809956979192
4,sybil,0.5,0.0,[26],4020526,clean_oracle,4.962552033090995,"[0, 0, 0]","[127, 55, 48, 52, 150]","[127, 55, 48, 52, 150]",True,True,4.962552033090995,0,0.0,False,0,False,300,61,0.20333333333333334,69,0,170,0,0.2868324438361931,0.0
4,sybil,0.5,0.5,[52],4020576,naive_poisoned,3.7823089664494627,"[0, 0, 0]","[127, 55, 48, ""sybil:52:0"", 150]","[127, 55, 48, 52, 150]",True,True,4.962552033090995,1,0.3333333333333333,True,1,False,300,60,0.2,55,9,176,0,0.2861579936197671,0.0
4,sybil,0.5,0.5,[52],4020576,trust_weighted,6.782308966449463,"[0, 0, 0]","[127, 55, 48, ""sybil:52:0"", 150]","[127, 55, 48, 52, 150]",True,True,4.962552033090995,1,0.3333333333333333,True,1,False,300,60,0.2,55,9,176,0,0.2861579936197671,0.0
4,sybil,0.5,0.5,[52],4020576,clean_oracle,4.962552033090995,"[0, 0, 0]","[127, 55, 48, 52, 150]","[127, 55, 48, 52, 150]",True,True,4.962552033090995,1,0.3333333333333333,True,0,False,300,60,0.2,55,9,176,0,0.2861579936197671,0.0
4,sybil,0.75,0.0,[26],4020776,naive_poisoned,102.78358353173255,"[0, 0, 0]","[127, 55, 48, ""sybil:26:1"", 150]","[127, 55, 48, 26, 150]",False,False,17.211513186114605,1,0.3333333333333333,True,1,False,300,0,0.0,0,0,0,300,0.0,12.24896115302361
4,sybil,0.75,0.0,[26],4020776,trust_weighted,111.78358353173255,"[0, 0, 0]","[127, 55, 48, ""sybil:26:1"", 150]","[127, 55, 48, 26, 150]",False,False,17.211513186114605,1,0.3333333333333333,True,1,False,300,0,0.0,0,0,0,300,0.0,12.24896115302361
4,sybil,0.75,0.0,[26],4020776,clean_oracle,4.962552033090995,"[0, 0, 0]","[127, 55, 48, 52, 150]","[127, 55, 48, 52, 150]",True,True,4.962552033090995,0,0.0,False,0,False,300,61,0.20333333333333334,69,0,170,0,0.2868324438361931,0.0
4,sybil,0.75,0.5,[111],4020826,naive_poisoned,102.78756506286977,"[0, 0, 0]","[127, 55, 48, ""sybil:111:1"", 150]","[127, 55, 48, 111, 150]",False,False,17.225361990070187,1,0.3333333333333333,True,1,False,300,0,0.0,0,0,0,300,0.0,12.262809956979192
4,sybil,0.75,0.5,[111],4020826,trust_weighted,107.28756506286977,"[0, 0, 0]","[127, 55, 48, ""sybil:111:1"", 150]","[127, 55, 48, 111, 150]",False,False,17.225361990070187,1,0.3333333333333333,True,1,False,300,0,0.0,0,0,0,300,0.0,12.262809956979192
4,sybil,0.75,0.5,[111],4020826,clean_oracle,4.962552033090995,"[0, 0, 0]","[127, 55, 48, 52, 150]","[127, 55, 48, 52, 150]",True,True,4.962552033090995,0,0.0,False,0,False,300,61,0.20333333333333334,69,0,170,0,0.2868324438361931,0.0
4,sybil,1.0,0.0,[52],4021026,naive_poisoned,2.602065899807929,"[0, 0, 0]","[127, 55, 48, ""sybil:52:0"", 150]","[127, 55, 48, 52, 150]",True,True,4.962552033090995,1,0.3333333333333333,True,1,False,300,45,0.15,54,25,176,0,0.27601165204510814,0.0
4,sybil,1.0,0.0,[52],4021026,trust_weighted,14.60206589980793,"[0, 0, 0]","[127, 55, 48, ""sybil:52:0"", 150]","[127, 55, 48, 52, 150]",True,True,4.962552033090995,1,0.3333333333333333,True,1,False,300,45,0.15,54,25,176,0,0.27601165204510814,0.0
4,sybil,1.0,0.0,[52],4021026,clean_oracle,4.962552033090995,"[0, 0, 0]","[127, 55, 48, 52, 150]","[127, 55, 48, 52, 150]",True,True,4.962552033090995,1,0.3333333333333333,True,0,False,300,45,0.15,54,25,176,0,0.27601165204510814,0.0
4,sybil,1.0,0.5,[52],4021076,naive_poisoned,2.602065899807929,"[0, 0, 0]","[127, 55, 48, ""sybil:52:0"", 150]","[127, 55, 48, 52, 150]",True,True,4.962552033090995,1,0.3333333333333333,True,1,False,300,45,0.15,54,25,176,0,0.27601165204510814,0.0
4,sybil,1.0,0.5,[52],4021076,trust_weighted,8.60206589980793,"[0, 0, 0]","[127, 55, 48, ""sybil:52:0"", 150]","[127, 55, 48, 52, 150]",True,True,4.962552033090995,1,0.3333333333333333,True,1,False,300,45,0.15,54,25,176,0,0.27601165204510814,0.0
4,sybil,1.0,0.5,[52],4021076,clean_oracle,4.962552033090995,"[0, 0, 0]","[127, 55, 48, 52, 150]","[127, 55, 48, 52, 150]",True,True,4.962552033090995,1,0.3333333333333333,True,0,False,300,45,0.15,54,25,176,0,0.27601165204510814,0.0
5,sinkhole,0.25,0.0,[118],5000265,naive_poisoned,4.267970915158379,"[0, 1, 1]","[78, 88, 118, 61, 150]","[78, 88, 118, 61, 150]",True,True,4.8364139308566125,1,0.3333333333333333,True,0,False,300,82,0.2733333333333333,85,3,130,0,0.35100692831463576,0.028781863081726478
5,sinkhole,0.25,0.0,[118],5000265,trust_weighted,4.807632067774886,"[0, 0, 0]","[78, 88, 83, 142, 150]","[78, 88, 83, 142, 150]",True,True,4.807632067774886,0,0.0,False,0,False,300,80,0.26666666666666666,77,0,143,0,0.3308281213453306,0.0
5,sinkhole,0.25,0.0,[118],5000265,clean_oracle,4.807632067774886,"[0, 0, 0]","[78, 88, 83, 142, 150]","[78, 88, 83, 142, 150]",True,True,4.807632067774886,0,0.0,False,0,False,300,80,0.26666666666666666,77,0,143,0,0.3308281213453306,0.0
5,sinkhole,0.25,0.5,[103],5000315,naive_poisoned,4.807632067774886,"[0, 0, 0]","[78, 88, 83, 142, 150]","[78, 88, 83, 142, 150]",True,True,4.807632067774886,0,0.0,False,0,False,300,80,0.26666666666666666,77,0,143,0,0.3308281213453306,0.0
5,sinkhole,0.25,0.5,[103],5000315,trust_weighted,4.807632067774886,"[0, 0, 0]","[78, 88, 83, 142, 150]","[78, 88, 83, 142, 150]",True,True,4.807632067774886,0,0.0,False,0,False,300,80,0.26666666666666666,77,0,143,0,0.3308281213453306,0.0
5,sinkhole,0.25,0.5,[103],5000315,clean_oracle,4.807632067774886,"[0, 0, 0]","[78, 88, 83, 142, 150]","[78, 88, 83, 142, 150]",True,True,4.807632067774886,0,0.0,False,0,False,300,80,0.26666666666666666,77,0,143,0,0.3308281213453306,0.0
5,sinkhole,0.5,0.0,[61],5000515,naive_poisoned,3.6914256599167663,"[0, 0, 1]","[78, 88, 83, 61, 150]","[78, 88, 83, 61, 150]",True,True,4.820066590417775,1,0.3333333333333333,True,0,False,300,69,0.23,76,14,141,0,0.33345876780073525,0.012434522642888801
5,sinkhole,0.5,0.0,[61],5000515,trust_weighted,4.807632067774886,"[0, 0, 0]","[78, 88, 83, 142, 150]","[78, 88, 83, 142, 150]",True,True,4.807632067774886,0,0.0,False,0,False,300,80,0.26666666666666666,77,0,143,0,0.3308281213453306,0.0
5,sinkhole,0.5,0.0,[61],5000515,clean_oracle,4.807632067774886,"[0, 0, 0]","[78, 88, 83, 142, 150]","[78, 88, 83, 142, 150]",True,True,4.807632067774886,0,0.0,False,0,False,300,80,0.26666666666666666,77,0,143,0,0.3308281213453306,0.0
5,sinkhole,0.5,0.5,[112],5000565,naive_poisoned,4.807632067774886,"[0, 0, 0]","[78, 88, 83, 142, 150]","[78, 88, 83, 142, 150]",True,True,4.807632067774886,0,0.0,False,0,False,300,80,0.26666666666666666,77,0,143,0,0.3308281213453306,0.0
5,sinkhole,0.5,0.5,[112],5000565,trust_weighted,4.807632067774886,"[0, 0, 0]","[78, 88, 83, 142, 150]","[78, 88, 83, 142, 150]",True,True,4.807632067774886,0,0.0,False,0,False,300,80,0.26666666666666666,77,0,143,0,0.3308281213453306,0.0
5,sinkhole,0.5,0.5,[112],5000565,clean_oracle,4.807632067774886,"[0, 0, 0]","[78, 88, 83, 142, 150]","[78, 88, 83, 142, 150]",True,True,4.807632067774886,0,0.0,False,0,False,300,80,0.26666666666666666,77,0,143,0,0.3308281213453306,0.0
5,sinkhole,0.75,0.0,"[142, 83]",5000765,naive_poisoned,2.264680480264767,"[0, 0, 0]","[78, 88, 83, 142, 150]","[78, 88, 83, 142, 150]",True,True,4.807632067774886,2,0.6666666666666666,True,0,False,300,59,0.19666666666666666,71,25,145,0,0.3110044936886176,0.0
5,sinkhole,0.75,0.0,"[142, 83]",5000765,trust_weighted,4.8364139308566125,"[0, 1, 1]","[78, 88, 118, 61, 150]","[78, 88, 118, 61, 150]",True,True,4.8364139308566125,0,0.0,False,0,False,300,89,0.2966666666666667,83,0,128,0,0.3561298881785149,0.028781863081726478
5,sinkhole,0.75,0.0,"[142, 83]",5000765,clean_oracle,4.807632067774886,"[0, 0, 0]","[78, 88, 83, 142, 150]","[78, 88, 83, 142, 150]",True,True,4.807632067774886,2,0.6666666666666666,True,0,False,300,59,0.19666666666666666,71,25,145,0,0.3110044936886176,0.0
5,sinkhole,0.75,0.5,"[112, 103]",5000815,naive_poisoned,4.807632067774886,"[0, 0, 0]","[78, 88, 83, 142, 150]","[78, 88, 83, 142, 150]",True,True,4.807632067774886,0,0.0,False,0,False,300,80,0.26666666666666666,77,0,143,0,0.3308281213453306,0.0
5,sinkhole,0.75,0.5,"[112, 103]",5000815,trust_weighted,4.807632067774886,"[0, 0, 0]","[78, 88, 83, 142, 150]","[78, 88, 83, 142, 150]",True,True,4.807632067774886,0,0.0,False,0,False,300,80,0.26666666666666666,77,0,143,0,0.3308281213453306,0.0
5,sinkhole,0.75,0.5,"[112, 103]",5000815,clean_oracle,4.807632067774886,"[0, 0, 0]","[78, 88, 83, 142, 150]","[78, 88, 83, 142, 150]",True,True,4.807632067774886,0,0.0,False,0,False,300,80,0.26666666666666666,77,0,143,0,0.3308281213453306,0.0
5,sinkhole,1.0,0.0,"[142, 140]",5001015,naive_poisoned,2.548712356521845,"[0, 1, 0]","[78, 88, 118, 142, 150]","[78, 88, 118, 142, 150]",True,True,4.84259867655183,1,0.3333333333333333,True,0,False,300,65,0.21666666666666667,85,21,129,0,0.3420950227830879,0.03496660877694424
5,sinkhole,1.0,0.0,"[142, 140]",5001015,trust_weighted,4.820066590417775,"[0, 0, 1]","[78, 88, 83, 61, 150]","[78, 88, 83, 61, 150]",True,True,4.820066590417775,0,0.0,False,0,False,300,78,0.26,78,0,144,0,0.3361067093256942,0.012434522642888801
5,sinkhole,1.0,0.0,"[142, 140]",5001015,clean_oracle,4.807632067774886,"[0, 0, 0]","[78, 88, 83, 142, 150]","[78, 88, 83, 142, 150]",True,True,4.807632067774886,1,0.3333333333333333,True,0,False,300,62,0.20666666666666667,74,22,142,0,0.32482508715115443,0.0
5,sinkhole,1.0,0.5,"[118, 96]",5001065,naive_poisoned,1.3893225424763704,"[2, 1, 1]","[78, 96, 118, 61, 150]","[78, 96, 118, 61, 150]",True,True,4.902994373230067,2,0.6666666666666666,True,0,False,300,47,0.15666666666666668,75,41,137,0,0.2913894114197788,0.09536230545518087
5,sinkhole,1.0,0.5,"[118, 96]",5001065,trust_weighted,4.807632067774886,"[0, 0, 0]","[78, 88, 83, 142, 150]","[78, 88, 83, 142, 150]",True,True,4.807632067774886,0,0.0,False,0,False,300,80,0.26666666666666666,77,0,143,0,0.3308281213453306,0.0
5,sinkhole,1.0,0.5,"[118, 96]",5001065,clean_oracle,4.807632067774886,"[0, 0, 0]","[78, 88, 83, 142, 150]","[78, 88, 83, 142, 150]",True,True,4.807632067774886,0,0.0,False,0,False,300,80,0.26666666666666666,77,0,143,0,0.3308281213453306,0.0
5,wormhole,0.25,0.0,"[112, 140]",5010272,naive_poisoned,4.2250940026521215,"[0, 2, 2]","[78, 88, 112, 140, 150]","[78, 88, 112, 140, 150]",True,False,17.03893030891348,2,0.6666666666666666,True,0,True,300,0,0.0,0,0,0,300,0.0,12.231298241138592
5,wormhole,0.25,0.0,"[112, 140]",5010272,trust_weighted,4.807632067774886,"[0, 0, 0]","[78, 88, 83, 142, 150]","[78, 88, 83, 142, 150]",True,True,4.807632067774886,0,0.0,False,0,False,300,80,0.26666666666666666,77,0,143,0,0.3308281213453306,0.0
5,wormhole,0.25,0.0,"[112, 140]",5010272,clean_oracle,4.807632067774886,"[0, 0, 0]","[78, 88, 83, 142, 150]","[78, 88, 83, 142, 150]",True,True,4.807632067774886,0,0.0,False,0,False,300,80,0.26666666666666666,77,0,143,0,0.3308281213453306,0.0
5,wormhole,0.25,0.5,"[103, 83]",5010322,naive_poisoned,4.320527167396126,"[1, 0, 0]","[78, 103, 83, 142, 150]","[78, 103, 83, 142, 150]",True,False,17.13436347365748,2,0.6666666666666666,True,0,True,300,0,0.0,0,0,0,300,0.0,12.326731405882594
5,wormhole,0.25,0.5,"[103, 83]",5010322,trust_weighted,4.8364139308566125,"[0, 1, 1]","[78, 88, 118, 61, 150]","[78, 88, 118, 61, 150]",True,True,4.8364139308566125,0,0.0,False,0,False,300,89,0.2966666666666667,83,0,128,0,0.3561298881785149,0.028781863081726478
5,wormhole,0.25,0.5,"[103, 83]",5010322,clean_oracle,4.807632067774886,"[0, 0, 0]","[78, 88, 83, 142, 150]","[78, 88, 83, 142, 150]",True,True,4.807632067774886,1,0.3333333333333333,True,0,False,300,75,0.25,81,1,143,0,0.32898469263349384,0.0
5,wormhole,0.5,0.0,"[103, 83]",5010522,naive_poisoned,4.078812701802217,"[1, 0, 0]","[78, 103, 83, 142, 150]","[78, 103, 83, 142, 150]",True,False,17.13436347365748,2,0.6666666666666666,True,0,True,300,0,0.0,0,0,0,300,0.0,12.326731405882594
5,wormhole,0.5,0.0,"[103, 83]",5010522,trust_weighted,4.8364139308566125,"[0, 1, 1]","[78, 88, 118, 61, 150]","[78, 88, 118, 61, 150]",True,True,4.8364139308566125,0,0.0,False,0,False,300,89,0.2966666666666667,83,0,128,0,0.3561298881785149,0.028781863081726478
5,wormhole,0.5,0.0,"[103, 83]",5010522,clean_oracle,4.807632067774886,"[0, 0, 0]","[78, 88, 83, 142, 150]","[78, 88, 83, 142, 150]",True,True,4.807632067774886,1,0.3333333333333333,True,0,False,300,70,0.23333333333333334,77,8,145,0,0.32129654650094963,0.0
5,wormhole,0.5,0.5,"[103, 83]",5010572,naive_poisoned,4.078812701802217,"[1, 0, 0]","[78, 103, 83, 142, 150]","[78, 103, 83, 142, 150]",True,False,17.13436347365748,2,0.6666666666666666,True,0,True,300,0,0.0,0,0,0,300,0.0,12.326731405882594
5,wormhole,0.5,0.5,"[103, 83]",5010572,trust_weighted,4.8364139308566125,"[0, 1, 1]","[78, 88, 118, 61, 150]","[78, 88, 118, 61, 150]",True,True,4.8364139308566125,0,0.0,False,0,False,300,89,0.2966666666666667,83,0,128,0,0.3561298881785149,0.028781863081726478
5,wormhole,0.5,0.5,"[103, 83]",5010572,clean_oracle,4.807632067774886,"[0, 0, 0]","[78, 88, 83, 142, 150]","[78, 88, 83, 142, 150]",True,True,4.807632067774886,1,0.3333333333333333,True,0,False,300,70,0.23333333333333334,77,8,145,0,0.32129654650094963,0.0
5,wormhole,0.75,0.0,"[112, 140]",5010772,naive_poisoned,3.7416650714643067,"[0, 2, 2]","[78, 88, 112, 140, 150]","[78, 88, 112, 140, 150]",True,False,17.03893030891348,2,0.6666666666666666,True,0,True,300,0,0.0,0,0,0,300,0.0,12.231298241138592
5,wormhole,0.75,0.0,"[112, 140]",5010772,trust_weighted,4.807632067774886,"[0, 0, 0]","[78, 88, 83, 142, 150]","[78, 88, 83, 142, 150]",True,True,4.807632067774886,0,0.0,False,0,False,300,80,0.26666666666666666,77,0,143,0,0.3308281213453306,0.0
5,wormhole,0.75,0.0,"[112, 140]",5010772,clean_oracle,4.807632067774886,"[0, 0, 0]","[78, 88, 83, 142, 150]","[78, 88, 83, 142, 150]",True,True,4.807632067774886,0,0.0,False,0,False,300,80,0.26666666666666666,77,0,143,0,0.3308281213453306,0.0
5,wormhole,0.75,0.5,"[112, 140]",5010822,naive_poisoned,3.7416650714643067,"[0, 2, 2]","[78, 88, 112, 140, 150]","[78, 88, 112, 140, 150]",True,False,17.03893030891348,2,0.6666666666666666,True,0,True,300,0,0.0,0,0,0,300,0.0,12.231298241138592
5,wormhole,0.75,0.5,"[112, 140]",5010822,trust_weighted,4.807632067774886,"[0, 0, 0]","[78, 88, 83, 142, 150]","[78, 88, 83, 142, 150]",True,True,4.807632067774886,0,0.0,False,0,False,300,80,0.26666666666666666,77,0,143,0,0.3308281213453306,0.0
5,wormhole,0.75,0.5,"[112, 140]",5010822,clean_oracle,4.807632067774886,"[0, 0, 0]","[78, 88, 83, 142, 150]","[78, 88, 83, 142, 150]",True,True,4.807632067774886,0,0.0,False,0,False,300,80,0.26666666666666666,77,0,143,0,0.3308281213453306,0.0
5,wormhole,1.0,0.0,"[112, 140]",5011022,naive_poisoned,3.4999506058703993,"[0, 2, 2]","[78, 88, 112, 140, 150]","[78, 88, 112, 140, 150]",True,False,17.03893030891348,2,0.6666666666666666,True,0,True,300,0,0.0,0,0,0,300,0.0,12.231298241138592
5,wormhole,1.0,0.0,"[112, 140]",5011022,trust_weighted,4.807632067774886,"[0, 0, 0]","[78, 88, 83, 142, 150]","[78, 88, 83, 142, 150]",True,True,4.807632067774886,0,0.0,False,0,False,300,80,0.26666666666666666,77,0,143,0,0.3308281213453306,0.0
5,wormhole,1.0,0.0,"[112, 140]",5011022,clean_oracle,4.807632067774886,"[0, 0, 0]","[78, 88, 83, 142, 150]","[78, 88, 83, 142, 150]",True,True,4.807632067774886,0,0.0,False,0,False,300,80,0.26666666666666666,77,0,143,0,0.3308281213453306,0.0
5,wormhole,1.0,0.5,"[103, 83]",5011072,naive_poisoned,3.595383770614403,"[1, 0, 0]","[78, 103, 83, 142, 150]","[78, 103, 83, 142, 150]",True,False,17.13436347365748,2,0.6666666666666666,True,0,True,300,0,0.0,0,0,0,300,0.0,12.326731405882594
5,wormhole,1.0,0.5,"[103, 83]",5011072,trust_weighted,4.8364139308566125,"[0, 1, 1]","[78, 88, 118, 61, 150]","[78, 88, 118, 61, 150]",True,True,4.8364139308566125,0,0.0,False,0,False,300,89,0.2966666666666667,83,0,128,0,0.3561298881785149,0.028781863081726478
5,wormhole,1.0,0.5,"[103, 83]",5011072,clean_oracle,4.807632067774886,"[0, 0, 0]","[78, 88, 83, 142, 150]","[78, 88, 83, 142, 150]",True,True,4.807632067774886,1,0.3333333333333333,True,0,False,300,64,0.21333333333333335,73,20,143,0,0.31292067045911764,0.0
5,sybil,0.25,0.0,[61],5020279,naive_poisoned,4.255746125167271,"[0, 0, 1]","[78, 88, 83, ""sybil:61:0"", 150]","[78, 88, 83, 61, 150]",True,True,4.820066590417775,1,0.3333333333333333,True,1,False,300,75,0.25,76,10,139,0,0.33577709932428235,0.012434522642888801
5,sybil,0.25,0.0,[61],5020279,trust_weighted,4.807632067774886,"[0, 0, 0]","[78, 88, 83, 142, 150]","[78, 88, 83, 142, 150]",True,True,4.807632067774886,0,0.0,False,0,False,300,80,0.26666666666666666,77,0,143,0,0.3308281213453306,0.0
5,sybil,0.25,0.0,[61],5020279,clean_oracle,4.807632067774886,"[0, 0, 0]","[78, 88, 83, 142, 150]","[78, 88, 83, 142, 150]",True,True,4.807632067774886,0,0.0,False,0,False,300,80,0.26666666666666666,77,0,143,0,0.3308281213453306,0.0
5,sybil,0.25,0.5,[61],5020329,naive_poisoned,4.255746125167271,"[0, 0, 1]","[78, 88, 83, ""sybil:61:0"", 150]","[78, 88, 83, 61, 150]",True,True,4.820066590417775,1,0.3333333333333333,True,1,False,300,75,0.25,76,10,139,0,0.33577709932428235,0.012434522642888801
5,sybil,0.25,0.5,[61],5020329,trust_weighted,4.807632067774886,"[0, 0, 0]","[78, 88, 83, 142, 150]","[78, 88, 83, 142, 150]",True,True,4.807632067774886,0,0.0,False,0,False,300,80,0.26666666666666666,77,0,143,0,0.3308281213453306,0.0
5,sybil,0.25,0.5,[61],5020329,clean_oracle,4.807632067774886,"[0, 0, 0]","[78, 88, 83, 142, 150]","[78, 88, 83, 142, 150]",True,True,4.807632067774886,0,0.0,False,0,False,300,80,0.26666666666666666,77,0,143,0,0.3308281213453306,0.0
5,sybil,0.5,0.0,[140],5020529,naive_poisoned,4.820066590417775,"[0, 0, 1]","[78, 88, 83, 61, 150]","[78, 88, 83, 61, 150]",True,True,4.820066590417775,0,0.0,False,0,False,300,78,0.26,78,0,144,0,0.3361067093256942,0.012434522642888801
5,sybil,0.5,0.0,[140],5020529,trust_weighted,4.820066590417775,"[0, 0, 1]","[78, 88, 83, 61, 150]","[78, 88, 83, 61, 150]",True,True,4.820066590417775,0,0.0,False,0,False,300,78,0.26,78,0,144,0,0.3361067093256942,0.012434522642888801
5,sybil,0.5,0.0,[140],5020529,clean_oracle,4.807632067774886,"[0, 0, 0]","[78, 88, 83, 142, 150]","[78, 88, 83, 142, 150]",True,True,4.807632067774886,0,0.0,False,0,False,300,80,0.26666666666666666,77,0,143,0,0.3308281213453306,0.0
5,sybil,0.5,0.5,[142],5020579,naive_poisoned,3.6848975355292497,"[0, 0, 0]","[78, 88, 83, ""sybil:142:0"", 150]","[78, 88, 83, 142, 150]",True,True,4.807632067774886,1,0.3333333333333333,True,1,False,300,68,0.22666666666666666,73,16,143,0,0.32638078595370423,0.0
5,sybil,0.5,0.5,[142],5020579,trust_weighted,6.68489753552925,"[0, 0, 0]","[78, 88, 83, ""sybil:142:0"", 150]","[78, 88, 83, 142, 150]",True,True,4.807632067774886,1,0.3333333333333333,True,1,False,300,68,0.22666666666666666,73,16,143,0,0.32638078595370423,0.0
5,sybil,0.5,0.5,[142],5020579,clean_oracle,4.807632067774886,"[0, 0, 0]","[78, 88, 83, 142, 150]","[78, 88, 83, 142, 150]",True,True,4.807632067774886,1,0.3333333333333333,True,0,False,300,68,0.22666666666666666,73,16,143,0,0.32638078595370423,0.0
5,sybil,0.75,0.0,[140],5020779,naive_poisoned,102.67504221065305,"[0, 2, 0]","[78, 88, 112, ""sybil:140:1"", 150]","[78, 88, 112, 140, 150]",False,False,17.03893030891348,1,0.3333333333333333,True,1,False,300,0,0.0,0,0,0,300,0.0,12.231298241138592
5,sybil,0.75,0.0,[140],5020779,trust_weighted,111.67504221065305,"[0, 2, 0]","[78, 88, 112, ""sybil:140:1"", 150]","[78, 88, 112, 140, 150]",False,False,17.03893030891348,1,0.3333333333333333,True,1,False,300,0,0.0,0,0,0,300,0.0,12.231298241138592
5,sybil,0.75,0.0,[140],5020779,clean_oracle,4.807632067774886,"[0, 0, 0]","[78, 88, 83, 142, 150]","[78, 88, 83, 142, 150]",True,True,4.807632067774886,0,0.0,False,0,False,300,80,0.26666666666666666,77,0,143,0,0.3308281213453306,0.0
5,sybil,0.75,0.5,[140],5020829,naive_poisoned,102.67504221065305,"[0, 2, 0]","[78, 88, 112, ""sybil:140:1"", 150]","[78, 88, 112, 140, 150]",False,False,17.03893030891348,1,0.3333333333333333,True,1,False,300,0,0.0,0,0,0,300,0.0,12.231298241138592
5,sybil,0.75,0.5,[140],5020829,trust_weighted,107.17504221065305,"[0, 2, 0]","[78, 88, 112, ""sybil:140:1"", 150]","[78, 88, 112, 140, 150]",False,False,17.03893030891348,1,0.3333333333333333,True,1,False,300,0,0.0,0,0,0,300,0.0,12.231298241138592
5,sybil,0.75,0.5,[140],5020829,clean_oracle,4.807632067774886,"[0, 0, 0]","[78, 88, 83, 142, 150]","[78, 88, 83, 142, 150]",True,True,4.807632067774886,0,0.0,False,0,False,300,80,0.26666666666666666,77,0,143,0,0.3308281213453306,0.0
5,sybil,1.0,0.0,[140],5021029,naive_poisoned,102.41703516421876,"[0, 2, 0]","[78, 88, 112, ""sybil:140:1"", 150]","[78, 88, 112, 140, 150]",False,False,17.03893030891348,1,0.3333333333333333,True,1,False,300,0,0.0,0,0,0,300,0.0,12.231298241138592
5,sybil,1.0,0.0,[140],5021029,trust_weighted,114.41703516421876,"[0, 2, 0]","[78, 88, 112, ""sybil:140:1"", 150]","[78, 88, 112, 140, 150]",False,False,17.03893030891348,1,0.3333333333333333,True,1,False,300,0,0.0,0,0,0,300,0.0,12.231298241138592
5,sybil,1.0,0.0,[140],5021029,clean_oracle,4.807632067774886,"[0, 0, 0]","[78, 88, 83, 142, 150]","[78, 88, 83, 142, 150]",True,True,4.807632067774886,0,0.0,False,0,False,300,80,0.26666666666666666,77,0,143,0,0.3308281213453306,0.0
5,sybil,1.0,0.5,[61],5021079,naive_poisoned,2.548403119237084,"[0, 1, 0]","[78, 88, 118, ""sybil:61:1"", 150]","[78, 88, 118, 61, 150]",True,True,4.8364139308566125,1,0.3333333333333333,True,1,False,300,63,0.21,84,24,129,0,0.345061548418796,0.028781863081726478
5,sybil,1.0,0.5,[61],5021079,trust_weighted,8.548403119237085,"[0, 1, 0]","[78, 88, 118, ""sybil:61:1"", 150]","[78, 88, 118, 61, 150]",True,True,4.8364139308566125,1,0.3333333333333333,True,1,False,300,63,0.21,84,24,129,0,0.345061548418796,0.028781863081726478
5,sybil,1.0,0.5,[61],5021079,clean_oracle,4.807632067774886,"[0, 0, 0]","[78, 88, 83, 142, 150]","[78, 88, 83, 142, 150]",True,True,4.807632067774886,0,0.0,False,0,False,300,80,0.26666666666666666,77,0,143,0,0.3308281213453306,0.0
6,sinkhole,0.25,0.0,[123],6000268,naive_poisoned,4.208871483733943,"[0, 0, 0]","[86, 94, 84, 123, 150]","[86, 94, 84, 123, 150]",True,True,4.78833519972752,1,0.3333333333333333,True,0,False,300,66,0.22,77,7,150,0,0.3009660931998468,0.0
6,sinkhole,0.25,0.0,[123],6000268,trust_weighted,4.863506410637593,"[0, 0, 1]","[86, 94, 84, 110, 150]","[86, 94, 84, 110, 150]",True,True,4.863506410637593,0,0.0,False,0,False,300,68,0.22666666666666666,85,0,147,0,0.3103729866674936,0.0751712109100735
6,sinkhole,0.25,0.0,[123],6000268,clean_oracle,4.78833519972752,"[0, 0, 0]","[86, 94, 84, 123, 150]","[86, 94, 84, 123, 150]",True,True,4.78833519972752,1,0.3333333333333333,True,0,False,300,66,0.22,77,7,150,0,0.3009660931998468,0.0
6,sinkhole,0.25,0.5,[109],6000318,naive_poisoned,4.78833519972752,"[0, 0, 0]","[86, 94, 84, 123, 150]","[86, 94, 84, 123, 150]",True,True,4.78833519972752,0,0.0,False,0,False,300,67,0.22333333333333333,78,0,155,0,0.3027223322412951,0.0
6,sinkhole,0.25,0.5,[109],6000318,trust_weighted,4.78833519972752,"[0, 0, 0]","[86, 94, 84, 123, 150]","[86, 94, 84, 123, 150]",True,True,4.78833519972752,0,0.0,False,0,False,300,67,0.22333333333333333,78,0,155,0,0.3027223322412951,0.0
6,sinkhole,0.25,0.5,[109],6000318,clean_oracle,4.78833519972752,"[0, 0, 0]","[86, 94, 84, 123, 150]","[86, 94, 84, 123, 150]",True,True,4.78833519972752,0,0.0,False,0,False,300,67,0.22333333333333333,78,0,155,0,0.3027223322412951,0.0
6,sinkhole,0.5,0.0,[30],6000518,naive_poisoned,4.78833519972752,"[0, 0, 0]","[86, 94, 84, 123, 150]","[86, 94, 84, 123, 150]",True,True,4.78833519972752,0,0.0,False,0,False,300,67,0.22333333333333333,78,0,155,0,0.3027223322412951,0.0
6,sinkhole,0.5,0.0,[30],6000518,trust_weighted,4.78833519972752,"[0, 0, 0]","[86, 94, 84, 123, 150]","[86, 94, 84, 123, 150]",True,True,4.78833519972752,0,0.0,False,0,False,300,67,0.22333333333333333,78,0,155,0,0.3027223322412951,0.0
6,sinkhole,0.5,0.0,[30],6000518,clean_oracle,4.78833519972752,"[0, 0, 0]","[86, 94, 84, 123, 150]","[86, 94, 84, 123, 150]",True,True,4.78833519972752,0,0.0,False,0,False,300,67,0.22333333333333333,78,0,155,0,0.3027223322412951,0.0
6,sinkhole,0.5,0.5,[73],6000568,naive_poisoned,4.78833519972752,"[0, 0, 0]","[86, 94, 84, 123, 150]","[86, 94, 84, 123, 150]",True,True,4.78833519972752,0,0.0,False,0,False,300,67,0.22333333333333333,78,0,155,0,0.3027223322412951,0.0
6,sinkhole,0.5,0.5,[73],6000568,trust_weighted,4.78833519972752,"[0, 0, 0]","[86, 94, 84, 123, 150]","[86, 94, 84, 123, 150]",True,True,4.78833519972752,0,0.0,False,0,False,300,67,0.22333333333333333,78,0,155,0,0.3027223322412951,0.0
6,sinkhole,0.5,0.5,[73],6000568,clean_oracle,4.78833519972752,"[0, 0, 0]","[86, 94, 84, 123, 150]","[86, 94, 84, 123, 150]",True,True,4.78833519972752,0,0.0,False,0,False,300,67,0.22333333333333333,78,0,155,0,0.3027223322412951,0.0
6,sinkhole,0.75,0.0,"[84, 123]",6000768,naive_poisoned,2.239756555394755,"[0, 0, 0]","[86, 94, 84, 123, 150]","[86, 94, 84, 123, 150]",True,True,4.78833519972752,2,0.6666666666666666,True,0,False,300,58,0.19333333333333333,69,29,144,0,0.2970570501470853,0.0
6,sinkhole,0.75,0.0,"[84, 123]",6000768,trust_weighted,4.958465706964642,"[0, 1, 1]","[86, 94, 132, 110, 150]","[86, 94, 132, 110, 150]",True,True,4.958465706964642,0,0.0,False,0,False,300,65,0.21666666666666667,92,0,143,0,0.31091747799479563,0.17013050723712198
6,sinkhole,0.75,0.0,"[84, 123]",6000768,clean_oracle,4.78833519972752,"[0, 0, 0]","[86, 94, 84, 123, 150]","[86, 94, 84, 123, 150]",True,True,4.78833519972752,2,0.6666666666666666,True,0,False,300,58,0.19333333333333333,69,29,144,0,0.2970570501470853,0.0
6,sinkhole,0.75,0.5,"[73, 109]",6000818,naive_poisoned,4.78833519972752,"[0, 0, 0]","[86, 94, 84, 123, 150]","[86, 94, 84, 123, 150]",True,True,4.78833519972752,0,0.0,False,0,False,300,67,0.22333333333333333,78,0,155,0,0.3027223322412951,0.0
6,sinkhole,0.75,0.5,"[73, 109]",6000818,trust_weighted,4.78833519972752,"[0, 0, 0]","[86, 94, 84, 123, 150]","[86, 94, 84, 123, 150]",True,True,4.78833519972752,0,0.0,False,0,False,300,67,0.22333333333333333,78,0,155,0,0.3027223322412951,0.0
6,sinkhole,0.75,0.5,"[73, 109]",6000818,clean_oracle,4.78833519972752,"[0, 0, 0]","[86, 94, 84, 123, 150]","[86, 94, 84, 123, 150]",True,True,4.78833519972752,0,0.0,False,0,False,300,67,0.22333333333333333,78,0,155,0,0.3027223322412951,0.0
6,sinkhole,1.0,0.0,"[109, 30]",6001018,naive_poisoned,4.78833519972752,"[0, 0, 0]","[86, 94, 84, 123, 150]","[86, 94, 84, 123, 150]",True,True,4.78833519972752,0,0.0,False,0,False,300,67,0.22333333333333333,78,0,155,0,0.3027223322412951,0.0
6,sinkhole,1.0,0.0,"[109, 30]",6001018,trust_weighted,4.78833519972752,"[0, 0, 0]","[86, 94, 84, 123, 150]","[86, 94, 84, 123, 150]",True,True,4.78833519972752,0,0.0,False,0,False,300,67,0.22333333333333333,78,0,155,0,0.3027223322412951,0.0
6,sinkhole,1.0,0.0,"[109, 30]",6001018,clean_oracle,4.78833519972752,"[0, 0, 0]","[86, 94, 84, 123, 150]","[86, 94, 84, 123, 150]",True,True,4.78833519972752,0,0.0,False,0,False,300,67,0.22333333333333333,78,0,155,0,0.3027223322412951,0.0
6,sinkhole,1.0,0.5,"[132, 30]",6001068,naive_poisoned,2.5915754185289277,"[0, 1, 1]","[86, 94, 132, 110, 150]","[86, 94, 132, 110, 150]",True,True,4.958465706964642,1,0.3333333333333333,True,0,False,300,58,0.19333333333333333,83,19,140,0,0.29412336546886664,0.17013050723712198
6,sinkhole,1.0,0.5,"[132, 30]",6001068,trust_weighted,4.78833519972752,"[0, 0, 0]","[86, 94, 84, 123, 150]","[86, 94, 84, 123, 150]",True,True,4.78833519972752,0,0.0,False,0,False,300,67,0.22333333333333333,78,0,155,0,0.3027223322412951,0.0
6,sinkhole,1.0,0.5,"[132, 30]",6001068,clean_oracle,4.78833519972752,"[0, 0, 0]","[86, 94, 84, 123, 150]","[86, 94, 84, 123, 150]",True,True,4.78833519972752,0,0.0,False,0,False,300,67,0.22333333333333333,78,0,155,0,0.3027223322412951,0.0
6,wormhole,0.25,0.0,"[30, 123]",6010275,naive_poisoned,4.244650789842466,"[0, 2, 0]","[86, 94, 30, 123, 150]","[86, 94, 30, 123, 150]",True,False,17.179024546677038,2,0.6666666666666666,True,0,True,300,0,0.0,0,0,0,300,0.0,12.390689346949518
6,wormhole,0.25,0.0,"[30, 123]",6010275,trust_weighted,4.863506410637593,"[0, 0, 1]","[86, 94, 84, 110, 150]","[86, 94, 84, 110, 150]",True,True,4.863506410637593,0,0.0,False,0,False,300,68,0.22666666666666666,85,0,147,0,0.3103729866674936,0.0751712109100735
6,wormhole,0.25,0.0,"[30, 123]",6010275,clean_oracle,4.78833519972752,"[0, 0, 0]","[86, 94, 84, 123, 150]","[86, 94, 84, 123, 150]",True,True,4.78833519972752,1,0.3333333333333333,True,0,False,300,64,0.21333333333333335,78,8,150,0,0.30008797367912265,0.0
6,wormhole,0.25,0.5,"[30, 137]",6010325,naive_poisoned,4.206033141982788,"[0, 2, 2]","[86, 94, 30, 137, 150]","[86, 94, 30, 137, 150]",True,False,17.14040689881736,2,0.6666666666666666,True,0,True,300,0,0.0,0,0,0,300,0.0,12.35207169908984
6,wormhole,0.25,0.5,"[30, 137]",6010325,trust_weighted,4.78833519972752,"[0, 0, 0]","[86, 94, 84, 123, 150]","[86, 94, 84, 123, 150]",True,True,4.78833519972752,0,0.0,False,0,False,300,67,0.22333333333333333,78,0,155,0,0.3027223322412951,0.0
6,wormhole,0.25,0.5,"[30, 137]",6010325,clean_oracle,4.78833519972752,"[0, 0, 0]","[86, 94, 84, 123, 150]","[86, 94, 84, 123, 150]",True,True,4.78833519972752,0,0.0,False,0,False,300,67,0.22333333333333333,78,0,155,0,0.3027223322412951,0.0
6,wormhole,0.5,0.0,"[30, 123]",6010525,naive_poisoned,4.002536932115879,"[0, 2, 0]","[86, 94, 30, 123, 150]","[86, 94, 30, 123, 150]",True,False,17.179024546677038,2,0.6666666666666666,True,0,True,300,0,0.0,0,0,0,300,0.0,12.390689346949518
6,wormhole,0.5,0.0,"[30, 123]",6010525,trust_weighted,4.863506410637593,"[0, 0, 1]","[86, 94, 84, 110, 150]","[86, 94, 84, 110, 150]",True,True,4.863506410637593,0,0.0,False,0,False,300,68,0.22666666666666666,85,0,147,0,0.3103729866674936,0.0751712109100735
6,wormhole,0.5,0.0,"[30, 123]",6010525,clean_oracle,4.78833519972752,"[0, 0, 0]","[86, 94, 84, 123, 150]","[86, 94, 84, 123, 150]",True,True,4.78833519972752,1,0.3333333333333333,True,0,False,300,61,0.20333333333333334,78,10,151,0,0.2989707943980342,0.0
6,wormhole,0.5,0.5,"[30, 123]",6010575,naive_poisoned,4.002536932115879,"[0, 2, 0]","[86, 94, 30, 123, 150]","[86, 94, 30, 123, 150]",True,False,17.179024546677038,2,0.6666666666666666,True,0,True,300,0,0.0,0,0,0,300,0.0,12.390689346949518
6,wormhole,0.5,0.5,"[30, 123]",6010575,trust_weighted,4.863506410637593,"[0, 0, 1]","[86, 94, 84, 110, 150]","[86, 94, 84, 110, 150]",True,True,4.863506410637593,0,0.0,False,0,False,300,68,0.22666666666666666,85,0,147,0,0.3103729866674936,0.0751712109100735
6,wormhole,0.5,0.5,"[30, 123]",6010575,clean_oracle,4.78833519972752,"[0, 0, 0]","[86, 94, 84, 123, 150]","[86, 94, 84, 123, 150]",True,True,4.78833519972752,1,0.3333333333333333,True,0,False,300,61,0.20333333333333334,78,10,151,0,0.2989707943980342,0.0
6,wormhole,0.75,0.0,"[30, 110]",6010775,naive_poisoned,3.842182594096336,"[0, 2, 1]","[86, 94, 30, 110, 150]","[86, 94, 30, 110, 150]",True,False,17.260784066384083,2,0.6666666666666666,True,0,True,300,0,0.0,0,0,0,300,0.0,12.472448866656563
6,wormhole,0.75,0.0,"[30, 110]",6010775,trust_weighted,4.78833519972752,"[0, 0, 0]","[86, 94, 84, 123, 150]","[86, 94, 84, 123, 150]",True,True,4.78833519972752,0,0.0,False,0,False,300,67,0.22333333333333333,78,0,155,0,0.3027223322412951,0.0
6,wormhole,0.75,0.0,"[30, 110]",6010775,clean_oracle,4.78833519972752,"[0, 0, 0]","[86, 94, 84, 123, 150]","[86, 94, 84, 123, 150]",True,True,4.78833519972752,0,0.0,False,0,False,300,67,0.22333333333333333,78,0,155,0,0.3027223322412951,0.0
6,wormhole,0.75,0.5,"[30, 123]",6010825,naive_poisoned,3.7604230743892906,"[0, 2, 0]","[86, 94, 30, 123, 150]","[86, 94, 30, 123, 150]",True,False,17.179024546677038,2,0.6666666666666666,True,0,True,300,0,0.0,0,0,0,300,0.0,12.390689346949518
6,wormhole,0.75,0.5,"[30, 123]",6010825,trust_weighted,4.863506410637593,"[0, 0, 1]","[86, 94, 84, 110, 150]","[86, 94, 84, 110, 150]",True,True,4.863506410637593,0,0.0,False,0,False,300,68,0.22666666666666666,85,0,147,0,0.3103729866674936,0.0751712109100735
6,wormhole,0.75,0.5,"[30, 123]",6010825,clean_oracle,4.78833519972752,"[0, 0, 0]","[86, 94, 84, 123, 150]","[86, 94, 84, 123, 150]",True,True,4.78833519972752,1,0.3333333333333333,True,0,False,300,58,0.19333333333333333,78,13,151,0,0.2976536151169462,0.0
6,wormhole,1.0,0.0,"[30, 110]",6011025,naive_poisoned,3.6000687363697486,"[0, 2, 1]","[86, 94, 30, 110, 150]","[86, 94, 30, 110, 150]",True,False,17.260784066384083,2,0.6666666666666666,True,0,True,300,0,0.0,0,0,0,300,0.0,12.472448866656563
6,wormhole,1.0,0.0,"[30, 110]",6011025,trust_weighted,4.78833519972752,"[0, 0, 0]","[86, 94, 84, 123, 150]","[86, 94, 84, 123, 150]",True,True,4.78833519972752,0,0.0,False,0,False,300,67,0.22333333333333333,78,0,155,0,0.3027223322412951,0.0
6,wormhole,1.0,0.0,"[30, 110]",6011025,clean_oracle,4.78833519972752,"[0, 0, 0]","[86, 94, 84, 123, 150]","[86, 94, 84, 123, 150]",True,True,4.78833519972752,0,0.0,False,0,False,300,67,0.22333333333333333,78,0,155,0,0.3027223322412951,0.0
6,wormhole,1.0,0.5,"[30, 137]",6011075,naive_poisoned,3.479691568803025,"[0, 2, 2]","[86, 94, 30, 137, 150]","[86, 94, 30, 137, 150]",True,False,17.14040689881736,2,0.6666666666666666,True,0,True,300,0,0.0,0,0,0,300,0.0,12.35207169908984
6,wormhole,1.0,0.5,"[30, 137]",6011075,trust_weighted,4.78833519972752,"[0, 0, 0]","[86, 94, 84, 123, 150]","[86, 94, 84, 123, 150]",True,True,4.78833519972752,0,0.0,False,0,False,300,67,0.22333333333333333,78,0,155,0,0.3027223322412951,0.0
6,wormhole,1.0,0.5,"[30, 137]",6011075,clean_oracle,4.78833519972752,"[0, 0, 0]","[86, 94, 84, 123, 150]","[86, 94, 84, 123, 150]",True,True,4.78833519972752,0,0.0,False,0,False,300,67,0.22333333333333333,78,0,155,0,0.3027223322412951,0.0
6,sybil,0.25,0.0,[110],6020282,naive_poisoned,4.266189532052874,"[0, 0, 1]","[86, 94, 84, ""sybil:110:0"", 150]","[86, 94, 84, 110, 150]",True,True,4.863506410637593,1,0.3333333333333333,True,1,False,300,63,0.21,85,8,144,0,0.3086779406778817,0.0751712109100735
6,sybil,0.25,0.0,[110],6020282,trust_weighted,4.78833519972752,"[0, 0, 0]","[86, 94, 84, 123, 150]","[86, 94, 84, 123, 150]",True,True,4.78833519972752,0,0.0,False,0,False,300,67,0.22333333333333333,78,0,155,0,0.3027223322412951,0.0
6,sybil,0.25,0.0,[110],6020282,clean_oracle,4.78833519972752,"[0, 0, 0]","[86, 94, 84, 123, 150]","[86, 94, 84, 123, 150]",True,True,4.78833519972752,0,0.0,False,0,False,300,67,0.22333333333333333,78,0,155,0,0.3027223322412951,0.0
6,sybil,0.25,0.5,[123],6020332,naive_poisoned,4.208871483733943,"[0, 0, 0]","[86, 94, 84, ""sybil:123:0"", 150]","[86, 94, 84, 123, 150]",True,True,4.78833519972752,1,0.3333333333333333,True,1,False,300,64,0.21333333333333335,78,8,150,0,0.30008797367912265,0.0
6,sybil,0.25,0.5,[123],6020332,trust_weighted,4.863506410637593,"[0, 0, 1]","[86, 94, 84, 110, 150]","[86, 94, 84, 110, 150]",True,True,4.863506410637593,0,0.0,False,0,False,300,68,0.22666666666666666,85,0,147,0,0.3103729866674936,0.0751712109100735
6,sybil,0.25,0.5,[123],6020332,clean_oracle,4.78833519972752,"[0, 0, 0]","[86, 94, 84, 123, 150]","[86, 94, 84, 123, 150]",True,True,4.78833519972752,1,0.3333333333333333,True,0,False,300,64,0.21333333333333335,78,8,150,0,0.30008797367912265,0.0
6,sybil,0.5,0.0,[123],6020532,naive_poisoned,3.6294077677403664,"[0, 0, 0]","[86, 94, 84, ""sybil:123:0"", 150]","[86, 94, 84, 123, 150]",True,True,4.78833519972752,1,0.3333333333333333,True,1,False,300,61,0.20333333333333334,78,10,151,0,0.2989707943980342,0.0
6,sybil,0.5,0.0,[123],6020532,trust_weighted,9.629407767740366,"[0, 0, 0]","[86, 94, 84, ""sybil:123:0"", 150]","[86, 94, 84, 123, 150]",True,True,4.78833519972752,1,0.3333333333333333,True,1,False,300,61,0.20333333333333334,78,10,151,0,0.2989707943980342,0.0
6,sybil,0.5,0.0,[123],6020532,clean_oracle,4.78833519972752,"[0, 0, 0]","[86, 94, 84, 123, 150]","[86, 94, 84, 123, 150]",True,True,4.78833519972752,1,0.3333333333333333,True,0,False,300,61,0.20333333333333334,78,10,151,0,0.2989707943980342,0.0
6,sybil,0.5,0.5,[137],6020582,naive_poisoned,4.863506410637593,"[0, 0, 1]","[86, 94, 84, 110, 150]","[86, 94, 84, 110, 150]",True,True,4.863506410637593,0,0.0,False,0,False,300,68,0.22666666666666666,85,0,147,0,0.3103729866674936,0.0751712109100735
6,sybil,0.5,0.5,[137],6020582,trust_weighted,4.863506410637593,"[0, 0, 1]","[86, 94, 84, 110, 150]","[86, 94, 84, 110, 150]",True,True,4.863506410637593,0,0.0,False,0,False,300,68,0.22666666666666666,85,0,147,0,0.3103729866674936,0.0751712109100735
6,sybil,0.5,0.5,[137],6020582,clean_oracle,4.78833519972752,"[0, 0, 0]","[86, 94, 84, 123, 150]","[86, 94, 84, 123, 150]",True,True,4.78833519972752,0,0.0,False,0,False,300,67,0.22333333333333333,78,0,155,0,0.3027223322412951,0.0
6,sybil,0.75,0.0,[137],6020782,naive_poisoned,102.61986004781313,"[0, 2, 0]","[86, 94, 30, ""sybil:137:1"", 150]","[86, 94, 30, 137, 150]",False,False,17.14040689881736,1,0.3333333333333333,True,1,False,300,0,0.0,0,0,0,300,0.0,12.35207169908984
6,sybil,0.75,0.0,[137],6020782,trust_weighted,111.61986004781313,"[0, 2, 0]","[86, 94, 30, ""sybil:137:1"", 150]","[86, 94, 30, 137, 150]",False,False,17.14040689881736,1,0.3333333333333333,True,1,False,300,0,0.0,0,0,0,300,0.0,12.35207169908984
6,sybil,0.75,0.0,[137],6020782,clean_oracle,4.78833519972752,"[0, 0, 0]","[86, 94, 84, 123, 150]","[86, 94, 84, 123, 150]",True,True,4.78833519972752,0,0.0,False,0,False,300,67,0.22333333333333333,78,0,155,0,0.3027223322412951,0.0
6,sybil,0.75,0.5,[137],6020832,naive_poisoned,102.61986004781313,"[0, 2, 0]","[86, 94, 30, ""sybil:137:1"", 150]","[86, 94, 30, 137, 150]",False,False,17.14040689881736,1,0.3333333333333333,True,1,False,300,0,0.0,0,0,0,300,0.0,12.35207169908984
6,sybil,0.75,0.5,[137],6020832,trust_weighted,107.11986004781313,"[0, 2, 0]","[86, 94, 30, ""sybil:137:1"", 150]","[86, 94, 30, 137, 150]",False,False,17.14040689881736,1,0.3333333333333333,True,1,False,300,0,0.0,0,0,0,300,0.0,12.35207169908984
6,sybil,0.75,0.5,[137],6020832,clean_oracle,4.78833519972752,"[0, 0, 0]","[86, 94, 84, 123, 150]","[86, 94, 84, 123, 150]",True,True,4.78833519972752,0,0.0,False,0,False,300,67,0.22333333333333333,78,0,155,0,0.3027223322412951,0.0
6,sybil,1.0,0.0,[123],6021032,naive_poisoned,2.470480335753214,"[0, 0, 0]","[86, 94, 84, ""sybil:123:0"", 150]","[86, 94, 84, 123, 150]",True,True,4.78833519972752,1,0.3333333333333333,True,1,False,300,56,0.18666666666666668,77,16,151,0,0.29677549559622207,0.0
6,sybil,1.0,0.0,[123],6021032,trust_weighted,14.470480335753214,"[0, 0, 0]","[86, 94, 84, ""sybil:123:0"", 150]","[86, 94, 84, 123, 150]",True,True,4.78833519972752,1,0.3333333333333333,True,1,False,300,56,0.18666666666666668,77,16,151,0,0.29677549559622207,0.0
6,sybil,1.0,0.0,[123],6021032,clean_oracle,4.78833519972752,"[0, 0, 0]","[86, 94, 84, 123, 150]","[86, 94, 84, 123, 150]",True,True,4.78833519972752,1,0.3333333333333333,True,0,False,300,56,0.18666666666666668,77,16,151,0,0.29677549559622207,0.0
6,sybil,1.0,0.5,[110],6021082,naive_poisoned,2.4742388962987176,"[0, 0, 0]","[86, 94, 84, ""sybil:110:1"", 150]","[86, 94, 84, 110, 150]",True,True,4.863506410637593,1,0.3333333333333333,True,1,False,300,55,0.18333333333333332,83,19,143,0,0.30438948882329697,0.0751712109100735
6,sybil,1.0,0.5,[110],6021082,trust_weighted,8.474238896298717,"[0, 0, 0]","[86, 94, 84, ""sybil:110:1"", 150]","[86, 94, 84, 110, 150]",True,True,4.863506410637593,1,0.3333333333333333,True,1,False,300,55,0.18333333333333332,83,19,143,0,0.30438948882329697,0.0751712109100735
6,sybil,1.0,0.5,[110],6021082,clean_oracle,4.78833519972752,"[0, 0, 0]","[86, 94, 84, 123, 150]","[86, 94, 84, 123, 150]",True,True,4.78833519972752,0,0.0,False,0,False,300,67,0.22333333333333333,78,0,155,0,0.3027223322412951,0.0
7,sinkhole,0.25,0.0,[127],7000271,naive_poisoned,4.357103426712077,"[1, 0, 0]","[12, 127, 7, 61, 150]","[12, 127, 7, 61, 150]",True,True,4.938989489350123,1,0.3333333333333333,True,0,False,300,83,0.27666666666666667,86,10,121,0,0.3383458812243969,0.020160505631229064
7,sinkhole,0.25,0.0,[127],7000271,trust_weighted,4.918828983718894,"[0, 0, 0]","[12, 6, 7, 61, 150]","[12, 6, 7, 61, 150]",True,True,4.918828983718894,0,0.0,False,0,False,300,83,0.27666666666666667,85,0,132,0,0.36095909843996843,0.0
7,sinkhole,0.25,0.0,[127],7000271,clean_oracle,4.918828983718894,"[0, 0, 0]","[12, 6, 7, 61, 150]","[12, 6, 7, 61, 150]",True,True,4.918828983718894,0,0.0,False,0,False,300,83,0.27666666666666667,85,0,132,0,0.36095909843996843,0.0
7,sinkhole,0.25,0.5,[70],7000321,naive_poisoned,4.918828983718894,"[0, 0, 0]","[12, 6, 7, 61, 150]","[12, 6, 7, 61, 150]",True,True,4.918828983718894,0,0.0,False,0,False,300,83,0.27666666666666667,85,0,132,0,0.36095909843996843,0.0
7,sinkhole,0.25,0.5,[70],7000321,trust_weighted,4.918828983718894,"[0, 0, 0]","[12, 6, 7, 61, 150]","[12, 6, 7, 61, 150]",True,True,4.918828983718894,0,0.0,False,0,False,300,83,0.27666666666666667,85,0,132,0,0.36095909843996843,0.0
7,sinkhole,0.25,0.5,[70],7000321,clean_oracle,4.918828983718894,"[0, 0, 0]","[12, 6, 7, 61, 150]","[12, 6, 7, 61, 150]",True,True,4.918828983718894,0,0.0,False,0,False,300,83,0.27666666666666667,85,0,132,0,0.36095909843996843,0.0
7,sinkhole,0.5,0.0,[70],7000521,naive_poisoned,4.918828983718894,"[0, 0, 0]","[12, 6, 7, 61, 150]","[12, 6, 7, 61, 150]",True,True,4.918828983718894,0,0.0,False,0,False,300,83,0.27666666666666667,85,0,132,0,0.36095909843996843,0.0
7,sinkhole,0.5,0.0,[70],7000521,trust_weighted,4.918828983718894,"[0, 0, 0]","[12, 6, 7, 61, 150]","[12, 6, 7, 61, 150]",True,True,4.918828983718894,0,0.0,False,0,False,300,83,0.27666666666666667,85,0,132,0,0.36095909843996843,0.0
7,sinkhole,0.5,0.0,[70],7000521,clean_oracle,4.918828983718894,"[0, 0, 0]","[12, 6, 7, 61, 150]","[12, 6, 7, 61, 150]",True,True,4.918828983718894,0,0.0,False,0,False,300,83,0.27666666666666667,85,0,132,0,0.36095909843996843,0.0
7,sinkhole,0.5,0.5,[70],7000571,naive_poisoned,4.918828983718894,"[0, 0, 0]","[12, 6, 7, 61, 150]","[12, 6, 7, 61, 150]",True,True,4.918828983718894,0,0.0,False,0,False,300,83,0.27666666666666667,85,0,132,0,0.36095909843996843,0.0
7,sinkhole,0.5,0.5,[70],7000571,trust_weighted,4.918828983718894,"[0, 0, 0]","[12, 6, 7, 61, 150]","[12, 6, 7, 61, 150]",True,True,4.918828983718894,0,0.0,False,0,False,300,83,0.27666666666666667,85,0,132,0,0.36095909843996843,0.0
7,sinkhole,0.5,0.5,[70],7000571,clean_oracle,4.918828983718894,"[0, 0, 0]","[12, 6, 7, 61, 150]","[12, 6, 7, 61, 150]",True,True,4.918828983718894,0,0.0,False,0,False,300,83,0.27666666666666667,85,0,132,0,0.36095909843996843,0.0
7,sinkhole,0.75,0.0,"[70, 61]",7000771,naive_poisoned,3.14545716047107,"[0, 0, 0]","[12, 6, 7, 61, 150]","[12, 6, 7, 61, 150]",True,True,4.918828983718894,1,0.3333333333333333,True,0,False,300,73,0.24333333333333335,81,13,133,0,0.3601982333892515,0.0
7,sinkhole,0.75,0.0,"[70, 61]",7000771,trust_weighted,12.14545716047107,"[0, 0, 0]","[12, 6, 7, 61, 150]","[12, 6, 7, 61, 150]",True,True,4.918828983718894,1,0.3333333333333333,True,0,False,300,73,0.24333333333333335,81,13,133,0,0.3601982333892515,0.0
7,sinkhole,0.75,0.0,"[70, 61]",7000771,clean_oracle,4.918828983718894,"[0, 0, 0]","[12, 6, 7, 61, 150]","[12, 6, 7, 61, 150]",True,True,4.918828983718894,1,0.3333333333333333,True,0,False,300,73,0.24333333333333335,81,13,133,0,0.3601982333892515,0.0
7,sinkhole,0.75,0.5,"[51, 7]",7000821,naive_poisoned,3.1171203164032573,"[0, 0, 0]","[12, 6, 7, 61, 150]","[12, 6, 7, 61, 150]",True,True,4.918828983718894,1,0.3333333333333333,True,0,False,300,76,0.25333333333333335,79,10,135,0,0.3533843538643193,0.0
7,sinkhole,0.75,0.5,"[51, 7]",7000821,trust_weighted,7.617120316403257,"[0, 0, 0]","[12, 6, 7, 61, 150]","[12, 6, 7, 61, 150]",True,True,4.918828983718894,1,0.3333333333333333,True,0,False,300,76,0.25333333333333335,79,10,135,0,0.3533843538643193,0.0
7,sinkhole,0.75,0.5,"[51, 7]",7000821,clean_oracle,4.918828983718894,"[0, 0, 0]","[12, 6, 7, 61, 150]","[12, 6, 7, 61, 150]",True,True,4.918828983718894,1,0.3333333333333333,True,0,False,300,76,0.25333333333333335,79,10,135,0,0.3533843538643193,0.0
7,sinkhole,1.0,0.0,"[127, 63]",7001021,naive_poisoned,2.6114452387979386,"[1, 0, 0]","[12, 127, 7, 61, 150]","[12, 127, 7, 61, 150]",True,True,4.938989489350123,1,0.3333333333333333,True,0,False,300,77,0.25666666666666665,81,21,121,0,0.3221941325388631,0.020160505631229064
7,sinkhole,1.0,0.0,"[127, 63]",7001021,trust_weighted,4.918828983718894,"[0, 0, 0]","[12, 6, 7, 61, 150]","[12, 6, 7, 61, 150]",True,True,4.918828983718894,0,0.0,False,0,False,300,83,0.27666666666666667,85,0,132,0,0.36095909843996843,0.0
7,sinkhole,1.0,0.0,"[127, 63]",7001021,clean_oracle,4.918828983718894,"[0, 0, 0]","[12, 6, 7, 61, 150]","[12, 6, 7, 61, 150]",True,True,4.918828983718894,0,0.0,False,0,False,300,83,0.27666666666666667,85,0,132,0,0.36095909843996843,0.0
7,sinkhole,1.0,0.5,"[14, 63]",7001071,naive_poisoned,4.918828983718894,"[0, 0, 0]","[12, 6, 7, 61, 150]","[12, 6, 7, 61, 150]",True,True,4.918828983718894,0,0.0,False,0,False,300,83,0.27666666666666667,85,0,132,0,0.36095909843996843,0.0
7,sinkhole,1.0,0.5,"[14, 63]",7001071,trust_weighted,4.918828983718894,"[0, 0, 0]","[12, 6, 7, 61, 150]","[12, 6, 7, 61, 150]",True,True,4.918828983718894,0,0.0,False,0,False,300,83,0.27666666666666667,85,0,132,0,0.36095909843996843,0.0
7,sinkhole,1.0,0.5,"[14, 63]",7001071,clean_oracle,4.918828983718894,"[0, 0, 0]","[12, 6, 7, 61, 150]","[12, 6, 7, 61, 150]",True,True,4.918828983718894,0,0.0,False,0,False,300,83,0.27666666666666667,85,0,132,0,0.36095909843996843,0.0
7,wormhole,0.25,0.0,"[51, 91]",7010278,naive_poisoned,4.209587422215491,"[0, 1, 2]","[12, 6, 51, 91, 150]","[12, 6, 51, 91, 150]",True,False,17.128999914528002,2,0.6666666666666666,True,0,True,300,0,0.0,0,0,0,300,0.0,12.210170930809108
7,wormhole,0.25,0.0,"[51, 91]",7010278,trust_weighted,4.918828983718894,"[0, 0, 0]","[12, 6, 7, 61, 150]","[12, 6, 7, 61, 150]",True,True,4.918828983718894,0,0.0,False,0,False,300,83,0.27666666666666667,85,0,132,0,0.36095909843996843,0.0
7,wormhole,0.25,0.0,"[51, 91]",7010278,clean_oracle,4.918828983718894,"[0, 0, 0]","[12, 6, 7, 61, 150]","[12, 6, 7, 61, 150]",True,True,4.918828983718894,0,0.0,False,0,False,300,83,0.27666666666666667,85,0,132,0,0.36095909843996843,0.0
7,wormhole,0.25,0.5,"[63, 14]",7010328,naive_poisoned,4.284336003212834,"[2, 2, 0]","[12, 63, 14, 61, 150]","[12, 63, 14, 61, 150]",True,False,17.203748495525346,2,0.6666666666666666,True,0,True,300,0,0.0,0,0,0,300,0.0,12.284919511806452
7,wormhole,0.25,0.5,"[63, 14]",7010328,trust_weighted,4.918828983718894,"[0, 0, 0]","[12, 6, 7, 61, 150]","[12, 6, 7, 61, 150]",True,True,4.918828983718894,0,0.0,False,0,False,300,83,0.27666666666666667,85,0,132,0,0.36095909843996843,0.0
7,wormhole,0.25,0.5,"[63, 14]",7010328,clean_oracle,4.918828983718894,"[0, 0, 0]","[12, 6, 7, 61, 150]","[12, 6, 7, 61, 150]",True,True,4.918828983718894,0,0.0,False,0,False,300,83,0.27666666666666667,85,0,132,0,0.36095909843996843,0.0
7,wormhole,0.5,0.0,"[51, 91]",7010528,naive_poisoned,3.967065991892233,"[0, 1, 2]","[12, 6, 51, 91, 150]","[12, 6, 51, 91, 150]",True,False,17.128999914528002,2,0.6666666666666666,True,0,True,300,0,0.0,0,0,0,300,0.0,12.210170930809108
7,wormhole,0.5,0.0,"[51, 91]",7010528,trust_weighted,4.918828983718894,"[0, 0, 0]","[12, 6, 7, 61, 150]","[12, 6, 7, 61, 150]",True,True,4.918828983718894,0,0.0,False,0,False,300,83,0.27666666666666667,85,0,132,0,0.36095909843996843,0.0
7,wormhole,0.5,0.0,"[51, 91]",7010528,clean_oracle,4.918828983718894,"[0, 0, 0]","[12, 6, 7, 61, 150]","[12, 6, 7, 61, 150]",True,True,4.918828983718894,0,0.0,False,0,False,300,83,0.27666666666666667,85,0,132,0,0.36095909843996843,0.0
7,wormhole,0.5,0.5,"[51, 91]",7010578,naive_poisoned,3.967065991892233,"[0, 1, 2]","[12, 6, 51, 91, 150]","[12, 6, 51, 91, 150]",True,False,17.128999914528002,2,0.6666666666666666,True,0,True,300,0,0.0,0,0,0,300,0.0,12.210170930809108
7,wormhole,0.5,0.5,"[51, 91]",7010578,trust_weighted,4.918828983718894,"[0, 0, 0]","[12, 6, 7, 61, 150]","[12, 6, 7, 61, 150]",True,True,4.918828983718894,0,0.0,False,0,False,300,83,0.27666666666666667,85,0,132,0,0.36095909843996843,0.0
7,wormhole,0.5,0.5,"[51, 91]",7010578,clean_oracle,4.918828983718894,"[0, 0, 0]","[12, 6, 7, 61, 150]","[12, 6, 7, 61, 150]",True,True,4.918828983718894,0,0.0,False,0,False,300,83,0.27666666666666667,85,0,132,0,0.36095909843996843,0.0
7,wormhole,0.75,0.0,"[51, 91]",7010778,naive_poisoned,3.7245445615689743,"[0, 1, 2]","[12, 6, 51, 91, 150]","[12, 6, 51, 91, 150]",True,False,17.128999914528002,2,0.6666666666666666,True,0,True,300,0,0.0,0,0,0,300,0.0,12.210170930809108
7,wormhole,0.75,0.0,"[51, 91]",7010778,trust_weighted,4.918828983718894,"[0, 0, 0]","[12, 6, 7, 61, 150]","[12, 6, 7, 61, 150]",True,True,4.918828983718894,0,0.0,False,0,False,300,83,0.27666666666666667,85,0,132,0,0.36095909843996843,0.0
7,wormhole,0.75,0.0,"[51, 91]",7010778,clean_oracle,4.918828983718894,"[0, 0, 0]","[12, 6, 7, 61, 150]","[12, 6, 7, 61, 150]",True,True,4.918828983718894,0,0.0,False,0,False,300,83,0.27666666666666667,85,0,132,0,0.36095909843996843,0.0
7,wormhole,0.75,0.5,"[51, 91]",7010828,naive_poisoned,3.7245445615689743,"[0, 1, 2]","[12, 6, 51, 91, 150]","[12, 6, 51, 91, 150]",True,False,17.128999914528002,2,0.6666666666666666,True,0,True,300,0,0.0,0,0,0,300,0.0,12.210170930809108
7,wormhole,0.75,0.5,"[51, 91]",7010828,trust_weighted,4.918828983718894,"[0, 0, 0]","[12, 6, 7, 61, 150]","[12, 6, 7, 61, 150]",True,True,4.918828983718894,0,0.0,False,0,False,300,83,0.27666666666666667,85,0,132,0,0.36095909843996843,0.0
7,wormhole,0.75,0.5,"[51, 91]",7010828,clean_oracle,4.918828983718894,"[0, 0, 0]","[12, 6, 7, 61, 150]","[12, 6, 7, 61, 150]",True,True,4.918828983718894,0,0.0,False,0,False,300,83,0.27666666666666667,85,0,132,0,0.36095909843996843,0.0
7,wormhole,1.0,0.0,"[63, 14]",7011028,naive_poisoned,3.5567717122430587,"[2, 2, 0]","[12, 63, 14, 61, 150]","[12, 63, 14, 61, 150]",True,False,17.203748495525346,2,0.6666666666666666,True,0,True,300,0,0.0,0,0,0,300,0.0,12.284919511806452
7,wormhole,1.0,0.0,"[63, 14]",7011028,trust_weighted,4.918828983718894,"[0, 0, 0]","[12, 6, 7, 61, 150]","[12, 6, 7, 61, 150]",True,True,4.918828983718894,0,0.0,False,0,False,300,83,0.27666666666666667,85,0,132,0,0.36095909843996843,0.0
7,wormhole,1.0,0.0,"[63, 14]",7011028,clean_oracle,4.918828983718894,"[0, 0, 0]","[12, 6, 7, 61, 150]","[12, 6, 7, 61, 150]",True,True,4.918828983718894,0,0.0,False,0,False,300,83,0.27666666666666667,85,0,132,0,0.36095909843996843,0.0
7,wormhole,1.0,0.5,"[51, 91]",7011078,naive_poisoned,3.4820231312457155,"[0, 1, 2]","[12, 6, 51, 91, 150]","[12, 6, 51, 91, 150]",True,False,17.128999914528002,2,0.6666666666666666,True,0,True,300,0,0.0,0,0,0,300,0.0,12.210170930809108
7,wormhole,1.0,0.5,"[51, 91]",7011078,trust_weighted,4.918828983718894,"[0, 0, 0]","[12, 6, 7, 61, 150]","[12, 6, 7, 61, 150]",True,True,4.918828983718894,0,0.0,False,0,False,300,83,0.27666666666666667,85,0,132,0,0.36095909843996843,0.0
7,wormhole,1.0,0.5,"[51, 91]",7011078,clean_oracle,4.918828983718894,"[0, 0, 0]","[12, 6, 7, 61, 150]","[12, 6, 7, 61, 150]",True,True,4.918828983718894,0,0.0,False,0,False,300,83,0.27666666666666667,85,0,132,0,0.36095909843996843,0.0
7,sybil,0.25,0.0,[91],7020285,naive_poisoned,4.918828983718894,"[0, 0, 0]","[12, 6, 7, 61, 150]","[12, 6, 7, 61, 150]",True,True,4.918828983718894,0,0.0,False,0,False,300,83,0.27666666666666667,85,0,132,0,0.36095909843996843,0.0
7,sybil,0.25,0.0,[91],7020285,trust_weighted,4.918828983718894,"[0, 0, 0]","[12, 6, 7, 61, 150]","[12, 6, 7, 61, 150]",True,True,4.918828983718894,0,0.0,False,0,False,300,83,0.27666666666666667,85,0,132,0,0.36095909843996843,0.0
7,sybil,0.25,0.0,[91],7020285,clean_oracle,4.918828983718894,"[0, 0, 0]","[12, 6, 7, 61, 150]","[12, 6, 7, 61, 150]",True,True,4.918828983718894,0,0.0,False,0,False,300,83,0.27666666666666667,85,0,132,0,0.36095909843996843,0.0
7,sybil,0.25,0.5,[70],7020335,naive_poisoned,4.918828983718894,"[0, 0, 0]","[12, 6, 7, 61, 150]","[12, 6, 7, 61, 150]",True,True,4.918828983718894,0,0.0,False,0,False,300,83,0.27666666666666667,85,0,132,0,0.36095909843996843,0.0
7,sybil,0.25,0.5,[70],7020335,trust_weighted,4.918828983718894,"[0, 0, 0]","[12, 6, 7, 61, 150]","[12, 6, 7, 61, 150]",True,True,4.918828983718894,0,0.0,False,0,False,300,83,0.27666666666666667,85,0,132,0,0.36095909843996843,0.0
7,sybil,0.25,0.5,[70],7020335,clean_oracle,4.918828983718894,"[0, 0, 0]","[12, 6, 7, 61, 150]","[12, 6, 7, 61, 150]",True,True,4.918828983718894,0,0.0,False,0,False,300,83,0.27666666666666667,85,0,132,0,0.36095909843996843,0.0
7,sybil,0.5,0.0,[91],7020535,naive_poisoned,102.42175497728854,"[2, 2, 0]","[12, 63, 14, ""sybil:91:1"", 150]","[12, 63, 14, 91, 150]",False,False,17.238062179612463,1,0.3333333333333333,True,1,False,300,0,0.0,0,0,0,300,0.0,12.319233195893569
7,sybil,0.5,0.0,[91],7020535,trust_weighted,103.60943008979399,"[0, 0, 1]","[12, 6, 7, 70, 150]","[12, 6, 7, 70, 150]",False,False,17.307464016302223,0,0.0,False,0,False,300,0,0.0,0,0,0,300,0.0,12.388635032583329
7,sybil,0.5,0.0,[91],7020535,clean_oracle,4.918828983718894,"[0, 0, 0]","[12, 6, 7, 61, 150]","[12, 6, 7, 61, 150]",True,True,4.918828983718894,0,0.0,False,0,False,300,83,0.27666666666666667,85,0,132,0,0.36095909843996843,0.0
7,sybil,0.5,0.5,[70],7020585,naive_poisoned,103.0491466822431,"[0, 0, 0]","[12, 6, 7, ""sybil:70:1"", 150]","[12, 6, 7, 70, 150]",False,False,17.307464016302223,1,0.3333333333333333,True,1,False,300,0,0.0,0,0,0,300,0.0,12.388635032583329
7,sybil,0.5,0.5,[70],7020585,trust_weighted,103.43096598801976,"[0, 1, 2]","[12, 6, 51, 91, 150]","[12, 6, 51, 91, 150]",False,False,17.128999914528002,0,0.0,False,0,False,300,0,0.0,0,0,0,300,0.0,12.210170930809108
7,sybil,0.5,0.5,[70],7020585,clean_oracle,4.918828983718894,"[0, 0, 0]","[12, 6, 7, 61, 150]","[12, 6, 7, 61, 150]",True,True,4.918828983718894,0,0.0,False,0,False,300,83,0.27666666666666667,85,0,132,0,0.36095909843996843,0.0
7,sybil,0.75,0.0,[70],7020785,naive_poisoned,102.76900497846766,"[0, 0, 0]","[12, 6, 7, ""sybil:70:1"", 150]","[12, 6, 7, 70, 150]",False,False,17.307464016302223,1,0.3333333333333333,True,1,False,300,0,0.0,0,0,0,300,0.0,12.388635032583329
7,sybil,0.75,0.0,[70],7020785,trust_weighted,111.76900497846766,"[0, 0, 0]","[12, 6, 7, ""sybil:70:1"", 150]","[12, 6, 7, 70, 150]",False,False,17.307464016302223,1,0.3333333333333333,True,1,False,300,0,0.0,0,0,0,300,0.0,12.388635032583329
7,sybil,0.75,0.0,[70],7020785,clean_oracle,4.918828983718894,"[0, 0, 0]","[12, 6, 7, 61, 150]","[12, 6, 7, 61, 150]",True,True,4.918828983718894,0,0.0,False,0,False,300,83,0.27666666666666667,85,0,132,0,0.36095909843996843,0.0
7,sybil,0.75,0.5,[61],7020835,naive_poisoned,3.14545716047107,"[0, 0, 0]","[12, 6, 7, ""sybil:61:0"", 150]","[12, 6, 7, 61, 150]",True,True,4.918828983718894,1,0.3333333333333333,True,1,False,300,72,0.24,81,14,133,0,0.3604728408604263,0.0
7,sybil,0.75,0.5,[61],7020835,trust_weighted,7.64545716047107,"[0, 0, 0]","[12, 6, 7, ""sybil:61:0"", 150]","[12, 6, 7, 61, 150]",True,True,4.918828983718894,1,0.3333333333333333,True,1,False,300,72,0.24,81,14,133,0,0.3604728408604263,0.0
7,sybil,0.75,0.5,[61],7020835,clean_oracle,4.918828983718894,"[0, 0, 0]","[12, 6, 7, 61, 150]","[12, 6, 7, 61, 150]",True,True,4.918828983718894,1,0.3333333333333333,True,0,False,300,72,0.24,81,14,133,0,0.3604728408604263,0.0
7,sybil,1.0,0.0,[91],7021035,naive_poisoned,101.30348170147285,"[2, 2, 0]","[12, 63, 14, ""sybil:91:1"", 150]","[12, 63, 14, 91, 150]",False,False,17.238062179612463,1,0.3333333333333333,True,1,False,300,0,0.0,0,0,0,300,0.0,12.319233195893569
7,sybil,1.0,0.0,[91],7021035,trust_weighted,113.30348170147286,"[2, 2, 0]","[12, 63, 14, ""sybil:91:1"", 150]","[12, 63, 14, 91, 150]",False,False,17.238062179612463,1,0.3333333333333333,True,1,False,300,0,0.0,0,0,0,300,0.0,12.319233195893569
7,sybil,1.0,0.0,[91],7021035,clean_oracle,4.918828983718894,"[0, 0, 0]","[12, 6, 7, 61, 150]","[12, 6, 7, 61, 150]",True,True,4.918828983718894,0,0.0,False,0,False,300,83,0.27666666666666667,85,0,132,0,0.36095909843996843,0.0
7,sybil,1.0,0.5,[70],7021085,naive_poisoned,102.48886327469222,"[0, 0, 0]","[12, 6, 7, ""sybil:70:1"", 150]","[12, 6, 7, 70, 150]",False,False,17.307464016302223,1,0.3333333333333333,True,1,False,300,0,0.0,0,0,0,300,0.0,12.388635032583329
7,sybil,1.0,0.5,[70],7021085,trust_weighted,108.48886327469222,"[0, 0, 0]","[12, 6, 7, ""sybil:70:1"", 150]","[12, 6, 7, 70, 150]",False,False,17.307464016302223,1,0.3333333333333333,True,1,False,300,0,0.0,0,0,0,300,0.0,12.388635032583329
7,sybil,1.0,0.5,[70],7021085,clean_oracle,4.918828983718894,"[0, 0, 0]","[12, 6, 7, 61, 150]","[12, 6, 7, 61, 150]",True,True,4.918828983718894,0,0.0,False,0,False,300,83,0.27666666666666667,85,0,132,0,0.36095909843996843,0.0
8,sinkhole,0.25,0.0,[87],8000274,naive_poisoned,4.887938724789011,"[0, 0, 0]","[52, 27, 146, 115, 150]","[52, 27, 146, 115, 150]",True,True,4.887938724789011,0,0.0,False,0,False,300,70,0.23333333333333334,76,0,154,0,0.32223833545506686,0.0
8,sinkhole,0.25,0.0,[87],8000274,trust_weighted,4.887938724789011,"[0, 0, 0]","[52, 27, 146, 115, 150]","[52, 27, 146, 115, 150]",True,True,4.887938724789011,0,0.0,False,0,False,300,70,0.23333333333333334,76,0,154,0,0.32223833545506686,0.0
8,sinkhole,0.25,0.0,[87],8000274,clean_oracle,4.887938724789011,"[0, 0, 0]","[52, 27, 146, 115, 150]","[52, 27, 146, 115, 150]",True,True,4.887938724789011,0,0.0,False,0,False,300,70,0.23333333333333334,76,0,154,0,0.32223833545506686,0.0
8,sinkhole,0.25,0.5,[9],8000324,naive_poisoned,4.887938724789011,"[0, 0, 0]","[52, 27, 146, 115, 150]","[52, 27, 146, 115, 150]",True,True,4.887938724789011,0,0.0,False,0,False,300,70,0.23333333333333334,76,0,154,0,0.32223833545506686,0.0
8,sinkhole,0.25,0.5,[9],8000324,trust_weighted,4.887938724789011,"[0, 0, 0]","[52, 27, 146, 115, 150]","[52, 27, 146, 115, 150]",True,True,4.887938724789011,0,0.0,False,0,False,300,70,0.23333333333333334,76,0,154,0,0.32223833545506686,0.0
8,sinkhole,0.25,0.5,[9],8000324,clean_oracle,4.887938724789011,"[0, 0, 0]","[52, 27, 146, 115, 150]","[52, 27, 146, 115, 150]",True,True,4.887938724789011,0,0.0,False,0,False,300,70,0.23333333333333334,76,0,154,0,0.32223833545506686,0.0
8,sinkhole,0.5,0.0,[87],8000524,naive_poisoned,4.887938724789011,"[0, 0, 0]","[52, 27, 146, 115, 150]","[52, 27, 146, 115, 150]",True,True,4.887938724789011,0,0.0,False,0,False,300,70,0.23333333333333334,76,0,154,0,0.32223833545506686,0.0
8,sinkhole,0.5,0.0,[87],8000524,trust_weighted,4.887938724789011,"[0, 0, 0]","[52, 27, 146, 115, 150]","[52, 27, 146, 115, 150]",True,True,4.887938724789011,0,0.0,False,0,False,300,70,0.23333333333333334,76,0,154,0,0.32223833545506686,0.0
8,sinkhole,0.5,0.0,[87],8000524,clean_oracle,4.887938724789011,"[0, 0, 0]","[52, 27, 146, 115, 150]","[52, 27, 146, 115, 150]",True,True,4.887938724789011,0,0.0,False,0,False,300,70,0.23333333333333334,76,0,154,0,0.32223833545506686,0.0
8,sinkhole,0.5,0.5,[9],8000574,naive_poisoned,4.887938724789011,"[0, 0, 0]","[52, 27, 146, 115, 150]","[52, 27, 146, 115, 150]",True,True,4.887938724789011,0,0.0,False,0,False,300,70,0.23333333333333334,76,0,154,0,0.32223833545506686,0.0
8,sinkhole,0.5,0.5,[9],8000574,trust_weighted,4.887938724789011,"[0, 0, 0]","[52, 27, 146, 115, 150]","[52, 27, 146, 115, 150]",True,True,4.887938724789011,0,0.0,False,0,False,300,70,0.23333333333333334,76,0,154,0,0.32223833545506686,0.0
8,sinkhole,0.5,0.5,[9],8000574,clean_oracle,4.887938724789011,"[0, 0, 0]","[52, 27, 146, 115, 150]","[52, 27, 146, 115, 150]",True,True,4.887938724789011,0,0.0,False,0,False,300,70,0.23333333333333334,76,0,154,0,0.32223833545506686,0.0
8,sinkhole,0.75,0.0,"[87, 27]",8000774,naive_poisoned,3.1132999886991515,"[0, 0, 0]","[52, 27, 146, 115, 150]","[52, 27, 146, 115, 150]",True,True,4.887938724789011,1,0.3333333333333333,True,0,False,300,59,0.19666666666666666,78,20,143,0,0.3103142425583645,0.0
8,sinkhole,0.75,0.0,"[87, 27]",8000774,trust_weighted,4.905246699474906,"[2, 0, 0]","[52, 8, 146, 115, 150]","[52, 8, 146, 115, 150]",True,True,4.905246699474906,0,0.0,False,0,False,300,89,0.2966666666666667,115,0,96,0,0.3926025798661339,0.01730797468589529
8,sinkhole,0.75,0.0,"[87, 27]",8000774,clean_oracle,4.887938724789011,"[0, 0, 0]","[52, 27, 146, 115, 150]","[52, 27, 146, 115, 150]",True,True,4.887938724789011,1,0.3333333333333333,True,0,False,300,59,0.19666666666666666,78,20,143,0,0.3103142425583645,0.0
8,sinkhole,0.75,0.5,"[115, 87]",8000824,naive_poisoned,3.1799211194667003,"[0, 0, 0]","[52, 27, 146, 115, 150]","[52, 27, 146, 115, 150]",True,True,4.887938724789011,1,0.3333333333333333,True,0,False,300,59,0.19666666666666666,71,14,156,0,0.31801717410082553,0.0
8,sinkhole,0.75,0.5,"[115, 87]",8000824,trust_weighted,7.679921119466701,"[0, 0, 0]","[52, 27, 146, 115, 150]","[52, 27, 146, 115, 150]",True,True,4.887938724789011,1,0.3333333333333333,True,0,False,300,59,0.19666666666666666,71,14,156,0,0.31801717410082553,0.0
8,sinkhole,0.75,0.5,"[115, 87]",8000824,clean_oracle,4.887938724789011,"[0, 0, 0]","[52, 27, 146, 115, 150]","[52, 27, 146, 115, 150]",True,True,4.887938724789011,1,0.3333333333333333,True,0,False,300,59,0.19666666666666666,71,14,156,0,0.31801717410082553,0.0
8,sinkhole,1.0,0.0,"[46, 149]",8001024,naive_poisoned,4.887938724789011,"[0, 0, 0]","[52, 27, 146, 115, 150]","[52, 27, 146, 115, 150]",True,True,4.887938724789011,0,0.0,False,0,False,300,70,0.23333333333333334,76,0,154,0,0.32223833545506686,0.0
8,sinkhole,1.0,0.0,"[46, 149]",8001024,trust_weighted,4.887938724789011,"[0, 0, 0]","[52, 27, 146, 115, 150]","[52, 27, 146, 115, 150]",True,True,4.887938724789011,0,0.0,False,0,False,300,70,0.23333333333333334,76,0,154,0,0.32223833545506686,0.0
8,sinkhole,1.0,0.0,"[46, 149]",8001024,clean_oracle,4.887938724789011,"[0, 0, 0]","[52, 27, 146, 115, 150]","[52, 27, 146, 115, 150]",True,True,4.887938724789011,0,0.0,False,0,False,300,70,0.23333333333333334,76,0,154,0,0.32223833545506686,0.0
8,sinkhole,1.0,0.5,"[46, 146]",8001074,naive_poisoned,2.5558478590815374,"[0, 0, 0]","[52, 27, 146, 115, 150]","[52, 27, 146, 115, 150]",True,True,4.887938724789011,1,0.3333333333333333,True,0,False,300,55,0.18333333333333332,74,14,157,0,0.30640081770856575,0.0
8,sinkhole,1.0,0.5,"[46, 146]",8001074,trust_weighted,8.555847859081538,"[0, 0, 0]","[52, 27, 146, 115, 150]","[52, 27, 146, 115, 150]",True,True,4.887938724789011,1,0.3333333333333333,True,0,False,300,55,0.18333333333333332,74,14,157,0,0.30640081770856575,0.0
8,sinkhole,1.0,0.5,"[46, 146]",8001074,clean_oracle,4.887938724789011,"[0, 0, 0]","[52, 27, 146, 115, 150]","[52, 27, 146, 115, 150]",True,True,4.887938724789011,1,0.3333333333333333,True,0,False,300,55,0.18333333333333332,74,14,157,0,0.30640081770856575,0.0
8,wormhole,0.25,0.0,"[46, 87]",8010281,naive_poisoned,4.259017585426013,"[0, 2, 2]","[52, 27, 46, 87, 150]","[52, 27, 46, 87, 150]",True,False,16.94476378165101,2,0.6666666666666666,True,0,True,300,0,0.0,0,0,0,300,0.0,12.056825056861998
8,wormhole,0.25,0.0,"[46, 87]",8010281,trust_weighted,4.887938724789011,"[0, 0, 0]","[52, 27, 146, 115, 150]","[52, 27, 146, 115, 150]",True,True,4.887938724789011,0,0.0,False,0,False,300,70,0.23333333333333334,76,0,154,0,0.32223833545506686,0.0
8,wormhole,0.25,0.0,"[46, 87]",8010281,clean_oracle,4.887938724789011,"[0, 0, 0]","[52, 27, 146, 115, 150]","[52, 27, 146, 115, 150]",True,True,4.887938724789011,0,0.0,False,0,False,300,70,0.23333333333333334,76,0,154,0,0.32223833545506686,0.0
8,wormhole,0.25,0.5,"[46, 87]",8010331,naive_poisoned,4.259017585426013,"[0, 2, 2]","[52, 27, 46, 87, 150]","[52, 27, 46, 87, 150]",True,False,16.94476378165101,2,0.6666666666666666,True,0,True,300,0,0.0,0,0,0,300,0.0,12.056825056861998
8,wormhole,0.25,0.5,"[46, 87]",8010331,trust_weighted,4.887938724789011,"[0, 0, 0]","[52, 27, 146, 115, 150]","[52, 27, 146, 115, 150]",True,True,4.887938724789011,0,0.0,False,0,False,300,70,0.23333333333333334,76,0,154,0,0.32223833545506686,0.0
8,wormhole,0.25,0.5,"[46, 87]",8010331,clean_oracle,4.887938724789011,"[0, 0, 0]","[52, 27, 146, 115, 150]","[52, 27, 146, 115, 150]",True,True,4.887938724789011,0,0.0,False,0,False,300,70,0.23333333333333334,76,0,154,0,0.32223833545506686,0.0
8,wormhole,0.5,0.0,"[46, 87]",8010531,naive_poisoned,4.016359159080736,"[0, 2, 2]","[52, 27, 46, 87, 150]","[52, 27, 46, 87, 150]",True,False,16.94476378165101,2,0.6666666666666666,True,0,True,300,0,0.0,0,0,0,300,0.0,12.056825056861998
8,wormhole,0.5,0.0,"[46, 87]",8010531,trust_weighted,4.887938724789011,"[0, 0, 0]","[52, 27, 146, 115, 150]","[52, 27, 146, 115, 150]",True,True,4.887938724789011,0,0.0,False,0,False,300,70,0.23333333333333334,76,0,154,0,0.32223833545506686,0.0
8,wormhole,0.5,0.0,"[46, 87]",8010531,clean_oracle,4.887938724789011,"[0, 0, 0]","[52, 27, 146, 115, 150]","[52, 27, 146, 115, 150]",True,True,4.887938724789011,0,0.0,False,0,False,300,70,0.23333333333333334,76,0,154,0,0.32223833545506686,0.0
8,wormhole,0.5,0.5,"[46, 87]",8010581,naive_poisoned,4.016359159080736,"[0, 2, 2]","[52, 27, 46, 87, 150]","[52, 27, 46, 87, 150]",True,False,16.94476378165101,2,0.6666666666666666,True,0,True,300,0,0.0,0,0,0,300,0.0,12.056825056861998
8,wormhole,0.5,0.5,"[46, 87]",8010581,trust_weighted,4.887938724789011,"[0, 0, 0]","[52, 27, 146, 115, 150]","[52, 27, 146, 115, 150]",True,True,4.887938724789011,0,0.0,False,0,False,300,70,0.23333333333333334,76,0,154,0,0.32223833545506686,0.0
8,wormhole,0.5,0.5,"[46, 87]",8010581,clean_oracle,4.887938724789011,"[0, 0, 0]","[52, 27, 146, 115, 150]","[52, 27, 146, 115, 150]",True,True,4.887938724789011,0,0.0,False,0,False,300,70,0.23333333333333334,76,0,154,0,0.32223833545506686,0.0
8,wormhole,0.75,0.0,"[46, 87]",8010781,naive_poisoned,3.77370073273546,"[0, 2, 2]","[52, 27, 46, 87, 150]","[52, 27, 46, 87, 150]",True,False,16.94476378165101,2,0.6666666666666666,True,0,True,300,0,0.0,0,0,0,300,0.0,12.056825056861998
8,wormhole,0.75,0.0,"[46, 87]",8010781,trust_weighted,4.887938724789011,"[0, 0, 0]","[52, 27, 146, 115, 150]","[52, 27, 146, 115, 150]",True,True,4.887938724789011,0,0.0,False,0,False,300,70,0.23333333333333334,76,0,154,0,0.32223833545506686,0.0
8,wormhole,0.75,0.0,"[46, 87]",8010781,clean_oracle,4.887938724789011,"[0, 0, 0]","[52, 27, 146, 115, 150]","[52, 27, 146, 115, 150]",True,True,4.887938724789011,0,0.0,False,0,False,300,70,0.23333333333333334,76,0,154,0,0.32223833545506686,0.0
8,wormhole,0.75,0.5,"[46, 149]",8010831,naive_poisoned,3.823340202512144,"[0, 2, 1]","[52, 27, 46, 149, 150]","[52, 27, 46, 149, 150]",True,False,16.99440325142769,2,0.6666666666666666,True,0,True,300,0,0.0,0,0,0,300,0.0,12.10646452663868
8,wormhole,0.75,0.5,"[46, 149]",8010831,trust_weighted,4.887938724789011,"[0, 0, 0]","[52, 27, 146, 115, 150]","[52, 27, 146, 115, 150]",True,True,4.887938724789011,0,0.0,False,0,False,300,70,0.23333333333333334,76,0,154,0,0.32223833545506686,0.0
8,wormhole,0.75,0.5,"[46, 149]",8010831,clean_oracle,4.887938724789011,"[0, 0, 0]","[52, 27, 146, 115, 150]","[52, 27, 146, 115, 150]",True,True,4.887938724789011,0,0.0,False,0,False,300,70,0.23333333333333334,76,0,154,0,0.32223833545506686,0.0
8,wormhole,1.0,0.0,"[46, 149]",8011031,naive_poisoned,3.5806817761668674,"[0, 2, 1]","[52, 27, 46, 149, 150]","[52, 27, 46, 149, 150]",True,False,16.99440325142769,2,0.6666666666666666,True,0,True,300,0,0.0,0,0,0,300,0.0,12.10646452663868
8,wormhole,1.0,0.0,"[46, 149]",8011031,trust_weighted,4.887938724789011,"[0, 0, 0]","[52, 27, 146, 115, 150]","[52, 27, 146, 115, 150]",True,True,4.887938724789011,0,0.0,False,0,False,300,70,0.23333333333333334,76,0,154,0,0.32223833545506686,0.0
8,wormhole,1.0,0.0,"[46, 149]",8011031,clean_oracle,4.887938724789011,"[0, 0, 0]","[52, 27, 146, 115, 150]","[52, 27, 146, 115, 150]",True,True,4.887938724789011,0,0.0,False,0,False,300,70,0.23333333333333334,76,0,154,0,0.32223833545506686,0.0
8,wormhole,1.0,0.5,"[46, 149]",8011081,naive_poisoned,3.5806817761668674,"[0, 2, 1]","[52, 27, 46, 149, 150]","[52, 27, 46, 149, 150]",True,False,16.99440325142769,2,0.6666666666666666,True,0,True,300,0,0.0,0,0,0,300,0.0,12.10646452663868
8,wormhole,1.0,0.5,"[46, 149]",8011081,trust_weighted,4.887938724789011,"[0, 0, 0]","[52, 27, 146, 115, 150]","[52, 27, 146, 115, 150]",True,True,4.887938724789011,0,0.0,False,0,False,300,70,0.23333333333333334,76,0,154,0,0.32223833545506686,0.0
8,wormhole,1.0,0.5,"[46, 149]",8011081,clean_oracle,4.887938724789011,"[0, 0, 0]","[52, 27, 146, 115, 150]","[52, 27, 146, 115, 150]",True,True,4.887938724789011,0,0.0,False,0,False,300,70,0.23333333333333334,76,0,154,0,0.32223833545506686,0.0
8,sybil,0.25,0.0,[115],8020288,naive_poisoned,4.318599523014908,"[0, 0, 0]","[52, 27, 146, ""sybil:115:0"", 150]","[52, 27, 146, 115, 150]",True,True,4.887938724789011,1,0.3333333333333333,True,1,False,300,66,0.22,72,7,155,0,0.3209187912975384,0.0
8,sybil,0.25,0.0,[115],8020288,trust_weighted,7.318599523014909,"[0, 0, 0]","[52, 27, 146, ""sybil:115:0"", 150]","[52, 27, 146, 115, 150]",True,True,4.887938724789011,1,0.3333333333333333,True,1,False,300,66,0.22,72,7,155,0,0.3209187912975384,0.0
8,sybil,0.25,0.0,[115],8020288,clean_oracle,4.887938724789011,"[0, 0, 0]","[52, 27, 146, 115, 150]","[52, 27, 146, 115, 150]",True,True,4.887938724789011,1,0.3333333333333333,True,0,False,300,66,0.22,72,7,155,0,0.3209187912975384,0.0
8,sybil,0.25,0.5,[149],8020338,naive_poisoned,4.887938724789011,"[0, 0, 0]","[52, 27, 146, 115, 150]","[52, 27, 146, 115, 150]",True,True,4.887938724789011,0,0.0,False,0,False,300,70,0.23333333333333334,76,0,154,0,0.32223833545506686,0.0
8,sybil,0.25,0.5,[149],8020338,trust_weighted,4.887938724789011,"[0, 0, 0]","[52, 27, 146, 115, 150]","[52, 27, 146, 115, 150]",True,True,4.887938724789011,0,0.0,False,0,False,300,70,0.23333333333333334,76,0,154,0,0.32223833545506686,0.0
8,sybil,0.25,0.5,[149],8020338,clean_oracle,4.887938724789011,"[0, 0, 0]","[52, 27, 146, 115, 150]","[52, 27, 146, 115, 150]",True,True,4.887938724789011,0,0.0,False,0,False,300,70,0.23333333333333334,76,0,154,0,0.32223833545506686,0.0
8,sybil,0.5,0.0,[115],8020538,naive_poisoned,3.7492603212408047,"[0, 0, 0]","[52, 27, 146, ""sybil:115:0"", 150]","[52, 27, 146, 115, 150]",True,True,4.887938724789011,1,0.3333333333333333,True,1,False,300,60,0.2,71,13,156,0,0.3161514981955218,0.0
8,sybil,0.5,0.0,[115],8020538,trust_weighted,9.749260321240804,"[0, 0, 0]","[52, 27, 146, ""sybil:115:0"", 150]","[52, 27, 146, 115, 150]",True,True,4.887938724789011,1,0.3333333333333333,True,1,False,300,60,0.2,71,13,156,0,0.3161514981955218,0.0
8,sybil,0.5,0.0,[115],8020538,clean_oracle,4.887938724789011,"[0, 0, 0]","[52, 27, 146, 115, 150]","[52, 27, 146, 115, 150]",True,True,4.887938724789011,1,0.3333333333333333,True,0,False,300,60,0.2,71,13,156,0,0.3161514981955218,0.0
8,sybil,0.5,0.5,[87],8020588,naive_poisoned,102.47029312255212,"[0, 1, 0]","[52, 27, 9, ""sybil:87:1"", 150]","[52, 27, 9, 87, 150]",False,False,17.049254975225388,1,0.3333333333333333,True,1,False,300,0,0.0,0,0,0,300,0.0,12.161316250436377
8,sybil,0.5,0.5,[87],8020588,trust_weighted,103.52959579167313,"[0, 2, 1]","[52, 27, 46, 149, 150]","[52, 27, 46, 149, 150]",False,False,16.99440325142769,0,0.0,False,0,False,300,0,0.0,0,0,0,300,0.0,12.10646452663868
8,sybil,0.5,0.5,[87],8020588,clean_oracle,4.887938724789011,"[0, 0, 0]","[52, 27, 146, 115, 150]","[52, 27, 146, 115, 150]",True,True,4.887938724789011,0,0.0,False,0,False,300,70,0.23333333333333334,76,0,154,0,0.32223833545506686,0.0
8,sybil,0.75,0.0,[149],8020788,naive_poisoned,101.915857364087,"[0, 1, 0]","[52, 27, 9, ""sybil:149:1"", 150]","[52, 27, 9, 149, 150]",False,False,17.058442585640112,1,0.3333333333333333,True,1,False,300,0,0.0,0,0,0,300,0.0,12.1705038608511
8,sybil,0.75,0.0,[149],8020788,trust_weighted,110.915857364087,"[0, 1, 0]","[52, 27, 9, ""sybil:149:1"", 150]","[52, 27, 9, 149, 150]",False,False,17.058442585640112,1,0.3333333333333333,True,1,False,300,0,0.0,0,0,0,300,0.0,12.1705038608511
8,sybil,0.75,0.0,[149],8020788,clean_oracle,4.887938724789011,"[0, 0, 0]","[52, 27, 146, 115, 150]","[52, 27, 146, 115, 150]",True,True,4.887938724789011,0,0.0,False,0,False,300,70,0.23333333333333334,76,0,154,0,0.32223833545506686,0.0
8,sybil,0.75,0.5,[115],8020838,naive_poisoned,3.1799211194667003,"[0, 0, 0]","[52, 27, 146, ""sybil:115:0"", 150]","[52, 27, 146, 115, 150]",True,True,4.887938724789011,1,0.3333333333333333,True,1,False,300,55,0.18333333333333332,72,16,157,0,0.31607532898287793,0.0
8,sybil,0.75,0.5,[115],8020838,trust_weighted,7.679921119466701,"[0, 0, 0]","[52, 27, 146, ""sybil:115:0"", 150]","[52, 27, 146, 115, 150]",True,True,4.887938724789011,1,0.3333333333333333,True,1,False,300,55,0.18333333333333332,72,16,157,0,0.31607532898287793,0.0
8,sybil,0.75,0.5,[115],8020838,clean_oracle,4.887938724789011,"[0, 0, 0]","[52, 27, 146, 115, 150]","[52, 27, 146, 115, 150]",True,True,4.887938724789011,1,0.3333333333333333,True,0,False,300,55,0.18333333333333332,72,16,157,0,0.31607532898287793,0.0
8,sybil,1.0,0.0,[115],8021038,naive_poisoned,2.610581917692597,"[0, 0, 0]","[52, 27, 146, ""sybil:115:0"", 150]","[52, 27, 146, 115, 150]",True,True,4.887938724789011,1,0.3333333333333333,True,1,False,300,51,0.17,71,21,157,0,0.3136573146522803,0.0
8,sybil,1.0,0.0,[115],8021038,trust_weighted,14.610581917692597,"[0, 0, 0]","[52, 27, 146, ""sybil:115:0"", 150]","[52, 27, 146, 115, 150]",True,True,4.887938724789011,1,0.3333333333333333,True,1,False,300,51,0.17,71,21,157,0,0.3136573146522803,0.0
8,sybil,1.0,0.0,[115],8021038,clean_oracle,4.887938724789011,"[0, 0, 0]","[52, 27, 146, 115, 150]","[52, 27, 146, 115, 150]",True,True,4.887938724789011,1,0.3333333333333333,True,0,False,300,51,0.17,71,21,157,0,0.3136573146522803,0.0
8,sybil,1.0,0.5,[149],8021088,naive_poisoned,101.35659811015414,"[0, 1, 0]","[52, 27, 9, ""sybil:149:1"", 150]","[52, 27, 9, 149, 150]",False,False,17.058442585640112,1,0.3333333333333333,True,1,False,300,0,0.0,0,0,0,300,0.0,12.1705038608511
8,sybil,1.0,0.5,[149],8021088,trust_weighted,107.35659811015414,"[0, 1, 0]","[52, 27, 9, ""sybil:149:1"", 150]","[52, 27, 9, 149, 150]",False,False,17.058442585640112,1,0.3333333333333333,True,1,False,300,0,0.0,0,0,0,300,0.0,12.1705038608511
8,sybil,1.0,0.5,[149],8021088,clean_oracle,4.887938724789011,"[0, 0, 0]","[52, 27, 146, 115, 150]","[52, 27, 146, 115, 150]",True,True,4.887938724789011,0,0.0,False,0,False,300,70,0.23333333333333334,76,0,154,0,0.32223833545506686,0.0
9,sinkhole,0.25,0.0,[142],9000277,naive_poisoned,4.907922344184111,"[0, 0, 0]","[4, 68, 145, 50, 150]","[4, 68, 145, 50, 150]",True,True,4.907922344184111,0,0.0,False,0,False,300,60,0.2,71,0,169,0,0.3282602343141878,0.0
9,sinkhole,0.25,0.0,[142],9000277,trust_weighted,4.907922344184111,"[0, 0, 0]","[4, 68, 145, 50, 150]","[4, 68, 145, 50, 150]",True,True,4.907922344184111,0,0.0,False,0,False,300,60,0.2,71,0,169,0,0.3282602343141878,0.0
9,sinkhole,0.25,0.0,[142],9000277,clean_oracle,4.907922344184111,"[0, 0, 0]","[4, 68, 145, 50, 150]","[4, 68, 145, 50, 150]",True,True,4.907922344184111,0,0.0,False,0,False,300,60,0.2,71,0,169,0,0.3282602343141878,0.0
9,sinkhole,0.25,0.5,[68],9000327,naive_poisoned,4.328555509874819,"[0, 0, 0]","[4, 68, 145, 50, 150]","[4, 68, 145, 50, 150]",True,True,4.907922344184111,1,0.3333333333333333,True,0,False,300,64,0.21333333333333335,62,2,172,0,0.3339211242563245,0.0
9,sinkhole,0.25,0.5,[68],9000327,trust_weighted,5.828555509874819,"[0, 0, 0]","[4, 68, 145, 50, 150]","[4, 68, 145, 50, 150]",True,True,4.907922344184111,1,0.3333333333333333,True,0,False,300,64,0.21333333333333335,62,2,172,0,0.3339211242563245,0.0
9,sinkhole,0.25,0.5,[68],9000327,clean_oracle,4.907922344184111,"[0, 0, 0]","[4, 68, 145, 50, 150]","[4, 68, 145, 50, 150]",True,True,4.907922344184111,1,0.3333333333333333,True,0,False,300,64,0.21333333333333335,62,2,172,0,0.3339211242563245,0.0
9,sinkhole,0.5,0.0,[68],9000527,naive_poisoned,3.749188675565528,"[0, 0, 0]","[4, 68, 145, 50, 150]","[4, 68, 145, 50, 150]",True,True,4.907922344184111,1,0.3333333333333333,True,0,False,300,65,0.21666666666666667,62,6,167,0,0.3342432938465336,0.0
9,sinkhole,0.5,0.0,[68],9000527,trust_weighted,9.749188675565527,"[0, 0, 0]","[4, 68, 145, 50, 150]","[4, 68, 145, 50, 150]",True,True,4.907922344184111,1,0.3333333333333333,True,0,False,300,65,0.21666666666666667,62,6,167,0,0.3342432938465336,0.0
9,sinkhole,0.5,0.0,[68],9000527,clean_oracle,4.907922344184111,"[0, 0, 0]","[4, 68, 145, 50, 150]","[4, 68, 145, 50, 150]",True,True,4.907922344184111,1,0.3333333333333333,True,0,False,300,65,0.21666666666666667,62,6,167,0,0.3342432938465336,0.0
9,sinkhole,0.5,0.5,[115],9000577,naive_poisoned,4.907922344184111,"[0, 0, 0]","[4, 68, 145, 50, 150]","[4, 68, 145, 50, 150]",True,True,4.907922344184111,0,0.0,False,0,False,300,60,0.2,71,0,169,0,0.3282602343141878,0.0
9,sinkhole,0.5,0.5,[115],9000577,trust_weighted,4.907922344184111,"[0, 0, 0]","[4, 68, 145, 50, 150]","[4, 68, 145, 50, 150]",True,True,4.907922344184111,0,0.0,False,0,False,300,60,0.2,71,0,169,0,0.3282602343141878,0.0
9,sinkhole,0.5,0.5,[115],9000577,clean_oracle,4.907922344184111,"[0, 0, 0]","[4, 68, 145, 50, 150]","[4, 68, 145, 50, 150]",True,True,4.907922344184111,0,0.0,False,0,False,300,60,0.2,71,0,169,0,0.3282602343141878,0.0
9,sinkhole,0.75,0.0,"[13, 142]",9000777,naive_poisoned,4.907922344184111,"[0, 0, 0]","[4, 68, 145, 50, 150]","[4, 68, 145, 50, 150]",True,True,4.907922344184111,0,0.0,False,0,False,300,60,0.2,71,0,169,0,0.3282602343141878,0.0
9,sinkhole,0.75,0.0,"[13, 142]",9000777,trust_weighted,4.907922344184111,"[0, 0, 0]","[4, 68, 145, 50, 150]","[4, 68, 145, 50, 150]",True,True,4.907922344184111,0,0.0,False,0,False,300,60,0.2,71,0,169,0,0.3282602343141878,0.0
9,sinkhole,0.75,0.0,"[13, 142]",9000777,clean_oracle,4.907922344184111,"[0, 0, 0]","[4, 68, 145, 50, 150]","[4, 68, 145, 50, 150]",True,True,4.907922344184111,0,0.0,False,0,False,300,60,0.2,71,0,169,0,0.3282602343141878,0.0
9,sinkhole,0.75,0.5,"[50, 13]",9000827,naive_poisoned,3.1491281768808057,"[0, 0, 0]","[4, 68, 145, 50, 150]","[4, 68, 145, 50, 150]",True,True,4.907922344184111,1,0.3333333333333333,True,0,False,300,56,0.18666666666666668,61,13,170,0,0.3258773024388404,0.0
9,sinkhole,0.75,0.5,"[50, 13]",9000827,trust_weighted,7.649128176880805,"[0, 0, 0]","[4, 68, 145, 50, 150]","[4, 68, 145, 50, 150]",True,True,4.907922344184111,1,0.3333333333333333,True,0,False,300,56,0.18666666666666668,61,13,170,0,0.3258773024388404,0.0
9,sinkhole,0.75,0.5,"[50, 13]",9000827,clean_oracle,4.907922344184111,"[0, 0, 0]","[4, 68, 145, 50, 150]","[4, 68, 145, 50, 150]",True,True,4.907922344184111,1,0.3333333333333333,True,0,False,300,56,0.18666666666666668,61,13,170,0,0.3258773024388404,0.0
9,sinkhole,1.0,0.0,"[76, 39]",9001027,naive_poisoned,4.907922344184111,"[0, 0, 0]","[4, 68, 145, 50, 150]","[4, 68, 145, 50, 150]",True,True,4.907922344184111,0,0.0,False,0,False,300,60,0.2,71,0,169,0,0.3282602343141878,0.0
9,sinkhole,1.0,0.0,"[76, 39]",9001027,trust_weighted,4.907922344184111,"[0, 0, 0]","[4, 68, 145, 50, 150]","[4, 68, 145, 50, 150]",True,True,4.907922344184111,0,0.0,False,0,False,300,60,0.2,71,0,169,0,0.3282602343141878,0.0
9,sinkhole,1.0,0.0,"[76, 39]",9001027,clean_oracle,4.907922344184111,"[0, 0, 0]","[4, 68, 145, 50, 150]","[4, 68, 145, 50, 150]",True,True,4.907922344184111,0,0.0,False,0,False,300,60,0.2,71,0,169,0,0.3282602343141878,0.0
9,sinkhole,1.0,0.5,"[15, 115]",9001077,naive_poisoned,4.907922344184111,"[0, 0, 0]","[4, 68, 145, 50, 150]","[4, 68, 145, 50, 150]",True,True,4.907922344184111,0,0.0,False,0,False,300,60,0.2,71,0,169,0,0.3282602343141878,0.0
9,sinkhole,1.0,0.5,"[15, 115]",9001077,trust_weighted,4.907922344184111,"[0, 0, 0]","[4, 68, 145, 50, 150]","[4, 68, 145, 50, 150]",True,True,4.907922344184111,0,0.0,False,0,False,300,60,0.2,71,0,169,0,0.3282602343141878,0.0
9,sinkhole,1.0,0.5,"[15, 115]",9001077,clean_oracle,4.907922344184111,"[0, 0, 0]","[4, 68, 145, 50, 150]","[4, 68, 145, 50, 150]",True,True,4.907922344184111,0,0.0,False,0,False,300,60,0.2,71,0,169,0,0.3282602343141878,0.0
9,wormhole,0.25,0.0,"[76, 115]",9010284,naive_poisoned,4.284050969118566,"[0, 2, 1]","[4, 68, 76, 115, 150]","[4, 68, 76, 115, 150]",True,False,17.091179481074164,2,0.6666666666666666,True,0,True,300,0,0.0,0,0,0,300,0.0,12.183257136890052
9,wormhole,0.25,0.0,"[76, 115]",9010284,trust_weighted,4.907922344184111,"[0, 0, 0]","[4, 68, 145, 50, 150]","[4, 68, 145, 50, 150]",True,True,4.907922344184111,0,0.0,False,0,False,300,60,0.2,71,0,169,0,0.3282602343141878,0.0
9,wormhole,0.25,0.0,"[76, 115]",9010284,clean_oracle,4.907922344184111,"[0, 0, 0]","[4, 68, 145, 50, 150]","[4, 68, 145, 50, 150]",True,True,4.907922344184111,0,0.0,False,0,False,300,60,0.2,71,0,169,0,0.3282602343141878,0.0
9,wormhole,0.25,0.5,"[76, 50]",9010334,naive_poisoned,4.361101441254586,"[0, 2, 0]","[4, 68, 76, 50, 150]","[4, 68, 76, 50, 150]",True,False,17.168229953210187,2,0.6666666666666666,True,0,True,300,0,0.0,0,0,0,300,0.0,12.260307609026075
9,wormhole,0.25,0.5,"[76, 50]",9010334,trust_weighted,6.407922344184111,"[0, 0, 0]","[4, 68, 145, 50, 150]","[4, 68, 145, 50, 150]",True,True,4.907922344184111,1,0.3333333333333333,True,0,False,300,63,0.21,64,3,170,0,0.32901031998009955,0.0
9,wormhole,0.25,0.5,"[76, 50]",9010334,clean_oracle,4.907922344184111,"[0, 0, 0]","[4, 68, 145, 50, 150]","[4, 68, 145, 50, 150]",True,True,4.907922344184111,1,0.3333333333333333,True,0,False,300,63,0.21,64,3,170,0,0.32901031998009955,0.0
9,wormhole,0.5,0.0,"[76, 115]",9010534,naive_poisoned,4.041062327029364,"[0, 2, 1]","[4, 68, 76, 115, 150]","[4, 68, 76, 115, 150]",True,False,17.091179481074164,2,0.6666666666666666,True,0,True,300,0,0.0,0,0,0,300,0.0,12.183257136890052
9,wormhole,0.5,0.0,"[76, 115]",9010534,trust_weighted,4.907922344184111,"[0, 0, 0]","[4, 68, 145, 50, 150]","[4, 68, 145, 50, 150]",True,True,4.907922344184111,0,0.0,False,0,False,300,60,0.2,71,0,169,0,0.3282602343141878,0.0
9,wormhole,0.5,0.0,"[76, 115]",9010534,clean_oracle,4.907922344184111,"[0, 0, 0]","[4, 68, 145, 50, 150]","[4, 68, 145, 50, 150]",True,True,4.907922344184111,0,0.0,False,0,False,300,60,0.2,71,0,169,0,0.3282602343141878,0.0
9,wormhole,0.5,0.5,"[76, 115]",9010584,naive_poisoned,4.041062327029364,"[0, 2, 1]","[4, 68, 76, 115, 150]","[4, 68, 76, 115, 150]",True,False,17.091179481074164,2,0.6666666666666666,True,0,True,300,0,0.0,0,0,0,300,0.0,12.183257136890052
9,wormhole,0.5,0.5,"[76, 115]",9010584,trust_weighted,4.907922344184111,"[0, 0, 0]","[4, 68, 145, 50, 150]","[4, 68, 145, 50, 150]",True,True,4.907922344184111,0,0.0,False,0,False,300,60,0.2,71,0,169,0,0.3282602343141878,0.0
9,wormhole,0.5,0.5,"[76, 115]",9010584,clean_oracle,4.907922344184111,"[0, 0, 0]","[4, 68, 145, 50, 150]","[4, 68, 145, 50, 150]",True,True,4.907922344184111,0,0.0,False,0,False,300,60,0.2,71,0,169,0,0.3282602343141878,0.0
9,wormhole,0.75,0.0,"[76, 115]",9010784,naive_poisoned,3.79807368494016,"[0, 2, 1]","[4, 68, 76, 115, 150]","[4, 68, 76, 115, 150]",True,False,17.091179481074164,2,0.6666666666666666,True,0,True,300,0,0.0,0,0,0,300,0.0,12.183257136890052
9,wormhole,0.75,0.0,"[76, 115]",9010784,trust_weighted,4.907922344184111,"[0, 0, 0]","[4, 68, 145, 50, 150]","[4, 68, 145, 50, 150]",True,True,4.907922344184111,0,0.0,False,0,False,300,60,0.2,71,0,169,0,0.3282602343141878,0.0
9,wormhole,0.75,0.0,"[76, 115]",9010784,clean_oracle,4.907922344184111,"[0, 0, 0]","[4, 68, 145, 50, 150]","[4, 68, 145, 50, 150]",True,True,4.907922344184111,0,0.0,False,0,False,300,60,0.2,71,0,169,0,0.3282602343141878,0.0
9,wormhole,0.75,0.5,"[76, 115]",9010834,naive_poisoned,3.79807368494016,"[0, 2, 1]","[4, 68, 76, 115, 150]","[4, 68, 76, 115, 150]",True,False,17.091179481074164,2,0.6666666666666666,True,0,True,300,0,0.0,0,0,0,300,0.0,12.183257136890052
9,wormhole,0.75,0.5,"[76, 115]",9010834,trust_weighted,4.907922344184111,"[0, 0, 0]","[4, 68, 145, 50, 150]","[4, 68, 145, 50, 150]",True,True,4.907922344184111,0,0.0,False,0,False,300,60,0.2,71,0,169,0,0.3282602343141878,0.0
9,wormhole,0.75,0.5,"[76, 115]",9010834,clean_oracle,4.907922344184111,"[0, 0, 0]","[4, 68, 145, 50, 150]","[4, 68, 145, 50, 150]",True,True,4.907922344184111,0,0.0,False,0,False,300,60,0.2,71,0,169,0,0.3282602343141878,0.0
9,wormhole,1.0,0.0,"[76, 50]",9011034,naive_poisoned,3.632135514986978,"[0, 2, 0]","[4, 68, 76, 50, 150]","[4, 68, 76, 50, 150]",True,False,17.168229953210187,2,0.6666666666666666,True,0,True,300,0,0.0,0,0,0,300,0.0,12.260307609026075
9,wormhole,1.0,0.0,"[76, 50]",9011034,trust_weighted,16.90792234418411,"[0, 0, 0]","[4, 68, 145, 50, 150]","[4, 68, 145, 50, 150]",True,True,4.907922344184111,1,0.3333333333333333,True,0,False,300,53,0.17666666666666667,59,17,171,0,0.3230830925991519,0.0
9,wormhole,1.0,0.0,"[76, 50]",9011034,clean_oracle,4.907922344184111,"[0, 0, 0]","[4, 68, 145, 50, 150]","[4, 68, 145, 50, 150]",True,True,4.907922344184111,1,0.3333333333333333,True,0,False,300,53,0.17666666666666667,59,17,171,0,0.3230830925991519,0.0
9,wormhole,1.0,0.5,"[76, 50]",9011084,naive_poisoned,3.632135514986978,"[0, 2, 0]","[4, 68, 76, 50, 150]","[4, 68, 76, 50, 150]",True,False,17.168229953210187,2,0.6666666666666666,True,0,True,300,0,0.0,0,0,0,300,0.0,12.260307609026075
9,wormhole,1.0,0.5,"[76, 50]",9011084,trust_weighted,10.907922344184112,"[0, 0, 0]","[4, 68, 145, 50, 150]","[4, 68, 145, 50, 150]",True,True,4.907922344184111,1,0.3333333333333333,True,0,False,300,53,0.17666666666666667,59,17,171,0,0.3230830925991519,0.0
9,wormhole,1.0,0.5,"[76, 50]",9011084,clean_oracle,4.907922344184111,"[0, 0, 0]","[4, 68, 145, 50, 150]","[4, 68, 145, 50, 150]",True,True,4.907922344184111,1,0.3333333333333333,True,0,False,300,53,0.17666666666666667,59,17,171,0,0.3230830925991519,0.0
9,sybil,0.25,0.0,[50],9020291,naive_poisoned,4.321657621749676,"[0, 0, 0]","[4, 68, 145, ""sybil:50:0"", 150]","[4, 68, 145, 50, 150]",True,True,4.907922344184111,1,0.3333333333333333,True,1,False,300,63,0.21,64,4,169,0,0.3284881503898873,0.0
9,sybil,0.25,0.0,[50],9020291,trust_weighted,7.321657621749676,"[0, 0, 0]","[4, 68, 145, ""sybil:50:0"", 150]","[4, 68, 145, 50, 150]",True,True,4.907922344184111,1,0.3333333333333333,True,1,False,300,63,0.21,64,4,169,0,0.3284881503898873,0.0
9,sybil,0.25,0.0,[50],9020291,clean_oracle,4.907922344184111,"[0, 0, 0]","[4, 68, 145, 50, 150]","[4, 68, 145, 50, 150]",True,True,4.907922344184111,1,0.3333333333333333,True,0,False,300,63,0.21,64,4,169,0,0.3284881503898873,0.0
9,sybil,0.25,0.5,[13],9020341,naive_poisoned,4.907922344184111,"[0, 0, 0]","[4, 68, 145, 50, 150]","[4, 68, 145, 50, 150]",True,True,4.907922344184111,0,0.0,False,0,False,300,60,0.2,71,0,169,0,0.3282602343141878,0.0
9,sybil,0.25,0.5,[13],9020341,trust_weighted,4.907922344184111,"[0, 0, 0]","[4, 68, 145, 50, 150]","[4, 68, 145, 50, 150]",True,True,4.907922344184111,0,0.0,False,0,False,300,60,0.2,71,0,169,0,0.3282602343141878,0.0
9,sybil,0.25,0.5,[13],9020341,clean_oracle,4.907922344184111,"[0, 0, 0]","[4, 68, 145, 50, 150]","[4, 68, 145, 50, 150]",True,True,4.907922344184111,0,0.0,False,0,False,300,60,0.2,71,0,169,0,0.3282602343141878,0.0
9,sybil,0.5,0.0,[115],9020541,naive_poisoned,102.95460479477153,"[0, 2, 0]","[4, 68, 76, ""sybil:115:1"", 150]","[4, 68, 76, 115, 150]",False,False,17.091179481074164,1,0.3333333333333333,True,1,False,300,0,0.0,0,0,0,300,0.0,12.183257136890052
9,sybil,0.5,0.0,[115],9020541,trust_weighted,103.57707516794635,"[0, 0, 2]","[4, 68, 145, 13, 150]","[4, 68, 145, 13, 150]",False,False,17.164325109767283,0,0.0,False,0,False,300,0,0.0,0,0,0,300,0.0,12.256402765583172
9,sybil,0.5,0.0,[115],9020541,clean_oracle,4.907922344184111,"[0, 0, 0]","[4, 68, 145, 50, 150]","[4, 68, 145, 50, 150]",True,True,4.907922344184111,0,0.0,False,0,False,300,60,0.2,71,0,169,0,0.3282602343141878,0.0
9,sybil,0.5,0.5,[50],9020591,naive_poisoned,3.7353928993152405,"[0, 0, 0]","[4, 68, 145, ""sybil:50:0"", 150]","[4, 68, 145, 50, 150]",True,True,4.907922344184111,1,0.3333333333333333,True,1,False,300,60,0.2,62,9,169,0,0.32724381120946866,0.0
9,sybil,0.5,0.5,[50],9020591,trust_weighted,6.73539289931524,"[0, 0, 0]","[4, 68, 145, ""sybil:50:0"", 150]","[4, 68, 145, 50, 150]",True,True,4.907922344184111,1,0.3333333333333333,True,1,False,300,60,0.2,62,9,169,0,0.32724381120946866,0.0
9,sybil,0.5,0.5,[50],9020591,clean_oracle,4.907922344184111,"[0, 0, 0]","[4, 68, 145, 50, 150]","[4, 68, 145, 50, 150]",True,True,4.907922344184111,1,0.3333333333333333,True,0,False,300,60,0.2,62,9,169,0,0.32724381120946866,0.0
9,sybil,0.75,0.0,[115],9020791,naive_poisoned,102.67994242253066,"[0, 2, 0]","[4, 68, 76, ""sybil:115:1"", 150]","[4, 68, 76, 115, 150]",False,False,17.091179481074164,1,0.3333333333333333,True,1,False,300,0,0.0,0,0,0,300,0.0,12.183257136890052
9,sybil,0.75,0.0,[115],9020791,trust_weighted,111.67994242253066,"[0, 2, 0]","[4, 68, 76, ""sybil:115:1"", 150]","[4, 68, 76, 115, 150]",False,False,17.091179481074164,1,0.3333333333333333,True,1,False,300,0,0.0,0,0,0,300,0.0,12.183257136890052
9,sybil,0.75,0.0,[115],9020791,clean_oracle,4.907922344184111,"[0, 0, 0]","[4, 68, 145, 50, 150]","[4, 68, 145, 50, 150]",True,True,4.907922344184111,0,0.0,False,0,False,300,60,0.2,71,0,169,0,0.3282602343141878,0.0
9,sybil,0.75,0.5,[50],9020841,naive_poisoned,3.1491281768808057,"[0, 0, 0]","[4, 68, 145, ""sybil:50:0"", 150]","[4, 68, 145, 50, 150]",True,True,4.907922344184111,1,0.3333333333333333,True,1,False,300,54,0.18,60,15,171,0,0.32360526218936236,0.0
9,sybil,0.75,0.5,[50],9020841,trust_weighted,7.649128176880805,"[0, 0, 0]","[4, 68, 145, ""sybil:50:0"", 150]","[4, 68, 145, 50, 150]",True,True,4.907922344184111,1,0.3333333333333333,True,1,False,300,54,0.18,60,15,171,0,0.32360526218936236,0.0
9,sybil,0.75,0.5,[50],9020841,clean_oracle,4.907922344184111,"[0, 0, 0]","[4, 68, 145, 50, 150]","[4, 68, 145, 50, 150]",True,True,4.907922344184111,1,0.3333333333333333,True,0,False,300,54,0.18,60,15,171,0,0.32360526218936236,0.0
9,sybil,1.0,0.0,[115],9021041,naive_poisoned,102.4052800502898,"[0, 2, 0]","[4, 68, 76, ""sybil:115:1"", 150]","[4, 68, 76, 115, 150]",False,False,17.091179481074164,1,0.3333333333333333,True,1,False,300,0,0.0,0,0,0,300,0.0,12.183257136890052
9,sybil,1.0,0.0,[115],9021041,trust_weighted,114.4052800502898,"[0, 2, 0]","[4, 68, 76, ""sybil:115:1"", 150]","[4, 68, 76, 115, 150]",False,False,17.091179481074164,1,0.3333333333333333,True,1,False,300,0,0.0,0,0,0,300,0.0,12.183257136890052
9,sybil,1.0,0.0,[115],9021041,clean_oracle,4.907922344184111,"[0, 0, 0]","[4, 68, 145, 50, 150]","[4, 68, 145, 50, 150]",True,True,4.907922344184111,0,0.0,False,0,False,300,60,0.2,71,0,169,0,0.3282602343141878,0.0
9,sybil,1.0,0.5,[13],9021091,naive_poisoned,102.49632109563449,"[0, 0, 0]","[4, 68, 145, ""sybil:13:1"", 150]","[4, 68, 145, 13, 150]",False,False,17.164325109767283,1,0.3333333333333333,True,1,False,300,0,0.0,0,0,0,300,0.0,12.256402765583172
9,sybil,1.0,0.5,[13],9021091,trust_weighted,108.49632109563449,"[0, 0, 0]","[4, 68, 145, ""sybil:13:1"", 150]","[4, 68, 145, 13, 150]",False,False,17.164325109767283,1,0.3333333333333333,True,1,False,300,0,0.0,0,0,0,300,0.0,12.256402765583172
9,sybil,1.0,0.5,[13],9021091,clean_oracle,4.907922344184111,"[0, 0, 0]","[4, 68, 145, 50, 150]","[4, 68, 145, 50, 150]",True,True,4.907922344184111,0,0.0,False,0,False,300,60,0.2,71,0,169,0,0.3282602343141878,0.0
10,sinkhole,0.25,0.0,[83],10000280,naive_poisoned,4.793583907330545,"[0, 0, 0]","[149, 104, 23, 33, 150]","[149, 104, 23, 33, 150]",True,True,4.793583907330545,0,0.0,False,0,False,300,90,0.3,81,0,129,0,0.36030855369226344,0.0
10,sinkhole,0.25,0.0,[83],10000280,trust_weighted,4.793583907330545,"[0, 0, 0]","[149, 104, 23, 33, 150]","[149, 104, 23, 33, 150]",True,True,4.793583907330545,0,0.0,False,0,False,300,90,0.3,81,0,129,0,0.36030855369226344,0.0
10,sinkhole,0.25,0.0,[83],10000280,clean_oracle,4.793583907330545,"[0, 0, 0]","[149, 104, 23, 33, 150]","[149, 104, 23, 33, 150]",True,True,4.793583907330545,0,0.0,False,0,False,300,90,0.3,81,0,129,0,0.36030855369226344,0.0
10,sinkhole,0.25,0.5,[98],10000330,naive_poisoned,4.28589533179179,"[0, 1, 0]","[149, 104, 98, 33, 150]","[149, 104, 98, 33, 150]",True,True,4.851461606080174,1,0.3333333333333333,True,0,False,300,102,0.34,96,3,99,0,0.40319962179502156,0.057877698749629225
10,sinkhole,0.25,0.5,[98],10000330,trust_weighted,4.793583907330545,"[0, 0, 0]","[149, 104, 23, 33, 150]","[149, 104, 23, 33, 150]",True,True,4.793583907330545,0,0.0,False,0,False,300,90,0.3,81,0,129,0,0.36030855369226344,0.0
10,sinkhole,0.25,0.5,[98],10000330,clean_oracle,4.793583907330545,"[0, 0, 0]","[149, 104, 23, 33, 150]","[149, 104, 23, 33, 150]",True,True,4.793583907330545,0,0.0,False,0,False,300,90,0.3,81,0,129,0,0.36030855369226344,0.0
10,sinkhole,0.5,0.0,[22],10000530,naive_poisoned,4.793583907330545,"[0, 0, 0]","[149, 104, 23, 33, 150]","[149, 104, 23, 33, 150]",True,True,4.793583907330545,0,0.0,False,0,False,300,90,0.3,81,0,129,0,0.36030855369226344,0.0
10,sinkhole,0.5,0.0,[22],10000530,trust_weighted,4.793583907330545,"[0, 0, 0]","[149, 104, 23, 33, 150]","[149, 104, 23, 33, 150]",True,True,4.793583907330545,0,0.0,False,0,False,300,90,0.3,81,0,129,0,0.36030855369226344,0.0
10,sinkhole,0.5,0.0,[22],10000530,clean_oracle,4.793583907330545,"[0, 0, 0]","[149, 104, 23, 33, 150]","[149, 104, 23, 33, 150]",True,True,4.793583907330545,0,0.0,False,0,False,300,90,0.3,81,0,129,0,0.36030855369226344,0.0
10,sinkhole,0.5,0.5,[22],10000580,naive_poisoned,4.793583907330545,"[0, 0, 0]","[149, 104, 23, 33, 150]","[149, 104, 23, 33, 150]",True,True,4.793583907330545,0,0.0,False,0,False,300,90,0.3,81,0,129,0,0.36030855369226344,0.0
10,sinkhole,0.5,0.5,[22],10000580,trust_weighted,4.793583907330545,"[0, 0, 0]","[149, 104, 23, 33, 150]","[149, 104, 23, 33, 150]",True,True,4.793583907330545,0,0.0,False,0,False,300,90,0.3,81,0,129,0,0.36030855369226344,0.0
10,sinkhole,0.5,0.5,[22],10000580,clean_oracle,4.793583907330545,"[0, 0, 0]","[149, 104, 23, 33, 150]","[149, 104, 23, 33, 150]",True,True,4.793583907330545,0,0.0,False,0,False,300,90,0.3,81,0,129,0,0.36030855369226344,0.0
10,sinkhole,0.75,0.0,"[22, 141]",10000780,naive_poisoned,4.793583907330545,"[0, 0, 0]","[149, 104, 23, 33, 150]","[149, 104, 23, 33, 150]",True,True,4.793583907330545,0,0.0,False,0,False,300,90,0.3,81,0,129,0,0.36030855369226344,0.0
10,sinkhole,0.75,0.0,"[22, 141]",10000780,trust_weighted,4.793583907330545,"[0, 0, 0]","[149, 104, 23, 33, 150]","[149, 104, 23, 33, 150]",True,True,4.793583907330545,0,0.0,False,0,False,300,90,0.3,81,0,129,0,0.36030855369226344,0.0
10,sinkhole,0.75,0.0,"[22, 141]",10000780,clean_oracle,4.793583907330545,"[0, 0, 0]","[149, 104, 23, 33, 150]","[149, 104, 23, 33, 150]",True,True,4.793583907330545,0,0.0,False,0,False,300,90,0.3,81,0,129,0,0.36030855369226344,0.0
10,sinkhole,0.75,0.5,"[33, 83]",10000830,naive_poisoned,3.100812350649667,"[0, 0, 0]","[149, 104, 23, 33, 150]","[149, 104, 23, 33, 150]",True,True,4.793583907330545,1,0.3333333333333333,True,0,False,300,71,0.23666666666666666,81,11,137,0,0.35487420754609644,0.0
10,sinkhole,0.75,0.5,"[33, 83]",10000830,trust_weighted,4.854104897998195,"[0, 0, 1]","[149, 104, 23, 128, 150]","[149, 104, 23, 128, 150]",True,True,4.854104897998195,0,0.0,False,0,False,300,83,0.27666666666666667,85,0,132,0,0.3548616108811089,0.06052099066765049
10,sinkhole,0.75,0.5,"[33, 83]",10000830,clean_oracle,4.793583907330545,"[0, 0, 0]","[149, 104, 23, 33, 150]","[149, 104, 23, 33, 150]",True,True,4.793583907330545,1,0.3333333333333333,True,0,False,300,71,0.23666666666666666,81,11,137,0,0.35487420754609644,0.0
10,sinkhole,1.0,0.0,"[128, 5]",10001030,naive_poisoned,2.528844202699816,"[0, 1, 2]","[149, 104, 98, 5, 150]","[149, 104, 98, 5, 150]",True,True,4.926916975100047,1,0.3333333333333333,True,0,False,300,83,0.27666666666666667,103,13,101,0,0.40636129450468594,0.13333306776950238
10,sinkhole,1.0,0.0,"[128, 5]",10001030,trust_weighted,4.793583907330545,"[0, 0, 0]","[149, 104, 23, 33, 150]","[149, 104, 23, 33, 150]",True,True,4.793583907330545,0,0.0,False,0,False,300,90,0.3,81,0,129,0,0.36030855369226344,0.0
10,sinkhole,1.0,0.0,"[128, 5]",10001030,clean_oracle,4.793583907330545,"[0, 0, 0]","[149, 104, 23, 33, 150]","[149, 104, 23, 33, 150]",True,True,4.793583907330545,0,0.0,False,0,False,300,90,0.3,81,0,129,0,0.36030855369226344,0.0
10,sinkhole,1.0,0.5,"[23, 22]",10001080,naive_poisoned,2.5863026239891553,"[0, 0, 0]","[149, 104, 23, 33, 150]","[149, 104, 23, 33, 150]",True,True,4.793583907330545,1,0.3333333333333333,True,0,False,300,78,0.26,77,21,124,0,0.35937732211358764,0.0
10,sinkhole,1.0,0.5,"[23, 22]",10001080,trust_weighted,4.851461606080174,"[0, 1, 0]","[149, 104, 98, 33, 150]","[149, 104, 98, 33, 150]",True,True,4.851461606080174,0,0.0,False,0,False,300,108,0.36,93,0,99,0,0.4084808311205741,0.057877698749629225
10,sinkhole,1.0,0.5,"[23, 22]",10001080,clean_oracle,4.793583907330545,"[0, 0, 0]","[149, 104, 23, 33, 150]","[149, 104, 23, 33, 150]",True,True,4.793583907330545,1,0.3333333333333333,True,0,False,300,78,0.26,77,21,124,0,0.35937732211358764,0.0
10,wormhole,0.25,0.0,"[22, 33]",10010287,naive_poisoned,4.3008045662491154,"[0, 2, 0]","[149, 104, 22, 33, 150]","[149, 104, 22, 33, 150]",True,False,17.091865280251515,2,0.6666666666666666,True,0,True,300,0,0.0,0,0,0,300,0.0,12.29828137292097
10,wormhole,0.25,0.0,"[22, 33]",10010287,trust_weighted,4.854104897998195,"[0, 0, 1]","[149, 104, 23, 128, 150]","[149, 104, 23, 128, 150]",True,True,4.854104897998195,0,0.0,False,0,False,300,83,0.27666666666666667,85,0,132,0,0.3548616108811089,0.06052099066765049
10,wormhole,0.25,0.0,"[22, 33]",10010287,clean_oracle,4.793583907330545,"[0, 0, 0]","[149, 104, 23, 33, 150]","[149, 104, 23, 33, 150]",True,True,4.793583907330545,1,0.3333333333333333,True,0,False,300,75,0.25,81,7,137,0,0.3572367039667732,0.0
10,wormhole,0.25,0.5,"[22, 33]",10010337,naive_poisoned,4.3008045662491154,"[0, 2, 0]","[149, 104, 22, 33, 150]","[149, 104, 22, 33, 150]",True,False,17.091865280251515,2,0.6666666666666666,True,0,True,300,0,0.0,0,0,0,300,0.0,12.29828137292097
10,wormhole,0.25,0.5,"[22, 33]",10010337,trust_weighted,4.854104897998195,"[0, 0, 1]","[149, 104, 23, 128, 150]","[149, 104, 23, 128, 150]",True,True,4.854104897998195,0,0.0,False,0,False,300,83,0.27666666666666667,85,0,132,0,0.3548616108811089,0.06052099066765049
10,wormhole,0.25,0.5,"[22, 33]",10010337,clean_oracle,4.793583907330545,"[0, 0, 0]","[149, 104, 23, 33, 150]","[149, 104, 23, 33, 150]",True,True,4.793583907330545,1,0.3333333333333333,True,0,False,300,75,0.25,81,7,137,0,0.3572367039667732,0.0
10,wormhole,0.5,0.0,"[22, 33]",10010537,naive_poisoned,4.057406435676386,"[0, 2, 0]","[149, 104, 22, 33, 150]","[149, 104, 22, 33, 150]",True,False,17.091865280251515,2,0.6666666666666666,True,0,True,300,0,0.0,0,0,0,300,0.0,12.29828137292097
10,wormhole,0.5,0.0,"[22, 33]",10010537,trust_weighted,4.854104897998195,"[0, 0, 1]","[149, 104, 23, 128, 150]","[149, 104, 23, 128, 150]",True,True,4.854104897998195,0,0.0,False,0,False,300,83,0.27666666666666667,85,0,132,0,0.3548616108811089,0.06052099066765049
10,wormhole,0.5,0.0,"[22, 33]",10010537,clean_oracle,4.793583907330545,"[0, 0, 0]","[149, 104, 23, 33, 150]","[149, 104, 23, 33, 150]",True,True,4.793583907330545,1,0.3333333333333333,True,0,False,300,73,0.24333333333333335,81,9,137,0,0.3567476431037022,0.0
10,wormhole,0.5,0.5,"[22, 33]",10010587,naive_poisoned,4.057406435676386,"[0, 2, 0]","[149, 104, 22, 33, 150]","[149, 104, 22, 33, 150]",True,False,17.091865280251515,2,0.6666666666666666,True,0,True,300,0,0.0,0,0,0,300,0.0,12.29828137292097
10,wormhole,0.5,0.5,"[22, 33]",10010587,trust_weighted,4.854104897998195,"[0, 0, 1]","[149, 104, 23, 128, 150]","[149, 104, 23, 128, 150]",True,True,4.854104897998195,0,0.0,False,0,False,300,83,0.27666666666666667,85,0,132,0,0.3548616108811089,0.06052099066765049
10,wormhole,0.5,0.5,"[22, 33]",10010587,clean_oracle,4.793583907330545,"[0, 0, 0]","[149, 104, 23, 33, 150]","[149, 104, 23, 33, 150]",True,True,4.793583907330545,1,0.3333333333333333,True,0,False,300,73,0.24333333333333335,81,9,137,0,0.3567476431037022,0.0
10,wormhole,0.75,0.0,"[22, 33]",10010787,naive_poisoned,3.814008305103657,"[0, 2, 0]","[149, 104, 22, 33, 150]","[149, 104, 22, 33, 150]",True,False,17.091865280251515,2,0.6666666666666666,True,0,True,300,0,0.0,0,0,0,300,0.0,12.29828137292097
10,wormhole,0.75,0.0,"[22, 33]",10010787,trust_weighted,4.854104897998195,"[0, 0, 1]","[149, 104, 23, 128, 150]","[149, 104, 23, 128, 150]",True,True,4.854104897998195,0,0.0,False,0,False,300,83,0.27666666666666667,85,0,132,0,0.3548616108811089,0.06052099066765049
10,wormhole,0.75,0.0,"[22, 33]",10010787,clean_oracle,4.793583907330545,"[0, 0, 0]","[149, 104, 23, 33, 150]","[149, 104, 23, 33, 150]",True,True,4.793583907330545,1,0.3333333333333333,True,0,False,300,70,0.23333333333333334,81,11,138,0,0.35479139965142537,0.0
10,wormhole,0.75,0.5,"[22, 33]",10010837,naive_poisoned,3.814008305103657,"[0, 2, 0]","[149, 104, 22, 33, 150]","[149, 104, 22, 33, 150]",True,False,17.091865280251515,2,0.6666666666666666,True,0,True,300,0,0.0,0,0,0,300,0.0,12.29828137292097
10,wormhole,0.75,0.5,"[22, 33]",10010837,trust_weighted,4.854104897998195,"[0, 0, 1]","[149, 104, 23, 128, 150]","[149, 104, 23, 128, 150]",True,True,4.854104897998195,0,0.0,False,0,False,300,83,0.27666666666666667,85,0,132,0,0.3548616108811089,0.06052099066765049
10,wormhole,0.75,0.5,"[22, 33]",10010837,clean_oracle,4.793583907330545,"[0, 0, 0]","[149, 104, 23, 33, 150]","[149, 104, 23, 33, 150]",True,True,4.793583907330545,1,0.3333333333333333,True,0,False,300,70,0.23333333333333334,81,11,138,0,0.35479139965142537,0.0
10,wormhole,1.0,0.0,"[22, 33]",10011037,naive_poisoned,3.5706101745309278,"[0, 2, 0]","[149, 104, 22, 33, 150]","[149, 104, 22, 33, 150]",True,False,17.091865280251515,2,0.6666666666666666,True,0,True,300,0,0.0,0,0,0,300,0.0,12.29828137292097
10,wormhole,1.0,0.0,"[22, 33]",10011037,trust_weighted,4.854104897998195,"[0, 0, 1]","[149, 104, 23, 128, 150]","[149, 104, 23, 128, 150]",True,True,4.854104897998195,0,0.0,False,0,False,300,83,0.27666666666666667,85,0,132,0,0.3548616108811089,0.06052099066765049
10,wormhole,1.0,0.0,"[22, 33]",10011037,clean_oracle,4.793583907330545,"[0, 0, 0]","[149, 104, 23, 33, 150]","[149, 104, 23, 33, 150]",True,True,4.793583907330545,1,0.3333333333333333,True,0,False,300,69,0.23,82,12,137,0,0.353896085819958,0.0
10,wormhole,1.0,0.5,"[22, 33]",10011087,naive_poisoned,3.5706101745309278,"[0, 2, 0]","[149, 104, 22, 33, 150]","[149, 104, 22, 33, 150]",True,False,17.091865280251515,2,0.6666666666666666,True,0,True,300,0,0.0,0,0,0,300,0.0,12.29828137292097
10,wormhole,1.0,0.5,"[22, 33]",10011087,trust_weighted,4.854104897998195,"[0, 0, 1]","[149, 104, 23, 128, 150]","[149, 104, 23, 128, 150]",True,True,4.854104897998195,0,0.0,False,0,False,300,83,0.27666666666666667,85,0,132,0,0.3548616108811089,0.06052099066765049
10,wormhole,1.0,0.5,"[22, 33]",10011087,clean_oracle,4.793583907330545,"[0, 0, 0]","[149, 104, 23, 33, 150]","[149, 104, 23, 33, 150]",True,True,4.793583907330545,1,0.3333333333333333,True,0,False,300,69,0.23,82,12,137,0,0.353896085819958,0.0
10,sybil,0.25,0.0,[5],10020294,naive_poisoned,4.28615832072672,"[0, 0, 2]","[149, 104, 23, ""sybil:5:0"", 150]","[149, 104, 23, 5, 150]",True,True,4.868117151863618,1,0.3333333333333333,True,1,False,300,72,0.24,86,7,135,0,0.3601931997226693,0.07453324453307353
10,sybil,0.25,0.0,[5],10020294,trust_weighted,4.793583907330545,"[0, 0, 0]","[149, 104, 23, 33, 150]","[149, 104, 23, 33, 150]",True,True,4.793583907330545,0,0.0,False,0,False,300,90,0.3,81,0,129,0,0.36030855369226344,0.0
10,sybil,0.25,0.0,[5],10020294,clean_oracle,4.793583907330545,"[0, 0, 0]","[149, 104, 23, 33, 150]","[149, 104, 23, 33, 150]",True,True,4.793583907330545,0,0.0,False,0,False,300,90,0.3,81,0,129,0,0.36030855369226344,0.0
10,sybil,0.25,0.5,[128],10020344,naive_poisoned,4.275473977154335,"[0, 0, 1]","[149, 104, 23, ""sybil:128:0"", 150]","[149, 104, 23, 128, 150]",True,True,4.854104897998195,1,0.3333333333333333,True,1,False,300,70,0.23333333333333334,85,6,139,0,0.35334356143750867,0.06052099066765049
10,sybil,0.25,0.5,[128],10020344,trust_weighted,4.793583907330545,"[0, 0, 0]","[149, 104, 23, 33, 150]","[149, 104, 23, 33, 150]",True,True,4.793583907330545,0,0.0,False,0,False,300,90,0.3,81,0,129,0,0.36030855369226344,0.0
10,sybil,0.25,0.5,[128],10020344,clean_oracle,4.793583907330545,"[0, 0, 0]","[149, 104, 23, 33, 150]","[149, 104, 23, 33, 150]",True,True,4.793583907330545,0,0.0,False,0,False,300,90,0.3,81,0,129,0,0.36030855369226344,0.0
10,sybil,0.5,0.0,[33],10020544,naive_poisoned,3.665069536209959,"[0, 0, 0]","[149, 104, 23, ""sybil:33:0"", 150]","[149, 104, 23, 33, 150]",True,True,4.793583907330545,1,0.3333333333333333,True,1,False,300,73,0.24333333333333335,81,9,137,0,0.3567476431037022,0.0
10,sybil,0.5,0.0,[33],10020544,trust_weighted,4.868117151863618,"[0, 0, 2]","[149, 104, 23, 5, 150]","[149, 104, 23, 5, 150]",True,True,4.868117151863618,0,0.0,False,0,False,300,85,0.2833333333333333,87,0,128,0,0.36263278983640035,0.07453324453307353
10,sybil,0.5,0.0,[33],10020544,clean_oracle,4.793583907330545,"[0, 0, 0]","[149, 104, 23, 33, 150]","[149, 104, 23, 33, 150]",True,True,4.793583907330545,1,0.3333333333333333,True,0,False,300,73,0.24333333333333335,81,9,137,0,0.3567476431037022,0.0
10,sybil,0.5,0.5,[128],10020594,naive_poisoned,3.696843056310476,"[0, 0, 0]","[149, 104, 23, ""sybil:128:1"", 150]","[149, 104, 23, 128, 150]",True,True,4.854104897998195,1,0.3333333333333333,True,1,False,300,69,0.23,84,8,139,0,0.35288846887410585,0.06052099066765049
10,sybil,0.5,0.5,[128],10020594,trust_weighted,4.868117151863618,"[0, 0, 2]","[149, 104, 23, 5, 150]","[149, 104, 23, 5, 150]",True,True,4.868117151863618,0,0.0,False,0,False,300,85,0.2833333333333333,87,0,128,0,0.36263278983640035,0.07453324453307353
10,sybil,0.5,0.5,[128],10020594,clean_oracle,4.793583907330545,"[0, 0, 0]","[149, 104, 23, 33, 150]","[149, 104, 23, 33, 150]",True,True,4.793583907330545,0,0.0,False,0,False,300,90,0.3,81,0,129,0,0.36030855369226344,0.0
10,sybil,0.75,0.0,[5],10020794,naive_poisoned,3.122240658452925,"[0, 0, 0]","[149, 104, 23, ""sybil:5:1"", 150]","[149, 104, 23, 5, 150]",True,True,4.868117151863618,1,0.3333333333333333,True,1,False,300,66,0.22,87,12,135,0,0.35745395499282573,0.07453324453307353
10,sybil,0.75,0.0,[5],10020794,trust_weighted,12.122240658452926,"[0, 0, 0]","[149, 104, 23, ""sybil:5:1"", 150]","[149, 104, 23, 5, 150]",True,True,4.868117151863618,1,0.3333333333333333,True,1,False,300,66,0.22,87,12,135,0,0.35745395499282573,0.07453324453307353
10,sybil,0.75,0.0,[5],10020794,clean_oracle,4.793583907330545,"[0, 0, 0]","[149, 104, 23, 33, 150]","[149, 104, 23, 33, 150]",True,True,4.793583907330545,0,0.0,False,0,False,300,90,0.3,81,0,129,0,0.36030855369226344,0.0
10,sybil,0.75,0.5,[128],10020844,naive_poisoned,3.1182121354666164,"[0, 0, 0]","[149, 104, 23, ""sybil:128:1"", 150]","[149, 104, 23, 128, 150]",True,True,4.854104897998195,1,0.3333333333333333,True,1,False,300,65,0.21666666666666667,85,11,139,0,0.35004933971530505,0.06052099066765049
10,sybil,0.75,0.5,[128],10020844,trust_weighted,7.6182121354666155,"[0, 0, 0]","[149, 104, 23, ""sybil:128:1"", 150]","[149, 104, 23, 128, 150]",True,True,4.854104897998195,1,0.3333333333333333,True,1,False,300,65,0.21666666666666667,85,11,139,0,0.35004933971530505,0.06052099066765049
10,sybil,0.75,0.5,[128],10020844,clean_oracle,4.793583907330545,"[0, 0, 0]","[149, 104, 23, 33, 150]","[149, 104, 23, 33, 150]",True,True,4.793583907330545,0,0.0,False,0,False,300,90,0.3,81,0,129,0,0.36030855369226344,0.0
10,sybil,1.0,0.0,[33],10021044,naive_poisoned,2.5250714342488223,"[0, 1, 0]","[149, 104, 98, ""sybil:33:0"", 150]","[149, 104, 98, 33, 150]",True,True,4.851461606080174,1,0.3333333333333333,True,1,False,300,85,0.2833333333333333,100,16,99,0,0.40476858307010133,0.057877698749629225
10,sybil,1.0,0.0,[33],10021044,trust_weighted,14.525071434248822,"[0, 1, 0]","[149, 104, 98, ""sybil:33:0"", 150]","[149, 104, 98, 33, 150]",True,True,4.851461606080174,1,0.3333333333333333,True,1,False,300,85,0.2833333333333333,100,16,99,0,0.40476858307010133,0.057877698749629225
10,sybil,1.0,0.0,[33],10021044,clean_oracle,4.793583907330545,"[0, 0, 0]","[149, 104, 23, 33, 150]","[149, 104, 23, 33, 150]",True,True,4.793583907330545,1,0.3333333333333333,True,0,False,300,66,0.22,84,13,137,0,0.35340702495688703,0.0
10,sybil,1.0,0.5,[5],10021094,naive_poisoned,2.528844202699816,"[0, 1, 0]","[149, 104, 98, ""sybil:5:1"", 150]","[149, 104, 98, 5, 150]",True,True,4.926916975100047,1,0.3333333333333333,True,1,False,300,79,0.2633333333333333,106,16,99,0,0.4038612261614638,0.13333306776950238
10,sybil,1.0,0.5,[5],10021094,trust_weighted,8.528844202699815,"[0, 1, 0]","[149, 104, 98, ""sybil:5:1"", 150]","[149, 104, 98, 5, 150]",True,True,4.926916975100047,1,0.3333333333333333,True,1,False,300,79,0.2633333333333333,106,16,99,0,0.4038612261614638,0.13333306776950238
10,sybil,1.0,0.5,[5],10021094,clean_oracle,4.793583907330545,"[0, 0, 0]","[149, 104, 23, 33, 150]","[149, 104, 23, 33, 150]",True,True,4.793583907330545,0,0.0,False,0,False,300,90,0.3,81,0,129,0,0.36030855369226344,0.0
11,sinkhole,0.25,0.0,[75],11000283,naive_poisoned,5.012684018113434,"[0, 0, 0]","[123, 64, 113, 115, 150]","[123, 64, 113, 115, 150]",True,True,5.012684018113434,0,0.0,False,0,False,300,63,0.21,87,0,150,0,0.29869496556544206,0.0
11,sinkhole,0.25,0.0,[75],11000283,trust_weighted,5.012684018113434,"[0, 0, 0]","[123, 64, 113, 115, 150]","[123, 64, 113, 115, 150]",True,True,5.012684018113434,0,0.0,False,0,False,300,63,0.21,87,0,150,0,0.29869496556544206,0.0
11,sinkhole,0.25,0.0,[75],11000283,clean_oracle,5.012684018113434,"[0, 0, 0]","[123, 64, 113, 115, 150]","[123, 64, 113, 115, 150]",True,True,5.012684018113434,0,0.0,False,0,False,300,63,0.21,87,0,150,0,0.29869496556544206,0.0
11,sinkhole,0.25,0.5,[55],11000333,naive_poisoned,5.012684018113434,"[0, 0, 0]","[123, 64, 113, 115, 150]","[123, 64, 113, 115, 150]",True,True,5.012684018113434,0,0.0,False,0,False,300,63,0.21,87,0,150,0,0.29869496556544206,0.0
11,sinkhole,0.25,0.5,[55],11000333,trust_weighted,5.012684018113434,"[0, 0, 0]","[123, 64, 113, 115, 150]","[123, 64, 113, 115, 150]",True,True,5.012684018113434,0,0.0,False,0,False,300,63,0.21,87,0,150,0,0.29869496556544206,0.0
11,sinkhole,0.25,0.5,[55],11000333,clean_oracle,5.012684018113434,"[0, 0, 0]","[123, 64, 113, 115, 150]","[123, 64, 113, 115, 150]",True,True,5.012684018113434,0,0.0,False,0,False,300,63,0.21,87,0,150,0,0.29869496556544206,0.0
11,sinkhole,0.5,0.0,[75],11000533,naive_poisoned,5.012684018113434,"[0, 0, 0]","[123, 64, 113, 115, 150]","[123, 64, 113, 115, 150]",True,True,5.012684018113434,0,0.0,False,0,False,300,63,0.21,87,0,150,0,0.29869496556544206,0.0
11,sinkhole,0.5,0.0,[75],11000533,trust_weighted,5.012684018113434,"[0, 0, 0]","[123, 64, 113, 115, 150]","[123, 64, 113, 115, 150]",True,True,5.012684018113434,0,0.0,False,0,False,300,63,0.21,87,0,150,0,0.29869496556544206,0.0
11,sinkhole,0.5,0.0,[75],11000533,clean_oracle,5.012684018113434,"[0, 0, 0]","[123, 64, 113, 115, 150]","[123, 64, 113, 115, 150]",True,True,5.012684018113434,0,0.0,False,0,False,300,63,0.21,87,0,150,0,0.29869496556544206,0.0
11,sinkhole,0.5,0.5,[94],11000583,naive_poisoned,3.849283724050744,"[0, 0, 2]","[123, 64, 113, 94, 150]","[123, 64, 113, 94, 150]",True,True,5.076061275214948,1,0.3333333333333333,True,0,False,300,56,0.18666666666666668,88,6,150,0,0.29386960439640397,0.06337725710151432
11,sinkhole,0.5,0.5,[94],11000583,trust_weighted,5.012684018113434,"[0, 0, 0]","[123, 64, 113, 115, 150]","[123, 64, 113, 115, 150]",True,True,5.012684018113434,0,0.0,False,0,False,300,63,0.21,87,0,150,0,0.29869496556544206,0.0
11,sinkhole,0.5,0.5,[94],11000583,clean_oracle,5.012684018113434,"[0, 0, 0]","[123, 64, 113, 115, 150]","[123, 64, 113, 115, 150]",True,True,5.012684018113434,0,0.0,False,0,False,300,63,0.21,87,0,150,0,0.29869496556544206,0.0
11,sinkhole,0.75,0.0,"[94, 64]",11000783,naive_poisoned,1.4593676166242975,"[0, 0, 2]","[123, 64, 113, 94, 150]","[123, 64, 113, 94, 150]",True,True,5.076061275214948,2,0.6666666666666666,True,0,False,300,46,0.15333333333333332,85,19,150,0,0.271740636664763,0.06337725710151432
11,sinkhole,0.75,0.0,"[94, 64]",11000783,trust_weighted,12.236156686269089,"[0, 0, 0]","[123, 64, 113, 115, 150]","[123, 64, 113, 115, 150]",True,True,5.012684018113434,1,0.3333333333333333,True,0,False,300,55,0.18333333333333332,83,12,150,0,0.27645817903782266,0.0
11,sinkhole,0.75,0.0,"[94, 64]",11000783,clean_oracle,5.012684018113434,"[0, 0, 0]","[123, 64, 113, 115, 150]","[123, 64, 113, 115, 150]",True,True,5.012684018113434,1,0.3333333333333333,True,0,False,300,55,0.18333333333333332,83,12,150,0,0.27645817903782266,0.0
11,sinkhole,0.75,0.5,"[105, 113]",11000833,naive_poisoned,3.2382039245450547,"[0, 0, 0]","[123, 64, 113, 115, 150]","[123, 64, 113, 115, 150]",True,True,5.012684018113434,1,0.3333333333333333,True,0,False,300,55,0.18333333333333332,79,16,150,0,0.2830018987942413,0.0
11,sinkhole,0.75,0.5,"[105, 113]",11000833,trust_weighted,7.738203924545055,"[0, 0, 0]","[123, 64, 113, 115, 150]","[123, 64, 113, 115, 150]",True,True,5.012684018113434,1,0.3333333333333333,True,0,False,300,55,0.18333333333333332,79,16,150,0,0.2830018987942413,0.0
11,sinkhole,0.75,0.5,"[105, 113]",11000833,clean_oracle,5.012684018113434,"[0, 0, 0]","[123, 64, 113, 115, 150]","[123, 64, 113, 115, 150]",True,True,5.012684018113434,1,0.3333333333333333,True,0,False,300,55,0.18333333333333332,79,16,150,0,0.2830018987942413,0.0
11,sinkhole,1.0,0.0,"[76, 105]",11001033,naive_poisoned,5.012684018113434,"[0, 0, 0]","[123, 64, 113, 115, 150]","[123, 64, 113, 115, 150]",True,True,5.012684018113434,0,0.0,False,0,False,300,63,0.21,87,0,150,0,0.29869496556544206,0.0
11,sinkhole,1.0,0.0,"[76, 105]",11001033,trust_weighted,5.012684018113434,"[0, 0, 0]","[123, 64, 113, 115, 150]","[123, 64, 113, 115, 150]",True,True,5.012684018113434,0,0.0,False,0,False,300,63,0.21,87,0,150,0,0.29869496556544206,0.0
11,sinkhole,1.0,0.0,"[76, 105]",11001033,clean_oracle,5.012684018113434,"[0, 0, 0]","[123, 64, 113, 115, 150]","[123, 64, 113, 115, 150]",True,True,5.012684018113434,0,0.0,False,0,False,300,63,0.21,87,0,150,0,0.29869496556544206,0.0
11,sinkhole,1.0,0.5,"[64, 75]",11001083,naive_poisoned,2.6439809089876416,"[0, 0, 0]","[123, 64, 113, 115, 150]","[123, 64, 113, 115, 150]",True,True,5.012684018113434,1,0.3333333333333333,True,0,False,300,51,0.17,76,23,150,0,0.25824381410534336,0.0
11,sinkhole,1.0,0.5,"[64, 75]",11001083,trust_weighted,8.643980908987642,"[0, 0, 0]","[123, 64, 113, 115, 150]","[123, 64, 113, 115, 150]",True,True,5.012684018113434,1,0.3333333333333333,True,0,False,300,51,0.17,76,23,150,0,0.25824381410534336,0.0
11,sinkhole,1.0,0.5,"[64, 75]",11001083,clean_oracle,5.012684018113434,"[0, 0, 0]","[123, 64, 113, 115, 150]","[123, 64, 113, 115, 150]",True,True,5.012684018113434,1,0.3333333333333333,True,0,False,300,51,0.17,76,23,150,0,0.25824381410534336,0.0
11,wormhole,0.25,0.0,"[105, 94]",11010290,naive_poisoned,5.012684018113434,"[0, 0, 0]","[123, 64, 113, 115, 150]","[123, 64, 113, 115, 150]",True,True,5.012684018113434,0,0.0,False,0,False,300,63,0.21,87,0,150,0,0.29869496556544206,0.0
11,wormhole,0.25,0.0,"[105, 94]",11010290,trust_weighted,5.012684018113434,"[0, 0, 0]","[123, 64, 113, 115, 150]","[123, 64, 113, 115, 150]",True,True,5.012684018113434,0,0.0,False,0,False,300,63,0.21,87,0,150,0,0.29869496556544206,0.0
11,wormhole,0.25,0.0,"[105, 94]",11010290,clean_oracle,5.012684018113434,"[0, 0, 0]","[123, 64, 113, 115, 150]","[123, 64, 113, 115, 150]",True,True,5.012684018113434,0,0.0,False,0,False,300,63,0.21,87,0,150,0,0.29869496556544206,0.0
11,wormhole,0.25,0.5,"[105, 94]",11010340,naive_poisoned,5.012684018113434,"[0, 0, 0]","[123, 64, 113, 115, 150]","[123, 64, 113, 115, 150]",True,True,5.012684018113434,0,0.0,False,0,False,300,63,0.21,87,0,150,0,0.29869496556544206,0.0
11,wormhole,0.25,0.5,"[105, 94]",11010340,trust_weighted,5.012684018113434,"[0, 0, 0]","[123, 64, 113, 115, 150]","[123, 64, 113, 115, 150]",True,True,5.012684018113434,0,0.0,False,0,False,300,63,0.21,87,0,150,0,0.29869496556544206,0.0
11,wormhole,0.25,0.5,"[105, 94]",11010340,clean_oracle,5.012684018113434,"[0, 0, 0]","[123, 64, 113, 115, 150]","[123, 64, 113, 115, 150]",True,True,5.012684018113434,0,0.0,False,0,False,300,63,0.21,87,0,150,0,0.29869496556544206,0.0
11,wormhole,0.5,0.0,"[75, 113]",11010540,naive_poisoned,4.152314847755478,"[2, 0, 0]","[123, 75, 113, 115, 150]","[123, 75, 113, 115, 150]",True,False,17.11386341700185,2,0.6666666666666666,True,0,True,300,0,0.0,0,0,0,300,0.0,12.101179398888416
11,wormhole,0.5,0.0,"[75, 113]",11010540,trust_weighted,11.012684018113433,"[0, 0, 0]","[123, 64, 113, 115, 150]","[123, 64, 113, 115, 150]",True,True,5.012684018113434,1,0.3333333333333333,True,0,False,300,58,0.19333333333333333,81,11,150,0,0.2868771831266148,0.0
11,wormhole,0.5,0.0,"[75, 113]",11010540,clean_oracle,5.012684018113434,"[0, 0, 0]","[123, 64, 113, 115, 150]","[123, 64, 113, 115, 150]",True,True,5.012684018113434,1,0.3333333333333333,True,0,False,300,58,0.19333333333333333,81,11,150,0,0.2868771831266148,0.0
11,wormhole,0.5,0.5,"[75, 105]",11010590,naive_poisoned,5.012684018113434,"[0, 0, 0]","[123, 64, 113, 115, 150]","[123, 64, 113, 115, 150]",True,True,5.012684018113434,0,0.0,False,0,False,300,63,0.21,87,0,150,0,0.29869496556544206,0.0
11,wormhole,0.5,0.5,"[75, 105]",11010590,trust_weighted,5.012684018113434,"[0, 0, 0]","[123, 64, 113, 115, 150]","[123, 64, 113, 115, 150]",True,True,5.012684018113434,0,0.0,False,0,False,300,63,0.21,87,0,150,0,0.29869496556544206,0.0
11,wormhole,0.5,0.5,"[75, 105]",11010590,clean_oracle,5.012684018113434,"[0, 0, 0]","[123, 64, 113, 115, 150]","[123, 64, 113, 115, 150]",True,True,5.012684018113434,0,0.0,False,0,False,300,63,0.21,87,0,150,0,0.29869496556544206,0.0
11,wormhole,0.75,0.0,"[75, 113]",11010790,naive_poisoned,3.9098075370355545,"[2, 0, 0]","[123, 75, 113, 115, 150]","[123, 75, 113, 115, 150]",True,False,17.11386341700185,2,0.6666666666666666,True,0,True,300,0,0.0,0,0,0,300,0.0,12.101179398888416
11,wormhole,0.75,0.0,"[75, 113]",11010790,trust_weighted,14.012684018113433,"[0, 0, 0]","[123, 64, 113, 115, 150]","[123, 64, 113, 115, 150]",True,True,5.012684018113434,1,0.3333333333333333,True,0,False,300,55,0.18333333333333332,79,16,150,0,0.2830018987942413,0.0
11,wormhole,0.75,0.0,"[75, 113]",11010790,clean_oracle,5.012684018113434,"[0, 0, 0]","[123, 64, 113, 115, 150]","[123, 64, 113, 115, 150]",True,True,5.012684018113434,1,0.3333333333333333,True,0,False,300,55,0.18333333333333332,79,16,150,0,0.2830018987942413,0.0
11,wormhole,0.75,0.5,"[75, 113]",11010840,naive_poisoned,3.9098075370355545,"[2, 0, 0]","[123, 75, 113, 115, 150]","[123, 75, 113, 115, 150]",True,False,17.11386341700185,2,0.6666666666666666,True,0,True,300,0,0.0,0,0,0,300,0.0,12.101179398888416
11,wormhole,0.75,0.5,"[75, 113]",11010840,trust_weighted,9.512684018113433,"[0, 0, 0]","[123, 64, 113, 115, 150]","[123, 64, 113, 115, 150]",True,True,5.012684018113434,1,0.3333333333333333,True,0,False,300,55,0.18333333333333332,79,16,150,0,0.2830018987942413,0.0
11,wormhole,0.75,0.5,"[75, 113]",11010840,clean_oracle,5.012684018113434,"[0, 0, 0]","[123, 64, 113, 115, 150]","[123, 64, 113, 115, 150]",True,True,5.012684018113434,1,0.3333333333333333,True,0,False,300,55,0.18333333333333332,79,16,150,0,0.2830018987942413,0.0
11,wormhole,1.0,0.0,"[75, 105]",11011040,naive_poisoned,5.012684018113434,"[0, 0, 0]","[123, 64, 113, 115, 150]","[123, 64, 113, 115, 150]",True,True,5.012684018113434,0,0.0,False,0,False,300,63,0.21,87,0,150,0,0.29869496556544206,0.0
11,wormhole,1.0,0.0,"[75, 105]",11011040,trust_weighted,5.012684018113434,"[0, 0, 0]","[123, 64, 113, 115, 150]","[123, 64, 113, 115, 150]",True,True,5.012684018113434,0,0.0,False,0,False,300,63,0.21,87,0,150,0,0.29869496556544206,0.0
11,wormhole,1.0,0.0,"[75, 105]",11011040,clean_oracle,5.012684018113434,"[0, 0, 0]","[123, 64, 113, 115, 150]","[123, 64, 113, 115, 150]",True,True,5.012684018113434,0,0.0,False,0,False,300,63,0.21,87,0,150,0,0.29869496556544206,0.0
11,wormhole,1.0,0.5,"[75, 105]",11011090,naive_poisoned,5.012684018113434,"[0, 0, 0]","[123, 64, 113, 115, 150]","[123, 64, 113, 115, 150]",True,True,5.012684018113434,0,0.0,False,0,False,300,63,0.21,87,0,150,0,0.29869496556544206,0.0
11,wormhole,1.0,0.5,"[75, 105]",11011090,trust_weighted,5.012684018113434,"[0, 0, 0]","[123, 64, 113, 115, 150]","[123, 64, 113, 115, 150]",True,True,5.012684018113434,0,0.0,False,0,False,300,63,0.21,87,0,150,0,0.29869496556544206,0.0
11,wormhole,1.0,0.5,"[75, 105]",11011090,clean_oracle,5.012684018113434,"[0, 0, 0]","[123, 64, 113, 115, 150]","[123, 64, 113, 115, 150]",True,True,5.012684018113434,0,0.0,False,0,False,300,63,0.21,87,0,150,0,0.29869496556544206,0.0
11,sybil,0.25,0.0,[127],11020297,naive_poisoned,5.012684018113434,"[0, 0, 0]","[123, 64, 113, 115, 150]","[123, 64, 113, 115, 150]",True,True,5.012684018113434,0,0.0,False,0,False,300,63,0.21,87,0,150,0,0.29869496556544206,0.0
11,sybil,0.25,0.0,[127],11020297,trust_weighted,5.012684018113434,"[0, 0, 0]","[123, 64, 113, 115, 150]","[123, 64, 113, 115, 150]",True,True,5.012684018113434,0,0.0,False,0,False,300,63,0.21,87,0,150,0,0.29869496556544206,0.0
11,sybil,0.25,0.0,[127],11020297,clean_oracle,5.012684018113434,"[0, 0, 0]","[123, 64, 113, 115, 150]","[123, 64, 113, 115, 150]",True,True,5.012684018113434,0,0.0,False,0,False,300,63,0.21,87,0,150,0,0.29869496556544206,0.0
11,sybil,0.25,0.5,[127],11020347,naive_poisoned,5.012684018113434,"[0, 0, 0]","[123, 64, 113, 115, 150]","[123, 64, 113, 115, 150]",True,True,5.012684018113434,0,0.0,False,0,False,300,63,0.21,87,0,150,0,0.29869496556544206,0.0
11,sybil,0.25,0.5,[127],11020347,trust_weighted,5.012684018113434,"[0, 0, 0]","[123, 64, 113, 115, 150]","[123, 64, 113, 115, 150]",True,True,5.012684018113434,0,0.0,False,0,False,300,63,0.21,87,0,150,0,0.29869496556544206,0.0
11,sybil,0.25,0.5,[127],11020347,clean_oracle,5.012684018113434,"[0, 0, 0]","[123, 64, 113, 115, 150]","[123, 64, 113, 115, 150]",True,True,5.012684018113434,0,0.0,False,0,False,300,63,0.21,87,0,150,0,0.29869496556544206,0.0
11,sybil,0.5,0.0,[94],11020547,naive_poisoned,3.849283724050744,"[0, 0, 0]","[123, 64, 113, ""sybil:94:1"", 150]","[123, 64, 113, 94, 150]",True,True,5.076061275214948,1,0.3333333333333333,True,1,False,300,54,0.18,88,8,150,0,0.29426365770647855,0.06337725710151432
11,sybil,0.5,0.0,[94],11020547,trust_weighted,9.849283724050744,"[0, 0, 0]","[123, 64, 113, ""sybil:94:1"", 150]","[123, 64, 113, 94, 150]",True,True,5.076061275214948,1,0.3333333333333333,True,1,False,300,54,0.18,88,8,150,0,0.29426365770647855,0.06337725710151432
11,sybil,0.5,0.0,[94],11020547,clean_oracle,5.012684018113434,"[0, 0, 0]","[123, 64, 113, 115, 150]","[123, 64, 113, 115, 150]",True,True,5.012684018113434,0,0.0,False,0,False,300,63,0.21,87,0,150,0,0.29869496556544206,0.0
11,sybil,0.5,0.5,[94],11020597,naive_poisoned,3.849283724050744,"[0, 0, 0]","[123, 64, 113, ""sybil:94:1"", 150]","[123, 64, 113, 94, 150]",True,True,5.076061275214948,1,0.3333333333333333,True,1,False,300,54,0.18,88,8,150,0,0.29426365770647855,0.06337725710151432
11,sybil,0.5,0.5,[94],11020597,trust_weighted,6.8492837240507445,"[0, 0, 0]","[123, 64, 113, ""sybil:94:1"", 150]","[123, 64, 113, 94, 150]",True,True,5.076061275214948,1,0.3333333333333333,True,1,False,300,54,0.18,88,8,150,0,0.29426365770647855,0.06337725710151432
11,sybil,0.5,0.5,[94],11020597,clean_oracle,5.012684018113434,"[0, 0, 0]","[123, 64, 113, 115, 150]","[123, 64, 113, 115, 150]",True,True,5.012684018113434,0,0.0,False,0,False,300,63,0.21,87,0,150,0,0.29869496556544206,0.0
11,sybil,0.75,0.0,[115],11020797,naive_poisoned,3.217673987051957,"[0, 0, 0]","[123, 64, 113, ""sybil:115:0"", 150]","[123, 64, 113, 115, 150]",True,True,5.012684018113434,1,0.3333333333333333,True,1,False,300,55,0.18333333333333332,80,15,150,0,0.2902370687925373,0.0
11,sybil,0.75,0.0,[115],11020797,trust_weighted,12.217673987051958,"[0, 0, 0]","[123, 64, 113, ""sybil:115:0"", 150]","[123, 64, 113, 115, 150]",True,True,5.012684018113434,1,0.3333333333333333,True,1,False,300,55,0.18333333333333332,80,15,150,0,0.2902370687925373,0.0
11,sybil,0.75,0.0,[115],11020797,clean_oracle,5.012684018113434,"[0, 0, 0]","[123, 64, 113, 115, 150]","[123, 64, 113, 115, 150]",True,True,5.012684018113434,1,0.3333333333333333,True,0,False,300,55,0.18333333333333332,80,15,150,0,0.2902370687925373,0.0
11,sybil,0.75,0.5,[94],11020847,naive_poisoned,3.2358949484686423,"[0, 0, 0]","[123, 64, 113, ""sybil:94:1"", 150]","[123, 64, 113, 94, 150]",True,True,5.076061275214948,1,0.3333333333333333,True,1,False,300,50,0.16666666666666666,85,15,150,0,0.2893340214301876,0.06337725710151432
11,sybil,0.75,0.5,[94],11020847,trust_weighted,7.735894948468642,"[0, 0, 0]","[123, 64, 113, ""sybil:94:1"", 150]","[123, 64, 113, 94, 150]",True,True,5.076061275214948,1,0.3333333333333333,True,1,False,300,50,0.16666666666666666,85,15,150,0,0.2893340214301876,0.06337725710151432
11,sybil,0.75,0.5,[94],11020847,clean_oracle,5.012684018113434,"[0, 0, 0]","[123, 64, 113, 115, 150]","[123, 64, 113, 115, 150]",True,True,5.012684018113434,0,0.0,False,0,False,300,63,0.21,87,0,150,0,0.29869496556544206,0.0
11,sybil,1.0,0.0,[94],11021047,naive_poisoned,2.62250617288654,"[0, 0, 0]","[123, 64, 113, ""sybil:94:1"", 150]","[123, 64, 113, 94, 150]",True,True,5.076061275214948,1,0.3333333333333333,True,1,False,300,45,0.15,88,17,150,0,0.2896435489189404,0.06337725710151432
11,sybil,1.0,0.0,[94],11021047,trust_weighted,14.62250617288654,"[0, 0, 0]","[123, 64, 113, ""sybil:94:1"", 150]","[123, 64, 113, 94, 150]",True,True,5.076061275214948,1,0.3333333333333333,True,1,False,300,45,0.15,88,17,150,0,0.2896435489189404,0.06337725710151432
11,sybil,1.0,0.0,[94],11021047,clean_oracle,5.012684018113434,"[0, 0, 0]","[123, 64, 113, 115, 150]","[123, 64, 113, 115, 150]",True,True,5.012684018113434,0,0.0,False,0,False,300,63,0.21,87,0,150,0,0.29869496556544206,0.0
11,sybil,1.0,0.5,[127],11021097,naive_poisoned,102.42672564751089,"[1, 1, 0]","[123, 55, 76, ""sybil:127:1"", 150]","[123, 55, 76, 127, 150]",False,False,17.07733005753721,1,0.3333333333333333,True,1,False,300,0,0.0,0,0,0,300,0.0,12.064646039423778
11,sybil,1.0,0.5,[127],11021097,trust_weighted,108.42672564751089,"[1, 1, 0]","[123, 55, 76, ""sybil:127:1"", 150]","[123, 55, 76, 127, 150]",False,False,17.07733005753721,1,0.3333333333333333,True,1,False,300,0,0.0,0,0,0,300,0.0,12.064646039423778
11,sybil,1.0,0.5,[127],11021097,clean_oracle,5.012684018113434,"[0, 0, 0]","[123, 64, 113, 115, 150]","[123, 64, 113, 115, 150]",True,True,5.012684018113434,0,0.0,False,0,False,300,63,0.21,87,0,150,0,0.29869496556544206,0.0
12,sinkhole,0.25,0.0,[19],12000286,naive_poisoned,103.22147525558843,"[2, 1, 0]","[5, 19, 81, 115, 150]","[5, 19, 81, 115, 150]",False,False,17.120046518209364,1,0.3333333333333333,True,0,False,300,0,0.0,0,0,0,300,0.0,0.037145761003749556
12,sinkhole,0.25,0.0,[19],12000286,trust_weighted,103.44635207497917,"[0, 1, 0]","[5, 46, 81, 115, 150]","[5, 46, 81, 115, 150]",False,False,17.082900757205614,0,0.0,False,0,False,300,0,0.0,0,0,0,300,0.0,0.0
12,sinkhole,0.25,0.0,[19],12000286,clean_oracle,103.44635207497917,"[0, 1, 0]","[5, 46, 81, 115, 150]","[5, 46, 81, 115, 150]",False,False,17.082900757205614,0,0.0,False,0,False,300,0,0.0,0,0,0,300,0.0,0.0
12,sinkhole,0.25,0.5,[19],12000336,naive_poisoned,103.22147525558843,"[2, 1, 0]","[5, 19, 81, 115, 150]","[5, 19, 81, 115, 150]",False,False,17.120046518209364,1,0.3333333333333333,True,0,False,300,0,0.0,0,0,0,300,0.0,0.037145761003749556
12,sinkhole,0.25,0.5,[19],12000336,trust_weighted,103.44635207497917,"[0, 1, 0]","[5, 46, 81, 115, 150]","[5, 46, 81, 115, 150]",False,False,17.082900757205614,0,0.0,False,0,False,300,0,0.0,0,0,0,300,0.0,0.0
12,sinkhole,0.25,0.5,[19],12000336,clean_oracle,103.44635207497917,"[0, 1, 0]","[5, 46, 81, 115, 150]","[5, 46, 81, 115, 150]",False,False,17.082900757205614,0,0.0,False,0,False,300,0,0.0,0,0,0,300,0.0,0.0
12,sinkhole,0.5,0.0,[121],12000536,naive_poisoned,102.95236122719568,"[1, 1, 0]","[5, 121, 81, 115, 150]","[5, 121, 81, 115, 150]",False,False,17.106538998212695,1,0.3333333333333333,True,0,False,300,0,0.0,0,0,0,300,0.0,0.023638241007081007
12,sinkhole,0.5,0.0,[121],12000536,trust_weighted,103.44635207497917,"[0, 1, 0]","[5, 46, 81, 115, 150]","[5, 46, 81, 115, 150]",False,False,17.082900757205614,0,0.0,False,0,False,300,0,0.0,0,0,0,300,0.0,0.0
12,sinkhole,0.5,0.0,[121],12000536,clean_oracle,103.44635207497917,"[0, 1, 0]","[5, 46, 81, 115, 150]","[5, 46, 81, 115, 150]",False,False,17.082900757205614,0,0.0,False,0,False,300,0,0.0,0,0,0,300,0.0,0.0
12,sinkhole,0.5,0.5,[75],12000586,naive_poisoned,102.33127156056132,"[0, 1, 1]","[5, 46, 81, 75, 150]","[5, 46, 81, 75, 150]",False,False,17.112492751272356,1,0.3333333333333333,True,0,False,300,0,0.0,0,0,0,300,0.0,0.029591994066741734
12,sinkhole,0.5,0.5,[75],12000586,trust_weighted,103.44635207497917,"[0, 1, 0]","[5, 46, 81, 115, 150]","[5, 46, 81, 115, 150]",False,False,17.082900757205614,0,0.0,False,0,False,300,0,0.0,0,0,0,300,0.0,0.0
12,sinkhole,0.5,0.5,[75],12000586,clean_oracle,103.44635207497917,"[0, 1, 0]","[5, 46, 81, 115, 150]","[5, 46, 81, 115, 150]",False,False,17.082900757205614,0,0.0,False,0,False,300,0,0.0,0,0,0,300,0.0,0.0
12,sinkhole,0.75,0.0,"[87, 19]",12000786,naive_poisoned,101.86381242758844,"[2, 0, 0]","[5, 19, 87, 115, 150]","[5, 19, 87, 115, 150]",False,False,17.138618416295934,2,0.6666666666666666,True,0,False,300,0,0.0,0,0,0,300,0.0,0.05571765909031967
12,sinkhole,0.75,0.0,"[87, 19]",12000786,trust_weighted,103.44635207497917,"[0, 1, 0]","[5, 46, 81, 115, 150]","[5, 46, 81, 115, 150]",False,False,17.082900757205614,0,0.0,False,0,False,300,0,0.0,0,0,0,300,0.0,0.0
12,sinkhole,0.75,0.0,"[87, 19]",12000786,clean_oracle,103.44635207497917,"[0, 1, 0]","[5, 46, 81, 115, 150]","[5, 46, 81, 115, 150]",False,False,17.082900757205614,0,0.0,False,0,False,300,0,0.0,0,0,0,300,0.0,0.0
12,sinkhole,0.75,0.5,"[19, 87]",12000836,naive_poisoned,101.86381242758844,"[2, 0, 0]","[5, 19, 87, 115, 150]","[5, 19, 87, 115, 150]",False,False,17.138618416295934,2,0.6666666666666666,True,0,False,300,0,0.0,0,0,0,300,0.0,0.05571765909031967
12,sinkhole,0.75,0.5,"[19, 87]",12000836,trust_weighted,103.44635207497917,"[0, 1, 0]","[5, 46, 81, 115, 150]","[5, 46, 81, 115, 150]",False,False,17.082900757205614,0,0.0,False,0,False,300,0,0.0,0,0,0,300,0.0,0.0
12,sinkhole,0.75,0.5,"[19, 87]",12000836,clean_oracle,103.44635207497917,"[0, 1, 0]","[5, 46, 81, 115, 150]","[5, 46, 81, 115, 150]",False,False,17.082900757205614,0,0.0,False,0,False,300,0,0.0,0,0,0,300,0.0,0.0
12,sinkhole,1.0,0.0,"[87, 121]",12001036,naive_poisoned,101.3170512827616,"[1, 0, 0]","[5, 121, 87, 115, 150]","[5, 121, 87, 115, 150]",False,False,17.125110896299265,2,0.6666666666666666,True,0,False,300,0,0.0,0,0,0,300,0.0,0.04221013909365112
12,sinkhole,1.0,0.0,"[87, 121]",12001036,trust_weighted,103.44635207497917,"[0, 1, 0]","[5, 46, 81, 115, 150]","[5, 46, 81, 115, 150]",False,False,17.082900757205614,0,0.0,False,0,False,300,0,0.0,0,0,0,300,0.0,0.0
12,sinkhole,1.0,0.0,"[87, 121]",12001036,clean_oracle,103.44635207497917,"[0, 1, 0]","[5, 46, 81, 115, 150]","[5, 46, 81, 115, 150]",False,False,17.082900757205614,0,0.0,False,0,False,300,0,0.0,0,0,0,300,0.0,0.0
12,sinkhole,1.0,0.5,"[75, 143]",12001086,naive_poisoned,101.1865990520767,"[0, 1, 1]","[5, 46, 81, 75, 150]","[5, 46, 81, 75, 150]",False,False,17.112492751272356,1,0.3333333333333333,True,0,False,300,0,0.0,0,0,0,300,0.0,0.029591994066741734
12,sinkhole,1.0,0.5,"[75, 143]",12001086,trust_weighted,103.44635207497917,"[0, 1, 0]","[5, 46, 81, 115, 150]","[5, 46, 81, 115, 150]",False,False,17.082900757205614,0,0.0,False,0,False,300,0,0.0,0,0,0,300,0.0,0.0
12,sinkhole,1.0,0.5,"[75, 143]",12001086,clean_oracle,103.44635207497917,"[0, 1, 0]","[5, 46, 81, 115, 150]","[5, 46, 81, 115, 150]",False,False,17.082900757205614,0,0.0,False,0,False,300,0,0.0,0,0,0,300,0.0,0.0
12,wormhole,0.25,0.0,"[19, 81]",12010293,naive_poisoned,4.267478544609126,"[2, 1, 0]","[5, 19, 81, 115, 150]","[5, 19, 81, 115, 150]",True,False,17.120046518209364,2,0.6666666666666666,True,0,True,300,0,0.0,0,0,0,300,0.0,0.037145761003749556
12,wormhole,0.25,0.0,"[19, 81]",12010293,trust_weighted,10.267478544609126,"[2, 1, 0]","[5, 19, 81, 115, 150]","[5, 19, 81, 115, 150]",True,False,17.120046518209364,2,0.6666666666666666,True,0,True,300,0,0.0,0,0,0,300,0.0,0.037145761003749556
12,wormhole,0.25,0.0,"[19, 81]",12010293,clean_oracle,103.44635207497917,"[0, 1, 0]","[5, 46, 81, 115, 150]","[5, 46, 81, 115, 150]",False,False,17.082900757205614,1,0.3333333333333333,True,0,False,300,0,0.0,0,0,0,300,0.0,0.0
12,wormhole,0.25,0.5,"[46, 81]",12010343,naive_poisoned,4.230332783605377,"[0, 1, 0]","[5, 46, 81, 115, 150]","[5, 46, 81, 115, 150]",True,False,17.082900757205614,2,0.6666666666666666,True,0,True,300,0,0.0,0,0,0,300,0.0,0.0
12,wormhole,0.25,0.5,"[46, 81]",12010343,trust_weighted,7.230332783605378,"[0, 1, 0]","[5, 46, 81, 115, 150]","[5, 46, 81, 115, 150]",True,False,17.082900757205614,2,0.6666666666666666,True,0,True,300,0,0.0,0,0,0,300,0.0,0.0
12,wormhole,0.25,0.5,"[46, 81]",12010343,clean_oracle,103.44635207497917,"[0, 1, 0]","[5, 46, 81, 115, 150]","[5, 46, 81, 115, 150]",False,False,17.082900757205614,2,0.6666666666666666,True,0,False,300,0,0.0,0,0,0,300,0.0,0.0
12,wormhole,0.5,0.0,"[19, 81]",12010543,naive_poisoned,4.023287832086211,"[2, 1, 0]","[5, 19, 81, 115, 150]","[5, 19, 81, 115, 150]",True,False,17.120046518209364,2,0.6666666666666666,True,0,True,300,0,0.0,0,0,0,300,0.0,0.037145761003749556
12,wormhole,0.5,0.0,"[19, 81]",12010543,trust_weighted,16.02328783208621,"[2, 1, 0]","[5, 19, 81, 115, 150]","[5, 19, 81, 115, 150]",True,False,17.120046518209364,2,0.6666666666666666,True,0,True,300,0,0.0,0,0,0,300,0.0,0.037145761003749556
12,wormhole,0.5,0.0,"[19, 81]",12010543,clean_oracle,103.44635207497917,"[0, 1, 0]","[5, 46, 81, 115, 150]","[5, 46, 81, 115, 150]",False,False,17.082900757205614,1,0.3333333333333333,True,0,False,300,0,0.0,0,0,0,300,0.0,0.0
12,wormhole,0.5,0.5,"[19, 81]",12010593,naive_poisoned,4.023287832086211,"[2, 1, 0]","[5, 19, 81, 115, 150]","[5, 19, 81, 115, 150]",True,False,17.120046518209364,2,0.6666666666666666,True,0,True,300,0,0.0,0,0,0,300,0.0,0.037145761003749556
12,wormhole,0.5,0.5,"[19, 81]",12010593,trust_weighted,10.023287832086211,"[2, 1, 0]","[5, 19, 81, 115, 150]","[5, 19, 81, 115, 150]",True,False,17.120046518209364,2,0.6666666666666666,True,0,True,300,0,0.0,0,0,0,300,0.0,0.037145761003749556
12,wormhole,0.5,0.5,"[19, 81]",12010593,clean_oracle,103.44635207497917,"[0, 1, 0]","[5, 46, 81, 115, 150]","[5, 46, 81, 115, 150]",False,False,17.082900757205614,1,0.3333333333333333,True,0,False,300,0,0.0,0,0,0,300,0.0,0.0
12,wormhole,0.75,0.0,"[19, 87]",12010793,naive_poisoned,3.7976690176498655,"[2, 0, 0]","[5, 19, 87, 115, 150]","[5, 19, 87, 115, 150]",True,False,17.138618416295934,2,0.6666666666666666,True,0,True,300,0,0.0,0,0,0,300,0.0,0.05571765909031967
12,wormhole,0.75,0.0,"[19, 87]",12010793,trust_weighted,21.797669017649863,"[2, 0, 0]","[5, 19, 87, 115, 150]","[5, 19, 87, 115, 150]",True,False,17.138618416295934,2,0.6666666666666666,True,0,True,300,0,0.0,0,0,0,300,0.0,0.05571765909031967
12,wormhole,0.75,0.0,"[19, 87]",12010793,clean_oracle,103.44635207497917,"[0, 1, 0]","[5, 46, 81, 115, 150]","[5, 46, 81, 115, 150]",False,False,17.082900757205614,0,0.0,False,0,False,300,0,0.0,0,0,0,300,0.0,0.0
12,wormhole,0.75,0.5,"[46, 81]",12010843,naive_poisoned,3.741951358559546,"[0, 1, 0]","[5, 46, 81, 115, 150]","[5, 46, 81, 115, 150]",True,False,17.082900757205614,2,0.6666666666666666,True,0,True,300,0,0.0,0,0,0,300,0.0,0.0
12,wormhole,0.75,0.5,"[46, 81]",12010843,trust_weighted,12.741951358559547,"[0, 1, 0]","[5, 46, 81, 115, 150]","[5, 46, 81, 115, 150]",True,False,17.082900757205614,2,0.6666666666666666,True,0,True,300,0,0.0,0,0,0,300,0.0,0.0
12,wormhole,0.75,0.5,"[46, 81]",12010843,clean_oracle,103.44635207497917,"[0, 1, 0]","[5, 46, 81, 115, 150]","[5, 46, 81, 115, 150]",False,False,17.082900757205614,2,0.6666666666666666,True,0,False,300,0,0.0,0,0,0,300,0.0,0.0
12,wormhole,1.0,0.0,"[46, 81]",12011043,naive_poisoned,3.4977606460366304,"[0, 1, 0]","[5, 46, 81, 115, 150]","[5, 46, 81, 115, 150]",True,False,17.082900757205614,2,0.6666666666666666,True,0,True,300,0,0.0,0,0,0,300,0.0,0.0
12,wormhole,1.0,0.0,"[46, 81]",12011043,trust_weighted,27.497760646036628,"[0, 1, 0]","[5, 46, 81, 115, 150]","[5, 46, 81, 115, 150]",True,False,17.082900757205614,2,0.6666666666666666,True,0,True,300,0,0.0,0,0,0,300,0.0,0.0
12,wormhole,1.0,0.0,"[46, 81]",12011043,clean_oracle,103.44635207497917,"[0, 1, 0]","[5, 46, 81, 115, 150]","[5, 46, 81, 115, 150]",False,False,17.082900757205614,2,0.6666666666666666,True,0,False,300,0,0.0,0,0,0,300,0.0,0.0
12,wormhole,1.0,0.5,"[19, 81]",12011093,naive_poisoned,3.5349064070403795,"[2, 1, 0]","[5, 19, 81, 115, 150]","[5, 19, 81, 115, 150]",True,False,17.120046518209364,2,0.6666666666666666,True,0,True,300,0,0.0,0,0,0,300,0.0,0.037145761003749556
12,wormhole,1.0,0.5,"[19, 81]",12011093,trust_weighted,15.534906407040381,"[2, 1, 0]","[5, 19, 81, 115, 150]","[5, 19, 81, 115, 150]",True,False,17.120046518209364,2,0.6666666666666666,True,0,True,300,0,0.0,0,0,0,300,0.0,0.037145761003749556
12,wormhole,1.0,0.5,"[19, 81]",12011093,clean_oracle,103.44635207497917,"[0, 1, 0]","[5, 46, 81, 115, 150]","[5, 46, 81, 115, 150]",False,False,17.082900757205614,1,0.3333333333333333,True,0,False,300,0,0.0,0,0,0,300,0.0,0.0
12,sybil,0.25,0.0,[115],12020300,naive_poisoned,102.88104391932772,"[0, 1, 0]","[5, 46, 81, ""sybil:115:0"", 150]","[5, 46, 81, 115, 150]",False,False,17.082900757205614,1,0.3333333333333333,True,1,False,300,0,0.0,0,0,0,300,0.0,0.0
12,sybil,0.25,0.0,[115],12020300,trust_weighted,103.47594406904592,"[0, 1, 1]","[5, 46, 81, 75, 150]","[5, 46, 81, 75, 150]",False,False,17.112492751272356,0,0.0,False,0,False,300,0,0.0,0,0,0,300,0.0,0.029591994066741734
12,sybil,0.25,0.0,[115],12020300,clean_oracle,103.44635207497917,"[0, 1, 0]","[5, 46, 81, 115, 150]","[5, 46, 81, 115, 150]",False,False,17.082900757205614,1,0.3333333333333333,True,0,False,300,0,0.0,0,0,0,300,0.0,0.0
12,sybil,0.25,0.5,[143],12020350,naive_poisoned,103.44635207497917,"[0, 1, 0]","[5, 46, 81, 115, 150]","[5, 46, 81, 115, 150]",False,False,17.082900757205614,0,0.0,False,0,False,300,0,0.0,0,0,0,300,0.0,0.0
12,sybil,0.25,0.5,[143],12020350,trust_weighted,103.44635207497917,"[0, 1, 0]","[5, 46, 81, 115, 150]","[5, 46, 81, 115, 150]",False,False,17.082900757205614,0,0.0,False,0,False,300,0,0.0,0,0,0,300,0.0,0.0
12,sybil,0.25,0.5,[143],12020350,clean_oracle,103.44635207497917,"[0, 1, 0]","[5, 46, 81, 115, 150]","[5, 46, 81, 115, 150]",False,False,17.082900757205614,0,0.0,False,0,False,300,0,0.0,0,0,0,300,0.0,0.0
12,sybil,0.5,0.0,[143],12020550,naive_poisoned,103.47594406904592,"[0, 1, 1]","[5, 46, 81, 75, 150]","[5, 46, 81, 75, 150]",False,False,17.112492751272356,0,0.0,False,0,False,300,0,0.0,0,0,0,300,0.0,0.029591994066741734
12,sybil,0.5,0.0,[143],12020550,trust_weighted,103.47594406904592,"[0, 1, 1]","[5, 46, 81, 75, 150]","[5, 46, 81, 75, 150]",False,False,17.112492751272356,0,0.0,False,0,False,300,0,0.0,0,0,0,300,0.0,0.029591994066741734
12,sybil,0.5,0.0,[143],12020550,clean_oracle,103.44635207497917,"[0, 1, 0]","[5, 46, 81, 115, 150]","[5, 46, 81, 115, 150]",False,False,17.082900757205614,0,0.0,False,0,False,300,0,0.0,0,0,0,300,0.0,0.0
12,sybil,0.5,0.5,[75],12020600,naive_poisoned,102.33127156056132,"[0, 1, 0]","[5, 46, 81, ""sybil:75:1"", 150]","[5, 46, 81, 75, 150]",False,False,17.112492751272356,1,0.3333333333333333,True,1,False,300,0,0.0,0,0,0,300,0.0,0.029591994066741734
12,sybil,0.5,0.5,[75],12020600,trust_weighted,105.33127156056132,"[0, 1, 0]","[5, 46, 81, ""sybil:75:1"", 150]","[5, 46, 81, 75, 150]",False,False,17.112492751272356,1,0.3333333333333333,True,1,False,300,0,0.0,0,0,0,300,0.0,0.029591994066741734
12,sybil,0.5,0.5,[75],12020600,clean_oracle,103.44635207497917,"[0, 1, 0]","[5, 46, 81, 115, 150]","[5, 46, 81, 115, 150]",False,False,17.082900757205614,0,0.0,False,0,False,300,0,0.0,0,0,0,300,0.0,0.0
12,sybil,0.75,0.0,[75],12020800,naive_poisoned,101.758935306319,"[0, 1, 0]","[5, 46, 81, ""sybil:75:1"", 150]","[5, 46, 81, 75, 150]",False,False,17.112492751272356,1,0.3333333333333333,True,1,False,300,0,0.0,0,0,0,300,0.0,0.029591994066741734
12,sybil,0.75,0.0,[75],12020800,trust_weighted,110.758935306319,"[0, 1, 0]","[5, 46, 81, ""sybil:75:1"", 150]","[5, 46, 81, 75, 150]",False,False,17.112492751272356,1,0.3333333333333333,True,1,False,300,0,0.0,0,0,0,300,0.0,0.029591994066741734
12,sybil,0.75,0.0,[75],12020800,clean_oracle,103.44635207497917,"[0, 1, 0]","[5, 46, 81, 115, 150]","[5, 46, 81, 115, 150]",False,False,17.082900757205614,0,0.0,False,0,False,300,0,0.0,0,0,0,300,0.0,0.0
12,sybil,0.75,0.5,[115],12020850,naive_poisoned,101.75042760802482,"[0, 1, 0]","[5, 46, 81, ""sybil:115:0"", 150]","[5, 46, 81, 115, 150]",False,False,17.082900757205614,1,0.3333333333333333,True,1,False,300,0,0.0,0,0,0,300,0.0,0.0
12,sybil,0.75,0.5,[115],12020850,trust_weighted,106.25042760802482,"[0, 1, 0]","[5, 46, 81, ""sybil:115:0"", 150]","[5, 46, 81, 115, 150]",False,False,17.082900757205614,1,0.3333333333333333,True,1,False,300,0,0.0,0,0,0,300,0.0,0.0
12,sybil,0.75,0.5,[115],12020850,clean_oracle,103.44635207497917,"[0, 1, 0]","[5, 46, 81, 115, 150]","[5, 46, 81, 115, 150]",False,False,17.082900757205614,1,0.3333333333333333,True,0,False,300,0,0.0,0,0,0,300,0.0,0.0
12,sybil,1.0,0.0,[115],12021050,naive_poisoned,101.18511945237336,"[0, 1, 0]","[5, 46, 81, ""sybil:115:0"", 150]","[5, 46, 81, 115, 150]",False,False,17.082900757205614,1,0.3333333333333333,True,1,False,300,0,0.0,0,0,0,300,0.0,0.0
12,sybil,1.0,0.0,[115],12021050,trust_weighted,113.18511945237336,"[0, 1, 0]","[5, 46, 81, ""sybil:115:0"", 150]","[5, 46, 81, 115, 150]",False,False,17.082900757205614,1,0.3333333333333333,True,1,False,300,0,0.0,0,0,0,300,0.0,0.0
12,sybil,1.0,0.0,[115],12021050,clean_oracle,103.44635207497917,"[0, 1, 0]","[5, 46, 81, 115, 150]","[5, 46, 81, 115, 150]",False,False,17.082900757205614,1,0.3333333333333333,True,0,False,300,0,0.0,0,0,0,300,0.0,0.0
12,sybil,1.0,0.5,[75],12021100,naive_poisoned,101.1865990520767,"[0, 1, 0]","[5, 46, 81, ""sybil:75:1"", 150]","[5, 46, 81, 75, 150]",False,False,17.112492751272356,1,0.3333333333333333,True,1,False,300,0,0.0,0,0,0,300,0.0,0.029591994066741734
12,sybil,1.0,0.5,[75],12021100,trust_weighted,107.1865990520767,"[0, 1, 0]","[5, 46, 81, ""sybil:75:1"", 150]","[5, 46, 81, 75, 150]",False,False,17.112492751272356,1,0.3333333333333333,True,1,False,300,0,0.0,0,0,0,300,0.0,0.029591994066741734
12,sybil,1.0,0.5,[75],12021100,clean_oracle,103.44635207497917,"[0, 1, 0]","[5, 46, 81, 115, 150]","[5, 46, 81, 115, 150]",False,False,17.082900757205614,0,0.0,False,0,False,300,0,0.0,0,0,0,300,0.0,0.0
13,sinkhole,0.25,0.0,[7],13000289,naive_poisoned,4.240347399453209,"[1, 0, 1]","[139, 107, 40, 7, 150]","[139, 107, 40, 7, 150]",True,True,4.813364549176647,1,0.3333333333333333,True,0,False,300,61,0.20333333333333334,62,3,174,0,0.3029281490521125,0.04063462896691128
13,sinkhole,0.25,0.0,[7],13000289,trust_weighted,4.772729920209736,"[1, 0, 0]","[139, 107, 40, 136, 150]","[139, 107, 40, 136, 150]",True,True,4.772729920209736,0,0.0,False,0,False,300,69,0.23,57,0,174,0,0.3054873525746764,0.0
13,sinkhole,0.25,0.0,[7],13000289,clean_oracle,4.772729920209736,"[1, 0, 0]","[139, 107, 40, 136, 150]","[139, 107, 40, 136, 150]",True,True,4.772729920209736,0,0.0,False,0,False,300,69,0.23,57,0,174,0,0.3054873525746764,0.0
13,sinkhole,0.25,0.5,[49],13000339,naive_poisoned,4.203721499423156,"[1, 2, 0]","[139, 107, 49, 136, 150]","[139, 107, 49, 136, 150]",True,True,4.793799814016981,1,0.3333333333333333,True,0,False,300,68,0.22666666666666666,54,4,174,0,0.3081163092618304,0.021069893807244888
13,sinkhole,0.25,0.5,[49],13000339,trust_weighted,4.772729920209736,"[1, 0, 0]","[139, 107, 40, 136, 150]","[139, 107, 40, 136, 150]",True,True,4.772729920209736,0,0.0,False,0,False,300,69,0.23,57,0,174,0,0.3054873525746764,0.0
13,sinkhole,0.25,0.5,[49],13000339,clean_oracle,4.772729920209736,"[1, 0, 0]","[139, 107, 40, 136, 150]","[139, 107, 40, 136, 150]",True,True,4.772729920209736,0,0.0,False,0,False,300,69,0.23,57,0,174,0,0.3054873525746764,0.0
13,sinkhole,0.5,0.0,[136],13000539,naive_poisoned,3.6459970695221435,"[1, 0, 0]","[139, 107, 40, 136, 150]","[139, 107, 40, 136, 150]",True,True,4.772729920209736,1,0.3333333333333333,True,0,False,300,62,0.20666666666666667,59,4,175,0,0.30305383267366004,0.0
13,sinkhole,0.5,0.0,[136],13000539,trust_weighted,4.813364549176647,"[1, 0, 1]","[139, 107, 40, 7, 150]","[139, 107, 40, 7, 150]",True,True,4.813364549176647,0,0.0,False,0,False,300,68,0.22666666666666666,57,0,175,0,0.30496802943047285,0.04063462896691128
13,sinkhole,0.5,0.0,[136],13000539,clean_oracle,4.772729920209736,"[1, 0, 0]","[139, 107, 40, 136, 150]","[139, 107, 40, 136, 150]",True,True,4.772729920209736,1,0.3333333333333333,True,0,False,300,62,0.20666666666666667,59,4,175,0,0.30305383267366004,0.0
13,sinkhole,0.5,0.5,[92],13000589,naive_poisoned,3.698620175815594,"[2, 2, 0]","[139, 92, 49, 136, 150]","[139, 92, 49, 136, 150]",True,True,4.875578962657024,1,0.3333333333333333,True,0,False,300,87,0.29,94,12,107,0,0.37872473617616365,0.10284904244728832
13,sinkhole,0.5,0.5,[92],13000589,trust_weighted,4.772729920209736,"[1, 0, 0]","[139, 107, 40, 136, 150]","[139, 107, 40, 136, 150]",True,True,4.772729920209736,0,0.0,False,0,False,300,69,0.23,57,0,174,0,0.3054873525746764,0.0
13,sinkhole,0.5,0.5,[92],13000589,clean_oracle,4.772729920209736,"[1, 0, 0]","[139, 107, 40, 136, 150]","[139, 107, 40, 136, 150]",True,True,4.772729920209736,0,0.0,False,0,False,300,69,0.23,57,0,174,0,0.3054873525746764,0.0
13,sinkhole,0.75,0.0,"[7, 49]",13000789,naive_poisoned,2.22008764727107,"[1, 2, 1]","[139, 107, 49, 7, 150]","[139, 107, 49, 7, 150]",True,True,4.853867343617076,2,0.6666666666666666,True,0,False,300,55,0.18333333333333332,55,21,169,0,0.2986106822995751,0.08113742340734031
13,sinkhole,0.75,0.0,"[7, 49]",13000789,trust_weighted,4.772729920209736,"[1, 0, 0]","[139, 107, 40, 136, 150]","[139, 107, 40, 136, 150]",True,True,4.772729920209736,0,0.0,False,0,False,300,69,0.23,57,0,174,0,0.3054873525746764,0.0
13,sinkhole,0.75,0.0,"[7, 49]",13000789,clean_oracle,4.772729920209736,"[1, 0, 0]","[139, 107, 40, 136, 150]","[139, 107, 40, 136, 150]",True,True,4.772729920209736,0,0.0,False,0,False,300,69,0.23,57,0,174,0,0.3054873525746764,0.0
13,sinkhole,0.75,0.5,"[92, 135]",13000839,naive_poisoned,3.0634467774013467,"[0, 0, 0]","[139, 135, 40, 136, 150]","[139, 135, 40, 136, 150]",True,True,4.776860874330287,1,0.3333333333333333,True,0,False,300,85,0.2833333333333333,79,23,113,0,0.3664689376749397,0.004130954120551422
13,sinkhole,0.75,0.5,"[92, 135]",13000839,trust_weighted,4.772729920209736,"[1, 0, 0]","[139, 107, 40, 136, 150]","[139, 107, 40, 136, 150]",True,True,4.772729920209736,0,0.0,False,0,False,300,69,0.23,57,0,174,0,0.3054873525746764,0.0
13,sinkhole,0.75,0.5,"[92, 135]",13000839,clean_oracle,4.772729920209736,"[1, 0, 0]","[139, 107, 40, 136, 150]","[139, 107, 40, 136, 150]",True,True,4.772729920209736,0,0.0,False,0,False,300,69,0.23,57,0,174,0,0.3054873525746764,0.0
13,sinkhole,1.0,0.0,"[7, 40]",13001039,naive_poisoned,1.3401359421003798,"[1, 0, 1]","[139, 107, 40, 7, 150]","[139, 107, 40, 7, 150]",True,True,4.813364549176647,2,0.6666666666666666,True,0,False,300,46,0.15333333333333332,52,29,173,0,0.2876820403415046,0.04063462896691128
13,sinkhole,1.0,0.0,"[7, 40]",13001039,trust_weighted,4.793799814016981,"[1, 2, 0]","[139, 107, 49, 136, 150]","[139, 107, 49, 136, 150]",True,True,4.793799814016981,0,0.0,False,0,False,300,68,0.22666666666666666,61,0,171,0,0.3079163092618309,0.021069893807244888
13,sinkhole,1.0,0.0,"[7, 40]",13001039,clean_oracle,4.772729920209736,"[1, 0, 0]","[139, 107, 40, 136, 150]","[139, 107, 40, 136, 150]",True,True,4.772729920209736,1,0.3333333333333333,True,0,False,300,58,0.19333333333333333,51,15,176,0,0.2921194321906917,0.0
13,sinkhole,1.0,0.5,"[107, 135]",13001089,naive_poisoned,2.492102197385673,"[1, 0, 0]","[139, 107, 40, 136, 150]","[139, 107, 40, 136, 150]",True,True,4.772729920209736,1,0.3333333333333333,True,0,False,300,64,0.21333333333333335,57,21,158,0,0.2991743556907771,0.0
13,sinkhole,1.0,0.5,"[107, 135]",13001089,trust_weighted,4.875578962657024,"[2, 2, 0]","[139, 92, 49, 136, 150]","[139, 92, 49, 136, 150]",True,True,4.875578962657024,0,0.0,False,0,False,300,91,0.30333333333333334,90,0,119,0,0.3789256641176131,0.10284904244728832
13,sinkhole,1.0,0.5,"[107, 135]",13001089,clean_oracle,4.772729920209736,"[1, 0, 0]","[139, 107, 40, 136, 150]","[139, 107, 40, 136, 150]",True,True,4.772729920209736,1,0.3333333333333333,True,0,False,300,64,0.21333333333333335,57,21,158,0,0.2991743556907771,0.0
13,wormhole,0.25,0.0,"[74, 9]",13010296,naive_poisoned,4.332861573453088,"[1, 1, 2]","[139, 107, 74, 9, 150]","[139, 107, 74, 9, 150]",True,False,17.269638532803196,2,0.6666666666666666,True,0,True,300,0,0.0,0,0,0,300,0.0,12.49690861259346
13,wormhole,0.25,0.0,"[74, 9]",13010296,trust_weighted,4.772729920209736,"[1, 0, 0]","[139, 107, 40, 136, 150]","[139, 107, 40, 136, 150]",True,True,4.772729920209736,0,0.0,False,0,False,300,69,0.23,57,0,174,0,0.3054873525746764,0.0
13,wormhole,0.25,0.0,"[74, 9]",13010296,clean_oracle,4.772729920209736,"[1, 0, 0]","[139, 107, 40, 136, 150]","[139, 107, 40, 136, 150]",True,True,4.772729920209736,0,0.0,False,0,False,300,69,0.23,57,0,174,0,0.3054873525746764,0.0
13,wormhole,0.25,0.5,"[74, 136]",13010346,naive_poisoned,4.314464390321659,"[1, 1, 0]","[139, 107, 74, 136, 150]","[139, 107, 74, 136, 150]",True,False,17.25124134967177,2,0.6666666666666666,True,0,True,300,0,0.0,0,0,0,300,0.0,12.478511429462033
13,wormhole,0.25,0.5,"[74, 136]",13010346,trust_weighted,4.813364549176647,"[1, 0, 1]","[139, 107, 40, 7, 150]","[139, 107, 40, 7, 150]",True,True,4.813364549176647,0,0.0,False,0,False,300,68,0.22666666666666666,57,0,175,0,0.30496802943047285,0.04063462896691128
13,wormhole,0.25,0.5,"[74, 136]",13010346,clean_oracle,4.772729920209736,"[1, 0, 0]","[139, 107, 40, 136, 150]","[139, 107, 40, 136, 150]",True,True,4.772729920209736,1,0.3333333333333333,True,0,False,300,64,0.21333333333333335,59,3,174,0,0.3046247959817485,0.0
13,wormhole,0.5,0.0,"[74, 136]",13010546,naive_poisoned,4.072944246584206,"[1, 1, 0]","[139, 107, 74, 136, 150]","[139, 107, 74, 136, 150]",True,False,17.25124134967177,2,0.6666666666666666,True,0,True,300,0,0.0,0,0,0,300,0.0,12.478511429462033
13,wormhole,0.5,0.0,"[74, 136]",13010546,trust_weighted,4.813364549176647,"[1, 0, 1]","[139, 107, 40, 7, 150]","[139, 107, 40, 7, 150]",True,True,4.813364549176647,0,0.0,False,0,False,300,68,0.22666666666666666,57,0,175,0,0.30496802943047285,0.04063462896691128
13,wormhole,0.5,0.0,"[74, 136]",13010546,clean_oracle,4.772729920209736,"[1, 0, 0]","[139, 107, 40, 136, 150]","[139, 107, 40, 136, 150]",True,True,4.772729920209736,1,0.3333333333333333,True,0,False,300,61,0.20333333333333334,59,5,175,0,0.3033309610923567,0.0
13,wormhole,0.5,0.5,"[74, 136]",13010596,naive_poisoned,4.072944246584206,"[1, 1, 0]","[139, 107, 74, 136, 150]","[139, 107, 74, 136, 150]",True,False,17.25124134967177,2,0.6666666666666666,True,0,True,300,0,0.0,0,0,0,300,0.0,12.478511429462033
13,wormhole,0.5,0.5,"[74, 136]",13010596,trust_weighted,4.813364549176647,"[1, 0, 1]","[139, 107, 40, 7, 150]","[139, 107, 40, 7, 150]",True,True,4.813364549176647,0,0.0,False,0,False,300,68,0.22666666666666666,57,0,175,0,0.30496802943047285,0.04063462896691128
13,wormhole,0.5,0.5,"[74, 136]",13010596,clean_oracle,4.772729920209736,"[1, 0, 0]","[139, 107, 40, 136, 150]","[139, 107, 40, 136, 150]",True,True,4.772729920209736,1,0.3333333333333333,True,0,False,300,61,0.20333333333333334,59,5,175,0,0.3033309610923567,0.0
13,wormhole,0.75,0.0,"[74, 9]",13010796,naive_poisoned,3.849821285978183,"[1, 1, 2]","[139, 107, 74, 9, 150]","[139, 107, 74, 9, 150]",True,False,17.269638532803196,2,0.6666666666666666,True,0,True,300,0,0.0,0,0,0,300,0.0,12.49690861259346
13,wormhole,0.75,0.0,"[74, 9]",13010796,trust_weighted,4.772729920209736,"[1, 0, 0]","[139, 107, 40, 136, 150]","[139, 107, 40, 136, 150]",True,True,4.772729920209736,0,0.0,False,0,False,300,69,0.23,57,0,174,0,0.3054873525746764,0.0
13,wormhole,0.75,0.0,"[74, 9]",13010796,clean_oracle,4.772729920209736,"[1, 0, 0]","[139, 107, 40, 136, 150]","[139, 107, 40, 136, 150]",True,True,4.772729920209736,0,0.0,False,0,False,300,69,0.23,57,0,174,0,0.3054873525746764,0.0
13,wormhole,0.75,0.5,"[74, 136]",13010846,naive_poisoned,3.8314241028467535,"[1, 1, 0]","[139, 107, 74, 136, 150]","[139, 107, 74, 136, 150]",True,False,17.25124134967177,2,0.6666666666666666,True,0,True,300,0,0.0,0,0,0,300,0.0,12.478511429462033
13,wormhole,0.75,0.5,"[74, 136]",13010846,trust_weighted,4.813364549176647,"[1, 0, 1]","[139, 107, 40, 7, 150]","[139, 107, 40, 7, 150]",True,True,4.813364549176647,0,0.0,False,0,False,300,68,0.22666666666666666,57,0,175,0,0.30496802943047285,0.04063462896691128
13,wormhole,0.75,0.5,"[74, 136]",13010846,clean_oracle,4.772729920209736,"[1, 0, 0]","[139, 107, 40, 136, 150]","[139, 107, 40, 136, 150]",True,True,4.772729920209736,1,0.3333333333333333,True,0,False,300,59,0.19666666666666666,59,7,175,0,0.3038852179297571,0.0
13,wormhole,1.0,0.0,"[74, 136]",13011046,naive_poisoned,3.589903959109302,"[1, 1, 0]","[139, 107, 74, 136, 150]","[139, 107, 74, 136, 150]",True,False,17.25124134967177,2,0.6666666666666666,True,0,True,300,0,0.0,0,0,0,300,0.0,12.478511429462033
13,wormhole,1.0,0.0,"[74, 136]",13011046,trust_weighted,4.813364549176647,"[1, 0, 1]","[139, 107, 40, 7, 150]","[139, 107, 40, 7, 150]",True,True,4.813364549176647,0,0.0,False,0,False,300,68,0.22666666666666666,57,0,175,0,0.30496802943047285,0.04063462896691128
13,wormhole,1.0,0.0,"[74, 136]",13011046,clean_oracle,4.772729920209736,"[1, 0, 0]","[139, 107, 40, 136, 150]","[139, 107, 40, 136, 150]",True,True,4.772729920209736,1,0.3333333333333333,True,0,False,300,58,0.19333333333333333,59,7,176,0,0.302745532918129,0.0
13,wormhole,1.0,0.5,"[74, 9]",13011096,naive_poisoned,3.608301142240731,"[1, 1, 2]","[139, 107, 74, 9, 150]","[139, 107, 74, 9, 150]",True,False,17.269638532803196,2,0.6666666666666666,True,0,True,300,0,0.0,0,0,0,300,0.0,12.49690861259346
13,wormhole,1.0,0.5,"[74, 9]",13011096,trust_weighted,4.772729920209736,"[1, 0, 0]","[139, 107, 40, 136, 150]","[139, 107, 40, 136, 150]",True,True,4.772729920209736,0,0.0,False,0,False,300,69,0.23,57,0,174,0,0.3054873525746764,0.0
13,wormhole,1.0,0.5,"[74, 9]",13011096,clean_oracle,4.772729920209736,"[1, 0, 0]","[139, 107, 40, 136, 150]","[139, 107, 40, 136, 150]",True,True,4.772729920209736,0,0.0,False,0,False,300,69,0.23,57,0,174,0,0.3054873525746764,0.0
13,sybil,0.25,0.0,[7],13020303,naive_poisoned,4.240347399453209,"[1, 0, 1]","[139, 107, 40, ""sybil:7:0"", 150]","[139, 107, 40, 7, 150]",True,True,4.813364549176647,1,0.3333333333333333,True,1,False,300,61,0.20333333333333334,62,3,174,0,0.3029281490521125,0.04063462896691128
13,sybil,0.25,0.0,[7],13020303,trust_weighted,4.772729920209736,"[1, 0, 0]","[139, 107, 40, 136, 150]","[139, 107, 40, 136, 150]",True,True,4.772729920209736,0,0.0,False,0,False,300,69,0.23,57,0,174,0,0.3054873525746764,0.0
13,sybil,0.25,0.0,[7],13020303,clean_oracle,4.772729920209736,"[1, 0, 0]","[139, 107, 40, 136, 150]","[139, 107, 40, 136, 150]",True,True,4.772729920209736,0,0.0,False,0,False,300,69,0.23,57,0,174,0,0.3054873525746764,0.0
13,sybil,0.25,0.5,[7],13020353,naive_poisoned,4.240347399453209,"[1, 0, 1]","[139, 107, 40, ""sybil:7:0"", 150]","[139, 107, 40, 7, 150]",True,True,4.813364549176647,1,0.3333333333333333,True,1,False,300,61,0.20333333333333334,62,3,174,0,0.3029281490521125,0.04063462896691128
13,sybil,0.25,0.5,[7],13020353,trust_weighted,4.772729920209736,"[1, 0, 0]","[139, 107, 40, 136, 150]","[139, 107, 40, 136, 150]",True,True,4.772729920209736,0,0.0,False,0,False,300,69,0.23,57,0,174,0,0.3054873525746764,0.0
13,sybil,0.25,0.5,[7],13020353,clean_oracle,4.772729920209736,"[1, 0, 0]","[139, 107, 40, 136, 150]","[139, 107, 40, 136, 150]",True,True,4.772729920209736,0,0.0,False,0,False,300,69,0.23,57,0,174,0,0.3054873525746764,0.0
13,sybil,0.5,0.0,[9],13020553,naive_poisoned,3.675713920584102,"[1, 2, 0]","[139, 107, 49, ""sybil:9:1"", 150]","[139, 107, 49, 9, 150]",True,True,4.833524246374653,1,0.3333333333333333,True,1,False,300,61,0.20333333333333334,62,5,172,0,0.30646893243557294,0.06079432616491687
13,sybil,0.5,0.0,[9],13020553,trust_weighted,4.813364549176647,"[1, 0, 1]","[139, 107, 40, 7, 150]","[139, 107, 40, 7, 150]",True,True,4.813364549176647,0,0.0,False,0,False,300,68,0.22666666666666666,57,0,175,0,0.30496802943047285,0.04063462896691128
13,sybil,0.5,0.0,[9],13020553,clean_oracle,4.772729920209736,"[1, 0, 0]","[139, 107, 40, 136, 150]","[139, 107, 40, 136, 150]",True,True,4.772729920209736,0,0.0,False,0,False,300,69,0.23,57,0,174,0,0.3054873525746764,0.0
13,sybil,0.5,0.5,[136],13020603,naive_poisoned,3.6459970695221435,"[1, 0, 0]","[139, 107, 40, ""sybil:136:0"", 150]","[139, 107, 40, 136, 150]",True,True,4.772729920209736,1,0.3333333333333333,True,1,False,300,61,0.20333333333333334,59,5,175,0,0.3033309610923567,0.0
13,sybil,0.5,0.5,[136],13020603,trust_weighted,4.833524246374653,"[1, 2, 2]","[139, 107, 49, 9, 150]","[139, 107, 49, 9, 150]",True,True,4.833524246374653,0,0.0,False,0,False,300,68,0.22666666666666666,61,0,171,0,0.30652553516894443,0.06079432616491687
13,sybil,0.5,0.5,[136],13020603,clean_oracle,4.772729920209736,"[1, 0, 0]","[139, 107, 40, 136, 150]","[139, 107, 40, 136, 150]",True,True,4.772729920209736,1,0.3333333333333333,True,0,False,300,61,0.20333333333333334,59,5,175,0,0.3033309610923567,0.0
13,sybil,0.75,0.0,[136],13020803,naive_poisoned,3.0826306441783466,"[1, 0, 0]","[139, 107, 40, ""sybil:136:0"", 150]","[139, 107, 40, 136, 150]",True,True,4.772729920209736,1,0.3333333333333333,True,1,False,300,58,0.19333333333333333,59,7,176,0,0.302745532918129,0.0
13,sybil,0.75,0.0,[136],13020803,trust_weighted,12.082630644178346,"[1, 0, 0]","[139, 107, 40, ""sybil:136:0"", 150]","[139, 107, 40, 136, 150]",True,True,4.772729920209736,1,0.3333333333333333,True,1,False,300,58,0.19333333333333333,59,7,176,0,0.302745532918129,0.0
13,sybil,0.75,0.0,[136],13020803,clean_oracle,4.772729920209736,"[1, 0, 0]","[139, 107, 40, 136, 150]","[139, 107, 40, 136, 150]",True,True,4.772729920209736,1,0.3333333333333333,True,0,False,300,58,0.19333333333333333,59,7,176,0,0.302745532918129,0.0
13,sybil,0.75,0.5,[7],13020853,naive_poisoned,3.0943131000063335,"[1, 0, 0]","[139, 107, 40, ""sybil:7:1"", 150]","[139, 107, 40, 7, 150]",True,True,4.813364549176647,1,0.3333333333333333,True,1,False,300,56,0.18666666666666668,62,7,175,0,0.3020670996123229,0.04063462896691128
13,sybil,0.75,0.5,[7],13020853,trust_weighted,7.5943131000063335,"[1, 0, 0]","[139, 107, 40, ""sybil:7:1"", 150]","[139, 107, 40, 7, 150]",True,True,4.813364549176647,1,0.3333333333333333,True,1,False,300,56,0.18666666666666668,62,7,175,0,0.3020670996123229,0.04063462896691128
13,sybil,0.75,0.5,[7],13020853,clean_oracle,4.772729920209736,"[1, 0, 0]","[139, 107, 40, 136, 150]","[139, 107, 40, 136, 150]",True,True,4.772729920209736,0,0.0,False,0,False,300,69,0.23,57,0,174,0,0.3054873525746764,0.0
13,sybil,1.0,0.0,[9],13021053,naive_poisoned,2.517903594793551,"[1, 2, 0]","[139, 107, 49, ""sybil:9:1"", 150]","[139, 107, 49, 9, 150]",True,True,4.833524246374653,1,0.3333333333333333,True,1,False,300,58,0.19333333333333333,61,9,172,0,0.3066351195858168,0.06079432616491687
13,sybil,1.0,0.0,[9],13021053,trust_weighted,14.51790359479355,"[1, 2, 0]","[139, 107, 49, ""sybil:9:1"", 150]","[139, 107, 49, 9, 150]",True,True,4.833524246374653,1,0.3333333333333333,True,1,False,300,58,0.19333333333333333,61,9,172,0,0.3066351195858168,0.06079432616491687
13,sybil,1.0,0.0,[9],13021053,clean_oracle,4.772729920209736,"[1, 0, 0]","[139, 107, 40, 136, 150]","[139, 107, 40, 136, 150]",True,True,4.772729920209736,0,0.0,False,0,False,300,69,0.23,57,0,174,0,0.3054873525746764,0.0
13,sybil,1.0,0.5,[9],13021103,naive_poisoned,2.517903594793551,"[1, 2, 0]","[139, 107, 49, ""sybil:9:1"", 150]","[139, 107, 49, 9, 150]",True,True,4.833524246374653,1,0.3333333333333333,True,1,False,300,58,0.19333333333333333,61,9,172,0,0.3066351195858168,0.06079432616491687
13,sybil,1.0,0.5,[9],13021103,trust_weighted,8.517903594793552,"[1, 2, 0]","[139, 107, 49, ""sybil:9:1"", 150]","[139, 107, 49, 9, 150]",True,True,4.833524246374653,1,0.3333333333333333,True,1,False,300,58,0.19333333333333333,61,9,172,0,0.3066351195858168,0.06079432616491687
13,sybil,1.0,0.5,[9],13021103,clean_oracle,4.772729920209736,"[1, 0, 0]","[139, 107, 40, 136, 150]","[139, 107, 40, 136, 150]",True,True,4.772729920209736,0,0.0,False,0,False,300,69,0.23,57,0,174,0,0.3054873525746764,0.0
14,sinkhole,0.25,0.0,[105],14000292,naive_poisoned,4.305054738750866,"[0, 0, 0]","[129, 136, 112, 105, 150]","[129, 136, 112, 105, 150]",True,True,4.888343333569603,1,0.3333333333333333,True,0,False,300,84,0.28,85,4,127,0,0.3660095107945054,0.0
14,sinkhole,0.25,0.0,[105],14000292,trust_weighted,7.305054738750867,"[0, 0, 0]","[129, 136, 112, 105, 150]","[129, 136, 112, 105, 150]",True,True,4.888343333569603,1,0.3333333333333333,True,0,False,300,84,0.28,85,4,127,0,0.3660095107945054,0.0
14,sinkhole,0.25,0.0,[105],14000292,clean_oracle,4.888343333569603,"[0, 0, 0]","[129, 136, 112, 105, 150]","[129, 136, 112, 105, 150]",True,True,4.888343333569603,1,0.3333333333333333,True,0,False,300,84,0.28,85,4,127,0,0.3660095107945054,0.0
14,sinkhole,0.25,0.5,[4],14000342,naive_poisoned,4.888343333569603,"[0, 0, 0]","[129, 136, 112, 105, 150]","[129, 136, 112, 105, 150]",True,True,4.888343333569603,0,0.0,False,0,False,300,88,0.29333333333333333,85,0,127,0,0.3670873325885804,0.0
14,sinkhole,0.25,0.5,[4],14000342,trust_weighted,4.888343333569603,"[0, 0, 0]","[129, 136, 112, 105, 150]","[129, 136, 112, 105, 150]",True,True,4.888343333569603,0,0.0,False,0,False,300,88,0.29333333333333333,85,0,127,0,0.3670873325885804,0.0
14,sinkhole,0.25,0.5,[4],14000342,clean_oracle,4.888343333569603,"[0, 0, 0]","[129, 136, 112, 105, 150]","[129, 136, 112, 105, 150]",True,True,4.888343333569603,0,0.0,False,0,False,300,88,0.29333333333333333,85,0,127,0,0.3670873325885804,0.0
14,sinkhole,0.5,0.0,[82],14000542,naive_poisoned,4.888343333569603,"[0, 0, 0]","[129, 136, 112, 105, 150]","[129, 136, 112, 105, 150]",True,True,4.888343333569603,0,0.0,False,0,False,300,88,0.29333333333333333,85,0,127,0,0.3670873325885804,0.0
14,sinkhole,0.5,0.0,[82],14000542,trust_weighted,4.888343333569603,"[0, 0, 0]","[129, 136, 112, 105, 150]","[129, 136, 112, 105, 150]",True,True,4.888343333569603,0,0.0,False,0,False,300,88,0.29333333333333333,85,0,127,0,0.3670873325885804,0.0
14,sinkhole,0.5,0.0,[82],14000542,clean_oracle,4.888343333569603,"[0, 0, 0]","[129, 136, 112, 105, 150]","[129, 136, 112, 105, 150]",True,True,4.888343333569603,0,0.0,False,0,False,300,88,0.29333333333333333,85,0,127,0,0.3670873325885804,0.0
14,sinkhole,0.5,0.5,[105],14000592,naive_poisoned,3.72176614393213,"[0, 0, 0]","[129, 136, 112, 105, 150]","[129, 136, 112, 105, 150]",True,True,4.888343333569603,1,0.3333333333333333,True,0,False,300,79,0.2633333333333333,84,10,127,0,0.36353157795575974,0.0
14,sinkhole,0.5,0.5,[105],14000592,trust_weighted,6.72176614393213,"[0, 0, 0]","[129, 136, 112, 105, 150]","[129, 136, 112, 105, 150]",True,True,4.888343333569603,1,0.3333333333333333,True,0,False,300,79,0.2633333333333333,84,10,127,0,0.36353157795575974,0.0
14,sinkhole,0.5,0.5,[105],14000592,clean_oracle,4.888343333569603,"[0, 0, 0]","[129, 136, 112, 105, 150]","[129, 136, 112, 105, 150]",True,True,4.888343333569603,1,0.3333333333333333,True,0,False,300,79,0.2633333333333333,84,10,127,0,0.36353157795575974,0.0
14,sinkhole,0.75,0.0,"[146, 43]",14000792,naive_poisoned,3.1639113579053113,"[0, 1, 0]","[129, 136, 146, 105, 150]","[129, 136, 146, 105, 150]",True,True,4.987307379077328,1,0.3333333333333333,True,0,False,300,72,0.24,85,16,127,0,0.3397780153455088,0.0989640455077252
14,sinkhole,0.75,0.0,"[146, 43]",14000792,trust_weighted,4.888343333569603,"[0, 0, 0]","[129, 136, 112, 105, 150]","[129, 136, 112, 105, 150]",True,True,4.888343333569603,0,0.0,False,0,False,300,88,0.29333333333333333,85,0,127,0,0.3670873325885804,0.0
14,sinkhole,0.75,0.0,"[146, 43]",14000792,clean_oracle,4.888343333569603,"[0, 0, 0]","[129, 136, 112, 105, 150]","[129, 136, 112, 105, 150]",True,True,4.888343333569603,0,0.0,False,0,False,300,88,0.29333333333333333,85,0,127,0,0.3670873325885804,0.0
14,sinkhole,0.75,0.5,"[136, 112]",14000842,naive_poisoned,2.2752461903900314,"[0, 0, 0]","[129, 136, 112, 105, 150]","[129, 136, 112, 105, 150]",True,True,4.888343333569603,2,0.6666666666666666,True,0,False,300,67,0.22333333333333333,78,28,127,0,0.3132458221911527,0.0
14,sinkhole,0.75,0.5,"[136, 112]",14000842,trust_weighted,7.70470752783371,"[0, 1, 0]","[129, 136, 146, 105, 150]","[129, 136, 146, 105, 150]",True,True,4.987307379077328,1,0.3333333333333333,True,0,False,300,70,0.23333333333333334,89,14,127,0,0.3325016045849569,0.0989640455077252
14,sinkhole,0.75,0.5,"[136, 112]",14000842,clean_oracle,4.888343333569603,"[0, 0, 0]","[129, 136, 112, 105, 150]","[129, 136, 112, 105, 150]",True,True,4.888343333569603,2,0.6666666666666666,True,0,False,300,67,0.22333333333333333,78,28,127,0,0.3132458221911527,0.0
14,sinkhole,1.0,0.0,"[43, 136]",14001042,naive_poisoned,2.5775715459534263,"[0, 0, 0]","[129, 136, 112, 105, 150]","[129, 136, 112, 105, 150]",True,True,4.888343333569603,1,0.3333333333333333,True,0,False,300,72,0.24,83,18,127,0,0.32848168890363816,0.0
14,sinkhole,1.0,0.0,"[43, 136]",14001042,trust_weighted,14.577571545953427,"[0, 0, 0]","[129, 136, 112, 105, 150]","[129, 136, 112, 105, 150]",True,True,4.888343333569603,1,0.3333333333333333,True,0,False,300,72,0.24,83,18,127,0,0.32848168890363816,0.0
14,sinkhole,1.0,0.0,"[43, 136]",14001042,clean_oracle,4.888343333569603,"[0, 0, 0]","[129, 136, 112, 105, 150]","[129, 136, 112, 105, 150]",True,True,4.888343333569603,1,0.3333333333333333,True,0,False,300,72,0.24,83,18,127,0,0.32848168890363816,0.0
14,sinkhole,1.0,0.5,"[136, 43]",14001092,naive_poisoned,2.5775715459534263,"[0, 0, 0]","[129, 136, 112, 105, 150]","[129, 136, 112, 105, 150]",True,True,4.888343333569603,1,0.3333333333333333,True,0,False,300,72,0.24,83,18,127,0,0.32848168890363816,0.0
14,sinkhole,1.0,0.5,"[136, 43]",14001092,trust_weighted,8.577571545953427,"[0, 0, 0]","[129, 136, 112, 105, 150]","[129, 136, 112, 105, 150]",True,True,4.888343333569603,1,0.3333333333333333,True,0,False,300,72,0.24,83,18,127,0,0.32848168890363816,0.0
14,sinkhole,1.0,0.5,"[136, 43]",14001092,clean_oracle,4.888343333569603,"[0, 0, 0]","[129, 136, 112, 105, 150]","[129, 136, 112, 105, 150]",True,True,4.888343333569603,1,0.3333333333333333,True,0,False,300,72,0.24,83,18,127,0,0.32848168890363816,0.0
14,wormhole,0.25,0.0,"[77, 146]",14010299,naive_poisoned,4.39591500444672,"[2, 1, 0]","[129, 77, 146, 105, 150]","[129, 77, 146, 105, 150]",True,False,17.29223822349382,2,0.6666666666666666,True,0,True,300,0,0.0,0,0,0,300,0.0,12.403894889924215
14,wormhole,0.25,0.0,"[77, 146]",14010299,trust_weighted,4.888343333569603,"[0, 0, 0]","[129, 136, 112, 105, 150]","[129, 136, 112, 105, 150]",True,True,4.888343333569603,0,0.0,False,0,False,300,88,0.29333333333333333,85,0,127,0,0.3670873325885804,0.0
14,wormhole,0.25,0.0,"[77, 146]",14010299,clean_oracle,4.888343333569603,"[0, 0, 0]","[129, 136, 112, 105, 150]","[129, 136, 112, 105, 150]",True,True,4.888343333569603,0,0.0,False,0,False,300,88,0.29333333333333333,85,0,127,0,0.3670873325885804,0.0
14,wormhole,0.25,0.5,"[4, 43]",14010349,naive_poisoned,4.888343333569603,"[0, 0, 0]","[129, 136, 112, 105, 150]","[129, 136, 112, 105, 150]",True,True,4.888343333569603,0,0.0,False,0,False,300,88,0.29333333333333333,85,0,127,0,0.3670873325885804,0.0
14,wormhole,0.25,0.5,"[4, 43]",14010349,trust_weighted,4.888343333569603,"[0, 0, 0]","[129, 136, 112, 105, 150]","[129, 136, 112, 105, 150]",True,True,4.888343333569603,0,0.0,False,0,False,300,88,0.29333333333333333,85,0,127,0,0.3670873325885804,0.0
14,wormhole,0.25,0.5,"[4, 43]",14010349,clean_oracle,4.888343333569603,"[0, 0, 0]","[129, 136, 112, 105, 150]","[129, 136, 112, 105, 150]",True,True,4.888343333569603,0,0.0,False,0,False,300,88,0.29333333333333333,85,0,127,0,0.3670873325885804,0.0
14,wormhole,0.5,0.0,"[77, 146]",14010549,naive_poisoned,4.1519283879093996,"[2, 1, 0]","[129, 77, 146, 105, 150]","[129, 77, 146, 105, 150]",True,False,17.29223822349382,2,0.6666666666666666,True,0,True,300,0,0.0,0,0,0,300,0.0,12.403894889924215
14,wormhole,0.5,0.0,"[77, 146]",14010549,trust_weighted,4.888343333569603,"[0, 0, 0]","[129, 136, 112, 105, 150]","[129, 136, 112, 105, 150]",True,True,4.888343333569603,0,0.0,False,0,False,300,88,0.29333333333333333,85,0,127,0,0.3670873325885804,0.0
14,wormhole,0.5,0.0,"[77, 146]",14010549,clean_oracle,4.888343333569603,"[0, 0, 0]","[129, 136, 112, 105, 150]","[129, 136, 112, 105, 150]",True,True,4.888343333569603,0,0.0,False,0,False,300,88,0.29333333333333333,85,0,127,0,0.3670873325885804,0.0
14,wormhole,0.5,0.5,"[77, 146]",14010599,naive_poisoned,4.1519283879093996,"[2, 1, 0]","[129, 77, 146, 105, 150]","[129, 77, 146, 105, 150]",True,False,17.29223822349382,2,0.6666666666666666,True,0,True,300,0,0.0,0,0,0,300,0.0,12.403894889924215
14,wormhole,0.5,0.5,"[77, 146]",14010599,trust_weighted,4.888343333569603,"[0, 0, 0]","[129, 136, 112, 105, 150]","[129, 136, 112, 105, 150]",True,True,4.888343333569603,0,0.0,False,0,False,300,88,0.29333333333333333,85,0,127,0,0.3670873325885804,0.0
14,wormhole,0.5,0.5,"[77, 146]",14010599,clean_oracle,4.888343333569603,"[0, 0, 0]","[129, 136, 112, 105, 150]","[129, 136, 112, 105, 150]",True,True,4.888343333569603,0,0.0,False,0,False,300,88,0.29333333333333333,85,0,127,0,0.3670873325885804,0.0
14,wormhole,0.75,0.0,"[77, 146]",14010799,naive_poisoned,3.9079417713720788,"[2, 1, 0]","[129, 77, 146, 105, 150]","[129, 77, 146, 105, 150]",True,False,17.29223822349382,2,0.6666666666666666,True,0,True,300,0,0.0,0,0,0,300,0.0,12.403894889924215
14,wormhole,0.75,0.0,"[77, 146]",14010799,trust_weighted,4.888343333569603,"[0, 0, 0]","[129, 136, 112, 105, 150]","[129, 136, 112, 105, 150]",True,True,4.888343333569603,0,0.0,False,0,False,300,88,0.29333333333333333,85,0,127,0,0.3670873325885804,0.0
14,wormhole,0.75,0.0,"[77, 146]",14010799,clean_oracle,4.888343333569603,"[0, 0, 0]","[129, 136, 112, 105, 150]","[129, 136, 112, 105, 150]",True,True,4.888343333569603,0,0.0,False,0,False,300,88,0.29333333333333333,85,0,127,0,0.3670873325885804,0.0
14,wormhole,0.75,0.5,"[4, 43]",14010849,naive_poisoned,4.888343333569603,"[0, 0, 0]","[129, 136, 112, 105, 150]","[129, 136, 112, 105, 150]",True,True,4.888343333569603,0,0.0,False,0,False,300,88,0.29333333333333333,85,0,127,0,0.3670873325885804,0.0
14,wormhole,0.75,0.5,"[4, 43]",14010849,trust_weighted,4.888343333569603,"[0, 0, 0]","[129, 136, 112, 105, 150]","[129, 136, 112, 105, 150]",True,True,4.888343333569603,0,0.0,False,0,False,300,88,0.29333333333333333,85,0,127,0,0.3670873325885804,0.0
14,wormhole,0.75,0.5,"[4, 43]",14010849,clean_oracle,4.888343333569603,"[0, 0, 0]","[129, 136, 112, 105, 150]","[129, 136, 112, 105, 150]",True,True,4.888343333569603,0,0.0,False,0,False,300,88,0.29333333333333333,85,0,127,0,0.3670873325885804,0.0
14,wormhole,1.0,0.0,"[77, 146]",14011049,naive_poisoned,3.6639551548347584,"[2, 1, 0]","[129, 77, 146, 105, 150]","[129, 77, 146, 105, 150]",True,False,17.29223822349382,2,0.6666666666666666,True,0,True,300,0,0.0,0,0,0,300,0.0,12.403894889924215
14,wormhole,1.0,0.0,"[77, 146]",14011049,trust_weighted,4.888343333569603,"[0, 0, 0]","[129, 136, 112, 105, 150]","[129, 136, 112, 105, 150]",True,True,4.888343333569603,0,0.0,False,0,False,300,88,0.29333333333333333,85,0,127,0,0.3670873325885804,0.0
14,wormhole,1.0,0.0,"[77, 146]",14011049,clean_oracle,4.888343333569603,"[0, 0, 0]","[129, 136, 112, 105, 150]","[129, 136, 112, 105, 150]",True,True,4.888343333569603,0,0.0,False,0,False,300,88,0.29333333333333333,85,0,127,0,0.3670873325885804,0.0
14,wormhole,1.0,0.5,"[77, 146]",14011099,naive_poisoned,3.6639551548347584,"[2, 1, 0]","[129, 77, 146, 105, 150]","[129, 77, 146, 105, 150]",True,False,17.29223822349382,2,0.6666666666666666,True,0,True,300,0,0.0,0,0,0,300,0.0,12.403894889924215
14,wormhole,1.0,0.5,"[77, 146]",14011099,trust_weighted,4.888343333569603,"[0, 0, 0]","[129, 136, 112, 105, 150]","[129, 136, 112, 105, 150]",True,True,4.888343333569603,0,0.0,False,0,False,300,88,0.29333333333333333,85,0,127,0,0.3670873325885804,0.0
14,wormhole,1.0,0.5,"[77, 146]",14011099,clean_oracle,4.888343333569603,"[0, 0, 0]","[129, 136, 112, 105, 150]","[129, 136, 112, 105, 150]",True,True,4.888343333569603,0,0.0,False,0,False,300,88,0.29333333333333333,85,0,127,0,0.3670873325885804,0.0
14,sybil,0.25,0.0,[105],14020306,naive_poisoned,4.305054738750866,"[0, 0, 0]","[129, 136, 112, ""sybil:105:0"", 150]","[129, 136, 112, 105, 150]",True,True,4.888343333569603,1,0.3333333333333333,True,1,False,300,84,0.28,85,4,127,0,0.3660095107945054,0.0
14,sybil,0.25,0.0,[105],14020306,trust_weighted,7.305054738750867,"[0, 0, 0]","[129, 136, 112, ""sybil:105:0"", 150]","[129, 136, 112, 105, 150]",True,True,4.888343333569603,1,0.3333333333333333,True,1,False,300,84,0.28,85,4,127,0,0.3660095107945054,0.0
14,sybil,0.25,0.0,[105],14020306,clean_oracle,4.888343333569603,"[0, 0, 0]","[129, 136, 112, 105, 150]","[129, 136, 112, 105, 150]",True,True,4.888343333569603,1,0.3333333333333333,True,0,False,300,84,0.28,85,4,127,0,0.3660095107945054,0.0
14,sybil,0.25,0.5,[43],14020356,naive_poisoned,4.888343333569603,"[0, 0, 0]","[129, 136, 112, 105, 150]","[129, 136, 112, 105, 150]",True,True,4.888343333569603,0,0.0,False,0,False,300,88,0.29333333333333333,85,0,127,0,0.3670873325885804,0.0
14,sybil,0.25,0.5,[43],14020356,trust_weighted,4.888343333569603,"[0, 0, 0]","[129, 136, 112, 105, 150]","[129, 136, 112, 105, 150]",True,True,4.888343333569603,0,0.0,False,0,False,300,88,0.29333333333333333,85,0,127,0,0.3670873325885804,0.0
14,sybil,0.25,0.5,[43],14020356,clean_oracle,4.888343333569603,"[0, 0, 0]","[129, 136, 112, 105, 150]","[129, 136, 112, 105, 150]",True,True,4.888343333569603,0,0.0,False,0,False,300,88,0.29333333333333333,85,0,127,0,0.3670873325885804,0.0
14,sybil,0.5,0.0,[43],14020556,naive_poisoned,103.0861269749512,"[0, 0, 0]","[129, 136, 112, ""sybil:43:1"", 150]","[129, 136, 112, 43, 150]",False,False,17.35725073146081,1,0.3333333333333333,True,1,False,300,0,0.0,0,0,0,300,0.0,12.468907397891206
14,sybil,0.5,0.0,[43],14020556,trust_weighted,103.60100972399452,"[0, 0, 1]","[129, 136, 112, 147, 150]","[129, 136, 112, 147, 150]",False,False,17.280658396135124,0,0.0,False,0,False,300,0,0.0,0,0,0,300,0.0,12.39231506256552
14,sybil,0.5,0.0,[43],14020556,clean_oracle,4.888343333569603,"[0, 0, 0]","[129, 136, 112, 105, 150]","[129, 136, 112, 105, 150]",True,True,4.888343333569603,0,0.0,False,0,False,300,88,0.29333333333333333,85,0,127,0,0.3670873325885804,0.0
14,sybil,0.5,0.5,[43],14020606,naive_poisoned,103.0861269749512,"[0, 0, 0]","[129, 136, 112, ""sybil:43:1"", 150]","[129, 136, 112, 43, 150]",False,False,17.35725073146081,1,0.3333333333333333,True,1,False,300,0,0.0,0,0,0,300,0.0,12.468907397891206
14,sybil,0.5,0.5,[43],14020606,trust_weighted,103.60100972399452,"[0, 0, 1]","[129, 136, 112, 147, 150]","[129, 136, 112, 147, 150]",False,False,17.280658396135124,0,0.0,False,0,False,300,0,0.0,0,0,0,300,0.0,12.39231506256552
14,sybil,0.5,0.5,[43],14020606,clean_oracle,4.888343333569603,"[0, 0, 0]","[129, 136, 112, 105, 150]","[129, 136, 112, 105, 150]",True,True,4.888343333569603,0,0.0,False,0,False,300,88,0.29333333333333333,85,0,127,0,0.3670873325885804,0.0
14,sybil,0.75,0.0,[43],14020806,naive_poisoned,102.79038943276669,"[0, 0, 0]","[129, 136, 112, ""sybil:43:1"", 150]","[129, 136, 112, 43, 150]",False,False,17.35725073146081,1,0.3333333333333333,True,1,False,300,0,0.0,0,0,0,300,0.0,12.468907397891206
14,sybil,0.75,0.0,[43],14020806,trust_weighted,111.79038943276669,"[0, 0, 0]","[129, 136, 112, ""sybil:43:1"", 150]","[129, 136, 112, 43, 150]",False,False,17.35725073146081,1,0.3333333333333333,True,1,False,300,0,0.0,0,0,0,300,0.0,12.468907397891206
14,sybil,0.75,0.0,[43],14020806,clean_oracle,4.888343333569603,"[0, 0, 0]","[129, 136, 112, 105, 150]","[129, 136, 112, 105, 150]",True,True,4.888343333569603,0,0.0,False,0,False,300,88,0.29333333333333333,85,0,127,0,0.3670873325885804,0.0
14,sybil,0.75,0.5,[105],14020856,naive_poisoned,3.138477549113393,"[0, 0, 0]","[129, 136, 112, ""sybil:105:0"", 150]","[129, 136, 112, 105, 150]",True,True,4.888343333569603,1,0.3333333333333333,True,1,False,300,74,0.24666666666666667,80,19,127,0,0.35768547244985527,0.0
14,sybil,0.75,0.5,[105],14020856,trust_weighted,7.638477549113393,"[0, 0, 0]","[129, 136, 112, ""sybil:105:0"", 150]","[129, 136, 112, 105, 150]",True,True,4.888343333569603,1,0.3333333333333333,True,1,False,300,74,0.24666666666666667,80,19,127,0,0.35768547244985527,0.0
14,sybil,0.75,0.5,[105],14020856,clean_oracle,4.888343333569603,"[0, 0, 0]","[129, 136, 112, 105, 150]","[129, 136, 112, 105, 150]",True,True,4.888343333569603,1,0.3333333333333333,True,0,False,300,74,0.24666666666666667,80,19,127,0,0.35768547244985527,0.0
14,sybil,1.0,0.0,[147],14021056,naive_poisoned,102.49082227381591,"[0, 0, 0]","[129, 136, 112, ""sybil:147:1"", 150]","[129, 136, 112, 147, 150]",False,False,17.280658396135124,1,0.3333333333333333,True,1,False,300,0,0.0,0,0,0,300,0.0,12.39231506256552
14,sybil,1.0,0.0,[147],14021056,trust_weighted,114.49082227381591,"[0, 0, 0]","[129, 136, 112, ""sybil:147:1"", 150]","[129, 136, 112, 147, 150]",False,False,17.280658396135124,1,0.3333333333333333,True,1,False,300,0,0.0,0,0,0,300,0.0,12.39231506256552
14,sybil,1.0,0.0,[147],14021056,clean_oracle,4.888343333569603,"[0, 0, 0]","[129, 136, 112, 105, 150]","[129, 136, 112, 105, 150]",True,True,4.888343333569603,0,0.0,False,0,False,300,88,0.29333333333333333,85,0,127,0,0.3670873325885804,0.0
14,sybil,1.0,0.5,[147],14021106,naive_poisoned,102.49082227381591,"[0, 0, 0]","[129, 136, 112, ""sybil:147:1"", 150]","[129, 136, 112, 147, 150]",False,False,17.280658396135124,1,0.3333333333333333,True,1,False,300,0,0.0,0,0,0,300,0.0,12.39231506256552
14,sybil,1.0,0.5,[147],14021106,trust_weighted,108.49082227381591,"[0, 0, 0]","[129, 136, 112, ""sybil:147:1"", 150]","[129, 136, 112, 147, 150]",False,False,17.280658396135124,1,0.3333333333333333,True,1,False,300,0,0.0,0,0,0,300,0.0,12.39231506256552
14,sybil,1.0,0.5,[147],14021106,clean_oracle,4.888343333569603,"[0, 0, 0]","[129, 136, 112, 105, 150]","[129, 136, 112, 105, 150]",True,True,4.888343333569603,0,0.0,False,0,False,300,88,0.29333333333333333,85,0,127,0,0.3670873325885804,0.0
15,sinkhole,0.25,0.0,[94],15000295,naive_poisoned,4.248866594174947,"[0, 0, 0]","[41, 91, 94, 65, 150]","[41, 91, 94, 65, 150]",True,True,4.799649158725169,1,0.3333333333333333,True,0,False,300,71,0.23666666666666666,86,5,138,0,0.34310105202880337,0.0
15,sinkhole,0.25,0.0,[94],15000295,trust_weighted,4.858550680720401,"[0, 2, 0]","[41, 91, 114, 65, 150]","[41, 91, 114, 65, 150]",True,True,4.858550680720401,0,0.0,False,0,False,300,77,0.25666666666666665,97,0,126,0,0.36813945393084957,0.058901521995232464
15,sinkhole,0.25,0.0,[94],15000295,clean_oracle,4.799649158725169,"[0, 0, 0]","[41, 91, 94, 65, 150]","[41, 91, 94, 65, 150]",True,True,4.799649158725169,1,0.3333333333333333,True,0,False,300,71,0.23666666666666666,86,5,138,0,0.34310105202880337,0.0
15,sinkhole,0.25,0.5,[94],15000345,naive_poisoned,4.248866594174947,"[0, 0, 0]","[41, 91, 94, 65, 150]","[41, 91, 94, 65, 150]",True,True,4.799649158725169,1,0.3333333333333333,True,0,False,300,71,0.23666666666666666,86,5,138,0,0.34310105202880337,0.0
15,sinkhole,0.25,0.5,[94],15000345,trust_weighted,4.858550680720401,"[0, 2, 0]","[41, 91, 114, 65, 150]","[41, 91, 114, 65, 150]",True,True,4.858550680720401,0,0.0,False,0,False,300,77,0.25666666666666665,97,0,126,0,0.36813945393084957,0.058901521995232464
15,sinkhole,0.25,0.5,[94],15000345,clean_oracle,4.799649158725169,"[0, 0, 0]","[41, 91, 94, 65, 150]","[41, 91, 94, 65, 150]",True,True,4.799649158725169,1,0.3333333333333333,True,0,False,300,71,0.23666666666666666,86,5,138,0,0.34310105202880337,0.0
15,sinkhole,0.5,0.0,[108],15000545,naive_poisoned,4.799649158725169,"[0, 0, 0]","[41, 91, 94, 65, 150]","[41, 91, 94, 65, 150]",True,True,4.799649158725169,0,0.0,False,0,False,300,72,0.24,95,0,133,0,0.3457628611877084,0.0
15,sinkhole,0.5,0.0,[108],15000545,trust_weighted,4.799649158725169,"[0, 0, 0]","[41, 91, 94, 65, 150]","[41, 91, 94, 65, 150]",True,True,4.799649158725169,0,0.0,False,0,False,300,72,0.24,95,0,133,0,0.3457628611877084,0.0
15,sinkhole,0.5,0.0,[108],15000545,clean_oracle,4.799649158725169,"[0, 0, 0]","[41, 91, 94, 65, 150]","[41, 91, 94, 65, 150]",True,True,4.799649158725169,0,0.0,False,0,False,300,72,0.24,95,0,133,0,0.3457628611877084,0.0
15,sinkhole,0.5,0.5,[114],15000595,naive_poisoned,3.729007328672223,"[0, 2, 0]","[41, 91, 114, 65, 150]","[41, 91, 114, 65, 150]",True,True,4.858550680720401,1,0.3333333333333333,True,0,False,300,67,0.22333333333333333,95,13,125,0,0.35155127663312413,0.058901521995232464
15,sinkhole,0.5,0.5,[114],15000595,trust_weighted,4.799649158725169,"[0, 0, 0]","[41, 91, 94, 65, 150]","[41, 91, 94, 65, 150]",True,True,4.799649158725169,0,0.0,False,0,False,300,72,0.24,95,0,133,0,0.3457628611877084,0.0
15,sinkhole,0.5,0.5,[114],15000595,clean_oracle,4.799649158725169,"[0, 0, 0]","[41, 91, 94, 65, 150]","[41, 91, 94, 65, 150]",True,True,4.799649158725169,0,0.0,False,0,False,300,72,0.24,95,0,133,0,0.3457628611877084,0.0
15,sinkhole,0.75,0.0,"[65, 120]",15000795,naive_poisoned,3.1119328542475304,"[0, 0, 0]","[41, 91, 94, 65, 150]","[41, 91, 94, 65, 150]",True,True,4.799649158725169,1,0.3333333333333333,True,0,False,300,64,0.21333333333333335,86,13,137,0,0.3432287993115857,0.0
15,sinkhole,0.75,0.0,"[65, 120]",15000795,trust_weighted,4.812780231368645,"[0, 0, 1]","[41, 91, 94, 101, 150]","[41, 91, 94, 101, 150]",True,True,4.812780231368645,0,0.0,False,0,False,300,71,0.23666666666666666,93,0,136,0,0.3444148833978211,0.013131072643476571
15,sinkhole,0.75,0.0,"[65, 120]",15000795,clean_oracle,4.799649158725169,"[0, 0, 0]","[41, 91, 94, 65, 150]","[41, 91, 94, 65, 150]",True,True,4.799649158725169,1,0.3333333333333333,True,0,False,300,64,0.21333333333333335,86,13,137,0,0.3432287993115857,0.0
15,sinkhole,0.75,0.5,"[120, 65]",15000845,naive_poisoned,3.1119328542475304,"[0, 0, 0]","[41, 91, 94, 65, 150]","[41, 91, 94, 65, 150]",True,True,4.799649158725169,1,0.3333333333333333,True,0,False,300,64,0.21333333333333335,86,13,137,0,0.3432287993115857,0.0
15,sinkhole,0.75,0.5,"[120, 65]",15000845,trust_weighted,4.812780231368645,"[0, 0, 1]","[41, 91, 94, 101, 150]","[41, 91, 94, 101, 150]",True,True,4.812780231368645,0,0.0,False,0,False,300,71,0.23666666666666666,93,0,136,0,0.3444148833978211,0.013131072643476571
15,sinkhole,0.75,0.5,"[120, 65]",15000845,clean_oracle,4.799649158725169,"[0, 0, 0]","[41, 91, 94, 65, 150]","[41, 91, 94, 65, 150]",True,True,4.799649158725169,1,0.3333333333333333,True,0,False,300,64,0.21333333333333335,86,13,137,0,0.3432287993115857,0.0
15,sinkhole,1.0,0.0,"[114, 91]",15001045,naive_poisoned,1.3735962977862077,"[0, 2, 0]","[41, 91, 114, 65, 150]","[41, 91, 114, 65, 150]",True,True,4.858550680720401,2,0.6666666666666666,True,0,False,300,56,0.18666666666666668,83,56,105,0,0.3305463674742164,0.058901521995232464
15,sinkhole,1.0,0.0,"[114, 91]",15001045,trust_weighted,14.490270863906442,"[0, 0, 0]","[41, 91, 94, 65, 150]","[41, 91, 94, 65, 150]",True,True,4.799649158725169,1,0.3333333333333333,True,0,False,300,68,0.22666666666666666,91,29,112,0,0.335081569986972,0.0
15,sinkhole,1.0,0.0,"[114, 91]",15001045,clean_oracle,4.799649158725169,"[0, 0, 0]","[41, 91, 94, 65, 150]","[41, 91, 94, 65, 150]",True,True,4.799649158725169,1,0.3333333333333333,True,0,False,300,68,0.22666666666666666,91,29,112,0,0.335081569986972,0.0
15,sinkhole,1.0,0.5,"[65, 120]",15001095,naive_poisoned,2.5338771485196716,"[0, 2, 0]","[41, 91, 114, 65, 150]","[41, 91, 114, 65, 150]",True,True,4.858550680720401,1,0.3333333333333333,True,0,False,300,65,0.21666666666666667,92,18,125,0,0.3580959464551903,0.058901521995232464
15,sinkhole,1.0,0.5,"[65, 120]",15001095,trust_weighted,4.812780231368645,"[0, 0, 1]","[41, 91, 94, 101, 150]","[41, 91, 94, 101, 150]",True,True,4.812780231368645,0,0.0,False,0,False,300,71,0.23666666666666666,93,0,136,0,0.3444148833978211,0.013131072643476571
15,sinkhole,1.0,0.5,"[65, 120]",15001095,clean_oracle,4.799649158725169,"[0, 0, 0]","[41, 91, 94, 65, 150]","[41, 91, 94, 65, 150]",True,True,4.799649158725169,1,0.3333333333333333,True,0,False,300,61,0.20333333333333334,85,17,137,0,0.34127210540796504,0.0
15,wormhole,0.25,0.0,"[114, 101]",15010302,naive_poisoned,4.34097872984305,"[0, 2, 1]","[41, 91, 114, 101, 150]","[41, 91, 114, 101, 150]",True,False,17.152159848521475,2,0.6666666666666666,True,0,True,300,0,0.0,0,0,0,300,0.0,12.352510689796306
15,wormhole,0.25,0.0,"[114, 101]",15010302,trust_weighted,4.799649158725169,"[0, 0, 0]","[41, 91, 94, 65, 150]","[41, 91, 94, 65, 150]",True,True,4.799649158725169,0,0.0,False,0,False,300,72,0.24,95,0,133,0,0.3457628611877084,0.0
15,wormhole,0.25,0.0,"[114, 101]",15010302,clean_oracle,4.799649158725169,"[0, 0, 0]","[41, 91, 94, 65, 150]","[41, 91, 94, 65, 150]",True,True,4.799649158725169,0,0.0,False,0,False,300,72,0.24,95,0,133,0,0.3457628611877084,0.0
15,wormhole,0.25,0.5,"[114, 101]",15010352,naive_poisoned,4.34097872984305,"[0, 2, 1]","[41, 91, 114, 101, 150]","[41, 91, 114, 101, 150]",True,False,17.152159848521475,2,0.6666666666666666,True,0,True,300,0,0.0,0,0,0,300,0.0,12.352510689796306
15,wormhole,0.25,0.5,"[114, 101]",15010352,trust_weighted,4.799649158725169,"[0, 0, 0]","[41, 91, 94, 65, 150]","[41, 91, 94, 65, 150]",True,True,4.799649158725169,0,0.0,False,0,False,300,72,0.24,95,0,133,0,0.3457628611877084,0.0
15,wormhole,0.25,0.5,"[114, 101]",15010352,clean_oracle,4.799649158725169,"[0, 0, 0]","[41, 91, 94, 65, 150]","[41, 91, 94, 65, 150]",True,True,4.799649158725169,0,0.0,False,0,False,300,72,0.24,95,0,133,0,0.3457628611877084,0.0
15,wormhole,0.5,0.0,"[114, 101]",15010552,naive_poisoned,4.098386650117007,"[0, 2, 1]","[41, 91, 114, 101, 150]","[41, 91, 114, 101, 150]",True,False,17.152159848521475,2,0.6666666666666666,True,0,True,300,0,0.0,0,0,0,300,0.0,12.352510689796306
15,wormhole,0.5,0.0,"[114, 101]",15010552,trust_weighted,4.799649158725169,"[0, 0, 0]","[41, 91, 94, 65, 150]","[41, 91, 94, 65, 150]",True,True,4.799649158725169,0,0.0,False,0,False,300,72,0.24,95,0,133,0,0.3457628611877084,0.0
15,wormhole,0.5,0.0,"[114, 101]",15010552,clean_oracle,4.799649158725169,"[0, 0, 0]","[41, 91, 94, 65, 150]","[41, 91, 94, 65, 150]",True,True,4.799649158725169,0,0.0,False,0,False,300,72,0.24,95,0,133,0,0.3457628611877084,0.0
15,wormhole,0.5,0.5,"[114, 101]",15010602,naive_poisoned,4.098386650117007,"[0, 2, 1]","[41, 91, 114, 101, 150]","[41, 91, 114, 101, 150]",True,False,17.152159848521475,2,0.6666666666666666,True,0,True,300,0,0.0,0,0,0,300,0.0,12.352510689796306
15,wormhole,0.5,0.5,"[114, 101]",15010602,trust_weighted,4.799649158725169,"[0, 0, 0]","[41, 91, 94, 65, 150]","[41, 91, 94, 65, 150]",True,True,4.799649158725169,0,0.0,False,0,False,300,72,0.24,95,0,133,0,0.3457628611877084,0.0
15,wormhole,0.5,0.5,"[114, 101]",15010602,clean_oracle,4.799649158725169,"[0, 0, 0]","[41, 91, 94, 65, 150]","[41, 91, 94, 65, 150]",True,True,4.799649158725169,0,0.0,False,0,False,300,72,0.24,95,0,133,0,0.3457628611877084,0.0
15,wormhole,0.75,0.0,"[114, 101]",15010802,naive_poisoned,3.855794570390963,"[0, 2, 1]","[41, 91, 114, 101, 150]","[41, 91, 114, 101, 150]",True,False,17.152159848521475,2,0.6666666666666666,True,0,True,300,0,0.0,0,0,0,300,0.0,12.352510689796306
15,wormhole,0.75,0.0,"[114, 101]",15010802,trust_weighted,4.799649158725169,"[0, 0, 0]","[41, 91, 94, 65, 150]","[41, 91, 94, 65, 150]",True,True,4.799649158725169,0,0.0,False,0,False,300,72,0.24,95,0,133,0,0.3457628611877084,0.0
15,wormhole,0.75,0.0,"[114, 101]",15010802,clean_oracle,4.799649158725169,"[0, 0, 0]","[41, 91, 94, 65, 150]","[41, 91, 94, 65, 150]",True,True,4.799649158725169,0,0.0,False,0,False,300,72,0.24,95,0,133,0,0.3457628611877084,0.0
15,wormhole,0.75,0.5,"[114, 101]",15010852,naive_poisoned,3.855794570390963,"[0, 2, 1]","[41, 91, 114, 101, 150]","[41, 91, 114, 101, 150]",True,False,17.152159848521475,2,0.6666666666666666,True,0,True,300,0,0.0,0,0,0,300,0.0,12.352510689796306
15,wormhole,0.75,0.5,"[114, 101]",15010852,trust_weighted,4.799649158725169,"[0, 0, 0]","[41, 91, 94, 65, 150]","[41, 91, 94, 65, 150]",True,True,4.799649158725169,0,0.0,False,0,False,300,72,0.24,95,0,133,0,0.3457628611877084,0.0
15,wormhole,0.75,0.5,"[114, 101]",15010852,clean_oracle,4.799649158725169,"[0, 0, 0]","[41, 91, 94, 65, 150]","[41, 91, 94, 65, 150]",True,True,4.799649158725169,0,0.0,False,0,False,300,72,0.24,95,0,133,0,0.3457628611877084,0.0
15,wormhole,1.0,0.0,"[114, 101]",15011052,naive_poisoned,3.61320249066492,"[0, 2, 1]","[41, 91, 114, 101, 150]","[41, 91, 114, 101, 150]",True,False,17.152159848521475,2,0.6666666666666666,True,0,True,300,0,0.0,0,0,0,300,0.0,12.352510689796306
15,wormhole,1.0,0.0,"[114, 101]",15011052,trust_weighted,4.799649158725169,"[0, 0, 0]","[41, 91, 94, 65, 150]","[41, 91, 94, 65, 150]",True,True,4.799649158725169,0,0.0,False,0,False,300,72,0.24,95,0,133,0,0.3457628611877084,0.0
15,wormhole,1.0,0.0,"[114, 101]",15011052,clean_oracle,4.799649158725169,"[0, 0, 0]","[41, 91, 94, 65, 150]","[41, 91, 94, 65, 150]",True,True,4.799649158725169,0,0.0,False,0,False,300,72,0.24,95,0,133,0,0.3457628611877084,0.0
15,wormhole,1.0,0.5,"[114, 101]",15011102,naive_poisoned,3.61320249066492,"[0, 2, 1]","[41, 91, 114, 101, 150]","[41, 91, 114, 101, 150]",True,False,17.152159848521475,2,0.6666666666666666,True,0,True,300,0,0.0,0,0,0,300,0.0,12.352510689796306
15,wormhole,1.0,0.5,"[114, 101]",15011102,trust_weighted,4.799649158725169,"[0, 0, 0]","[41, 91, 94, 65, 150]","[41, 91, 94, 65, 150]",True,True,4.799649158725169,0,0.0,False,0,False,300,72,0.24,95,0,133,0,0.3457628611877084,0.0
15,wormhole,1.0,0.5,"[114, 101]",15011102,clean_oracle,4.799649158725169,"[0, 0, 0]","[41, 91, 94, 65, 150]","[41, 91, 94, 65, 150]",True,True,4.799649158725169,0,0.0,False,0,False,300,72,0.24,95,0,133,0,0.3457628611877084,0.0
15,sybil,0.25,0.0,[65],15020309,naive_poisoned,4.237077057232622,"[0, 0, 0]","[41, 91, 94, ""sybil:65:0"", 150]","[41, 91, 94, 65, 150]",True,True,4.799649158725169,1,0.3333333333333333,True,1,False,300,74,0.24666666666666667,86,4,136,0,0.34763136059473077,0.0
15,sybil,0.25,0.0,[65],15020309,trust_weighted,4.812780231368645,"[0, 0, 1]","[41, 91, 94, 101, 150]","[41, 91, 94, 101, 150]",True,True,4.812780231368645,0,0.0,False,0,False,300,71,0.23666666666666666,93,0,136,0,0.3444148833978211,0.013131072643476571
15,sybil,0.25,0.0,[65],15020309,clean_oracle,4.799649158725169,"[0, 0, 0]","[41, 91, 94, 65, 150]","[41, 91, 94, 65, 150]",True,True,4.799649158725169,1,0.3333333333333333,True,0,False,300,74,0.24666666666666667,86,4,136,0,0.34763136059473077,0.0
15,sybil,0.25,0.5,[120],15020359,naive_poisoned,4.799649158725169,"[0, 0, 0]","[41, 91, 94, 65, 150]","[41, 91, 94, 65, 150]",True,True,4.799649158725169,0,0.0,False,0,False,300,72,0.24,95,0,133,0,0.3457628611877084,0.0
15,sybil,0.25,0.5,[120],15020359,trust_weighted,4.799649158725169,"[0, 0, 0]","[41, 91, 94, 65, 150]","[41, 91, 94, 65, 150]",True,True,4.799649158725169,0,0.0,False,0,False,300,72,0.24,95,0,133,0,0.3457628611877084,0.0
15,sybil,0.25,0.5,[120],15020359,clean_oracle,4.799649158725169,"[0, 0, 0]","[41, 91, 94, 65, 150]","[41, 91, 94, 65, 150]",True,True,4.799649158725169,0,0.0,False,0,False,300,72,0.24,95,0,133,0,0.3457628611877084,0.0
15,sybil,0.5,0.0,[101],15020559,naive_poisoned,3.6813987688779015,"[0, 0, 0]","[41, 91, 94, ""sybil:101:1"", 150]","[41, 91, 94, 101, 150]",True,True,4.812780231368645,1,0.3333333333333333,True,1,False,300,65,0.21666666666666667,87,10,138,0,0.34262512086344543,0.013131072643476571
15,sybil,0.5,0.0,[101],15020559,trust_weighted,9.681398768877902,"[0, 0, 0]","[41, 91, 94, ""sybil:101:1"", 150]","[41, 91, 94, 101, 150]",True,True,4.812780231368645,1,0.3333333333333333,True,1,False,300,65,0.21666666666666667,87,10,138,0,0.34262512086344543,0.013131072643476571
15,sybil,0.5,0.0,[101],15020559,clean_oracle,4.799649158725169,"[0, 0, 0]","[41, 91, 94, 65, 150]","[41, 91, 94, 65, 150]",True,True,4.799649158725169,0,0.0,False,0,False,300,72,0.24,95,0,133,0,0.3457628611877084,0.0
15,sybil,0.5,0.5,[101],15020609,naive_poisoned,3.6813987688779015,"[0, 0, 0]","[41, 91, 94, ""sybil:101:1"", 150]","[41, 91, 94, 101, 150]",True,True,4.812780231368645,1,0.3333333333333333,True,1,False,300,65,0.21666666666666667,87,10,138,0,0.34262512086344543,0.013131072643476571
15,sybil,0.5,0.5,[101],15020609,trust_weighted,6.6813987688779015,"[0, 0, 0]","[41, 91, 94, ""sybil:101:1"", 150]","[41, 91, 94, 101, 150]",True,True,4.812780231368645,1,0.3333333333333333,True,1,False,300,65,0.21666666666666667,87,10,138,0,0.34262512086344543,0.013131072643476571
15,sybil,0.5,0.5,[101],15020609,clean_oracle,4.799649158725169,"[0, 0, 0]","[41, 91, 94, 65, 150]","[41, 91, 94, 65, 150]",True,True,4.799649158725169,0,0.0,False,0,False,300,72,0.24,95,0,133,0,0.3457628611877084,0.0
15,sybil,0.75,0.0,[120],15020809,naive_poisoned,102.74705786459653,"[0, 2, 0]","[41, 91, 114, ""sybil:120:1"", 150]","[41, 91, 114, 120, 150]",False,False,17.16862295284548,1,0.3333333333333333,True,1,False,300,0,0.0,0,0,0,300,0.0,12.368973794120313
15,sybil,0.75,0.0,[120],15020809,trust_weighted,111.74705786459653,"[0, 2, 0]","[41, 91, 114, ""sybil:120:1"", 150]","[41, 91, 114, 120, 150]",False,False,17.16862295284548,1,0.3333333333333333,True,1,False,300,0,0.0,0,0,0,300,0.0,12.368973794120313
15,sybil,0.75,0.0,[120],15020809,clean_oracle,4.799649158725169,"[0, 0, 0]","[41, 91, 94, 65, 150]","[41, 91, 94, 65, 150]",True,True,4.799649158725169,0,0.0,False,0,False,300,72,0.24,95,0,133,0,0.3457628611877084,0.0
15,sybil,0.75,0.5,[101],15020859,naive_poisoned,3.1157080376325297,"[0, 0, 0]","[41, 91, 94, ""sybil:101:1"", 150]","[41, 91, 94, 101, 150]",True,True,4.812780231368645,1,0.3333333333333333,True,1,False,300,59,0.19666666666666666,85,18,138,0,0.3405415380345467,0.013131072643476571
15,sybil,0.75,0.5,[101],15020859,trust_weighted,7.61570803763253,"[0, 0, 0]","[41, 91, 94, ""sybil:101:1"", 150]","[41, 91, 94, 101, 150]",True,True,4.812780231368645,1,0.3333333333333333,True,1,False,300,59,0.19666666666666666,85,18,138,0,0.3405415380345467,0.013131072643476571
15,sybil,0.75,0.5,[101],15020859,clean_oracle,4.799649158725169,"[0, 0, 0]","[41, 91, 94, 65, 150]","[41, 91, 94, 65, 150]",True,True,4.799649158725169,0,0.0,False,0,False,300,72,0.24,95,0,133,0,0.3457628611877084,0.0
15,sybil,1.0,0.0,[120],15021059,naive_poisoned,102.46987929339387,"[0, 2, 0]","[41, 91, 114, ""sybil:120:1"", 150]","[41, 91, 114, 120, 150]",False,False,17.16862295284548,1,0.3333333333333333,True,1,False,300,0,0.0,0,0,0,300,0.0,12.368973794120313
15,sybil,1.0,0.0,[120],15021059,trust_weighted,114.46987929339387,"[0, 2, 0]","[41, 91, 114, ""sybil:120:1"", 150]","[41, 91, 114, 120, 150]",False,False,17.16862295284548,1,0.3333333333333333,True,1,False,300,0,0.0,0,0,0,300,0.0,12.368973794120313
15,sybil,1.0,0.0,[120],15021059,clean_oracle,4.799649158725169,"[0, 0, 0]","[41, 91, 94, 65, 150]","[41, 91, 94, 65, 150]",True,True,4.799649158725169,0,0.0,False,0,False,300,72,0.24,95,0,133,0,0.3457628611877084,0.0
15,sybil,1.0,0.5,[65],15021109,naive_poisoned,2.5338771485196716,"[0, 2, 0]","[41, 91, 114, ""sybil:65:0"", 150]","[41, 91, 114, 65, 150]",True,True,4.858550680720401,1,0.3333333333333333,True,1,False,300,60,0.2,93,21,126,0,0.35659929050913064,0.058901521995232464
15,sybil,1.0,0.5,[65],15021109,trust_weighted,8.533877148519672,"[0, 2, 0]","[41, 91, 114, ""sybil:65:0"", 150]","[41, 91, 114, 65, 150]",True,True,4.858550680720401,1,0.3333333333333333,True,1,False,300,60,0.2,93,21,126,0,0.35659929050913064,0.058901521995232464
15,sybil,1.0,0.5,[65],15021109,clean_oracle,4.799649158725169,"[0, 0, 0]","[41, 91, 94, 65, 150]","[41, 91, 94, 65, 150]",True,True,4.799649158725169,1,0.3333333333333333,True,0,False,300,56,0.18666666666666668,85,21,138,0,0.3395154115043475,0.0
16,sinkhole,0.25,0.0,[79],16000298,naive_poisoned,4.176936684451221,"[0, 0, 0]","[111, 148, 0, 79, 150]","[111, 148, 0, 79, 150]",True,True,4.7273425307916455,1,0.3333333333333333,True,0,False,300,81,0.27,77,5,137,0,0.34213865612194283,0.0
16,sinkhole,0.25,0.0,[79],16000298,trust_weighted,4.8321618200060605,"[0, 0, 2]","[111, 148, 0, 13, 150]","[111, 148, 0, 13, 150]",True,True,4.8321618200060605,0,0.0,False,0,False,300,84,0.28,77,0,139,0,0.35030945493875976,0.10481928921441508
16,sinkhole,0.25,0.0,[79],16000298,clean_oracle,4.7273425307916455,"[0, 0, 0]","[111, 148, 0, 79, 150]","[111, 148, 0, 79, 150]",True,True,4.7273425307916455,1,0.3333333333333333,True,0,False,300,81,0.27,77,5,137,0,0.34213865612194283,0.0
16,sinkhole,0.25,0.5,[54],16000348,naive_poisoned,4.7273425307916455,"[0, 0, 0]","[111, 148, 0, 79, 150]","[111, 148, 0, 79, 150]",True,True,4.7273425307916455,0,0.0,False,0,False,300,90,0.3,71,0,139,0,0.3477436383300372,0.0
16,sinkhole,0.25,0.5,[54],16000348,trust_weighted,4.7273425307916455,"[0, 0, 0]","[111, 148, 0, 79, 150]","[111, 148, 0, 79, 150]",True,True,4.7273425307916455,0,0.0,False,0,False,300,90,0.3,71,0,139,0,0.3477436383300372,0.0
16,sinkhole,0.25,0.5,[54],16000348,clean_oracle,4.7273425307916455,"[0, 0, 0]","[111, 148, 0, 79, 150]","[111, 148, 0, 79, 150]",True,True,4.7273425307916455,0,0.0,False,0,False,300,90,0.3,71,0,139,0,0.3477436383300372,0.0
16,sinkhole,0.5,0.0,[11],16000548,naive_poisoned,3.635670247568199,"[0, 1, 0]","[111, 148, 11, 79, 150]","[111, 148, 11, 79, 150]",True,True,4.799668197940243,1,0.3333333333333333,True,0,False,300,75,0.25,75,13,137,0,0.33229033802741625,0.0723256671485979
16,sinkhole,0.5,0.0,[11],16000548,trust_weighted,4.7273425307916455,"[0, 0, 0]","[111, 148, 0, 79, 150]","[111, 148, 0, 79, 150]",True,True,4.7273425307916455,0,0.0,False,0,False,300,90,0.3,71,0,139,0,0.3477436383300372,0.0
16,sinkhole,0.5,0.0,[11],16000548,clean_oracle,4.7273425307916455,"[0, 0, 0]","[111, 148, 0, 79, 150]","[111, 148, 0, 79, 150]",True,True,4.7273425307916455,0,0.0,False,0,False,300,90,0.3,71,0,139,0,0.3477436383300372,0.0
16,sinkhole,0.5,0.5,[54],16000598,naive_poisoned,4.7273425307916455,"[0, 0, 0]","[111, 148, 0, 79, 150]","[111, 148, 0, 79, 150]",True,True,4.7273425307916455,0,0.0,False,0,False,300,90,0.3,71,0,139,0,0.3477436383300372,0.0
16,sinkhole,0.5,0.5,[54],16000598,trust_weighted,4.7273425307916455,"[0, 0, 0]","[111, 148, 0, 79, 150]","[111, 148, 0, 79, 150]",True,True,4.7273425307916455,0,0.0,False,0,False,300,90,0.3,71,0,139,0,0.3477436383300372,0.0
16,sinkhole,0.5,0.5,[54],16000598,clean_oracle,4.7273425307916455,"[0, 0, 0]","[111, 148, 0, 79, 150]","[111, 148, 0, 79, 150]",True,True,4.7273425307916455,0,0.0,False,0,False,300,90,0.3,71,0,139,0,0.3477436383300372,0.0
16,sinkhole,0.75,0.0,"[11, 54]",16000798,naive_poisoned,3.0536712723821764,"[0, 1, 0]","[111, 148, 11, 79, 150]","[111, 148, 11, 79, 150]",True,True,4.799668197940243,1,0.3333333333333333,True,0,False,300,73,0.24333333333333335,74,17,136,0,0.3292538307968016,0.0723256671485979
16,sinkhole,0.75,0.0,"[11, 54]",16000798,trust_weighted,4.7273425307916455,"[0, 0, 0]","[111, 148, 0, 79, 150]","[111, 148, 0, 79, 150]",True,True,4.7273425307916455,0,0.0,False,0,False,300,90,0.3,71,0,139,0,0.3477436383300372,0.0
16,sinkhole,0.75,0.0,"[11, 54]",16000798,clean_oracle,4.7273425307916455,"[0, 0, 0]","[111, 148, 0, 79, 150]","[111, 148, 0, 79, 150]",True,True,4.7273425307916455,0,0.0,False,0,False,300,90,0.3,71,0,139,0,0.3477436383300372,0.0
16,sinkhole,0.75,0.5,"[79, 13]",16000848,naive_poisoned,3.0761249917703726,"[0, 0, 0]","[111, 148, 0, 79, 150]","[111, 148, 0, 79, 150]",True,True,4.7273425307916455,1,0.3333333333333333,True,0,False,300,77,0.25666666666666665,77,9,137,0,0.34043395617242744,0.0
16,sinkhole,0.75,0.5,"[79, 13]",16000848,trust_weighted,7.576124991770373,"[0, 0, 0]","[111, 148, 0, 79, 150]","[111, 148, 0, 79, 150]",True,True,4.7273425307916455,1,0.3333333333333333,True,0,False,300,77,0.25666666666666665,77,9,137,0,0.34043395617242744,0.0
16,sinkhole,0.75,0.5,"[79, 13]",16000848,clean_oracle,4.7273425307916455,"[0, 0, 0]","[111, 148, 0, 79, 150]","[111, 148, 0, 79, 150]",True,True,4.7273425307916455,1,0.3333333333333333,True,0,False,300,77,0.25666666666666665,77,9,137,0,0.34043395617242744,0.0
16,sinkhole,1.0,0.0,"[50, 100]",16001048,naive_poisoned,2.4420071523572755,"[2, 0, 0]","[111, 100, 0, 79, 150]","[111, 100, 0, 79, 150]",True,True,4.8076753399115715,1,0.3333333333333333,True,0,False,300,81,0.27,78,21,120,0,0.31941727615686233,0.08033280911992602
16,sinkhole,1.0,0.0,"[50, 100]",16001048,trust_weighted,4.7273425307916455,"[0, 0, 0]","[111, 148, 0, 79, 150]","[111, 148, 0, 79, 150]",True,True,4.7273425307916455,0,0.0,False,0,False,300,90,0.3,71,0,139,0,0.3477436383300372,0.0
16,sinkhole,1.0,0.0,"[50, 100]",16001048,clean_oracle,4.7273425307916455,"[0, 0, 0]","[111, 148, 0, 79, 150]","[111, 148, 0, 79, 150]",True,True,4.7273425307916455,0,0.0,False,0,False,300,90,0.3,71,0,139,0,0.3477436383300372,0.0
16,sinkhole,1.0,0.5,"[50, 79]",16001098,naive_poisoned,2.5257191454299486,"[0, 0, 0]","[111, 148, 0, 79, 150]","[111, 148, 0, 79, 150]",True,True,4.7273425307916455,1,0.3333333333333333,True,0,False,300,71,0.23666666666666666,75,15,139,0,0.3373865522382218,0.0
16,sinkhole,1.0,0.5,"[50, 79]",16001098,trust_weighted,4.8321618200060605,"[0, 0, 2]","[111, 148, 0, 13, 150]","[111, 148, 0, 13, 150]",True,True,4.8321618200060605,0,0.0,False,0,False,300,84,0.28,77,0,139,0,0.35030945493875976,0.10481928921441508
16,sinkhole,1.0,0.5,"[50, 79]",16001098,clean_oracle,4.7273425307916455,"[0, 0, 0]","[111, 148, 0, 79, 150]","[111, 148, 0, 79, 150]",True,True,4.7273425307916455,1,0.3333333333333333,True,0,False,300,71,0.23666666666666666,75,15,139,0,0.3373865522382218,0.0
16,wormhole,0.25,0.0,"[148, 54]",16010305,naive_poisoned,4.242775802024126,"[0, 2, 0]","[111, 148, 54, 79, 150]","[111, 148, 54, 79, 150]",True,False,17.05981939875576,2,0.6666666666666666,True,0,True,300,0,0.0,0,0,0,300,0.0,12.332476867964115
16,wormhole,0.25,0.0,"[148, 54]",16010305,trust_weighted,4.8076753399115715,"[2, 0, 0]","[111, 100, 0, 79, 150]","[111, 100, 0, 79, 150]",True,True,4.8076753399115715,0,0.0,False,0,False,300,93,0.31,87,0,120,0,0.3569287157348384,0.08033280911992602
16,wormhole,0.25,0.0,"[148, 54]",16010305,clean_oracle,4.7273425307916455,"[0, 0, 0]","[111, 148, 0, 79, 150]","[111, 148, 0, 79, 150]",True,True,4.7273425307916455,1,0.3333333333333333,True,0,False,300,85,0.2833333333333333,74,4,137,0,0.3403541103362464,0.0
16,wormhole,0.25,0.5,"[148, 54]",16010355,naive_poisoned,4.242775802024126,"[0, 2, 0]","[111, 148, 54, 79, 150]","[111, 148, 54, 79, 150]",True,False,17.05981939875576,2,0.6666666666666666,True,0,True,300,0,0.0,0,0,0,300,0.0,12.332476867964115
16,wormhole,0.25,0.5,"[148, 54]",16010355,trust_weighted,4.8076753399115715,"[2, 0, 0]","[111, 100, 0, 79, 150]","[111, 100, 0, 79, 150]",True,True,4.8076753399115715,0,0.0,False,0,False,300,93,0.31,87,0,120,0,0.3569287157348384,0.08033280911992602
16,wormhole,0.25,0.5,"[148, 54]",16010355,clean_oracle,4.7273425307916455,"[0, 0, 0]","[111, 148, 0, 79, 150]","[111, 148, 0, 79, 150]",True,True,4.7273425307916455,1,0.3333333333333333,True,0,False,300,85,0.2833333333333333,74,4,137,0,0.3403541103362464,0.0
16,wormhole,0.5,0.0,"[148, 54]",16010555,naive_poisoned,3.9992918485456577,"[0, 2, 0]","[111, 148, 54, 79, 150]","[111, 148, 54, 79, 150]",True,False,17.05981939875576,2,0.6666666666666666,True,0,True,300,0,0.0,0,0,0,300,0.0,12.332476867964115
16,wormhole,0.5,0.0,"[148, 54]",16010555,trust_weighted,4.8076753399115715,"[2, 0, 0]","[111, 100, 0, 79, 150]","[111, 100, 0, 79, 150]",True,True,4.8076753399115715,0,0.0,False,0,False,300,93,0.31,87,0,120,0,0.3569287157348384,0.08033280911992602
16,wormhole,0.5,0.0,"[148, 54]",16010555,clean_oracle,4.7273425307916455,"[0, 0, 0]","[111, 148, 0, 79, 150]","[111, 148, 0, 79, 150]",True,True,4.7273425307916455,1,0.3333333333333333,True,0,False,300,86,0.2866666666666667,71,11,132,0,0.33933923604704397,0.0
16,wormhole,0.5,0.5,"[148, 54]",16010605,naive_poisoned,3.9992918485456577,"[0, 2, 0]","[111, 148, 54, 79, 150]","[111, 148, 54, 79, 150]",True,False,17.05981939875576,2,0.6666666666666666,True,0,True,300,0,0.0,0,0,0,300,0.0,12.332476867964115
16,wormhole,0.5,0.5,"[148, 54]",16010605,trust_weighted,4.8076753399115715,"[2, 0, 0]","[111, 100, 0, 79, 150]","[111, 100, 0, 79, 150]",True,True,4.8076753399115715,0,0.0,False,0,False,300,93,0.31,87,0,120,0,0.3569287157348384,0.08033280911992602
16,wormhole,0.5,0.5,"[148, 54]",16010605,clean_oracle,4.7273425307916455,"[0, 0, 0]","[111, 148, 0, 79, 150]","[111, 148, 0, 79, 150]",True,True,4.7273425307916455,1,0.3333333333333333,True,0,False,300,86,0.2866666666666667,71,11,132,0,0.33933923604704397,0.0
16,wormhole,0.75,0.0,"[148, 54]",16010805,naive_poisoned,3.755807895067189,"[0, 2, 0]","[111, 148, 54, 79, 150]","[111, 148, 54, 79, 150]",True,False,17.05981939875576,2,0.6666666666666666,True,0,True,300,0,0.0,0,0,0,300,0.0,12.332476867964115
16,wormhole,0.75,0.0,"[148, 54]",16010805,trust_weighted,4.8076753399115715,"[2, 0, 0]","[111, 100, 0, 79, 150]","[111, 100, 0, 79, 150]",True,True,4.8076753399115715,0,0.0,False,0,False,300,93,0.31,87,0,120,0,0.3569287157348384,0.08033280911992602
16,wormhole,0.75,0.0,"[148, 54]",16010805,clean_oracle,4.7273425307916455,"[0, 0, 0]","[111, 148, 0, 79, 150]","[111, 148, 0, 79, 150]",True,True,4.7273425307916455,1,0.3333333333333333,True,0,False,300,85,0.2833333333333333,74,17,124,0,0.33853923604704406,0.0
16,wormhole,0.75,0.5,"[148, 54]",16010855,naive_poisoned,3.755807895067189,"[0, 2, 0]","[111, 148, 54, 79, 150]","[111, 148, 54, 79, 150]",True,False,17.05981939875576,2,0.6666666666666666,True,0,True,300,0,0.0,0,0,0,300,0.0,12.332476867964115
16,wormhole,0.75,0.5,"[148, 54]",16010855,trust_weighted,4.8076753399115715,"[2, 0, 0]","[111, 100, 0, 79, 150]","[111, 100, 0, 79, 150]",True,True,4.8076753399115715,0,0.0,False,0,False,300,93,0.31,87,0,120,0,0.3569287157348384,0.08033280911992602
16,wormhole,0.75,0.5,"[148, 54]",16010855,clean_oracle,4.7273425307916455,"[0, 0, 0]","[111, 148, 0, 79, 150]","[111, 148, 0, 79, 150]",True,True,4.7273425307916455,1,0.3333333333333333,True,0,False,300,85,0.2833333333333333,74,17,124,0,0.33853923604704406,0.0
16,wormhole,1.0,0.0,"[148, 54]",16011055,naive_poisoned,3.51232394158872,"[0, 2, 0]","[111, 148, 54, 79, 150]","[111, 148, 54, 79, 150]",True,False,17.05981939875576,2,0.6666666666666666,True,0,True,300,0,0.0,0,0,0,300,0.0,12.332476867964115
16,wormhole,1.0,0.0,"[148, 54]",16011055,trust_weighted,4.8076753399115715,"[2, 0, 0]","[111, 100, 0, 79, 150]","[111, 100, 0, 79, 150]",True,True,4.8076753399115715,0,0.0,False,0,False,300,93,0.31,87,0,120,0,0.3569287157348384,0.08033280911992602
16,wormhole,1.0,0.0,"[148, 54]",16011055,clean_oracle,4.7273425307916455,"[0, 0, 0]","[111, 148, 0, 79, 150]","[111, 148, 0, 79, 150]",True,True,4.7273425307916455,1,0.3333333333333333,True,0,False,300,83,0.27666666666666667,75,27,115,0,0.33377503894072014,0.0
16,wormhole,1.0,0.5,"[148, 54]",16011105,naive_poisoned,3.51232394158872,"[0, 2, 0]","[111, 148, 54, 79, 150]","[111, 148, 54, 79, 150]",True,False,17.05981939875576,2,0.6666666666666666,True,0,True,300,0,0.0,0,0,0,300,0.0,12.332476867964115
16,wormhole,1.0,0.5,"[148, 54]",16011105,trust_weighted,4.8076753399115715,"[2, 0, 0]","[111, 100, 0, 79, 150]","[111, 100, 0, 79, 150]",True,True,4.8076753399115715,0,0.0,False,0,False,300,93,0.31,87,0,120,0,0.3569287157348384,0.08033280911992602
16,wormhole,1.0,0.5,"[148, 54]",16011105,clean_oracle,4.7273425307916455,"[0, 0, 0]","[111, 148, 0, 79, 150]","[111, 148, 0, 79, 150]",True,True,4.7273425307916455,1,0.3333333333333333,True,0,False,300,83,0.27666666666666667,75,27,115,0,0.33377503894072014,0.0
16,sybil,0.25,0.0,[13],16020312,naive_poisoned,4.256861392477212,"[0, 0, 2]","[111, 148, 0, ""sybil:13:0"", 150]","[111, 148, 0, 13, 150]",True,True,4.8321618200060605,1,0.3333333333333333,True,1,False,300,73,0.24333333333333335,84,7,136,0,0.3435517658013687,0.10481928921441508
16,sybil,0.25,0.0,[13],16020312,trust_weighted,4.7273425307916455,"[0, 0, 0]","[111, 148, 0, 79, 150]","[111, 148, 0, 79, 150]",True,True,4.7273425307916455,0,0.0,False,0,False,300,90,0.3,71,0,139,0,0.3477436383300372,0.0
16,sybil,0.25,0.0,[13],16020312,clean_oracle,4.7273425307916455,"[0, 0, 0]","[111, 148, 0, 79, 150]","[111, 148, 0, 79, 150]",True,True,4.7273425307916455,0,0.0,False,0,False,300,90,0.3,71,0,139,0,0.3477436383300372,0.0
16,sybil,0.25,0.5,[25],16020362,naive_poisoned,4.7273425307916455,"[0, 0, 0]","[111, 148, 0, 79, 150]","[111, 148, 0, 79, 150]",True,True,4.7273425307916455,0,0.0,False,0,False,300,90,0.3,71,0,139,0,0.3477436383300372,0.0
16,sybil,0.25,0.5,[25],16020362,trust_weighted,4.7273425307916455,"[0, 0, 0]","[111, 148, 0, 79, 150]","[111, 148, 0, 79, 150]",True,True,4.7273425307916455,0,0.0,False,0,False,300,90,0.3,71,0,139,0,0.3477436383300372,0.0
16,sybil,0.25,0.5,[25],16020362,clean_oracle,4.7273425307916455,"[0, 0, 0]","[111, 148, 0, 79, 150]","[111, 148, 0, 79, 150]",True,True,4.7273425307916455,0,0.0,False,0,False,300,90,0.3,71,0,139,0,0.3477436383300372,0.0
16,sybil,0.5,0.0,[25],16020562,naive_poisoned,4.8321618200060605,"[0, 0, 2]","[111, 148, 0, 13, 150]","[111, 148, 0, 13, 150]",True,True,4.8321618200060605,0,0.0,False,0,False,300,84,0.28,77,0,139,0,0.35030945493875976,0.10481928921441508
16,sybil,0.5,0.0,[25],16020562,trust_weighted,4.8321618200060605,"[0, 0, 2]","[111, 148, 0, 13, 150]","[111, 148, 0, 13, 150]",True,True,4.8321618200060605,0,0.0,False,0,False,300,84,0.28,77,0,139,0,0.35030945493875976,0.10481928921441508
16,sybil,0.5,0.0,[25],16020562,clean_oracle,4.7273425307916455,"[0, 0, 0]","[111, 148, 0, 79, 150]","[111, 148, 0, 79, 150]",True,True,4.7273425307916455,0,0.0,False,0,False,300,90,0.3,71,0,139,0,0.3477436383300372,0.0
16,sybil,0.5,0.5,[25],16020612,naive_poisoned,4.8321618200060605,"[0, 0, 2]","[111, 148, 0, 13, 150]","[111, 148, 0, 13, 150]",True,True,4.8321618200060605,0,0.0,False,0,False,300,84,0.28,77,0,139,0,0.35030945493875976,0.10481928921441508
16,sybil,0.5,0.5,[25],16020612,trust_weighted,4.8321618200060605,"[0, 0, 2]","[111, 148, 0, 13, 150]","[111, 148, 0, 13, 150]",True,True,4.8321618200060605,0,0.0,False,0,False,300,84,0.28,77,0,139,0,0.35030945493875976,0.10481928921441508
16,sybil,0.5,0.5,[25],16020612,clean_oracle,4.7273425307916455,"[0, 0, 0]","[111, 148, 0, 79, 150]","[111, 148, 0, 79, 150]",True,True,4.7273425307916455,0,0.0,False,0,False,300,90,0.3,71,0,139,0,0.3477436383300372,0.0
16,sybil,0.75,0.0,[25],16020812,naive_poisoned,102.73797366436483,"[0, 0, 0]","[111, 148, 0, ""sybil:25:1"", 150]","[111, 148, 0, 25, 150]",False,False,17.149919237532128,1,0.3333333333333333,True,1,False,300,0,0.0,0,0,0,300,0.0,12.422576706740482
16,sybil,0.75,0.0,[25],16020812,trust_weighted,111.73797366436483,"[0, 0, 0]","[111, 148, 0, ""sybil:25:1"", 150]","[111, 148, 0, 25, 150]",False,False,17.149919237532128,1,0.3333333333333333,True,1,False,300,0,0.0,0,0,0,300,0.0,12.422576706740482
16,sybil,0.75,0.0,[25],16020812,clean_oracle,4.7273425307916455,"[0, 0, 0]","[111, 148, 0, 79, 150]","[111, 148, 0, 79, 150]",True,True,4.7273425307916455,0,0.0,False,0,False,300,90,0.3,71,0,139,0,0.3477436383300372,0.0
16,sybil,0.75,0.5,[13],16020862,naive_poisoned,3.1062605374195167,"[0, 0, 0]","[111, 148, 0, ""sybil:13:1"", 150]","[111, 148, 0, 13, 150]",True,True,4.8321618200060605,1,0.3333333333333333,True,1,False,300,67,0.22333333333333333,80,14,139,0,0.338283620528367,0.10481928921441508
16,sybil,0.75,0.5,[13],16020862,trust_weighted,7.606260537419518,"[0, 0, 0]","[111, 148, 0, ""sybil:13:1"", 150]","[111, 148, 0, 13, 150]",True,True,4.8321618200060605,1,0.3333333333333333,True,1,False,300,67,0.22333333333333333,80,14,139,0,0.338283620528367,0.10481928921441508
16,sybil,0.75,0.5,[13],16020862,clean_oracle,4.7273425307916455,"[0, 0, 0]","[111, 148, 0, 79, 150]","[111, 148, 0, 79, 150]",True,True,4.7273425307916455,0,0.0,False,0,False,300,90,0.3,71,0,139,0,0.3477436383300372,0.0
16,sybil,1.0,0.0,[79],16021062,naive_poisoned,2.5257191454299486,"[0, 0, 0]","[111, 148, 0, ""sybil:79:0"", 150]","[111, 148, 0, 79, 150]",True,True,4.7273425307916455,1,0.3333333333333333,True,1,False,300,69,0.23,72,19,140,0,0.3370735968319387,0.0
16,sybil,1.0,0.0,[79],16021062,trust_weighted,14.525719145429948,"[0, 0, 0]","[111, 148, 0, ""sybil:79:0"", 150]","[111, 148, 0, 79, 150]",True,True,4.7273425307916455,1,0.3333333333333333,True,1,False,300,69,0.23,72,19,140,0,0.3370735968319387,0.0
16,sybil,1.0,0.0,[79],16021062,clean_oracle,4.7273425307916455,"[0, 0, 0]","[111, 148, 0, 79, 150]","[111, 148, 0, 79, 150]",True,True,4.7273425307916455,1,0.3333333333333333,True,0,False,300,69,0.23,72,19,140,0,0.3370735968319387,0.0
16,sybil,1.0,0.5,[79],16021112,naive_poisoned,2.5257191454299486,"[0, 0, 0]","[111, 148, 0, ""sybil:79:0"", 150]","[111, 148, 0, 79, 150]",True,True,4.7273425307916455,1,0.3333333333333333,True,1,False,300,69,0.23,72,19,140,0,0.3370735968319387,0.0
16,sybil,1.0,0.5,[79],16021112,trust_weighted,8.52571914542995,"[0, 0, 0]","[111, 148, 0, ""sybil:79:0"", 150]","[111, 148, 0, 79, 150]",True,True,4.7273425307916455,1,0.3333333333333333,True,1,False,300,69,0.23,72,19,140,0,0.3370735968319387,0.0
16,sybil,1.0,0.5,[79],16021112,clean_oracle,4.7273425307916455,"[0, 0, 0]","[111, 148, 0, 79, 150]","[111, 148, 0, 79, 150]",True,True,4.7273425307916455,1,0.3333333333333333,True,0,False,300,69,0.23,72,19,140,0,0.3370735968319387,0.0
17,sinkhole,0.25,0.0,[51],17000301,naive_poisoned,4.278563074214228,"[0, 0, 0]","[41, 5, 81, 51, 150]","[41, 5, 81, 51, 150]",True,True,4.862708675647959,1,0.3333333333333333,True,0,False,300,67,0.22333333333333333,78,3,152,0,0.3611341663742138,0.0
17,sinkhole,0.25,0.0,[51],17000301,trust_weighted,7.278563074214228,"[0, 0, 0]","[41, 5, 81, 51, 150]","[41, 5, 81, 51, 150]",True,True,4.862708675647959,1,0.3333333333333333,True,0,False,300,67,0.22333333333333333,78,3,152,0,0.3611341663742138,0.0
17,sinkhole,0.25,0.0,[51],17000301,clean_oracle,4.862708675647959,"[0, 0, 0]","[41, 5, 81, 51, 150]","[41, 5, 81, 51, 150]",True,True,4.862708675647959,1,0.3333333333333333,True,0,False,300,67,0.22333333333333333,78,3,152,0,0.3611341663742138,0.0
17,sinkhole,0.25,0.5,[31],17000351,naive_poisoned,4.862708675647959,"[0, 0, 0]","[41, 5, 81, 51, 150]","[41, 5, 81, 51, 150]",True,True,4.862708675647959,0,0.0,False,0,False,300,70,0.23333333333333334,78,0,152,0,0.3626013057353106,0.0
17,sinkhole,0.25,0.5,[31],17000351,trust_weighted,4.862708675647959,"[0, 0, 0]","[41, 5, 81, 51, 150]","[41, 5, 81, 51, 150]",True,True,4.862708675647959,0,0.0,False,0,False,300,70,0.23333333333333334,78,0,152,0,0.3626013057353106,0.0
17,sinkhole,0.25,0.5,[31],17000351,clean_oracle,4.862708675647959,"[0, 0, 0]","[41, 5, 81, 51, 150]","[41, 5, 81, 51, 150]",True,True,4.862708675647959,0,0.0,False,0,False,300,70,0.23333333333333334,78,0,152,0,0.3626013057353106,0.0
17,sinkhole,0.5,0.0,[5],17000551,naive_poisoned,3.721213257582642,"[0, 0, 0]","[41, 5, 81, 51, 150]","[41, 5, 81, 51, 150]",True,True,4.862708675647959,1,0.3333333333333333,True,0,False,300,72,0.24,81,18,129,0,0.3592704449137045,0.0
17,sinkhole,0.5,0.0,[5],17000551,trust_weighted,9.721213257582642,"[0, 0, 0]","[41, 5, 81, 51, 150]","[41, 5, 81, 51, 150]",True,True,4.862708675647959,1,0.3333333333333333,True,0,False,300,72,0.24,81,18,129,0,0.3592704449137045,0.0
17,sinkhole,0.5,0.0,[5],17000551,clean_oracle,4.862708675647959,"[0, 0, 0]","[41, 5, 81, 51, 150]","[41, 5, 81, 51, 150]",True,True,4.862708675647959,1,0.3333333333333333,True,0,False,300,72,0.24,81,18,129,0,0.3592704449137045,0.0
17,sinkhole,0.5,0.5,[8],17000601,naive_poisoned,4.862708675647959,"[0, 0, 0]","[41, 5, 81, 51, 150]","[41, 5, 81, 51, 150]",True,True,4.862708675647959,0,0.0,False,0,False,300,70,0.23333333333333334,78,0,152,0,0.3626013057353106,0.0
17,sinkhole,0.5,0.5,[8],17000601,trust_weighted,4.862708675647959,"[0, 0, 0]","[41, 5, 81, 51, 150]","[41, 5, 81, 51, 150]",True,True,4.862708675647959,0,0.0,False,0,False,300,70,0.23333333333333334,78,0,152,0,0.3626013057353106,0.0
17,sinkhole,0.5,0.5,[8],17000601,clean_oracle,4.862708675647959,"[0, 0, 0]","[41, 5, 81, 51, 150]","[41, 5, 81, 51, 150]",True,True,4.862708675647959,0,0.0,False,0,False,300,70,0.23333333333333334,78,0,152,0,0.3626013057353106,0.0
17,sinkhole,0.75,0.0,"[95, 8]",17000801,naive_poisoned,4.862708675647959,"[0, 0, 0]","[41, 5, 81, 51, 150]","[41, 5, 81, 51, 150]",True,True,4.862708675647959,0,0.0,False,0,False,300,70,0.23333333333333334,78,0,152,0,0.3626013057353106,0.0
17,sinkhole,0.75,0.0,"[95, 8]",17000801,trust_weighted,4.862708675647959,"[0, 0, 0]","[41, 5, 81, 51, 150]","[41, 5, 81, 51, 150]",True,True,4.862708675647959,0,0.0,False,0,False,300,70,0.23333333333333334,78,0,152,0,0.3626013057353106,0.0
17,sinkhole,0.75,0.0,"[95, 8]",17000801,clean_oracle,4.862708675647959,"[0, 0, 0]","[41, 5, 81, 51, 150]","[41, 5, 81, 51, 150]",True,True,4.862708675647959,0,0.0,False,0,False,300,70,0.23333333333333334,78,0,152,0,0.3626013057353106,0.0
17,sinkhole,0.75,0.5,"[51, 31]",17000851,naive_poisoned,3.1102718713467645,"[0, 0, 0]","[41, 5, 81, 51, 150]","[41, 5, 81, 51, 150]",True,True,4.862708675647959,1,0.3333333333333333,True,0,False,300,63,0.21,79,9,149,0,0.35799988765202073,0.0
17,sinkhole,0.75,0.5,"[51, 31]",17000851,trust_weighted,7.6102718713467645,"[0, 0, 0]","[41, 5, 81, 51, 150]","[41, 5, 81, 51, 150]",True,True,4.862708675647959,1,0.3333333333333333,True,0,False,300,63,0.21,79,9,149,0,0.35799988765202073,0.0
17,sinkhole,0.75,0.5,"[51, 31]",17000851,clean_oracle,4.862708675647959,"[0, 0, 0]","[41, 5, 81, 51, 150]","[41, 5, 81, 51, 150]",True,True,4.862708675647959,1,0.3333333333333333,True,0,False,300,63,0.21,79,9,149,0,0.35799988765202073,0.0
17,sinkhole,1.0,0.0,"[91, 8]",17001051,naive_poisoned,4.862708675647959,"[0, 0, 0]","[41, 5, 81, 51, 150]","[41, 5, 81, 51, 150]",True,True,4.862708675647959,0,0.0,False,0,False,300,70,0.23333333333333334,78,0,152,0,0.3626013057353106,0.0
17,sinkhole,1.0,0.0,"[91, 8]",17001051,trust_weighted,4.862708675647959,"[0, 0, 0]","[41, 5, 81, 51, 150]","[41, 5, 81, 51, 150]",True,True,4.862708675647959,0,0.0,False,0,False,300,70,0.23333333333333334,78,0,152,0,0.3626013057353106,0.0
17,sinkhole,1.0,0.0,"[91, 8]",17001051,clean_oracle,4.862708675647959,"[0, 0, 0]","[41, 5, 81, 51, 150]","[41, 5, 81, 51, 150]",True,True,4.862708675647959,0,0.0,False,0,False,300,70,0.23333333333333334,78,0,152,0,0.3626013057353106,0.0
17,sinkhole,1.0,0.5,"[45, 8]",17001101,naive_poisoned,4.862708675647959,"[0, 0, 0]","[41, 5, 81, 51, 150]","[41, 5, 81, 51, 150]",True,True,4.862708675647959,0,0.0,False,0,False,300,70,0.23333333333333334,78,0,152,0,0.3626013057353106,0.0
17,sinkhole,1.0,0.5,"[45, 8]",17001101,trust_weighted,4.862708675647959,"[0, 0, 0]","[41, 5, 81, 51, 150]","[41, 5, 81, 51, 150]",True,True,4.862708675647959,0,0.0,False,0,False,300,70,0.23333333333333334,78,0,152,0,0.3626013057353106,0.0
17,sinkhole,1.0,0.5,"[45, 8]",17001101,clean_oracle,4.862708675647959,"[0, 0, 0]","[41, 5, 81, 51, 150]","[41, 5, 81, 51, 150]",True,True,4.862708675647959,0,0.0,False,0,False,300,70,0.23333333333333334,78,0,152,0,0.3626013057353106,0.0
17,wormhole,0.25,0.0,"[81, 45]",17010308,naive_poisoned,4.290593654317724,"[0, 0, 2]","[41, 5, 81, 45, 150]","[41, 5, 81, 45, 150]",True,False,17.13470981042258,2,0.6666666666666666,True,0,True,300,0,0.0,0,0,0,300,0.0,12.272001134774623
17,wormhole,0.25,0.0,"[81, 45]",17010308,trust_weighted,7.86270867564796,"[0, 0, 0]","[41, 5, 81, 51, 150]","[41, 5, 81, 51, 150]",True,True,4.862708675647959,1,0.3333333333333333,True,0,False,300,77,0.25666666666666665,74,6,143,0,0.35981479071910805,0.0
17,wormhole,0.25,0.0,"[81, 45]",17010308,clean_oracle,4.862708675647959,"[0, 0, 0]","[41, 5, 81, 51, 150]","[41, 5, 81, 51, 150]",True,True,4.862708675647959,1,0.3333333333333333,True,0,False,300,77,0.25666666666666665,74,6,143,0,0.35981479071910805,0.0
17,wormhole,0.25,0.5,"[91, 24]",17010358,naive_poisoned,4.862708675647959,"[0, 0, 0]","[41, 5, 81, 51, 150]","[41, 5, 81, 51, 150]",True,True,4.862708675647959,0,0.0,False,0,False,300,70,0.23333333333333334,78,0,152,0,0.3626013057353106,0.0
17,wormhole,0.25,0.5,"[91, 24]",17010358,trust_weighted,4.862708675647959,"[0, 0, 0]","[41, 5, 81, 51, 150]","[41, 5, 81, 51, 150]",True,True,4.862708675647959,0,0.0,False,0,False,300,70,0.23333333333333334,78,0,152,0,0.3626013057353106,0.0
17,wormhole,0.25,0.5,"[91, 24]",17010358,clean_oracle,4.862708675647959,"[0, 0, 0]","[41, 5, 81, 51, 150]","[41, 5, 81, 51, 150]",True,True,4.862708675647959,0,0.0,False,0,False,300,70,0.23333333333333334,78,0,152,0,0.3626013057353106,0.0
17,wormhole,0.5,0.0,"[81, 45]",17010558,naive_poisoned,4.048192254315474,"[0, 0, 2]","[41, 5, 81, 45, 150]","[41, 5, 81, 45, 150]",True,False,17.13470981042258,2,0.6666666666666666,True,0,True,300,0,0.0,0,0,0,300,0.0,12.272001134774623
17,wormhole,0.5,0.0,"[81, 45]",17010558,trust_weighted,10.862708675647959,"[0, 0, 0]","[41, 5, 81, 51, 150]","[41, 5, 81, 51, 150]",True,True,4.862708675647959,1,0.3333333333333333,True,0,False,300,70,0.23333333333333334,71,14,145,0,0.35024163627432614,0.0
17,wormhole,0.5,0.0,"[81, 45]",17010558,clean_oracle,4.862708675647959,"[0, 0, 0]","[41, 5, 81, 51, 150]","[41, 5, 81, 51, 150]",True,True,4.862708675647959,1,0.3333333333333333,True,0,False,300,70,0.23333333333333334,71,14,145,0,0.35024163627432614,0.0
17,wormhole,0.5,0.5,"[5, 24]",17010608,naive_poisoned,4.08952636364902,"[0, 2, 2]","[41, 5, 24, 45, 150]","[41, 5, 24, 45, 150]",True,False,17.17604391975613,2,0.6666666666666666,True,0,True,300,0,0.0,0,0,0,300,0.0,12.31333524410817
17,wormhole,0.5,0.5,"[5, 24]",17010608,trust_weighted,7.8627086756479585,"[0, 0, 0]","[41, 5, 81, 51, 150]","[41, 5, 81, 51, 150]",True,True,4.862708675647959,1,0.3333333333333333,True,0,False,300,72,0.24,81,18,129,0,0.3592704449137045,0.0
17,wormhole,0.5,0.5,"[5, 24]",17010608,clean_oracle,4.862708675647959,"[0, 0, 0]","[41, 5, 81, 51, 150]","[41, 5, 81, 51, 150]",True,True,4.862708675647959,1,0.3333333333333333,True,0,False,300,72,0.24,81,18,129,0,0.3592704449137045,0.0
17,wormhole,0.75,0.0,"[5, 24]",17010808,naive_poisoned,3.8471249636467695,"[0, 2, 2]","[41, 5, 24, 45, 150]","[41, 5, 24, 45, 150]",True,False,17.17604391975613,2,0.6666666666666666,True,0,True,300,0,0.0,0,0,0,300,0.0,12.31333524410817
17,wormhole,0.75,0.0,"[5, 24]",17010808,trust_weighted,13.862708675647959,"[0, 0, 0]","[41, 5, 81, 51, 150]","[41, 5, 81, 51, 150]",True,True,4.862708675647959,1,0.3333333333333333,True,0,False,300,73,0.24333333333333335,78,26,123,0,0.35555100705241216,0.0
17,wormhole,0.75,0.0,"[5, 24]",17010808,clean_oracle,4.862708675647959,"[0, 0, 0]","[41, 5, 81, 51, 150]","[41, 5, 81, 51, 150]",True,True,4.862708675647959,1,0.3333333333333333,True,0,False,300,73,0.24333333333333335,78,26,123,0,0.35555100705241216,0.0
17,wormhole,0.75,0.5,"[91, 24]",17010858,naive_poisoned,4.862708675647959,"[0, 0, 0]","[41, 5, 81, 51, 150]","[41, 5, 81, 51, 150]",True,True,4.862708675647959,0,0.0,False,0,False,300,70,0.23333333333333334,78,0,152,0,0.3626013057353106,0.0
17,wormhole,0.75,0.5,"[91, 24]",17010858,trust_weighted,4.862708675647959,"[0, 0, 0]","[41, 5, 81, 51, 150]","[41, 5, 81, 51, 150]",True,True,4.862708675647959,0,0.0,False,0,False,300,70,0.23333333333333334,78,0,152,0,0.3626013057353106,0.0
17,wormhole,0.75,0.5,"[91, 24]",17010858,clean_oracle,4.862708675647959,"[0, 0, 0]","[41, 5, 81, 51, 150]","[41, 5, 81, 51, 150]",True,True,4.862708675647959,0,0.0,False,0,False,300,70,0.23333333333333334,78,0,152,0,0.3626013057353106,0.0
17,wormhole,1.0,0.0,"[5, 24]",17011058,naive_poisoned,3.6047235636445194,"[0, 2, 2]","[41, 5, 24, 45, 150]","[41, 5, 24, 45, 150]",True,False,17.17604391975613,2,0.6666666666666666,True,0,True,300,0,0.0,0,0,0,300,0.0,12.31333524410817
17,wormhole,1.0,0.0,"[5, 24]",17011058,trust_weighted,16.86270867564796,"[0, 0, 0]","[41, 5, 81, 51, 150]","[41, 5, 81, 51, 150]",True,True,4.862708675647959,1,0.3333333333333333,True,0,False,300,69,0.23,79,34,118,0,0.352068671987519,0.0
17,wormhole,1.0,0.0,"[5, 24]",17011058,clean_oracle,4.862708675647959,"[0, 0, 0]","[41, 5, 81, 51, 150]","[41, 5, 81, 51, 150]",True,True,4.862708675647959,1,0.3333333333333333,True,0,False,300,69,0.23,79,34,118,0,0.352068671987519,0.0
17,wormhole,1.0,0.5,"[81, 45]",17011108,naive_poisoned,3.5633894543109736,"[0, 0, 2]","[41, 5, 81, 45, 150]","[41, 5, 81, 45, 150]",True,False,17.13470981042258,2,0.6666666666666666,True,0,True,300,0,0.0,0,0,0,300,0.0,12.272001134774623
17,wormhole,1.0,0.5,"[81, 45]",17011108,trust_weighted,10.862708675647959,"[0, 0, 0]","[41, 5, 81, 51, 150]","[41, 5, 81, 51, 150]",True,True,4.862708675647959,1,0.3333333333333333,True,0,False,300,62,0.20666666666666667,68,25,145,0,0.3411389768850448,0.0
17,wormhole,1.0,0.5,"[81, 45]",17011108,clean_oracle,4.862708675647959,"[0, 0, 0]","[41, 5, 81, 51, 150]","[41, 5, 81, 51, 150]",True,True,4.862708675647959,1,0.3333333333333333,True,0,False,300,62,0.20666666666666667,68,25,145,0,0.3411389768850448,0.0
17,sybil,0.25,0.0,[45],17020315,naive_poisoned,4.862708675647959,"[0, 0, 0]","[41, 5, 81, 51, 150]","[41, 5, 81, 51, 150]",True,True,4.862708675647959,0,0.0,False,0,False,300,70,0.23333333333333334,78,0,152,0,0.3626013057353106,0.0
17,sybil,0.25,0.0,[45],17020315,trust_weighted,4.862708675647959,"[0, 0, 0]","[41, 5, 81, 51, 150]","[41, 5, 81, 51, 150]",True,True,4.862708675647959,0,0.0,False,0,False,300,70,0.23333333333333334,78,0,152,0,0.3626013057353106,0.0
17,sybil,0.25,0.0,[45],17020315,clean_oracle,4.862708675647959,"[0, 0, 0]","[41, 5, 81, 51, 150]","[41, 5, 81, 51, 150]",True,True,4.862708675647959,0,0.0,False,0,False,300,70,0.23333333333333334,78,0,152,0,0.3626013057353106,0.0
17,sybil,0.25,0.5,[45],17020365,naive_poisoned,4.862708675647959,"[0, 0, 0]","[41, 5, 81, 51, 150]","[41, 5, 81, 51, 150]",True,True,4.862708675647959,0,0.0,False,0,False,300,70,0.23333333333333334,78,0,152,0,0.3626013057353106,0.0
17,sybil,0.25,0.5,[45],17020365,trust_weighted,4.862708675647959,"[0, 0, 0]","[41, 5, 81, 51, 150]","[41, 5, 81, 51, 150]",True,True,4.862708675647959,0,0.0,False,0,False,300,70,0.23333333333333334,78,0,152,0,0.3626013057353106,0.0
17,sybil,0.25,0.5,[45],17020365,clean_oracle,4.862708675647959,"[0, 0, 0]","[41, 5, 81, 51, 150]","[41, 5, 81, 51, 150]",True,True,4.862708675647959,0,0.0,False,0,False,300,70,0.23333333333333334,78,0,152,0,0.3626013057353106,0.0
17,sybil,0.5,0.0,[45],17020565,naive_poisoned,102.4329669566171,"[0, 2, 0]","[41, 5, 24, ""sybil:45:1"", 150]","[41, 5, 24, 45, 150]",False,False,17.17604391975613,1,0.3333333333333333,True,1,False,300,0,0.0,0,0,0,300,0.0,12.31333524410817
17,sybil,0.5,0.0,[45],17020565,trust_weighted,103.63840743945283,"[0, 0, 1]","[41, 5, 81, 95, 150]","[41, 5, 81, 95, 150]",False,False,17.260759669249122,0,0.0,False,0,False,300,0,0.0,0,0,0,300,0.0,12.398050993601164
17,sybil,0.5,0.0,[45],17020565,clean_oracle,4.862708675647959,"[0, 0, 0]","[41, 5, 81, 51, 150]","[41, 5, 81, 51, 150]",True,True,4.862708675647959,0,0.0,False,0,False,300,70,0.23333333333333334,78,0,152,0,0.3626013057353106,0.0
17,sybil,0.5,0.5,[95],17020615,naive_poisoned,102.4984363795677,"[0, 2, 0]","[41, 5, 24, ""sybil:95:1"", 150]","[41, 5, 24, 95, 150]",False,False,17.300747582519186,1,0.3333333333333333,True,1,False,300,0,0.0,0,0,0,300,0.0,12.438038906871228
17,sybil,0.5,0.5,[95],17020615,trust_weighted,103.51235758062629,"[0, 0, 2]","[41, 5, 81, 45, 150]","[41, 5, 81, 45, 150]",False,False,17.13470981042258,0,0.0,False,0,False,300,0,0.0,0,0,0,300,0.0,12.272001134774623
17,sybil,0.5,0.5,[95],17020615,clean_oracle,4.862708675647959,"[0, 0, 0]","[41, 5, 81, 51, 150]","[41, 5, 81, 51, 150]",True,True,4.862708675647959,0,0.0,False,0,False,300,70,0.23333333333333334,78,0,152,0,0.3626013057353106,0.0
17,sybil,0.75,0.0,[45],17020815,naive_poisoned,101.87260458994574,"[0, 2, 0]","[41, 5, 24, ""sybil:45:1"", 150]","[41, 5, 24, 45, 150]",False,False,17.17604391975613,1,0.3333333333333333,True,1,False,300,0,0.0,0,0,0,300,0.0,12.31333524410817
17,sybil,0.75,0.0,[45],17020815,trust_weighted,110.87260458994572,"[0, 2, 0]","[41, 5, 24, ""sybil:45:1"", 150]","[41, 5, 24, 45, 150]",False,False,17.17604391975613,1,0.3333333333333333,True,1,False,300,0,0.0,0,0,0,300,0.0,12.31333524410817
17,sybil,0.75,0.0,[45],17020815,clean_oracle,4.862708675647959,"[0, 0, 0]","[41, 5, 81, 51, 150]","[41, 5, 81, 51, 150]",True,True,4.862708675647959,0,0.0,False,0,False,300,70,0.23333333333333334,78,0,152,0,0.3626013057353106,0.0
17,sybil,0.75,0.5,[95],17020865,naive_poisoned,101.90845689299012,"[0, 2, 0]","[41, 5, 24, ""sybil:95:1"", 150]","[41, 5, 24, 95, 150]",False,False,17.300747582519186,1,0.3333333333333333,True,1,False,300,0,0.0,0,0,0,300,0.0,12.438038906871228
17,sybil,0.75,0.5,[95],17020865,trust_weighted,106.40845689299012,"[0, 2, 0]","[41, 5, 24, ""sybil:95:1"", 150]","[41, 5, 24, 95, 150]",False,False,17.300747582519186,1,0.3333333333333333,True,1,False,300,0,0.0,0,0,0,300,0.0,12.438038906871228
17,sybil,0.75,0.5,[95],17020865,clean_oracle,4.862708675647959,"[0, 0, 0]","[41, 5, 81, 51, 150]","[41, 5, 81, 51, 150]",True,True,4.862708675647959,0,0.0,False,0,False,300,70,0.23333333333333334,78,0,152,0,0.3626013057353106,0.0
17,sybil,1.0,0.0,[95],17021065,naive_poisoned,101.31847740641251,"[0, 2, 0]","[41, 5, 24, ""sybil:95:1"", 150]","[41, 5, 24, 95, 150]",False,False,17.300747582519186,1,0.3333333333333333,True,1,False,300,0,0.0,0,0,0,300,0.0,12.438038906871228
17,sybil,1.0,0.0,[95],17021065,trust_weighted,113.31847740641251,"[0, 2, 0]","[41, 5, 24, ""sybil:95:1"", 150]","[41, 5, 24, 95, 150]",False,False,17.300747582519186,1,0.3333333333333333,True,1,False,300,0,0.0,0,0,0,300,0.0,12.438038906871228
17,sybil,1.0,0.0,[95],17021065,clean_oracle,4.862708675647959,"[0, 0, 0]","[41, 5, 81, 51, 150]","[41, 5, 81, 51, 150]",True,True,4.862708675647959,0,0.0,False,0,False,300,70,0.23333333333333334,78,0,152,0,0.3626013057353106,0.0
17,sybil,1.0,0.5,[95],17021115,naive_poisoned,101.31847740641251,"[0, 2, 0]","[41, 5, 24, ""sybil:95:1"", 150]","[41, 5, 24, 95, 150]",False,False,17.300747582519186,1,0.3333333333333333,True,1,False,300,0,0.0,0,0,0,300,0.0,12.438038906871228
17,sybil,1.0,0.5,[95],17021115,trust_weighted,107.31847740641251,"[0, 2, 0]","[41, 5, 24, ""sybil:95:1"", 150]","[41, 5, 24, 95, 150]",False,False,17.300747582519186,1,0.3333333333333333,True,1,False,300,0,0.0,0,0,0,300,0.0,12.438038906871228
17,sybil,1.0,0.5,[95],17021115,clean_oracle,4.862708675647959,"[0, 0, 0]","[41, 5, 81, 51, 150]","[41, 5, 81, 51, 150]",True,True,4.862708675647959,0,0.0,False,0,False,300,70,0.23333333333333334,78,0,152,0,0.3626013057353106,0.0
18,sinkhole,0.25,0.0,[3],18000304,naive_poisoned,4.761082458516578,"[0, 0, 0]","[86, 54, 14, 142, 150]","[86, 54, 14, 142, 150]",True,True,4.761082458516578,0,0.0,False,0,False,300,84,0.28,98,0,118,0,0.3967584402256179,0.0
18,sinkhole,0.25,0.0,[3],18000304,trust_weighted,4.761082458516578,"[0, 0, 0]","[86, 54, 14, 142, 150]","[86, 54, 14, 142, 150]",True,True,4.761082458516578,0,0.0,False,0,False,300,84,0.28,98,0,118,0,0.3967584402256179,0.0
18,sinkhole,0.25,0.0,[3],18000304,clean_oracle,4.761082458516578,"[0, 0, 0]","[86, 54, 14, 142, 150]","[86, 54, 14, 142, 150]",True,True,4.761082458516578,0,0.0,False,0,False,300,84,0.28,98,0,118,0,0.3967584402256179,0.0
18,sinkhole,0.25,0.5,[77],18000354,naive_poisoned,4.216470659848189,"[1, 0, 0]","[86, 77, 14, 142, 150]","[86, 77, 14, 142, 150]",True,True,4.793811549488731,1,0.3333333333333333,True,0,False,300,54,0.18,69,0,177,0,0.2939232230646347,0.03272909097215315
18,sinkhole,0.25,0.5,[77],18000354,trust_weighted,4.761082458516578,"[0, 0, 0]","[86, 54, 14, 142, 150]","[86, 54, 14, 142, 150]",True,True,4.761082458516578,0,0.0,False,0,False,300,84,0.28,98,0,118,0,0.3967584402256179,0.0
18,sinkhole,0.25,0.5,[77],18000354,clean_oracle,4.761082458516578,"[0, 0, 0]","[86, 54, 14, 142, 150]","[86, 54, 14, 142, 150]",True,True,4.761082458516578,0,0.0,False,0,False,300,84,0.28,98,0,118,0,0.3967584402256179,0.0
18,sinkhole,0.5,0.0,[77],18000554,naive_poisoned,3.6391297702076466,"[1, 0, 0]","[86, 77, 14, 142, 150]","[86, 77, 14, 142, 150]",True,True,4.793811549488731,1,0.3333333333333333,True,0,False,300,50,0.16666666666666666,70,7,173,0,0.2908180823246802,0.03272909097215315
18,sinkhole,0.5,0.0,[77],18000554,trust_weighted,4.761082458516578,"[0, 0, 0]","[86, 54, 14, 142, 150]","[86, 54, 14, 142, 150]",True,True,4.761082458516578,0,0.0,False,0,False,300,84,0.28,98,0,118,0,0.3967584402256179,0.0
18,sinkhole,0.5,0.0,[77],18000554,clean_oracle,4.761082458516578,"[0, 0, 0]","[86, 54, 14, 142, 150]","[86, 54, 14, 142, 150]",True,True,4.761082458516578,0,0.0,False,0,False,300,84,0.28,98,0,118,0,0.3967584402256179,0.0
18,sinkhole,0.5,0.5,[77],18000604,naive_poisoned,3.6391297702076466,"[1, 0, 0]","[86, 77, 14, 142, 150]","[86, 77, 14, 142, 150]",True,True,4.793811549488731,1,0.3333333333333333,True,0,False,300,50,0.16666666666666666,70,7,173,0,0.2908180823246802,0.03272909097215315
18,sinkhole,0.5,0.5,[77],18000604,trust_weighted,4.761082458516578,"[0, 0, 0]","[86, 54, 14, 142, 150]","[86, 54, 14, 142, 150]",True,True,4.761082458516578,0,0.0,False,0,False,300,84,0.28,98,0,118,0,0.3967584402256179,0.0
18,sinkhole,0.5,0.5,[77],18000604,clean_oracle,4.761082458516578,"[0, 0, 0]","[86, 54, 14, 142, 150]","[86, 54, 14, 142, 150]",True,True,4.761082458516578,0,0.0,False,0,False,300,84,0.28,98,0,118,0,0.3967584402256179,0.0
18,sinkhole,0.75,0.0,"[3, 17]",18000804,naive_poisoned,3.086205505787472,"[2, 0, 0]","[86, 17, 14, 142, 150]","[86, 17, 14, 142, 150]",True,True,4.878738941559573,1,0.3333333333333333,True,0,False,300,59,0.19666666666666666,75,16,150,0,0.3035369508270094,0.11765648304299514
18,sinkhole,0.75,0.0,"[3, 17]",18000804,trust_weighted,4.761082458516578,"[0, 0, 0]","[86, 54, 14, 142, 150]","[86, 54, 14, 142, 150]",True,True,4.761082458516578,0,0.0,False,0,False,300,84,0.28,98,0,118,0,0.3967584402256179,0.0
18,sinkhole,0.75,0.0,"[3, 17]",18000804,clean_oracle,4.761082458516578,"[0, 0, 0]","[86, 54, 14, 142, 150]","[86, 54, 14, 142, 150]",True,True,4.761082458516578,0,0.0,False,0,False,300,84,0.28,98,0,118,0,0.3967584402256179,0.0
18,sinkhole,0.75,0.5,"[93, 54]",18000854,naive_poisoned,2.2892870401049987,"[0, 1, 0]","[86, 54, 93, 142, 150]","[86, 54, 93, 142, 150]",True,True,4.817063945385334,2,0.6666666666666666,True,0,False,300,70,0.23333333333333334,90,51,89,0,0.35652776827855526,0.055981486868756036
18,sinkhole,0.75,0.5,"[93, 54]",18000854,trust_weighted,4.793811549488731,"[1, 0, 0]","[86, 77, 14, 142, 150]","[86, 77, 14, 142, 150]",True,True,4.793811549488731,0,0.0,False,0,False,300,47,0.15666666666666668,71,0,182,0,0.294877158334069,0.03272909097215315
18,sinkhole,0.75,0.5,"[93, 54]",18000854,clean_oracle,4.761082458516578,"[0, 0, 0]","[86, 54, 14, 142, 150]","[86, 54, 14, 142, 150]",True,True,4.761082458516578,1,0.3333333333333333,True,0,False,300,85,0.2833333333333333,97,18,100,0,0.38909843063570726,0.0
18,sinkhole,1.0,0.0,"[77, 3]",18001054,naive_poisoned,2.4844479909265624,"[1, 0, 0]","[86, 77, 14, 142, 150]","[86, 77, 14, 142, 150]",True,True,4.793811549488731,1,0.3333333333333333,True,0,False,300,51,0.17,66,17,166,0,0.28451200800420295,0.03272909097215315
18,sinkhole,1.0,0.0,"[77, 3]",18001054,trust_weighted,4.761082458516578,"[0, 0, 0]","[86, 54, 14, 142, 150]","[86, 54, 14, 142, 150]",True,True,4.761082458516578,0,0.0,False,0,False,300,84,0.28,98,0,118,0,0.3967584402256179,0.0
18,sinkhole,1.0,0.0,"[77, 3]",18001054,clean_oracle,4.761082458516578,"[0, 0, 0]","[86, 54, 14, 142, 150]","[86, 54, 14, 142, 150]",True,True,4.761082458516578,0,0.0,False,0,False,300,84,0.28,98,0,118,0,0.3967584402256179,0.0
18,sinkhole,1.0,0.5,"[93, 8]",18001104,naive_poisoned,2.578010951368375,"[0, 1, 0]","[86, 54, 93, 142, 150]","[86, 54, 93, 142, 150]",True,True,4.817063945385334,1,0.3333333333333333,True,0,False,300,69,0.23,91,26,114,0,0.36270163013950807,0.055981486868756036
18,sinkhole,1.0,0.5,"[93, 8]",18001104,trust_weighted,4.761082458516578,"[0, 0, 0]","[86, 54, 14, 142, 150]","[86, 54, 14, 142, 150]",True,True,4.761082458516578,0,0.0,False,0,False,300,84,0.28,98,0,118,0,0.3967584402256179,0.0
18,sinkhole,1.0,0.5,"[93, 8]",18001104,clean_oracle,4.761082458516578,"[0, 0, 0]","[86, 54, 14, 142, 150]","[86, 54, 14, 142, 150]",True,True,4.761082458516578,0,0.0,False,0,False,300,84,0.28,98,0,118,0,0.3967584402256179,0.0
18,wormhole,0.25,0.0,"[77, 3]",18010311,naive_poisoned,4.314177713975311,"[1, 2, 0]","[86, 77, 3, 142, 150]","[86, 77, 3, 142, 150]",True,False,17.173983349660897,2,0.6666666666666666,True,0,True,300,0,0.0,0,0,0,300,0.0,12.41290089114432
18,wormhole,0.25,0.0,"[77, 3]",18010311,trust_weighted,4.761082458516578,"[0, 0, 0]","[86, 54, 14, 142, 150]","[86, 54, 14, 142, 150]",True,True,4.761082458516578,0,0.0,False,0,False,300,84,0.28,98,0,118,0,0.3967584402256179,0.0
18,wormhole,0.25,0.0,"[77, 3]",18010311,clean_oracle,4.761082458516578,"[0, 0, 0]","[86, 54, 14, 142, 150]","[86, 54, 14, 142, 150]",True,True,4.761082458516578,0,0.0,False,0,False,300,84,0.28,98,0,118,0,0.3967584402256179,0.0
18,wormhole,0.25,0.5,"[77, 3]",18010361,naive_poisoned,4.314177713975311,"[1, 2, 0]","[86, 77, 3, 142, 150]","[86, 77, 3, 142, 150]",True,False,17.173983349660897,2,0.6666666666666666,True,0,True,300,0,0.0,0,0,0,300,0.0,12.41290089114432
18,wormhole,0.25,0.5,"[77, 3]",18010361,trust_weighted,4.761082458516578,"[0, 0, 0]","[86, 54, 14, 142, 150]","[86, 54, 14, 142, 150]",True,True,4.761082458516578,0,0.0,False,0,False,300,84,0.28,98,0,118,0,0.3967584402256179,0.0
18,wormhole,0.25,0.5,"[77, 3]",18010361,clean_oracle,4.761082458516578,"[0, 0, 0]","[86, 54, 14, 142, 150]","[86, 54, 14, 142, 150]",True,True,4.761082458516578,0,0.0,False,0,False,300,84,0.28,98,0,118,0,0.3967584402256179,0.0
18,wormhole,0.5,0.0,"[77, 3]",18010561,naive_poisoned,4.070977507579347,"[1, 2, 0]","[86, 77, 3, 142, 150]","[86, 77, 3, 142, 150]",True,False,17.173983349660897,2,0.6666666666666666,True,0,True,300,0,0.0,0,0,0,300,0.0,12.41290089114432
18,wormhole,0.5,0.0,"[77, 3]",18010561,trust_weighted,4.761082458516578,"[0, 0, 0]","[86, 54, 14, 142, 150]","[86, 54, 14, 142, 150]",True,True,4.761082458516578,0,0.0,False,0,False,300,84,0.28,98,0,118,0,0.3967584402256179,0.0
18,wormhole,0.5,0.0,"[77, 3]",18010561,clean_oracle,4.761082458516578,"[0, 0, 0]","[86, 54, 14, 142, 150]","[86, 54, 14, 142, 150]",True,True,4.761082458516578,0,0.0,False,0,False,300,84,0.28,98,0,118,0,0.3967584402256179,0.0
18,wormhole,0.5,0.5,"[77, 3]",18010611,naive_poisoned,4.070977507579347,"[1, 2, 0]","[86, 77, 3, 142, 150]","[86, 77, 3, 142, 150]",True,False,17.173983349660897,2,0.6666666666666666,True,0,True,300,0,0.0,0,0,0,300,0.0,12.41290089114432
18,wormhole,0.5,0.5,"[77, 3]",18010611,trust_weighted,4.761082458516578,"[0, 0, 0]","[86, 54, 14, 142, 150]","[86, 54, 14, 142, 150]",True,True,4.761082458516578,0,0.0,False,0,False,300,84,0.28,98,0,118,0,0.3967584402256179,0.0
18,wormhole,0.5,0.5,"[77, 3]",18010611,clean_oracle,4.761082458516578,"[0, 0, 0]","[86, 54, 14, 142, 150]","[86, 54, 14, 142, 150]",True,True,4.761082458516578,0,0.0,False,0,False,300,84,0.28,98,0,118,0,0.3967584402256179,0.0
18,wormhole,0.75,0.0,"[77, 3]",18010811,naive_poisoned,3.8277773011833824,"[1, 2, 0]","[86, 77, 3, 142, 150]","[86, 77, 3, 142, 150]",True,False,17.173983349660897,2,0.6666666666666666,True,0,True,300,0,0.0,0,0,0,300,0.0,12.41290089114432
18,wormhole,0.75,0.0,"[77, 3]",18010811,trust_weighted,4.761082458516578,"[0, 0, 0]","[86, 54, 14, 142, 150]","[86, 54, 14, 142, 150]",True,True,4.761082458516578,0,0.0,False,0,False,300,84,0.28,98,0,118,0,0.3967584402256179,0.0
18,wormhole,0.75,0.0,"[77, 3]",18010811,clean_oracle,4.761082458516578,"[0, 0, 0]","[86, 54, 14, 142, 150]","[86, 54, 14, 142, 150]",True,True,4.761082458516578,0,0.0,False,0,False,300,84,0.28,98,0,118,0,0.3967584402256179,0.0
18,wormhole,0.75,0.5,"[77, 3]",18010861,naive_poisoned,3.8277773011833824,"[1, 2, 0]","[86, 77, 3, 142, 150]","[86, 77, 3, 142, 150]",True,False,17.173983349660897,2,0.6666666666666666,True,0,True,300,0,0.0,0,0,0,300,0.0,12.41290089114432
18,wormhole,0.75,0.5,"[77, 3]",18010861,trust_weighted,4.761082458516578,"[0, 0, 0]","[86, 54, 14, 142, 150]","[86, 54, 14, 142, 150]",True,True,4.761082458516578,0,0.0,False,0,False,300,84,0.28,98,0,118,0,0.3967584402256179,0.0
18,wormhole,0.75,0.5,"[77, 3]",18010861,clean_oracle,4.761082458516578,"[0, 0, 0]","[86, 54, 14, 142, 150]","[86, 54, 14, 142, 150]",True,True,4.761082458516578,0,0.0,False,0,False,300,84,0.28,98,0,118,0,0.3967584402256179,0.0
18,wormhole,1.0,0.0,"[77, 3]",18011061,naive_poisoned,3.5845770947874183,"[1, 2, 0]","[86, 77, 3, 142, 150]","[86, 77, 3, 142, 150]",True,False,17.173983349660897,2,0.6666666666666666,True,0,True,300,0,0.0,0,0,0,300,0.0,12.41290089114432
18,wormhole,1.0,0.0,"[77, 3]",18011061,trust_weighted,4.761082458516578,"[0, 0, 0]","[86, 54, 14, 142, 150]","[86, 54, 14, 142, 150]",True,True,4.761082458516578,0,0.0,False,0,False,300,84,0.28,98,0,118,0,0.3967584402256179,0.0
18,wormhole,1.0,0.0,"[77, 3]",18011061,clean_oracle,4.761082458516578,"[0, 0, 0]","[86, 54, 14, 142, 150]","[86, 54, 14, 142, 150]",True,True,4.761082458516578,0,0.0,False,0,False,300,84,0.28,98,0,118,0,0.3967584402256179,0.0
18,wormhole,1.0,0.5,"[77, 3]",18011111,naive_poisoned,3.5845770947874183,"[1, 2, 0]","[86, 77, 3, 142, 150]","[86, 77, 3, 142, 150]",True,False,17.173983349660897,2,0.6666666666666666,True,0,True,300,0,0.0,0,0,0,300,0.0,12.41290089114432
18,wormhole,1.0,0.5,"[77, 3]",18011111,trust_weighted,4.761082458516578,"[0, 0, 0]","[86, 54, 14, 142, 150]","[86, 54, 14, 142, 150]",True,True,4.761082458516578,0,0.0,False,0,False,300,84,0.28,98,0,118,0,0.3967584402256179,0.0
18,wormhole,1.0,0.5,"[77, 3]",18011111,clean_oracle,4.761082458516578,"[0, 0, 0]","[86, 54, 14, 142, 150]","[86, 54, 14, 142, 150]",True,True,4.761082458516578,0,0.0,False,0,False,300,84,0.28,98,0,118,0,0.3967584402256179,0.0
18,sybil,0.25,0.0,[142],18020318,naive_poisoned,4.199893105153546,"[0, 0, 0]","[86, 54, 14, ""sybil:142:0"", 150]","[86, 54, 14, 142, 150]",True,True,4.761082458516578,1,0.3333333333333333,True,1,False,300,90,0.3,83,7,120,0,0.3930808933395795,0.0
18,sybil,0.25,0.0,[142],18020318,trust_weighted,7.199893105153546,"[0, 0, 0]","[86, 54, 14, ""sybil:142:0"", 150]","[86, 54, 14, 142, 150]",True,True,4.761082458516578,1,0.3333333333333333,True,1,False,300,90,0.3,83,7,120,0,0.3930808933395795,0.0
18,sybil,0.25,0.0,[142],18020318,clean_oracle,4.761082458516578,"[0, 0, 0]","[86, 54, 14, 142, 150]","[86, 54, 14, 142, 150]",True,True,4.761082458516578,1,0.3333333333333333,True,0,False,300,90,0.3,83,7,120,0,0.3930808933395795,0.0
18,sybil,0.25,0.5,[33],18020368,naive_poisoned,4.761082458516578,"[0, 0, 0]","[86, 54, 14, 142, 150]","[86, 54, 14, 142, 150]",True,True,4.761082458516578,0,0.0,False,0,False,300,84,0.28,98,0,118,0,0.3967584402256179,0.0
18,sybil,0.25,0.5,[33],18020368,trust_weighted,4.761082458516578,"[0, 0, 0]","[86, 54, 14, 142, 150]","[86, 54, 14, 142, 150]",True,True,4.761082458516578,0,0.0,False,0,False,300,84,0.28,98,0,118,0,0.3967584402256179,0.0
18,sybil,0.25,0.5,[33],18020368,clean_oracle,4.761082458516578,"[0, 0, 0]","[86, 54, 14, 142, 150]","[86, 54, 14, 142, 150]",True,True,4.761082458516578,0,0.0,False,0,False,300,84,0.28,98,0,118,0,0.3967584402256179,0.0
18,sybil,0.5,0.0,[33],18020568,naive_poisoned,102.96383133822144,"[0, 0, 0]","[86, 54, 14, ""sybil:33:1"", 150]","[86, 54, 14, 33, 150]",False,False,17.11621749290073,1,0.3333333333333333,True,1,False,300,0,0.0,0,0,0,300,0.0,12.355135034384153
18,sybil,0.5,0.0,[33],18020568,trust_weighted,103.51390520861983,"[0, 0, 1]","[86, 54, 14, 8, 150]","[86, 54, 14, 8, 150]",False,False,17.154511506945095,0,0.0,False,0,False,300,0,0.0,0,0,0,300,0.0,12.393429048428517
18,sybil,0.5,0.0,[33],18020568,clean_oracle,4.761082458516578,"[0, 0, 0]","[86, 54, 14, 142, 150]","[86, 54, 14, 142, 150]",True,True,4.761082458516578,0,0.0,False,0,False,300,84,0.28,98,0,118,0,0.3967584402256179,0.0
18,sybil,0.5,0.5,[142],18020618,naive_poisoned,3.6387037517905148,"[0, 0, 0]","[86, 54, 14, ""sybil:142:0"", 150]","[86, 54, 14, 142, 150]",True,True,4.761082458516578,1,0.3333333333333333,True,1,False,300,80,0.26666666666666666,80,19,121,0,0.3858797348369336,0.0
18,sybil,0.5,0.5,[142],18020618,trust_weighted,6.638703751790515,"[0, 0, 0]","[86, 54, 14, ""sybil:142:0"", 150]","[86, 54, 14, 142, 150]",True,True,4.761082458516578,1,0.3333333333333333,True,1,False,300,80,0.26666666666666666,80,19,121,0,0.3858797348369336,0.0
18,sybil,0.5,0.5,[142],18020618,clean_oracle,4.761082458516578,"[0, 0, 0]","[86, 54, 14, 142, 150]","[86, 54, 14, 142, 150]",True,True,4.761082458516578,1,0.3333333333333333,True,0,False,300,80,0.26666666666666666,80,19,121,0,0.3858797348369336,0.0
18,sybil,0.75,0.0,[142],18020818,naive_poisoned,3.077514398427483,"[0, 0, 0]","[86, 54, 14, ""sybil:142:0"", 150]","[86, 54, 14, 142, 150]",True,True,4.761082458516578,1,0.3333333333333333,True,1,False,300,75,0.25,78,27,120,0,0.3786721831559383,0.0
18,sybil,0.75,0.0,[142],18020818,trust_weighted,12.077514398427484,"[0, 0, 0]","[86, 54, 14, ""sybil:142:0"", 150]","[86, 54, 14, 142, 150]",True,True,4.761082458516578,1,0.3333333333333333,True,1,False,300,75,0.25,78,27,120,0,0.3786721831559383,0.0
18,sybil,0.75,0.0,[142],18020818,clean_oracle,4.761082458516578,"[0, 0, 0]","[86, 54, 14, 142, 150]","[86, 54, 14, 142, 150]",True,True,4.761082458516578,1,0.3333333333333333,True,0,False,300,75,0.25,78,27,120,0,0.3786721831559383,0.0
18,sybil,0.75,0.5,[142],18020868,naive_poisoned,3.077514398427483,"[0, 0, 0]","[86, 54, 14, ""sybil:142:0"", 150]","[86, 54, 14, 142, 150]",True,True,4.761082458516578,1,0.3333333333333333,True,1,False,300,75,0.25,78,27,120,0,0.3786721831559383,0.0
18,sybil,0.75,0.5,[142],18020868,trust_weighted,7.577514398427482,"[0, 0, 0]","[86, 54, 14, ""sybil:142:0"", 150]","[86, 54, 14, 142, 150]",True,True,4.761082458516578,1,0.3333333333333333,True,1,False,300,75,0.25,78,27,120,0,0.3786721831559383,0.0
18,sybil,0.75,0.5,[142],18020868,clean_oracle,4.761082458516578,"[0, 0, 0]","[86, 54, 14, 142, 150]","[86, 54, 14, 142, 150]",True,True,4.761082458516578,1,0.3333333333333333,True,0,False,300,75,0.25,78,27,120,0,0.3786721831559383,0.0
18,sybil,1.0,0.0,[142],18021068,naive_poisoned,2.5163250450644514,"[0, 0, 0]","[86, 54, 14, ""sybil:142:0"", 150]","[86, 54, 14, 142, 150]",True,True,4.761082458516578,1,0.3333333333333333,True,1,False,300,67,0.22333333333333333,78,37,118,0,0.37257889519216114,0.0
18,sybil,1.0,0.0,[142],18021068,trust_weighted,14.516325045064452,"[0, 0, 0]","[86, 54, 14, ""sybil:142:0"", 150]","[86, 54, 14, 142, 150]",True,True,4.761082458516578,1,0.3333333333333333,True,1,False,300,67,0.22333333333333333,78,37,118,0,0.37257889519216114,0.0
18,sybil,1.0,0.0,[142],18021068,clean_oracle,4.761082458516578,"[0, 0, 0]","[86, 54, 14, 142, 150]","[86, 54, 14, 142, 150]",True,True,4.761082458516578,1,0.3333333333333333,True,0,False,300,67,0.22333333333333333,78,37,118,0,0.37257889519216114,0.0
18,sybil,1.0,0.5,[8],18021118,naive_poisoned,102.45396618256962,"[0, 0, 0]","[86, 54, 14, ""sybil:8:1"", 150]","[86, 54, 14, 8, 150]",False,False,17.154511506945095,1,0.3333333333333333,True,1,False,300,0,0.0,0,0,0,300,0.0,12.393429048428517
18,sybil,1.0,0.5,[8],18021118,trust_weighted,108.45396618256962,"[0, 0, 0]","[86, 54, 14, ""sybil:8:1"", 150]","[86, 54, 14, 8, 150]",False,False,17.154511506945095,1,0.3333333333333333,True,1,False,300,0,0.0,0,0,0,300,0.0,12.393429048428517
18,sybil,1.0,0.5,[8],18021118,clean_oracle,4.761082458516578,"[0, 0, 0]","[86, 54, 14, 142, 150]","[86, 54, 14, 142, 150]",True,True,4.761082458516578,0,0.0,False,0,False,300,84,0.28,98,0,118,0,0.3967584402256179,0.0
19,sinkhole,0.25,0.0,[26],19000307,naive_poisoned,4.8587661334827335,"[0, 0, 0]","[32, 64, 42, 12, 150]","[32, 64, 42, 12, 150]",True,True,4.8587661334827335,0,0.0,False,0,False,300,78,0.26,92,0,130,0,0.35076536613692966,0.0
19,sinkhole,0.25,0.0,[26],19000307,trust_weighted,4.8587661334827335,"[0, 0, 0]","[32, 64, 42, 12, 150]","[32, 64, 42, 12, 150]",True,True,4.8587661334827335,0,0.0,False,0,False,300,78,0.26,92,0,130,0,0.35076536613692966,0.0
19,sinkhole,0.25,0.0,[26],19000307,clean_oracle,4.8587661334827335,"[0, 0, 0]","[32, 64, 42, 12, 150]","[32, 64, 42, 12, 150]",True,True,4.8587661334827335,0,0.0,False,0,False,300,78,0.26,92,0,130,0,0.35076536613692966,0.0
19,sinkhole,0.25,0.5,[8],19000357,naive_poisoned,4.8587661334827335,"[0, 0, 0]","[32, 64, 42, 12, 150]","[32, 64, 42, 12, 150]",True,True,4.8587661334827335,0,0.0,False,0,False,300,78,0.26,92,0,130,0,0.35076536613692966,0.0
19,sinkhole,0.25,0.5,[8],19000357,trust_weighted,4.8587661334827335,"[0, 0, 0]","[32, 64, 42, 12, 150]","[32, 64, 42, 12, 150]",True,True,4.8587661334827335,0,0.0,False,0,False,300,78,0.26,92,0,130,0,0.35076536613692966,0.0
19,sinkhole,0.25,0.5,[8],19000357,clean_oracle,4.8587661334827335,"[0, 0, 0]","[32, 64, 42, 12, 150]","[32, 64, 42, 12, 150]",True,True,4.8587661334827335,0,0.0,False,0,False,300,78,0.26,92,0,130,0,0.35076536613692966,0.0
19,sinkhole,0.5,0.0,[69],19000557,naive_poisoned,4.8587661334827335,"[0, 0, 0]","[32, 64, 42, 12, 150]","[32, 64, 42, 12, 150]",True,True,4.8587661334827335,0,0.0,False,0,False,300,78,0.26,92,0,130,0,0.35076536613692966,0.0
19,sinkhole,0.5,0.0,[69],19000557,trust_weighted,4.8587661334827335,"[0, 0, 0]","[32, 64, 42, 12, 150]","[32, 64, 42, 12, 150]",True,True,4.8587661334827335,0,0.0,False,0,False,300,78,0.26,92,0,130,0,0.35076536613692966,0.0
19,sinkhole,0.5,0.0,[69],19000557,clean_oracle,4.8587661334827335,"[0, 0, 0]","[32, 64, 42, 12, 150]","[32, 64, 42, 12, 150]",True,True,4.8587661334827335,0,0.0,False,0,False,300,78,0.26,92,0,130,0,0.35076536613692966,0.0
19,sinkhole,0.5,0.5,[39],19000607,naive_poisoned,4.8587661334827335,"[0, 0, 0]","[32, 64, 42, 12, 150]","[32, 64, 42, 12, 150]",True,True,4.8587661334827335,0,0.0,False,0,False,300,78,0.26,92,0,130,0,0.35076536613692966,0.0
19,sinkhole,0.5,0.5,[39],19000607,trust_weighted,4.8587661334827335,"[0, 0, 0]","[32, 64, 42, 12, 150]","[32, 64, 42, 12, 150]",True,True,4.8587661334827335,0,0.0,False,0,False,300,78,0.26,92,0,130,0,0.35076536613692966,0.0
19,sinkhole,0.5,0.5,[39],19000607,clean_oracle,4.8587661334827335,"[0, 0, 0]","[32, 64, 42, 12, 150]","[32, 64, 42, 12, 150]",True,True,4.8587661334827335,0,0.0,False,0,False,300,78,0.26,92,0,130,0,0.35076536613692966,0.0
19,sinkhole,0.75,0.0,"[69, 39]",19000807,naive_poisoned,4.8587661334827335,"[0, 0, 0]","[32, 64, 42, 12, 150]","[32, 64, 42, 12, 150]",True,True,4.8587661334827335,0,0.0,False,0,False,300,78,0.26,92,0,130,0,0.35076536613692966,0.0
19,sinkhole,0.75,0.0,"[69, 39]",19000807,trust_weighted,4.8587661334827335,"[0, 0, 0]","[32, 64, 42, 12, 150]","[32, 64, 42, 12, 150]",True,True,4.8587661334827335,0,0.0,False,0,False,300,78,0.26,92,0,130,0,0.35076536613692966,0.0
19,sinkhole,0.75,0.0,"[69, 39]",19000807,clean_oracle,4.8587661334827335,"[0, 0, 0]","[32, 64, 42, 12, 150]","[32, 64, 42, 12, 150]",True,True,4.8587661334827335,0,0.0,False,0,False,300,78,0.26,92,0,130,0,0.35076536613692966,0.0
19,sinkhole,0.75,0.5,"[84, 12]",19000857,naive_poisoned,1.4094689958686115,"[1, 0, 0]","[32, 84, 42, 12, 150]","[32, 84, 42, 12, 150]",True,True,4.9025008551951705,2,0.6666666666666666,True,0,False,300,55,0.18333333333333332,89,24,132,0,0.28010812810873986,0.043734721712437086
19,sinkhole,0.75,0.5,"[84, 12]",19000857,trust_weighted,7.6359051359511225,"[0, 0, 0]","[32, 64, 42, 12, 150]","[32, 64, 42, 12, 150]",True,True,4.8587661334827335,1,0.3333333333333333,True,0,False,300,67,0.22333333333333333,95,13,125,0,0.35010266329632067,0.0
19,sinkhole,0.75,0.5,"[84, 12]",19000857,clean_oracle,4.8587661334827335,"[0, 0, 0]","[32, 64, 42, 12, 150]","[32, 64, 42, 12, 150]",True,True,4.8587661334827335,1,0.3333333333333333,True,0,False,300,67,0.22333333333333333,95,13,125,0,0.35010266329632067,0.0
19,sinkhole,1.0,0.0,"[84, 69]",19001057,naive_poisoned,2.542273039468573,"[1, 0, 0]","[32, 84, 42, 12, 150]","[32, 84, 42, 12, 150]",True,True,4.9025008551951705,1,0.3333333333333333,True,0,False,300,53,0.17666666666666667,90,25,132,0,0.2711149277745797,0.043734721712437086
19,sinkhole,1.0,0.0,"[84, 69]",19001057,trust_weighted,4.8587661334827335,"[0, 0, 0]","[32, 64, 42, 12, 150]","[32, 64, 42, 12, 150]",True,True,4.8587661334827335,0,0.0,False,0,False,300,78,0.26,92,0,130,0,0.35076536613692966,0.0
19,sinkhole,1.0,0.0,"[84, 69]",19001057,clean_oracle,4.8587661334827335,"[0, 0, 0]","[32, 64, 42, 12, 150]","[32, 64, 42, 12, 150]",True,True,4.8587661334827335,0,0.0,False,0,False,300,78,0.26,92,0,130,0,0.35076536613692966,0.0
19,sinkhole,1.0,0.5,"[64, 26]",19001107,naive_poisoned,2.5400863033829513,"[0, 0, 0]","[32, 64, 42, 12, 150]","[32, 64, 42, 12, 150]",True,True,4.8587661334827335,1,0.3333333333333333,True,0,False,300,71,0.23666666666666666,97,33,99,0,0.34277035235505693,0.0
19,sinkhole,1.0,0.5,"[64, 26]",19001107,trust_weighted,4.9025008551951705,"[1, 0, 0]","[32, 84, 42, 12, 150]","[32, 84, 42, 12, 150]",True,True,4.9025008551951705,0,0.0,False,0,False,300,69,0.23,99,0,132,0,0.3143027497380473,0.043734721712437086
19,sinkhole,1.0,0.5,"[64, 26]",19001107,clean_oracle,4.8587661334827335,"[0, 0, 0]","[32, 64, 42, 12, 150]","[32, 64, 42, 12, 150]",True,True,4.8587661334827335,1,0.3333333333333333,True,0,False,300,71,0.23666666666666666,97,33,99,0,0.34277035235505693,0.0
19,wormhole,0.25,0.0,"[8, 39]",19010314,naive_poisoned,4.322087989814786,"[0, 2, 1]","[32, 64, 8, 39, 150]","[32, 64, 8, 39, 150]",True,False,17.048981107289187,2,0.6666666666666666,True,0,True,300,0,0.0,0,0,0,300,0.0,12.190214973806453
19,wormhole,0.25,0.0,"[8, 39]",19010314,trust_weighted,4.8587661334827335,"[0, 0, 0]","[32, 64, 42, 12, 150]","[32, 64, 42, 12, 150]",True,True,4.8587661334827335,0,0.0,False,0,False,300,78,0.26,92,0,130,0,0.35076536613692966,0.0
19,wormhole,0.25,0.0,"[8, 39]",19010314,clean_oracle,4.8587661334827335,"[0, 0, 0]","[32, 64, 42, 12, 150]","[32, 64, 42, 12, 150]",True,True,4.8587661334827335,0,0.0,False,0,False,300,78,0.26,92,0,130,0,0.35076536613692966,0.0
19,wormhole,0.25,0.5,"[8, 39]",19010364,naive_poisoned,4.322087989814786,"[0, 2, 1]","[32, 64, 8, 39, 150]","[32, 64, 8, 39, 150]",True,False,17.048981107289187,2,0.6666666666666666,True,0,True,300,0,0.0,0,0,0,300,0.0,12.190214973806453
19,wormhole,0.25,0.5,"[8, 39]",19010364,trust_weighted,4.8587661334827335,"[0, 0, 0]","[32, 64, 42, 12, 150]","[32, 64, 42, 12, 150]",True,True,4.8587661334827335,0,0.0,False,0,False,300,78,0.26,92,0,130,0,0.35076536613692966,0.0
19,wormhole,0.25,0.5,"[8, 39]",19010364,clean_oracle,4.8587661334827335,"[0, 0, 0]","[32, 64, 42, 12, 150]","[32, 64, 42, 12, 150]",True,True,4.8587661334827335,0,0.0,False,0,False,300,78,0.26,92,0,130,0,0.35076536613692966,0.0
19,wormhole,0.5,0.0,"[26, 39]",19010564,naive_poisoned,4.084703453338587,"[0, 1, 1]","[32, 64, 26, 39, 150]","[32, 64, 26, 39, 150]",True,False,17.054292469909207,2,0.6666666666666666,True,0,True,300,0,0.0,0,0,0,300,0.0,12.195526336426473
19,wormhole,0.5,0.0,"[26, 39]",19010564,trust_weighted,4.8587661334827335,"[0, 0, 0]","[32, 64, 42, 12, 150]","[32, 64, 42, 12, 150]",True,True,4.8587661334827335,0,0.0,False,0,False,300,78,0.26,92,0,130,0,0.35076536613692966,0.0
19,wormhole,0.5,0.0,"[26, 39]",19010564,clean_oracle,4.8587661334827335,"[0, 0, 0]","[32, 64, 42, 12, 150]","[32, 64, 42, 12, 150]",True,True,4.8587661334827335,0,0.0,False,0,False,300,78,0.26,92,0,130,0,0.35076536613692966,0.0
19,wormhole,0.5,0.5,"[8, 39]",19010614,naive_poisoned,4.079392090718568,"[0, 2, 1]","[32, 64, 8, 39, 150]","[32, 64, 8, 39, 150]",True,False,17.048981107289187,2,0.6666666666666666,True,0,True,300,0,0.0,0,0,0,300,0.0,12.190214973806453
19,wormhole,0.5,0.5,"[8, 39]",19010614,trust_weighted,4.8587661334827335,"[0, 0, 0]","[32, 64, 42, 12, 150]","[32, 64, 42, 12, 150]",True,True,4.8587661334827335,0,0.0,False,0,False,300,78,0.26,92,0,130,0,0.35076536613692966,0.0
19,wormhole,0.5,0.5,"[8, 39]",19010614,clean_oracle,4.8587661334827335,"[0, 0, 0]","[32, 64, 42, 12, 150]","[32, 64, 42, 12, 150]",True,True,4.8587661334827335,0,0.0,False,0,False,300,78,0.26,92,0,130,0,0.35076536613692966,0.0
19,wormhole,0.75,0.0,"[69, 42]",19010814,naive_poisoned,3.8134294665209802,"[2, 0, 0]","[32, 69, 42, 12, 150]","[32, 69, 42, 12, 150]",True,False,17.025714382187815,2,0.6666666666666666,True,0,True,300,0,0.0,0,0,0,300,0.0,12.166948248705081
19,wormhole,0.75,0.0,"[69, 42]",19010814,trust_weighted,13.858766133482733,"[0, 0, 0]","[32, 64, 42, 12, 150]","[32, 64, 42, 12, 150]",True,True,4.8587661334827335,1,0.3333333333333333,True,0,False,300,68,0.22666666666666666,87,20,125,0,0.335321848683364,0.0
19,wormhole,0.75,0.0,"[69, 42]",19010814,clean_oracle,4.8587661334827335,"[0, 0, 0]","[32, 64, 42, 12, 150]","[32, 64, 42, 12, 150]",True,True,4.8587661334827335,1,0.3333333333333333,True,0,False,300,68,0.22666666666666666,87,20,125,0,0.335321848683364,0.0
19,wormhole,0.75,0.5,"[8, 39]",19010864,naive_poisoned,3.83669619162235,"[0, 2, 1]","[32, 64, 8, 39, 150]","[32, 64, 8, 39, 150]",True,False,17.048981107289187,2,0.6666666666666666,True,0,True,300,0,0.0,0,0,0,300,0.0,12.190214973806453
19,wormhole,0.75,0.5,"[8, 39]",19010864,trust_weighted,4.8587661334827335,"[0, 0, 0]","[32, 64, 42, 12, 150]","[32, 64, 42, 12, 150]",True,True,4.8587661334827335,0,0.0,False,0,False,300,78,0.26,92,0,130,0,0.35076536613692966,0.0
19,wormhole,0.75,0.5,"[8, 39]",19010864,clean_oracle,4.8587661334827335,"[0, 0, 0]","[32, 64, 42, 12, 150]","[32, 64, 42, 12, 150]",True,True,4.8587661334827335,0,0.0,False,0,False,300,78,0.26,92,0,130,0,0.35076536613692966,0.0
19,wormhole,1.0,0.0,"[69, 42]",19011064,naive_poisoned,3.570733567424762,"[2, 0, 0]","[32, 69, 42, 12, 150]","[32, 69, 42, 12, 150]",True,False,17.025714382187815,2,0.6666666666666666,True,0,True,300,0,0.0,0,0,0,300,0.0,12.166948248705081
19,wormhole,1.0,0.0,"[69, 42]",19011064,trust_weighted,16.85876613348273,"[0, 0, 0]","[32, 64, 42, 12, 150]","[32, 64, 42, 12, 150]",True,True,4.8587661334827335,1,0.3333333333333333,True,0,False,300,66,0.22,87,22,125,0,0.3323822000908976,0.0
19,wormhole,1.0,0.0,"[69, 42]",19011064,clean_oracle,4.8587661334827335,"[0, 0, 0]","[32, 64, 42, 12, 150]","[32, 64, 42, 12, 150]",True,True,4.8587661334827335,1,0.3333333333333333,True,0,False,300,66,0.22,87,22,125,0,0.3323822000908976,0.0
19,wormhole,1.0,0.5,"[8, 39]",19011114,naive_poisoned,3.5940002925261316,"[0, 2, 1]","[32, 64, 8, 39, 150]","[32, 64, 8, 39, 150]",True,False,17.048981107289187,2,0.6666666666666666,True,0,True,300,0,0.0,0,0,0,300,0.0,12.190214973806453
19,wormhole,1.0,0.5,"[8, 39]",19011114,trust_weighted,4.8587661334827335,"[0, 0, 0]","[32, 64, 42, 12, 150]","[32, 64, 42, 12, 150]",True,True,4.8587661334827335,0,0.0,False,0,False,300,78,0.26,92,0,130,0,0.35076536613692966,0.0
19,wormhole,1.0,0.5,"[8, 39]",19011114,clean_oracle,4.8587661334827335,"[0, 0, 0]","[32, 64, 42, 12, 150]","[32, 64, 42, 12, 150]",True,True,4.8587661334827335,0,0.0,False,0,False,300,78,0.26,92,0,130,0,0.35076536613692966,0.0
19,sybil,0.25,0.0,[12],19020321,naive_poisoned,4.2844791343055295,"[0, 0, 0]","[32, 64, 42, ""sybil:12:0"", 150]","[32, 64, 42, 12, 150]",True,True,4.8587661334827335,1,0.3333333333333333,True,1,False,300,69,0.23,97,6,128,0,0.353830583957766,0.0
19,sybil,0.25,0.0,[12],19020321,trust_weighted,7.2844791343055295,"[0, 0, 0]","[32, 64, 42, ""sybil:12:0"", 150]","[32, 64, 42, 12, 150]",True,True,4.8587661334827335,1,0.3333333333333333,True,1,False,300,69,0.23,97,6,128,0,0.353830583957766,0.0
19,sybil,0.25,0.0,[12],19020321,clean_oracle,4.8587661334827335,"[0, 0, 0]","[32, 64, 42, 12, 150]","[32, 64, 42, 12, 150]",True,True,4.8587661334827335,1,0.3333333333333333,True,0,False,300,69,0.23,97,6,128,0,0.353830583957766,0.0
19,sybil,0.25,0.5,[12],19020371,naive_poisoned,4.2844791343055295,"[0, 0, 0]","[32, 64, 42, ""sybil:12:0"", 150]","[32, 64, 42, 12, 150]",True,True,4.8587661334827335,1,0.3333333333333333,True,1,False,300,69,0.23,97,6,128,0,0.353830583957766,0.0
19,sybil,0.25,0.5,[12],19020371,trust_weighted,5.7844791343055295,"[0, 0, 0]","[32, 64, 42, ""sybil:12:0"", 150]","[32, 64, 42, 12, 150]",True,True,4.8587661334827335,1,0.3333333333333333,True,1,False,300,69,0.23,97,6,128,0,0.353830583957766,0.0
19,sybil,0.25,0.5,[12],19020371,clean_oracle,4.8587661334827335,"[0, 0, 0]","[32, 64, 42, 12, 150]","[32, 64, 42, 12, 150]",True,True,4.8587661334827335,1,0.3333333333333333,True,0,False,300,69,0.23,97,6,128,0,0.353830583957766,0.0
19,sybil,0.5,0.0,[39],19020571,naive_poisoned,102.99711935364826,"[0, 2, 0]","[32, 64, 8, ""sybil:39:1"", 150]","[32, 64, 8, 39, 150]",False,False,17.048981107289187,1,0.3333333333333333,True,1,False,300,0,0.0,0,0,0,300,0.0,12.190214973806453
19,sybil,0.5,0.0,[39],19020571,trust_weighted,103.65366652412764,"[0, 0, 2]","[32, 64, 42, 40, 150]","[32, 64, 42, 40, 150]",False,False,17.159741212384635,0,0.0,False,0,False,300,0,0.0,0,0,0,300,0.0,12.300975078901901
19,sybil,0.5,0.0,[39],19020571,clean_oracle,4.8587661334827335,"[0, 0, 0]","[32, 64, 42, 12, 150]","[32, 64, 42, 12, 150]",True,True,4.8587661334827335,0,0.0,False,0,False,300,78,0.26,92,0,130,0,0.35076536613692966,0.0
19,sybil,0.5,0.5,[40],19020621,naive_poisoned,103.0775148402169,"[0, 0, 0]","[32, 64, 42, ""sybil:40:1"", 150]","[32, 64, 42, 40, 150]",False,False,17.159741212384635,1,0.3333333333333333,True,1,False,300,0,0.0,0,0,0,300,0.0,12.300975078901901
19,sybil,0.5,0.5,[40],19020621,trust_weighted,103.54290641903219,"[0, 2, 1]","[32, 64, 8, 39, 150]","[32, 64, 8, 39, 150]",False,False,17.048981107289187,0,0.0,False,0,False,300,0,0.0,0,0,0,300,0.0,12.190214973806453
19,sybil,0.5,0.5,[40],19020621,clean_oracle,4.8587661334827335,"[0, 0, 0]","[32, 64, 42, 12, 150]","[32, 64, 42, 12, 150]",True,True,4.8587661334827335,0,0.0,False,0,False,300,78,0.26,92,0,130,0,0.35076536613692966,0.0
19,sybil,0.75,0.0,[40],19020821,naive_poisoned,102.78943899826153,"[0, 0, 0]","[32, 64, 42, ""sybil:40:1"", 150]","[32, 64, 42, 40, 150]",False,False,17.159741212384635,1,0.3333333333333333,True,1,False,300,0,0.0,0,0,0,300,0.0,12.300975078901901
19,sybil,0.75,0.0,[40],19020821,trust_weighted,111.78943899826153,"[0, 0, 0]","[32, 64, 42, ""sybil:40:1"", 150]","[32, 64, 42, 40, 150]",False,False,17.159741212384635,1,0.3333333333333333,True,1,False,300,0,0.0,0,0,0,300,0.0,12.300975078901901
19,sybil,0.75,0.0,[40],19020821,clean_oracle,4.8587661334827335,"[0, 0, 0]","[32, 64, 42, 12, 150]","[32, 64, 42, 12, 150]",True,True,4.8587661334827335,0,0.0,False,0,False,300,78,0.26,92,0,130,0,0.35076536613692966,0.0
19,sybil,0.75,0.5,[39],19020871,naive_poisoned,102.7242258209563,"[0, 2, 0]","[32, 64, 8, ""sybil:39:1"", 150]","[32, 64, 8, 39, 150]",False,False,17.048981107289187,1,0.3333333333333333,True,1,False,300,0,0.0,0,0,0,300,0.0,12.190214973806453
19,sybil,0.75,0.5,[39],19020871,trust_weighted,107.22422582095629,"[0, 2, 0]","[32, 64, 8, ""sybil:39:1"", 150]","[32, 64, 8, 39, 150]",False,False,17.048981107289187,1,0.3333333333333333,True,1,False,300,0,0.0,0,0,0,300,0.0,12.190214973806453
19,sybil,0.75,0.5,[39],19020871,clean_oracle,4.8587661334827335,"[0, 0, 0]","[32, 64, 42, 12, 150]","[32, 64, 42, 12, 150]",True,True,4.8587661334827335,0,0.0,False,0,False,300,78,0.26,92,0,130,0,0.35076536613692966,0.0
19,sybil,1.0,0.0,[39],19021071,naive_poisoned,102.45133228826434,"[0, 2, 0]","[32, 64, 8, ""sybil:39:1"", 150]","[32, 64, 8, 39, 150]",False,False,17.048981107289187,1,0.3333333333333333,True,1,False,300,0,0.0,0,0,0,300,0.0,12.190214973806453
19,sybil,1.0,0.0,[39],19021071,trust_weighted,114.45133228826434,"[0, 2, 0]","[32, 64, 8, ""sybil:39:1"", 150]","[32, 64, 8, 39, 150]",False,False,17.048981107289187,1,0.3333333333333333,True,1,False,300,0,0.0,0,0,0,300,0.0,12.190214973806453
19,sybil,1.0,0.0,[39],19021071,clean_oracle,4.8587661334827335,"[0, 0, 0]","[32, 64, 42, 12, 150]","[32, 64, 42, 12, 150]",True,True,4.8587661334827335,0,0.0,False,0,False,300,78,0.26,92,0,130,0,0.35076536613692966,0.0
19,sybil,1.0,0.5,[39],19021121,naive_poisoned,102.45133228826434,"[0, 2, 0]","[32, 64, 8, ""sybil:39:1"", 150]","[32, 64, 8, 39, 150]",False,False,17.048981107289187,1,0.3333333333333333,True,1,False,300,0,0.0,0,0,0,300,0.0,12.190214973806453
19,sybil,1.0,0.5,[39],19021121,trust_weighted,108.45133228826434,"[0, 2, 0]","[32, 64, 8, ""sybil:39:1"", 150]","[32, 64, 8, 39, 150]",False,False,17.048981107289187,1,0.3333333333333333,True,1,False,300,0,0.0,0,0,0,300,0.0,12.190214973806453
19,sybil,1.0,0.5,[39],19021121,clean_oracle,4.8587661334827335,"[0, 0, 0]","[32, 64, 42, 12, 150]","[32, 64, 42, 12, 150]",True,True,4.8587661334827335,0,0.0,False,0,False,300,78,0.26,92,0,130,0,0.35076536613692966,0.0
20,sinkhole,0.25,0.0,[25],20000310,naive_poisoned,4.883081596654004,"[0, 0, 0]","[56, 40, 38, 89, 150]","[56, 40, 38, 89, 150]",True,True,4.883081596654004,0,0.0,False,0,False,300,71,0.23666666666666666,93,0,136,0,0.3535124409449235,0.0
20,sinkhole,0.25,0.0,[25],20000310,trust_weighted,4.883081596654004,"[0, 0, 0]","[56, 40, 38, 89, 150]","[56, 40, 38, 89, 150]",True,True,4.883081596654004,0,0.0,False,0,False,300,71,0.23666666666666666,93,0,136,0,0.3535124409449235,0.0
20,sinkhole,0.25,0.0,[25],20000310,clean_oracle,4.883081596654004,"[0, 0, 0]","[56, 40, 38, 89, 150]","[56, 40, 38, 89, 150]",True,True,4.883081596654004,0,0.0,False,0,False,300,71,0.23666666666666666,93,0,136,0,0.3535124409449235,0.0
20,sinkhole,0.25,0.5,[29],20000360,naive_poisoned,4.883081596654004,"[0, 0, 0]","[56, 40, 38, 89, 150]","[56, 40, 38, 89, 150]",True,True,4.883081596654004,0,0.0,False,0,False,300,71,0.23666666666666666,93,0,136,0,0.3535124409449235,0.0
20,sinkhole,0.25,0.5,[29],20000360,trust_weighted,4.883081596654004,"[0, 0, 0]","[56, 40, 38, 89, 150]","[56, 40, 38, 89, 150]",True,True,4.883081596654004,0,0.0,False,0,False,300,71,0.23666666666666666,93,0,136,0,0.3535124409449235,0.0
20,sinkhole,0.25,0.5,[29],20000360,clean_oracle,4.883081596654004,"[0, 0, 0]","[56, 40, 38, 89, 150]","[56, 40, 38, 89, 150]",True,True,4.883081596654004,0,0.0,False,0,False,300,71,0.23666666666666666,93,0,136,0,0.3535124409449235,0.0
20,sinkhole,0.5,0.0,[41],20000560,naive_poisoned,4.883081596654004,"[0, 0, 0]","[56, 40, 38, 89, 150]","[56, 40, 38, 89, 150]",True,True,4.883081596654004,0,0.0,False,0,False,300,71,0.23666666666666666,93,0,136,0,0.3535124409449235,0.0
20,sinkhole,0.5,0.0,[41],20000560,trust_weighted,4.883081596654004,"[0, 0, 0]","[56, 40, 38, 89, 150]","[56, 40, 38, 89, 150]",True,True,4.883081596654004,0,0.0,False,0,False,300,71,0.23666666666666666,93,0,136,0,0.3535124409449235,0.0
20,sinkhole,0.5,0.0,[41],20000560,clean_oracle,4.883081596654004,"[0, 0, 0]","[56, 40, 38, 89, 150]","[56, 40, 38, 89, 150]",True,True,4.883081596654004,0,0.0,False,0,False,300,71,0.23666666666666666,93,0,136,0,0.3535124409449235,0.0
20,sinkhole,0.5,0.5,[139],20000610,naive_poisoned,4.883081596654004,"[0, 0, 0]","[56, 40, 38, 89, 150]","[56, 40, 38, 89, 150]",True,True,4.883081596654004,0,0.0,False,0,False,300,71,0.23666666666666666,93,0,136,0,0.3535124409449235,0.0
20,sinkhole,0.5,0.5,[139],20000610,trust_weighted,4.883081596654004,"[0, 0, 0]","[56, 40, 38, 89, 150]","[56, 40, 38, 89, 150]",True,True,4.883081596654004,0,0.0,False,0,False,300,71,0.23666666666666666,93,0,136,0,0.3535124409449235,0.0
20,sinkhole,0.5,0.5,[139],20000610,clean_oracle,4.883081596654004,"[0, 0, 0]","[56, 40, 38, 89, 150]","[56, 40, 38, 89, 150]",True,True,4.883081596654004,0,0.0,False,0,False,300,71,0.23666666666666666,93,0,136,0,0.3535124409449235,0.0
20,sinkhole,0.75,0.0,"[25, 38]",20000810,naive_poisoned,3.1059495736331666,"[0, 0, 0]","[56, 40, 38, 89, 150]","[56, 40, 38, 89, 150]",True,True,4.883081596654004,1,0.3333333333333333,True,0,False,300,58,0.19333333333333333,89,15,138,0,0.33915822650375027,0.0
20,sinkhole,0.75,0.0,"[25, 38]",20000810,trust_weighted,12.105949573633167,"[0, 0, 0]","[56, 40, 38, 89, 150]","[56, 40, 38, 89, 150]",True,True,4.883081596654004,1,0.3333333333333333,True,0,False,300,58,0.19333333333333333,89,15,138,0,0.33915822650375027,0.0
20,sinkhole,0.75,0.0,"[25, 38]",20000810,clean_oracle,4.883081596654004,"[0, 0, 0]","[56, 40, 38, 89, 150]","[56, 40, 38, 89, 150]",True,True,4.883081596654004,1,0.3333333333333333,True,0,False,300,58,0.19333333333333333,89,15,138,0,0.33915822650375027,0.0
20,sinkhole,0.75,0.5,"[41, 43]",20000860,naive_poisoned,4.883081596654004,"[0, 0, 0]","[56, 40, 38, 89, 150]","[56, 40, 38, 89, 150]",True,True,4.883081596654004,0,0.0,False,0,False,300,71,0.23666666666666666,93,0,136,0,0.3535124409449235,0.0
20,sinkhole,0.75,0.5,"[41, 43]",20000860,trust_weighted,4.883081596654004,"[0, 0, 0]","[56, 40, 38, 89, 150]","[56, 40, 38, 89, 150]",True,True,4.883081596654004,0,0.0,False,0,False,300,71,0.23666666666666666,93,0,136,0,0.3535124409449235,0.0
20,sinkhole,0.75,0.5,"[41, 43]",20000860,clean_oracle,4.883081596654004,"[0, 0, 0]","[56, 40, 38, 89, 150]","[56, 40, 38, 89, 150]",True,True,4.883081596654004,0,0.0,False,0,False,300,71,0.23666666666666666,93,0,136,0,0.3535124409449235,0.0
20,sinkhole,1.0,0.0,"[29, 89]",20001060,naive_poisoned,2.5487966506396114,"[0, 0, 0]","[56, 40, 38, 89, 150]","[56, 40, 38, 89, 150]",True,True,4.883081596654004,1,0.3333333333333333,True,0,False,300,58,0.19333333333333333,89,16,137,0,0.3485680367741484,0.0
20,sinkhole,1.0,0.0,"[29, 89]",20001060,trust_weighted,14.548796650639613,"[0, 0, 0]","[56, 40, 38, 89, 150]","[56, 40, 38, 89, 150]",True,True,4.883081596654004,1,0.3333333333333333,True,0,False,300,58,0.19333333333333333,89,16,137,0,0.3485680367741484,0.0
20,sinkhole,1.0,0.0,"[29, 89]",20001060,clean_oracle,4.883081596654004,"[0, 0, 0]","[56, 40, 38, 89, 150]","[56, 40, 38, 89, 150]",True,True,4.883081596654004,1,0.3333333333333333,True,0,False,300,58,0.19333333333333333,89,16,137,0,0.3485680367741484,0.0
20,sinkhole,1.0,0.5,"[40, 38]",20001110,naive_poisoned,1.384179401550061,"[0, 0, 0]","[56, 40, 38, 89, 150]","[56, 40, 38, 89, 150]",True,True,4.883081596654004,2,0.6666666666666666,True,0,False,300,51,0.17,82,49,118,0,0.3192627793623988,0.0
20,sinkhole,1.0,0.5,"[40, 38]",20001110,trust_weighted,13.38417940155006,"[0, 0, 0]","[56, 40, 38, 89, 150]","[56, 40, 38, 89, 150]",True,True,4.883081596654004,2,0.6666666666666666,True,0,False,300,51,0.17,82,49,118,0,0.3192627793623988,0.0
20,sinkhole,1.0,0.5,"[40, 38]",20001110,clean_oracle,4.883081596654004,"[0, 0, 0]","[56, 40, 38, 89, 150]","[56, 40, 38, 89, 150]",True,True,4.883081596654004,2,0.6666666666666666,True,0,False,300,51,0.17,82,49,118,0,0.3192627793623988,0.0
20,wormhole,0.25,0.0,"[25, 107]",20010317,naive_poisoned,4.883081596654004,"[0, 0, 0]","[56, 40, 38, 89, 150]","[56, 40, 38, 89, 150]",True,True,4.883081596654004,0,0.0,False,0,False,300,71,0.23666666666666666,93,0,136,0,0.3535124409449235,0.0
20,wormhole,0.25,0.0,"[25, 107]",20010317,trust_weighted,4.883081596654004,"[0, 0, 0]","[56, 40, 38, 89, 150]","[56, 40, 38, 89, 150]",True,True,4.883081596654004,0,0.0,False,0,False,300,71,0.23666666666666666,93,0,136,0,0.3535124409449235,0.0
20,wormhole,0.25,0.0,"[25, 107]",20010317,clean_oracle,4.883081596654004,"[0, 0, 0]","[56, 40, 38, 89, 150]","[56, 40, 38, 89, 150]",True,True,4.883081596654004,0,0.0,False,0,False,300,71,0.23666666666666666,93,0,136,0,0.3535124409449235,0.0
20,wormhole,0.25,0.5,"[25, 107]",20010367,naive_poisoned,4.883081596654004,"[0, 0, 0]","[56, 40, 38, 89, 150]","[56, 40, 38, 89, 150]",True,True,4.883081596654004,0,0.0,False,0,False,300,71,0.23666666666666666,93,0,136,0,0.3535124409449235,0.0
20,wormhole,0.25,0.5,"[25, 107]",20010367,trust_weighted,4.883081596654004,"[0, 0, 0]","[56, 40, 38, 89, 150]","[56, 40, 38, 89, 150]",True,True,4.883081596654004,0,0.0,False,0,False,300,71,0.23666666666666666,93,0,136,0,0.3535124409449235,0.0
20,wormhole,0.25,0.5,"[25, 107]",20010367,clean_oracle,4.883081596654004,"[0, 0, 0]","[56, 40, 38, 89, 150]","[56, 40, 38, 89, 150]",True,True,4.883081596654004,0,0.0,False,0,False,300,71,0.23666666666666666,93,0,136,0,0.3535124409449235,0.0
20,wormhole,0.5,0.0,"[25, 89]",20010567,naive_poisoned,4.097095512998382,"[0, 1, 0]","[56, 40, 25, 89, 150]","[56, 40, 25, 89, 150]",True,False,17.13176414084962,2,0.6666666666666666,True,0,True,300,0,0.0,0,0,0,300,0.0,12.248682544195614
20,wormhole,0.5,0.0,"[25, 89]",20010567,trust_weighted,10.883081596654005,"[0, 0, 0]","[56, 40, 38, 89, 150]","[56, 40, 38, 89, 150]",True,True,4.883081596654004,1,0.3333333333333333,True,0,False,300,59,0.19666666666666666,89,12,140,0,0.3529167908619275,0.0
20,wormhole,0.5,0.0,"[25, 89]",20010567,clean_oracle,4.883081596654004,"[0, 0, 0]","[56, 40, 38, 89, 150]","[56, 40, 38, 89, 150]",True,True,4.883081596654004,1,0.3333333333333333,True,0,False,300,59,0.19666666666666666,89,12,140,0,0.3529167908619275,0.0
20,wormhole,0.5,0.5,"[25, 107]",20010617,naive_poisoned,4.883081596654004,"[0, 0, 0]","[56, 40, 38, 89, 150]","[56, 40, 38, 89, 150]",True,True,4.883081596654004,0,0.0,False,0,False,300,71,0.23666666666666666,93,0,136,0,0.3535124409449235,0.0
20,wormhole,0.5,0.5,"[25, 107]",20010617,trust_weighted,4.883081596654004,"[0, 0, 0]","[56, 40, 38, 89, 150]","[56, 40, 38, 89, 150]",True,True,4.883081596654004,0,0.0,False,0,False,300,71,0.23666666666666666,93,0,136,0,0.3535124409449235,0.0
20,wormhole,0.5,0.5,"[25, 107]",20010617,clean_oracle,4.883081596654004,"[0, 0, 0]","[56, 40, 38, 89, 150]","[56, 40, 38, 89, 150]",True,True,4.883081596654004,0,0.0,False,0,False,300,71,0.23666666666666666,93,0,136,0,0.3535124409449235,0.0
20,wormhole,0.75,0.0,"[25, 107]",20010817,naive_poisoned,4.883081596654004,"[0, 0, 0]","[56, 40, 38, 89, 150]","[56, 40, 38, 89, 150]",True,True,4.883081596654004,0,0.0,False,0,False,300,71,0.23666666666666666,93,0,136,0,0.3535124409449235,0.0
20,wormhole,0.75,0.0,"[25, 107]",20010817,trust_weighted,4.883081596654004,"[0, 0, 0]","[56, 40, 38, 89, 150]","[56, 40, 38, 89, 150]",True,True,4.883081596654004,0,0.0,False,0,False,300,71,0.23666666666666666,93,0,136,0,0.3535124409449235,0.0
20,wormhole,0.75,0.0,"[25, 107]",20010817,clean_oracle,4.883081596654004,"[0, 0, 0]","[56, 40, 38, 89, 150]","[56, 40, 38, 89, 150]",True,True,4.883081596654004,0,0.0,False,0,False,300,71,0.23666666666666666,93,0,136,0,0.3535124409449235,0.0
20,wormhole,0.75,0.5,"[25, 41]",20010867,naive_poisoned,3.828523069097378,"[0, 1, 1]","[56, 40, 25, 41, 150]","[56, 40, 25, 41, 150]",True,False,17.105644764390032,2,0.6666666666666666,True,0,True,300,0,0.0,0,0,0,300,0.0,12.222563167736027
20,wormhole,0.75,0.5,"[25, 41]",20010867,trust_weighted,4.883081596654004,"[0, 0, 0]","[56, 40, 38, 89, 150]","[56, 40, 38, 89, 150]",True,True,4.883081596654004,0,0.0,False,0,False,300,71,0.23666666666666666,93,0,136,0,0.3535124409449235,0.0
20,wormhole,0.75,0.5,"[25, 41]",20010867,clean_oracle,4.883081596654004,"[0, 0, 0]","[56, 40, 38, 89, 150]","[56, 40, 38, 89, 150]",True,True,4.883081596654004,0,0.0,False,0,False,300,71,0.23666666666666666,93,0,136,0,0.3535124409449235,0.0
20,wormhole,1.0,0.0,"[25, 41]",20011067,naive_poisoned,3.58607000165596,"[0, 1, 1]","[56, 40, 25, 41, 150]","[56, 40, 25, 41, 150]",True,False,17.105644764390032,2,0.6666666666666666,True,0,True,300,0,0.0,0,0,0,300,0.0,12.222563167736027
20,wormhole,1.0,0.0,"[25, 41]",20011067,trust_weighted,4.883081596654004,"[0, 0, 0]","[56, 40, 38, 89, 150]","[56, 40, 38, 89, 150]",True,True,4.883081596654004,0,0.0,False,0,False,300,71,0.23666666666666666,93,0,136,0,0.3535124409449235,0.0
20,wormhole,1.0,0.0,"[25, 41]",20011067,clean_oracle,4.883081596654004,"[0, 0, 0]","[56, 40, 38, 89, 150]","[56, 40, 38, 89, 150]",True,True,4.883081596654004,0,0.0,False,0,False,300,71,0.23666666666666666,93,0,136,0,0.3535124409449235,0.0
20,wormhole,1.0,0.5,"[25, 89]",20011117,naive_poisoned,3.612189378115546,"[0, 1, 0]","[56, 40, 25, 89, 150]","[56, 40, 25, 89, 150]",True,False,17.13176414084962,2,0.6666666666666666,True,0,True,300,0,0.0,0,0,0,300,0.0,12.248682544195614
20,wormhole,1.0,0.5,"[25, 89]",20011117,trust_weighted,10.883081596654005,"[0, 0, 0]","[56, 40, 38, 89, 150]","[56, 40, 38, 89, 150]",True,True,4.883081596654004,1,0.3333333333333333,True,0,False,300,58,0.19333333333333333,89,17,136,0,0.34807397242645344,0.0
20,wormhole,1.0,0.5,"[25, 89]",20011117,clean_oracle,4.883081596654004,"[0, 0, 0]","[56, 40, 38, 89, 150]","[56, 40, 38, 89, 150]",True,True,4.883081596654004,1,0.3333333333333333,True,0,False,300,58,0.19333333333333333,89,17,136,0,0.34807397242645344,0.0
20,sybil,0.25,0.0,[107],20020324,naive_poisoned,4.883081596654004,"[0, 0, 0]","[56, 40, 38, 89, 150]","[56, 40, 38, 89, 150]",True,True,4.883081596654004,0,0.0,False,0,False,300,71,0.23666666666666666,93,0,136,0,0.3535124409449235,0.0
20,sybil,0.25,0.0,[107],20020324,trust_weighted,4.883081596654004,"[0, 0, 0]","[56, 40, 38, 89, 150]","[56, 40, 38, 89, 150]",True,True,4.883081596654004,0,0.0,False,0,False,300,71,0.23666666666666666,93,0,136,0,0.3535124409449235,0.0
20,sybil,0.25,0.0,[107],20020324,clean_oracle,4.883081596654004,"[0, 0, 0]","[56, 40, 38, 89, 150]","[56, 40, 38, 89, 150]",True,True,4.883081596654004,0,0.0,False,0,False,300,71,0.23666666666666666,93,0,136,0,0.3535124409449235,0.0
20,sybil,0.25,0.5,[41],20020374,naive_poisoned,4.883081596654004,"[0, 0, 0]","[56, 40, 38, 89, 150]","[56, 40, 38, 89, 150]",True,True,4.883081596654004,0,0.0,False,0,False,300,71,0.23666666666666666,93,0,136,0,0.3535124409449235,0.0
20,sybil,0.25,0.5,[41],20020374,trust_weighted,4.883081596654004,"[0, 0, 0]","[56, 40, 38, 89, 150]","[56, 40, 38, 89, 150]",True,True,4.883081596654004,0,0.0,False,0,False,300,71,0.23666666666666666,93,0,136,0,0.3535124409449235,0.0
20,sybil,0.25,0.5,[41],20020374,clean_oracle,4.883081596654004,"[0, 0, 0]","[56, 40, 38, 89, 150]","[56, 40, 38, 89, 150]",True,True,4.883081596654004,0,0.0,False,0,False,300,71,0.23666666666666666,93,0,136,0,0.3535124409449235,0.0
20,sybil,0.5,0.0,[41],20020574,naive_poisoned,102.93926687825852,"[0, 2, 0]","[56, 40, 139, ""sybil:41:1"", 150]","[56, 40, 139, 41, 150]",False,False,17.067490349073264,1,0.3333333333333333,True,1,False,300,0,0.0,0,0,0,300,0.0,12.184408752419259
20,sybil,0.5,0.0,[41],20020574,trust_weighted,108.93926687825851,"[0, 2, 0]","[56, 40, 139, ""sybil:41:1"", 150]","[56, 40, 139, 41, 150]",False,False,17.067490349073264,1,0.3333333333333333,True,1,False,300,0,0.0,0,0,0,300,0.0,12.184408752419259
20,sybil,0.5,0.0,[41],20020574,clean_oracle,4.883081596654004,"[0, 0, 0]","[56, 40, 38, 89, 150]","[56, 40, 38, 89, 150]",True,True,4.883081596654004,0,0.0,False,0,False,300,71,0.23666666666666666,93,0,136,0,0.3535124409449235,0.0
20,sybil,0.5,0.5,[41],20020624,naive_poisoned,102.93926687825852,"[0, 2, 0]","[56, 40, 139, ""sybil:41:1"", 150]","[56, 40, 139, 41, 150]",False,False,17.067490349073264,1,0.3333333333333333,True,1,False,300,0,0.0,0,0,0,300,0.0,12.184408752419259
20,sybil,0.5,0.5,[41],20020624,trust_weighted,105.93926687825852,"[0, 2, 0]","[56, 40, 139, ""sybil:41:1"", 150]","[56, 40, 139, 41, 150]",False,False,17.067490349073264,1,0.3333333333333333,True,1,False,300,0,0.0,0,0,0,300,0.0,12.184408752419259
20,sybil,0.5,0.5,[41],20020624,clean_oracle,4.883081596654004,"[0, 0, 0]","[56, 40, 38, 89, 150]","[56, 40, 38, 89, 150]",True,True,4.883081596654004,0,0.0,False,0,False,300,71,0.23666666666666666,93,0,136,0,0.3535124409449235,0.0
20,sybil,0.75,0.0,[107],20020824,naive_poisoned,202.32296555731915,"[0, 2, 0]","[56, 40, 139, ""sybil:107:1"", 150]","[56, 40, 139, 107, 150]",False,False,29.464200584867896,1,0.3333333333333333,True,1,False,300,0,0.0,0,0,0,300,0.0,24.58111898821389
20,sybil,0.75,0.0,[107],20020824,trust_weighted,211.32296555731915,"[0, 2, 0]","[56, 40, 139, ""sybil:107:1"", 150]","[56, 40, 139, 107, 150]",False,False,29.464200584867896,1,0.3333333333333333,True,1,False,300,0,0.0,0,0,0,300,0.0,24.58111898821389
20,sybil,0.75,0.0,[107],20020824,clean_oracle,4.883081596654004,"[0, 0, 0]","[56, 40, 38, 89, 150]","[56, 40, 38, 89, 150]",True,True,4.883081596654004,0,0.0,False,0,False,300,71,0.23666666666666666,93,0,136,0,0.3535124409449235,0.0
20,sybil,0.75,0.5,[41],20020874,naive_poisoned,102.66046389973833,"[0, 2, 0]","[56, 40, 139, ""sybil:41:1"", 150]","[56, 40, 139, 41, 150]",False,False,17.067490349073264,1,0.3333333333333333,True,1,False,300,0,0.0,0,0,0,300,0.0,12.184408752419259
20,sybil,0.75,0.5,[41],20020874,trust_weighted,107.16046389973833,"[0, 2, 0]","[56, 40, 139, ""sybil:41:1"", 150]","[56, 40, 139, 41, 150]",False,False,17.067490349073264,1,0.3333333333333333,True,1,False,300,0,0.0,0,0,0,300,0.0,12.184408752419259
20,sybil,0.75,0.5,[41],20020874,clean_oracle,4.883081596654004,"[0, 0, 0]","[56, 40, 38, 89, 150]","[56, 40, 38, 89, 150]",True,True,4.883081596654004,0,0.0,False,0,False,300,71,0.23666666666666666,93,0,136,0,0.3535124409449235,0.0
20,sybil,1.0,0.0,[107],20021074,naive_poisoned,202.32296555731915,"[0, 2, 0]","[56, 40, 139, ""sybil:107:1"", 150]","[56, 40, 139, 107, 150]",False,False,29.464200584867896,1,0.3333333333333333,True,1,False,300,0,0.0,0,0,0,300,0.0,24.58111898821389
20,sybil,1.0,0.0,[107],20021074,trust_weighted,214.32296555731915,"[0, 2, 0]","[56, 40, 139, ""sybil:107:1"", 150]","[56, 40, 139, 107, 150]",False,False,29.464200584867896,1,0.3333333333333333,True,1,False,300,0,0.0,0,0,0,300,0.0,24.58111898821389
20,sybil,1.0,0.0,[107],20021074,clean_oracle,4.883081596654004,"[0, 0, 0]","[56, 40, 38, 89, 150]","[56, 40, 38, 89, 150]",True,True,4.883081596654004,0,0.0,False,0,False,300,71,0.23666666666666666,93,0,136,0,0.3535124409449235,0.0
20,sybil,1.0,0.5,[107],20021124,naive_poisoned,202.32296555731915,"[0, 2, 0]","[56, 40, 139, ""sybil:107:1"", 150]","[56, 40, 139, 107, 150]",False,False,29.464200584867896,1,0.3333333333333333,True,1,False,300,0,0.0,0,0,0,300,0.0,24.58111898821389
20,sybil,1.0,0.5,[107],20021124,trust_weighted,208.32296555731915,"[0, 2, 0]","[56, 40, 139, ""sybil:107:1"", 150]","[56, 40, 139, 107, 150]",False,False,29.464200584867896,1,0.3333333333333333,True,1,False,300,0,0.0,0,0,0,300,0.0,24.58111898821389
20,sybil,1.0,0.5,[107],20021124,clean_oracle,4.883081596654004,"[0, 0, 0]","[56, 40, 38, 89, 150]","[56, 40, 38, 89, 150]",True,True,4.883081596654004,0,0.0,False,0,False,300,71,0.23666666666666666,93,0,136,0,0.3535124409449235,0.0
21,sinkhole,0.25,0.0,[13],21000313,naive_poisoned,4.93347238521054,"[0, 0, 0]","[75, 106, 122, 0, 150]","[75, 106, 122, 0, 150]",True,True,4.93347238521054,0,0.0,False,0,False,300,67,0.22333333333333333,86,0,147,0,0.3227304617115916,0.0
21,sinkhole,0.25,0.0,[13],21000313,trust_weighted,4.93347238521054,"[0, 0, 0]","[75, 106, 122, 0, 150]","[75, 106, 122, 0, 150]",True,True,4.93347238521054,0,0.0,False,0,False,300,67,0.22333333333333333,86,0,147,0,0.3227304617115916,0.0
21,sinkhole,0.25,0.0,[13],21000313,clean_oracle,4.93347238521054,"[0, 0, 0]","[75, 106, 122, 0, 150]","[75, 106, 122, 0, 150]",True,True,4.93347238521054,0,0.0,False,0,False,300,67,0.22333333333333333,86,0,147,0,0.3227304617115916,0.0
21,sinkhole,0.25,0.5,[13],21000363,naive_poisoned,4.93347238521054,"[0, 0, 0]","[75, 106, 122, 0, 150]","[75, 106, 122, 0, 150]",True,True,4.93347238521054,0,0.0,False,0,False,300,67,0.22333333333333333,86,0,147,0,0.3227304617115916,0.0
21,sinkhole,0.25,0.5,[13],21000363,trust_weighted,4.93347238521054,"[0, 0, 0]","[75, 106, 122, 0, 150]","[75, 106, 122, 0, 150]",True,True,4.93347238521054,0,0.0,False,0,False,300,67,0.22333333333333333,86,0,147,0,0.3227304617115916,0.0
21,sinkhole,0.25,0.5,[13],21000363,clean_oracle,4.93347238521054,"[0, 0, 0]","[75, 106, 122, 0, 150]","[75, 106, 122, 0, 150]",True,True,4.93347238521054,0,0.0,False,0,False,300,67,0.22333333333333333,86,0,147,0,0.3227304617115916,0.0
21,sinkhole,0.5,0.0,[106],21000563,naive_poisoned,3.7930641999695247,"[0, 0, 0]","[75, 106, 122, 0, 150]","[75, 106, 122, 0, 150]",True,True,4.93347238521054,1,0.3333333333333333,True,0,False,300,62,0.20666666666666667,89,15,134,0,0.3260870196583525,0.0
21,sinkhole,0.5,0.0,[106],21000563,trust_weighted,9.793064199969523,"[0, 0, 0]","[75, 106, 122, 0, 150]","[75, 106, 122, 0, 150]",True,True,4.93347238521054,1,0.3333333333333333,True,0,False,300,62,0.20666666666666667,89,15,134,0,0.3260870196583525,0.0
21,sinkhole,0.5,0.0,[106],21000563,clean_oracle,4.93347238521054,"[0, 0, 0]","[75, 106, 122, 0, 150]","[75, 106, 122, 0, 150]",True,True,4.93347238521054,1,0.3333333333333333,True,0,False,300,62,0.20666666666666667,89,15,134,0,0.3260870196583525,0.0
21,sinkhole,0.5,0.5,[101],21000613,naive_poisoned,4.93347238521054,"[0, 0, 0]","[75, 106, 122, 0, 150]","[75, 106, 122, 0, 150]",True,True,4.93347238521054,0,0.0,False,0,False,300,67,0.22333333333333333,86,0,147,0,0.3227304617115916,0.0
21,sinkhole,0.5,0.5,[101],21000613,trust_weighted,4.93347238521054,"[0, 0, 0]","[75, 106, 122, 0, 150]","[75, 106, 122, 0, 150]",True,True,4.93347238521054,0,0.0,False,0,False,300,67,0.22333333333333333,86,0,147,0,0.3227304617115916,0.0
21,sinkhole,0.5,0.5,[101],21000613,clean_oracle,4.93347238521054,"[0, 0, 0]","[75, 106, 122, 0, 150]","[75, 106, 122, 0, 150]",True,True,4.93347238521054,0,0.0,False,0,False,300,67,0.22333333333333333,86,0,147,0,0.3227304617115916,0.0
21,sinkhole,0.75,0.0,"[0, 122]",21000813,naive_poisoned,2.269214063557041,"[0, 0, 0]","[75, 106, 122, 0, 150]","[75, 106, 122, 0, 150]",True,True,4.93347238521054,2,0.6666666666666666,True,0,False,300,47,0.15666666666666668,69,36,148,0,0.3078820256974133,0.0
21,sinkhole,0.75,0.0,"[0, 122]",21000813,trust_weighted,20.26921406355704,"[0, 0, 0]","[75, 106, 122, 0, 150]","[75, 106, 122, 0, 150]",True,True,4.93347238521054,2,0.6666666666666666,True,0,False,300,47,0.15666666666666668,69,36,148,0,0.3078820256974133,0.0
21,sinkhole,0.75,0.0,"[0, 122]",21000813,clean_oracle,4.93347238521054,"[0, 0, 0]","[75, 106, 122, 0, 150]","[75, 106, 122, 0, 150]",True,True,4.93347238521054,2,0.6666666666666666,True,0,False,300,47,0.15666666666666668,69,36,148,0,0.3078820256974133,0.0
21,sinkhole,0.75,0.5,"[7, 101]",21000863,naive_poisoned,4.93347238521054,"[0, 0, 0]","[75, 106, 122, 0, 150]","[75, 106, 122, 0, 150]",True,True,4.93347238521054,0,0.0,False,0,False,300,67,0.22333333333333333,86,0,147,0,0.3227304617115916,0.0
21,sinkhole,0.75,0.5,"[7, 101]",21000863,trust_weighted,4.93347238521054,"[0, 0, 0]","[75, 106, 122, 0, 150]","[75, 106, 122, 0, 150]",True,True,4.93347238521054,0,0.0,False,0,False,300,67,0.22333333333333333,86,0,147,0,0.3227304617115916,0.0
21,sinkhole,0.75,0.5,"[7, 101]",21000863,clean_oracle,4.93347238521054,"[0, 0, 0]","[75, 106, 122, 0, 150]","[75, 106, 122, 0, 150]",True,True,4.93347238521054,0,0.0,False,0,False,300,67,0.22333333333333333,86,0,147,0,0.3227304617115916,0.0
21,sinkhole,1.0,0.0,"[122, 101]",21001063,naive_poisoned,2.58568560972263,"[0, 0, 0]","[75, 106, 122, 0, 150]","[75, 106, 122, 0, 150]",True,True,4.93347238521054,1,0.3333333333333333,True,0,False,300,52,0.17333333333333334,82,18,148,0,0.31042142211500234,0.0
21,sinkhole,1.0,0.0,"[122, 101]",21001063,trust_weighted,14.58568560972263,"[0, 0, 0]","[75, 106, 122, 0, 150]","[75, 106, 122, 0, 150]",True,True,4.93347238521054,1,0.3333333333333333,True,0,False,300,52,0.17333333333333334,82,18,148,0,0.31042142211500234,0.0
21,sinkhole,1.0,0.0,"[122, 101]",21001063,clean_oracle,4.93347238521054,"[0, 0, 0]","[75, 106, 122, 0, 150]","[75, 106, 122, 0, 150]",True,True,4.93347238521054,1,0.3333333333333333,True,0,False,300,52,0.17333333333333334,82,18,148,0,0.31042142211500234,0.0
21,sinkhole,1.0,0.5,"[7, 13]",21001113,naive_poisoned,4.93347238521054,"[0, 0, 0]","[75, 106, 122, 0, 150]","[75, 106, 122, 0, 150]",True,True,4.93347238521054,0,0.0,False,0,False,300,67,0.22333333333333333,86,0,147,0,0.3227304617115916,0.0
21,sinkhole,1.0,0.5,"[7, 13]",21001113,trust_weighted,4.93347238521054,"[0, 0, 0]","[75, 106, 122, 0, 150]","[75, 106, 122, 0, 150]",True,True,4.93347238521054,0,0.0,False,0,False,300,67,0.22333333333333333,86,0,147,0,0.3227304617115916,0.0
21,sinkhole,1.0,0.5,"[7, 13]",21001113,clean_oracle,4.93347238521054,"[0, 0, 0]","[75, 106, 122, 0, 150]","[75, 106, 122, 0, 150]",True,True,4.93347238521054,0,0.0,False,0,False,300,67,0.22333333333333333,86,0,147,0,0.3227304617115916,0.0
21,wormhole,0.25,0.0,"[101, 58]",21010320,naive_poisoned,4.372736434247043,"[1, 1, 0]","[75, 101, 58, 0, 150]","[75, 101, 58, 0, 150]",True,False,17.183608795296127,2,0.6666666666666666,True,0,True,300,0,0.0,0,0,0,300,0.0,12.250136410085588
21,wormhole,0.25,0.0,"[101, 58]",21010320,trust_weighted,4.93347238521054,"[0, 0, 0]","[75, 106, 122, 0, 150]","[75, 106, 122, 0, 150]",True,True,4.93347238521054,0,0.0,False,0,False,300,67,0.22333333333333333,86,0,147,0,0.3227304617115916,0.0
21,wormhole,0.25,0.0,"[101, 58]",21010320,clean_oracle,4.93347238521054,"[0, 0, 0]","[75, 106, 122, 0, 150]","[75, 106, 122, 0, 150]",True,True,4.93347238521054,0,0.0,False,0,False,300,67,0.22333333333333333,86,0,147,0,0.3227304617115916,0.0
21,wormhole,0.25,0.5,"[101, 58]",21010370,naive_poisoned,4.372736434247043,"[1, 1, 0]","[75, 101, 58, 0, 150]","[75, 101, 58, 0, 150]",True,False,17.183608795296127,2,0.6666666666666666,True,0,True,300,0,0.0,0,0,0,300,0.0,12.250136410085588
21,wormhole,0.25,0.5,"[101, 58]",21010370,trust_weighted,4.93347238521054,"[0, 0, 0]","[75, 106, 122, 0, 150]","[75, 106, 122, 0, 150]",True,True,4.93347238521054,0,0.0,False,0,False,300,67,0.22333333333333333,86,0,147,0,0.3227304617115916,0.0
21,wormhole,0.25,0.5,"[101, 58]",21010370,clean_oracle,4.93347238521054,"[0, 0, 0]","[75, 106, 122, 0, 150]","[75, 106, 122, 0, 150]",True,True,4.93347238521054,0,0.0,False,0,False,300,67,0.22333333333333333,86,0,147,0,0.3227304617115916,0.0
21,wormhole,0.5,0.0,"[101, 31]",21010570,naive_poisoned,4.172452820582142,"[1, 2, 0]","[75, 101, 31, 0, 150]","[75, 101, 31, 0, 150]",True,False,17.22626553325947,2,0.6666666666666666,True,0,True,300,0,0.0,0,0,0,300,0.0,12.29279314804893
21,wormhole,0.5,0.0,"[101, 31]",21010570,trust_weighted,4.93347238521054,"[0, 0, 0]","[75, 106, 122, 0, 150]","[75, 106, 122, 0, 150]",True,True,4.93347238521054,0,0.0,False,0,False,300,67,0.22333333333333333,86,0,147,0,0.3227304617115916,0.0
21,wormhole,0.5,0.0,"[101, 31]",21010570,clean_oracle,4.93347238521054,"[0, 0, 0]","[75, 106, 122, 0, 150]","[75, 106, 122, 0, 150]",True,True,4.93347238521054,0,0.0,False,0,False,300,67,0.22333333333333333,86,0,147,0,0.3227304617115916,0.0
21,wormhole,0.5,0.5,"[101, 58]",21010620,naive_poisoned,4.1297960826188005,"[1, 1, 0]","[75, 101, 58, 0, 150]","[75, 101, 58, 0, 150]",True,False,17.183608795296127,2,0.6666666666666666,True,0,True,300,0,0.0,0,0,0,300,0.0,12.250136410085588
21,wormhole,0.5,0.5,"[101, 58]",21010620,trust_weighted,4.93347238521054,"[0, 0, 0]","[75, 106, 122, 0, 150]","[75, 106, 122, 0, 150]",True,True,4.93347238521054,0,0.0,False,0,False,300,67,0.22333333333333333,86,0,147,0,0.3227304617115916,0.0
21,wormhole,0.5,0.5,"[101, 58]",21010620,clean_oracle,4.93347238521054,"[0, 0, 0]","[75, 106, 122, 0, 150]","[75, 106, 122, 0, 150]",True,True,4.93347238521054,0,0.0,False,0,False,300,67,0.22333333333333333,86,0,147,0,0.3227304617115916,0.0
21,wormhole,0.75,0.0,"[101, 31]",21010820,naive_poisoned,3.9295124689538987,"[1, 2, 0]","[75, 101, 31, 0, 150]","[75, 101, 31, 0, 150]",True,False,17.22626553325947,2,0.6666666666666666,True,0,True,300,0,0.0,0,0,0,300,0.0,12.29279314804893
21,wormhole,0.75,0.0,"[101, 31]",21010820,trust_weighted,4.93347238521054,"[0, 0, 0]","[75, 106, 122, 0, 150]","[75, 106, 122, 0, 150]",True,True,4.93347238521054,0,0.0,False,0,False,300,67,0.22333333333333333,86,0,147,0,0.3227304617115916,0.0
21,wormhole,0.75,0.0,"[101, 31]",21010820,clean_oracle,4.93347238521054,"[0, 0, 0]","[75, 106, 122, 0, 150]","[75, 106, 122, 0, 150]",True,True,4.93347238521054,0,0.0,False,0,False,300,67,0.22333333333333333,86,0,147,0,0.3227304617115916,0.0
21,wormhole,0.75,0.5,"[101, 58]",21010870,naive_poisoned,3.8868557309905576,"[1, 1, 0]","[75, 101, 58, 0, 150]","[75, 101, 58, 0, 150]",True,False,17.183608795296127,2,0.6666666666666666,True,0,True,300,0,0.0,0,0,0,300,0.0,12.250136410085588
21,wormhole,0.75,0.5,"[101, 58]",21010870,trust_weighted,4.93347238521054,"[0, 0, 0]","[75, 106, 122, 0, 150]","[75, 106, 122, 0, 150]",True,True,4.93347238521054,0,0.0,False,0,False,300,67,0.22333333333333333,86,0,147,0,0.3227304617115916,0.0
21,wormhole,0.75,0.5,"[101, 58]",21010870,clean_oracle,4.93347238521054,"[0, 0, 0]","[75, 106, 122, 0, 150]","[75, 106, 122, 0, 150]",True,True,4.93347238521054,0,0.0,False,0,False,300,67,0.22333333333333333,86,0,147,0,0.3227304617115916,0.0
21,wormhole,1.0,0.0,"[101, 58]",21011070,naive_poisoned,3.6439153793623147,"[1, 1, 0]","[75, 101, 58, 0, 150]","[75, 101, 58, 0, 150]",True,False,17.183608795296127,2,0.6666666666666666,True,0,True,300,0,0.0,0,0,0,300,0.0,12.250136410085588
21,wormhole,1.0,0.0,"[101, 58]",21011070,trust_weighted,4.93347238521054,"[0, 0, 0]","[75, 106, 122, 0, 150]","[75, 106, 122, 0, 150]",True,True,4.93347238521054,0,0.0,False,0,False,300,67,0.22333333333333333,86,0,147,0,0.3227304617115916,0.0
21,wormhole,1.0,0.0,"[101, 58]",21011070,clean_oracle,4.93347238521054,"[0, 0, 0]","[75, 106, 122, 0, 150]","[75, 106, 122, 0, 150]",True,True,4.93347238521054,0,0.0,False,0,False,300,67,0.22333333333333333,86,0,147,0,0.3227304617115916,0.0
21,wormhole,1.0,0.5,"[101, 58]",21011120,naive_poisoned,3.6439153793623147,"[1, 1, 0]","[75, 101, 58, 0, 150]","[75, 101, 58, 0, 150]",True,False,17.183608795296127,2,0.6666666666666666,True,0,True,300,0,0.0,0,0,0,300,0.0,12.250136410085588
21,wormhole,1.0,0.5,"[101, 58]",21011120,trust_weighted,4.93347238521054,"[0, 0, 0]","[75, 106, 122, 0, 150]","[75, 106, 122, 0, 150]",True,True,4.93347238521054,0,0.0,False,0,False,300,67,0.22333333333333333,86,0,147,0,0.3227304617115916,0.0
21,wormhole,1.0,0.5,"[101, 58]",21011120,clean_oracle,4.93347238521054,"[0, 0, 0]","[75, 106, 122, 0, 150]","[75, 106, 122, 0, 150]",True,True,4.93347238521054,0,0.0,False,0,False,300,67,0.22333333333333333,86,0,147,0,0.3227304617115916,0.0
21,sybil,0.25,0.0,[0],21020327,naive_poisoned,4.331976786343545,"[0, 0, 0]","[75, 106, 122, ""sybil:0:0"", 150]","[75, 106, 122, 0, 150]",True,True,4.93347238521054,1,0.3333333333333333,True,1,False,300,61,0.20333333333333334,90,2,147,0,0.3275365101212344,0.0
21,sybil,0.25,0.0,[0],21020327,trust_weighted,7.331976786343544,"[0, 0, 0]","[75, 106, 122, ""sybil:0:0"", 150]","[75, 106, 122, 0, 150]",True,True,4.93347238521054,1,0.3333333333333333,True,1,False,300,61,0.20333333333333334,90,2,147,0,0.3275365101212344,0.0
21,sybil,0.25,0.0,[0],21020327,clean_oracle,4.93347238521054,"[0, 0, 0]","[75, 106, 122, 0, 150]","[75, 106, 122, 0, 150]",True,True,4.93347238521054,1,0.3333333333333333,True,0,False,300,61,0.20333333333333334,90,2,147,0,0.3275365101212344,0.0
21,sybil,0.25,0.5,[0],21020377,naive_poisoned,4.331976786343545,"[0, 0, 0]","[75, 106, 122, ""sybil:0:0"", 150]","[75, 106, 122, 0, 150]",True,True,4.93347238521054,1,0.3333333333333333,True,1,False,300,61,0.20333333333333334,90,2,147,0,0.3275365101212344,0.0
21,sybil,0.25,0.5,[0],21020377,trust_weighted,5.831976786343544,"[0, 0, 0]","[75, 106, 122, ""sybil:0:0"", 150]","[75, 106, 122, 0, 150]",True,True,4.93347238521054,1,0.3333333333333333,True,1,False,300,61,0.20333333333333334,90,2,147,0,0.3275365101212344,0.0
21,sybil,0.25,0.5,[0],21020377,clean_oracle,4.93347238521054,"[0, 0, 0]","[75, 106, 122, 0, 150]","[75, 106, 122, 0, 150]",True,True,4.93347238521054,1,0.3333333333333333,True,0,False,300,61,0.20333333333333334,90,2,147,0,0.3275365101212344,0.0
21,sybil,0.5,0.0,[7],21020577,naive_poisoned,102.47405075708397,"[1, 1, 0]","[75, 101, 58, ""sybil:7:1"", 150]","[75, 101, 58, 7, 150]",False,False,17.23131401275469,1,0.3333333333333333,True,1,False,300,0,0.0,0,0,0,300,0.0,12.297841627544152
21,sybil,0.5,0.0,[7],21020577,trust_weighted,103.61245710065516,"[0, 0, 1]","[75, 106, 122, 13, 150]","[75, 106, 122, 13, 150]",False,False,17.203295853773863,0,0.0,False,0,False,300,0,0.0,0,0,0,300,0.0,12.269823468563324
21,sybil,0.5,0.0,[7],21020577,clean_oracle,4.93347238521054,"[0, 0, 0]","[75, 106, 122, 0, 150]","[75, 106, 122, 0, 150]",True,True,4.93347238521054,0,0.0,False,0,False,300,67,0.22333333333333333,86,0,147,0,0.3227304617115916,0.0
21,sybil,0.5,0.5,[0],21020627,naive_poisoned,3.730481187476549,"[0, 0, 0]","[75, 106, 122, ""sybil:0:0"", 150]","[75, 106, 122, 0, 150]",True,True,4.93347238521054,1,0.3333333333333333,True,1,False,300,56,0.18666666666666668,91,7,146,0,0.32501631338128334,0.0
21,sybil,0.5,0.5,[0],21020627,trust_weighted,6.730481187476549,"[0, 0, 0]","[75, 106, 122, ""sybil:0:0"", 150]","[75, 106, 122, 0, 150]",True,True,4.93347238521054,1,0.3333333333333333,True,1,False,300,56,0.18666666666666668,91,7,146,0,0.32501631338128334,0.0
21,sybil,0.5,0.5,[0],21020627,clean_oracle,4.93347238521054,"[0, 0, 0]","[75, 106, 122, 0, 150]","[75, 106, 122, 0, 150]",True,True,4.93347238521054,1,0.3333333333333333,True,0,False,300,56,0.18666666666666668,91,7,146,0,0.32501631338128334,0.0
21,sybil,0.75,0.0,[0],21020827,naive_poisoned,3.1289855886095537,"[0, 0, 0]","[75, 106, 122, ""sybil:0:0"", 150]","[75, 106, 122, 0, 150]",True,True,4.93347238521054,1,0.3333333333333333,True,1,False,300,53,0.17666666666666667,92,9,146,0,0.3227304617115916,0.0
21,sybil,0.75,0.0,[0],21020827,trust_weighted,12.128985588609554,"[0, 0, 0]","[75, 106, 122, ""sybil:0:0"", 150]","[75, 106, 122, 0, 150]",True,True,4.93347238521054,1,0.3333333333333333,True,1,False,300,53,0.17666666666666667,92,9,146,0,0.3227304617115916,0.0
21,sybil,0.75,0.0,[0],21020827,clean_oracle,4.93347238521054,"[0, 0, 0]","[75, 106, 122, 0, 150]","[75, 106, 122, 0, 150]",True,True,4.93347238521054,1,0.3333333333333333,True,0,False,300,53,0.17666666666666667,92,9,146,0,0.3227304617115916,0.0
21,sybil,0.75,0.5,[7],21020877,naive_poisoned,101.89083850580798,"[1, 1, 0]","[75, 101, 58, ""sybil:7:1"", 150]","[75, 101, 58, 7, 150]",False,False,17.23131401275469,1,0.3333333333333333,True,1,False,300,0,0.0,0,0,0,300,0.0,12.297841627544152
21,sybil,0.75,0.5,[7],21020877,trust_weighted,106.39083850580798,"[1, 1, 0]","[75, 101, 58, ""sybil:7:1"", 150]","[75, 101, 58, 7, 150]",False,False,17.23131401275469,1,0.3333333333333333,True,1,False,300,0,0.0,0,0,0,300,0.0,12.297841627544152
21,sybil,0.75,0.5,[7],21020877,clean_oracle,4.93347238521054,"[0, 0, 0]","[75, 106, 122, 0, 150]","[75, 106, 122, 0, 150]",True,True,4.93347238521054,0,0.0,False,0,False,300,67,0.22333333333333333,86,0,147,0,0.3227304617115916,0.0
21,sybil,1.0,0.0,[0],21021077,naive_poisoned,2.5274899897425582,"[0, 0, 0]","[75, 106, 122, ""sybil:0:0"", 150]","[75, 106, 122, 0, 150]",True,True,4.93347238521054,1,0.3333333333333333,True,1,False,300,52,0.17333333333333334,91,10,147,0,0.3221964563327422,0.0
21,sybil,1.0,0.0,[0],21021077,trust_weighted,14.527489989742557,"[0, 0, 0]","[75, 106, 122, ""sybil:0:0"", 150]","[75, 106, 122, 0, 150]",True,True,4.93347238521054,1,0.3333333333333333,True,1,False,300,52,0.17333333333333334,91,10,147,0,0.3221964563327422,0.0
21,sybil,1.0,0.0,[0],21021077,clean_oracle,4.93347238521054,"[0, 0, 0]","[75, 106, 122, 0, 150]","[75, 106, 122, 0, 150]",True,True,4.93347238521054,1,0.3333333333333333,True,0,False,300,52,0.17333333333333334,91,10,147,0,0.3221964563327422,0.0
21,sybil,1.0,0.5,[13],21021127,naive_poisoned,102.4614392255148,"[0, 0, 0]","[75, 106, 122, ""sybil:13:1"", 150]","[75, 106, 122, 13, 150]",False,False,17.203295853773863,1,0.3333333333333333,True,1,False,300,0,0.0,0,0,0,300,0.0,12.269823468563324
21,sybil,1.0,0.5,[13],21021127,trust_weighted,108.4614392255148,"[0, 0, 0]","[75, 106, 122, ""sybil:13:1"", 150]","[75, 106, 122, 13, 150]",False,False,17.203295853773863,1,0.3333333333333333,True,1,False,300,0,0.0,0,0,0,300,0.0,12.269823468563324
21,sybil,1.0,0.5,[13],21021127,clean_oracle,4.93347238521054,"[0, 0, 0]","[75, 106, 122, 0, 150]","[75, 106, 122, 0, 150]",True,True,4.93347238521054,0,0.0,False,0,False,300,67,0.22333333333333333,86,0,147,0,0.3227304617115916,0.0
22,sinkhole,0.25,0.0,[53],22000316,naive_poisoned,4.373547179846327,"[0, 1, 2]","[11, 39, 53, 14, 150]","[11, 39, 53, 14, 150]",True,True,4.955413987857026,1,0.3333333333333333,True,0,False,300,61,0.20333333333333334,75,4,160,0,0.2646058062966343,0.11818839146474591
22,sinkhole,0.25,0.0,[53],22000316,trust_weighted,4.83722559639228,"[0, 0, 0]","[11, 39, 32, 94, 150]","[11, 39, 32, 94, 150]",True,True,4.83722559639228,0,0.0,False,0,False,300,75,0.25,65,0,160,0,0.2882124729282687,0.0
22,sinkhole,0.25,0.0,[53],22000316,clean_oracle,4.83722559639228,"[0, 0, 0]","[11, 39, 32, 94, 150]","[11, 39, 32, 94, 150]",True,True,4.83722559639228,0,0.0,False,0,False,300,75,0.25,65,0,160,0,0.2882124729282687,0.0
22,sinkhole,0.25,0.5,[39],22000366,naive_poisoned,4.242824712465218,"[0, 0, 0]","[11, 39, 32, 94, 150]","[11, 39, 32, 94, 150]",True,True,4.83722559639228,1,0.3333333333333333,True,0,False,300,68,0.22666666666666666,66,6,160,0,0.273909048397611,0.0
22,sinkhole,0.25,0.5,[39],22000366,trust_weighted,4.85899732099514,"[2, 0, 0]","[11, 96, 32, 94, 150]","[11, 96, 32, 94, 150]",True,True,4.85899732099514,0,0.0,False,0,False,300,76,0.25333333333333335,74,0,150,0,0.293255604678075,0.021771724602860587
22,sinkhole,0.25,0.5,[39],22000366,clean_oracle,4.83722559639228,"[0, 0, 0]","[11, 39, 32, 94, 150]","[11, 39, 32, 94, 150]",True,True,4.83722559639228,1,0.3333333333333333,True,0,False,300,68,0.22666666666666666,66,6,160,0,0.273909048397611,0.0
22,sinkhole,0.5,0.0,[119],22000566,naive_poisoned,3.7915174488190955,"[0, 2, 2]","[11, 39, 119, 14, 150]","[11, 39, 119, 14, 150]",True,True,4.955103658301726,1,0.3333333333333333,True,0,False,300,57,0.19,75,8,160,0,0.2600298506262124,0.11787806190944661
22,sinkhole,0.5,0.0,[119],22000566,trust_weighted,4.83722559639228,"[0, 0, 0]","[11, 39, 32, 94, 150]","[11, 39, 32, 94, 150]",True,True,4.83722559639228,0,0.0,False,0,False,300,75,0.25,65,0,160,0,0.2882124729282687,0.0
22,sinkhole,0.5,0.0,[119],22000566,clean_oracle,4.83722559639228,"[0, 0, 0]","[11, 39, 32, 94, 150]","[11, 39, 32, 94, 150]",True,True,4.83722559639228,0,0.0,False,0,False,300,75,0.25,65,0,160,0,0.2882124729282687,0.0
22,sinkhole,0.5,0.5,[39],22000616,naive_poisoned,3.6484238285381574,"[0, 0, 0]","[11, 39, 32, 94, 150]","[11, 39, 32, 94, 150]",True,True,4.83722559639228,1,0.3333333333333333,True,0,False,300,65,0.21666666666666667,63,12,160,0,0.26243535264130635,0.0
22,sinkhole,0.5,0.5,[39],22000616,trust_weighted,4.85899732099514,"[2, 0, 0]","[11, 96, 32, 94, 150]","[11, 96, 32, 94, 150]",True,True,4.85899732099514,0,0.0,False,0,False,300,76,0.25333333333333335,74,0,150,0,0.293255604678075,0.021771724602860587
22,sinkhole,0.5,0.5,[39],22000616,clean_oracle,4.83722559639228,"[0, 0, 0]","[11, 39, 32, 94, 150]","[11, 39, 32, 94, 150]",True,True,4.83722559639228,1,0.3333333333333333,True,0,False,300,65,0.21666666666666667,63,12,160,0,0.26243535264130635,0.0
22,sinkhole,0.75,0.0,"[39, 119]",22000816,naive_poisoned,2.2857229224736786,"[0, 2, 2]","[11, 39, 119, 14, 150]","[11, 39, 119, 14, 150]",True,True,4.955103658301726,2,0.6666666666666666,True,0,False,300,53,0.17666666666666667,62,25,160,0,0.24731670746379741,0.11787806190944661
22,sinkhole,0.75,0.0,"[39, 119]",22000816,trust_weighted,4.85899732099514,"[2, 0, 0]","[11, 96, 32, 94, 150]","[11, 96, 32, 94, 150]",True,True,4.85899732099514,0,0.0,False,0,False,300,76,0.25333333333333335,74,0,150,0,0.293255604678075,0.021771724602860587
22,sinkhole,0.75,0.0,"[39, 119]",22000816,clean_oracle,4.83722559639228,"[0, 0, 0]","[11, 39, 32, 94, 150]","[11, 39, 32, 94, 150]",True,True,4.83722559639228,1,0.3333333333333333,True,0,False,300,61,0.20333333333333334,58,21,160,0,0.2517495782380834,0.0
22,sinkhole,0.75,0.5,"[32, 39]",22000866,naive_poisoned,2.1773496468381928,"[0, 0, 0]","[11, 39, 32, 94, 150]","[11, 39, 32, 94, 150]",True,True,4.83722559639228,2,0.6666666666666666,True,0,False,300,57,0.19,57,26,160,0,0.2504362055709759,0.0
22,sinkhole,0.75,0.5,"[32, 39]",22000866,trust_weighted,4.959291276134372,"[2, 2, 2]","[11, 96, 119, 14, 150]","[11, 96, 119, 14, 150]",True,True,4.959291276134372,0,0.0,False,0,False,300,77,0.25666666666666665,73,0,150,0,0.2937939159527563,0.12206567974209204
22,sinkhole,0.75,0.5,"[32, 39]",22000866,clean_oracle,4.83722559639228,"[0, 0, 0]","[11, 39, 32, 94, 150]","[11, 39, 32, 94, 150]",True,True,4.83722559639228,2,0.6666666666666666,True,0,False,300,57,0.19,57,26,160,0,0.2504362055709759,0.0
22,sinkhole,1.0,0.0,"[14, 39]",22001066,naive_poisoned,0.24364113764809825,"[0, 0, 2]","[11, 39, 32, 14, 150]","[11, 39, 32, 14, 150]",True,True,4.872822752961965,2,0.6666666666666666,True,0,False,300,50,0.16666666666666666,61,29,160,0,0.24080535051759178,0.03559715656968532
22,sinkhole,1.0,0.0,"[14, 39]",22001066,trust_weighted,4.85899732099514,"[2, 0, 0]","[11, 96, 32, 94, 150]","[11, 96, 32, 94, 150]",True,True,4.85899732099514,0,0.0,False,0,False,300,76,0.25333333333333335,74,0,150,0,0.293255604678075,0.021771724602860587
22,sinkhole,1.0,0.0,"[14, 39]",22001066,clean_oracle,4.83722559639228,"[0, 0, 0]","[11, 39, 32, 94, 150]","[11, 39, 32, 94, 150]",True,True,4.83722559639228,1,0.3333333333333333,True,0,False,300,60,0.2,55,25,160,0,0.24534155580358785,0.0
22,sinkhole,1.0,0.5,"[14, 13]",22001116,naive_poisoned,2.6006818080651546,"[0, 2, 2]","[11, 39, 119, 14, 150]","[11, 39, 119, 14, 150]",True,True,4.955103658301726,1,0.3333333333333333,True,0,False,300,57,0.19,71,12,160,0,0.26579887191908647,0.11787806190944661
22,sinkhole,1.0,0.5,"[14, 13]",22001116,trust_weighted,4.83722559639228,"[0, 0, 0]","[11, 39, 32, 94, 150]","[11, 39, 32, 94, 150]",True,True,4.83722559639228,0,0.0,False,0,False,300,75,0.25,65,0,160,0,0.2882124729282687,0.0
22,sinkhole,1.0,0.5,"[14, 13]",22001116,clean_oracle,4.83722559639228,"[0, 0, 0]","[11, 39, 32, 94, 150]","[11, 39, 32, 94, 150]",True,True,4.83722559639228,0,0.0,False,0,False,300,75,0.25,65,0,160,0,0.2882124729282687,0.0
22,wormhole,0.25,0.0,"[53, 94]",22010323,naive_poisoned,4.369424267078932,"[0, 1, 0]","[11, 39, 53, 94, 150]","[11, 39, 53, 94, 150]",True,False,17.269837688068243,2,0.6666666666666666,True,0,True,300,0,0.0,0,0,0,300,0.0,12.432612091675963
22,wormhole,0.25,0.0,"[53, 94]",22010323,trust_weighted,4.872822752961965,"[0, 0, 2]","[11, 39, 32, 14, 150]","[11, 39, 32, 14, 150]",True,True,4.872822752961965,0,0.0,False,0,False,300,75,0.25,65,0,160,0,0.28630954204319714,0.03559715656968532
22,wormhole,0.25,0.0,"[53, 94]",22010323,clean_oracle,4.83722559639228,"[0, 0, 0]","[11, 39, 32, 94, 150]","[11, 39, 32, 94, 150]",True,True,4.83722559639228,1,0.3333333333333333,True,0,False,300,70,0.23333333333333334,68,2,160,0,0.27883462556333605,0.0
22,wormhole,0.25,0.5,"[53, 94]",22010373,naive_poisoned,4.369424267078932,"[0, 1, 0]","[11, 39, 53, 94, 150]","[11, 39, 53, 94, 150]",True,False,17.269837688068243,2,0.6666666666666666,True,0,True,300,0,0.0,0,0,0,300,0.0,12.432612091675963
22,wormhole,0.25,0.5,"[53, 94]",22010373,trust_weighted,4.872822752961965,"[0, 0, 2]","[11, 39, 32, 14, 150]","[11, 39, 32, 14, 150]",True,True,4.872822752961965,0,0.0,False,0,False,300,75,0.25,65,0,160,0,0.28630954204319714,0.03559715656968532
22,wormhole,0.25,0.5,"[53, 94]",22010373,clean_oracle,4.83722559639228,"[0, 0, 0]","[11, 39, 32, 94, 150]","[11, 39, 32, 94, 150]",True,True,4.83722559639228,1,0.3333333333333333,True,0,False,300,70,0.23333333333333334,68,2,160,0,0.27883462556333605,0.0
22,wormhole,0.5,0.0,"[53, 94]",22010573,naive_poisoned,4.125928381924792,"[0, 1, 0]","[11, 39, 53, 94, 150]","[11, 39, 53, 94, 150]",True,False,17.269837688068243,2,0.6666666666666666,True,0,True,300,0,0.0,0,0,0,300,0.0,12.432612091675963
22,wormhole,0.5,0.0,"[53, 94]",22010573,trust_weighted,4.872822752961965,"[0, 0, 2]","[11, 39, 32, 14, 150]","[11, 39, 32, 14, 150]",True,True,4.872822752961965,0,0.0,False,0,False,300,75,0.25,65,0,160,0,0.28630954204319714,0.03559715656968532
22,wormhole,0.5,0.0,"[53, 94]",22010573,clean_oracle,4.83722559639228,"[0, 0, 0]","[11, 39, 32, 94, 150]","[11, 39, 32, 94, 150]",True,True,4.83722559639228,1,0.3333333333333333,True,0,False,300,67,0.22333333333333333,68,5,160,0,0.27523418647310116,0.0
22,wormhole,0.5,0.5,"[53, 94]",22010623,naive_poisoned,4.125928381924792,"[0, 1, 0]","[11, 39, 53, 94, 150]","[11, 39, 53, 94, 150]",True,False,17.269837688068243,2,0.6666666666666666,True,0,True,300,0,0.0,0,0,0,300,0.0,12.432612091675963
22,wormhole,0.5,0.5,"[53, 94]",22010623,trust_weighted,4.872822752961965,"[0, 0, 2]","[11, 39, 32, 14, 150]","[11, 39, 32, 14, 150]",True,True,4.872822752961965,0,0.0,False,0,False,300,75,0.25,65,0,160,0,0.28630954204319714,0.03559715656968532
22,wormhole,0.5,0.5,"[53, 94]",22010623,clean_oracle,4.83722559639228,"[0, 0, 0]","[11, 39, 32, 94, 150]","[11, 39, 32, 94, 150]",True,True,4.83722559639228,1,0.3333333333333333,True,0,False,300,67,0.22333333333333333,68,5,160,0,0.27523418647310116,0.0
22,wormhole,0.75,0.0,"[53, 94]",22010823,naive_poisoned,3.8824324967706545,"[0, 1, 0]","[11, 39, 53, 94, 150]","[11, 39, 53, 94, 150]",True,False,17.269837688068243,2,0.6666666666666666,True,0,True,300,0,0.0,0,0,0,300,0.0,12.432612091675963
22,wormhole,0.75,0.0,"[53, 94]",22010823,trust_weighted,4.872822752961965,"[0, 0, 2]","[11, 39, 32, 14, 150]","[11, 39, 32, 14, 150]",True,True,4.872822752961965,0,0.0,False,0,False,300,75,0.25,65,0,160,0,0.28630954204319714,0.03559715656968532
22,wormhole,0.75,0.0,"[53, 94]",22010823,clean_oracle,4.83722559639228,"[0, 0, 0]","[11, 39, 32, 94, 150]","[11, 39, 32, 94, 150]",True,True,4.83722559639228,1,0.3333333333333333,True,0,False,300,61,0.20333333333333334,66,13,160,0,0.27343763805368404,0.0
22,wormhole,0.75,0.5,"[53, 94]",22010873,naive_poisoned,3.8824324967706545,"[0, 1, 0]","[11, 39, 53, 94, 150]","[11, 39, 53, 94, 150]",True,False,17.269837688068243,2,0.6666666666666666,True,0,True,300,0,0.0,0,0,0,300,0.0,12.432612091675963
22,wormhole,0.75,0.5,"[53, 94]",22010873,trust_weighted,4.872822752961965,"[0, 0, 2]","[11, 39, 32, 14, 150]","[11, 39, 32, 14, 150]",True,True,4.872822752961965,0,0.0,False,0,False,300,75,0.25,65,0,160,0,0.28630954204319714,0.03559715656968532
22,wormhole,0.75,0.5,"[53, 94]",22010873,clean_oracle,4.83722559639228,"[0, 0, 0]","[11, 39, 32, 94, 150]","[11, 39, 32, 94, 150]",True,True,4.83722559639228,1,0.3333333333333333,True,0,False,300,61,0.20333333333333334,66,13,160,0,0.27343763805368404,0.0
22,wormhole,1.0,0.0,"[53, 94]",22011073,naive_poisoned,3.638936611616516,"[0, 1, 0]","[11, 39, 53, 94, 150]","[11, 39, 53, 94, 150]",True,False,17.269837688068243,2,0.6666666666666666,True,0,True,300,0,0.0,0,0,0,300,0.0,12.432612091675963
22,wormhole,1.0,0.0,"[53, 94]",22011073,trust_weighted,4.872822752961965,"[0, 0, 2]","[11, 39, 32, 14, 150]","[11, 39, 32, 14, 150]",True,True,4.872822752961965,0,0.0,False,0,False,300,75,0.25,65,0,160,0,0.28630954204319714,0.03559715656968532
22,wormhole,1.0,0.0,"[53, 94]",22011073,clean_oracle,4.83722559639228,"[0, 0, 0]","[11, 39, 32, 94, 150]","[11, 39, 32, 94, 150]",True,True,4.83722559639228,1,0.3333333333333333,True,0,False,300,58,0.19333333333333333,65,17,160,0,0.27380578217442597,0.0
22,wormhole,1.0,0.5,"[53, 94]",22011123,naive_poisoned,3.638936611616516,"[0, 1, 0]","[11, 39, 53, 94, 150]","[11, 39, 53, 94, 150]",True,False,17.269837688068243,2,0.6666666666666666,True,0,True,300,0,0.0,0,0,0,300,0.0,12.432612091675963
22,wormhole,1.0,0.5,"[53, 94]",22011123,trust_weighted,4.872822752961965,"[0, 0, 2]","[11, 39, 32, 14, 150]","[11, 39, 32, 14, 150]",True,True,4.872822752961965,0,0.0,False,0,False,300,75,0.25,65,0,160,0,0.28630954204319714,0.03559715656968532
22,wormhole,1.0,0.5,"[53, 94]",22011123,clean_oracle,4.83722559639228,"[0, 0, 0]","[11, 39, 32, 94, 150]","[11, 39, 32, 94, 150]",True,True,4.83722559639228,1,0.3333333333333333,True,0,False,300,58,0.19333333333333333,65,17,160,0,0.27380578217442597,0.0
22,sybil,0.25,0.0,[14],22020330,naive_poisoned,4.3099282330605595,"[0, 0, 2]","[11, 39, 32, ""sybil:14:0"", 150]","[11, 39, 32, 14, 150]",True,True,4.872822752961965,1,0.3333333333333333,True,1,False,300,66,0.22,72,2,160,0,0.27296835280119325,0.03559715656968532
22,sybil,0.25,0.0,[14],22020330,trust_weighted,4.83722559639228,"[0, 0, 0]","[11, 39, 32, 94, 150]","[11, 39, 32, 94, 150]",True,True,4.83722559639228,0,0.0,False,0,False,300,75,0.25,65,0,160,0,0.2882124729282687,0.0
22,sybil,0.25,0.0,[14],22020330,clean_oracle,4.83722559639228,"[0, 0, 0]","[11, 39, 32, 94, 150]","[11, 39, 32, 94, 150]",True,True,4.83722559639228,0,0.0,False,0,False,300,75,0.25,65,0,160,0,0.2882124729282687,0.0
22,sybil,0.25,0.5,[14],22020380,naive_poisoned,4.3099282330605595,"[0, 0, 2]","[11, 39, 32, ""sybil:14:0"", 150]","[11, 39, 32, 14, 150]",True,True,4.872822752961965,1,0.3333333333333333,True,1,False,300,66,0.22,72,2,160,0,0.27296835280119325,0.03559715656968532
22,sybil,0.25,0.5,[14],22020380,trust_weighted,4.83722559639228,"[0, 0, 0]","[11, 39, 32, 94, 150]","[11, 39, 32, 94, 150]",True,True,4.83722559639228,0,0.0,False,0,False,300,75,0.25,65,0,160,0,0.2882124729282687,0.0
22,sybil,0.25,0.5,[14],22020380,clean_oracle,4.83722559639228,"[0, 0, 0]","[11, 39, 32, 94, 150]","[11, 39, 32, 94, 150]",True,True,4.83722559639228,0,0.0,False,0,False,300,75,0.25,65,0,160,0,0.2882124729282687,0.0
22,sybil,0.5,0.0,[14],22020580,naive_poisoned,3.747033713159154,"[0, 0, 0]","[11, 39, 32, ""sybil:14:1"", 150]","[11, 39, 32, 14, 150]",True,True,4.872822752961965,1,0.3333333333333333,True,1,False,300,63,0.21,70,7,160,0,0.2689268766510331,0.03559715656968532
22,sybil,0.5,0.0,[14],22020580,trust_weighted,4.930832707501502,"[0, 0, 1]","[11, 39, 32, 13, 150]","[11, 39, 32, 13, 150]",True,True,4.930832707501502,0,0.0,False,0,False,300,71,0.23666666666666666,69,0,160,0,0.28735832807462813,0.09360711110922271
22,sybil,0.5,0.0,[14],22020580,clean_oracle,4.83722559639228,"[0, 0, 0]","[11, 39, 32, 94, 150]","[11, 39, 32, 94, 150]",True,True,4.83722559639228,0,0.0,False,0,False,300,75,0.25,65,0,160,0,0.2882124729282687,0.0
22,sybil,0.5,0.5,[13],22020630,naive_poisoned,3.7774889392924114,"[0, 0, 0]","[11, 39, 32, ""sybil:13:1"", 150]","[11, 39, 32, 13, 150]",True,True,4.930832707501502,1,0.3333333333333333,True,1,False,300,61,0.20333333333333334,72,7,160,0,0.2721539666658561,0.09360711110922271
22,sybil,0.5,0.5,[13],22020630,trust_weighted,4.872822752961965,"[0, 0, 2]","[11, 39, 32, 14, 150]","[11, 39, 32, 14, 150]",True,True,4.872822752961965,0,0.0,False,0,False,300,75,0.25,65,0,160,0,0.28630954204319714,0.03559715656968532
22,sybil,0.5,0.5,[13],22020630,clean_oracle,4.83722559639228,"[0, 0, 0]","[11, 39, 32, 94, 150]","[11, 39, 32, 94, 150]",True,True,4.83722559639228,0,0.0,False,0,False,300,75,0.25,65,0,160,0,0.2882124729282687,0.0
22,sybil,0.75,0.0,[13],22020830,naive_poisoned,3.2008170551878656,"[0, 0, 0]","[11, 39, 32, ""sybil:13:1"", 150]","[11, 39, 32, 13, 150]",True,True,4.930832707501502,1,0.3333333333333333,True,1,False,300,57,0.19,71,12,160,0,0.27281821298754494,0.09360711110922271
22,sybil,0.75,0.0,[13],22020830,trust_weighted,12.200817055187866,"[0, 0, 0]","[11, 39, 32, ""sybil:13:1"", 150]","[11, 39, 32, 13, 150]",True,True,4.930832707501502,1,0.3333333333333333,True,1,False,300,57,0.19,71,12,160,0,0.27281821298754494,0.09360711110922271
22,sybil,0.75,0.0,[13],22020830,clean_oracle,4.83722559639228,"[0, 0, 0]","[11, 39, 32, 94, 150]","[11, 39, 32, 94, 150]",True,True,4.83722559639228,0,0.0,False,0,False,300,75,0.25,65,0,160,0,0.2882124729282687,0.0
22,sybil,0.75,0.5,[14],22020880,naive_poisoned,3.1841391932577485,"[0, 0, 0]","[11, 39, 32, ""sybil:14:1"", 150]","[11, 39, 32, 14, 150]",True,True,4.872822752961965,1,0.3333333333333333,True,1,False,300,59,0.19666666666666666,68,13,160,0,0.26786504217954565,0.03559715656968532
22,sybil,0.75,0.5,[14],22020880,trust_weighted,7.6841391932577485,"[0, 0, 0]","[11, 39, 32, ""sybil:14:1"", 150]","[11, 39, 32, 14, 150]",True,True,4.872822752961965,1,0.3333333333333333,True,1,False,300,59,0.19666666666666666,68,13,160,0,0.26786504217954565,0.03559715656968532
22,sybil,0.75,0.5,[14],22020880,clean_oracle,4.83722559639228,"[0, 0, 0]","[11, 39, 32, 94, 150]","[11, 39, 32, 94, 150]",True,True,4.83722559639228,0,0.0,False,0,False,300,75,0.25,65,0,160,0,0.2882124729282687,0.0
22,sybil,1.0,0.0,[13],22021080,naive_poisoned,2.6241451710833203,"[0, 0, 0]","[11, 39, 32, ""sybil:13:1"", 150]","[11, 39, 32, 13, 150]",True,True,4.930832707501502,1,0.3333333333333333,True,1,False,300,51,0.17,68,21,160,0,0.27275226109253303,0.09360711110922271
22,sybil,1.0,0.0,[13],22021080,trust_weighted,14.62414517108332,"[0, 0, 0]","[11, 39, 32, ""sybil:13:1"", 150]","[11, 39, 32, 13, 150]",True,True,4.930832707501502,1,0.3333333333333333,True,1,False,300,51,0.17,68,21,160,0,0.27275226109253303,0.09360711110922271
22,sybil,1.0,0.0,[13],22021080,clean_oracle,4.83722559639228,"[0, 0, 0]","[11, 39, 32, 94, 150]","[11, 39, 32, 94, 150]",True,True,4.83722559639228,0,0.0,False,0,False,300,75,0.25,65,0,160,0,0.2882124729282687,0.0
22,sybil,1.0,0.5,[13],22021130,naive_poisoned,2.6241451710833203,"[0, 0, 0]","[11, 39, 32, ""sybil:13:1"", 150]","[11, 39, 32, 13, 150]",True,True,4.930832707501502,1,0.3333333333333333,True,1,False,300,51,0.17,68,21,160,0,0.27275226109253303,0.09360711110922271
22,sybil,1.0,0.5,[13],22021130,trust_weighted,8.62414517108332,"[0, 0, 0]","[11, 39, 32, ""sybil:13:1"", 150]","[11, 39, 32, 13, 150]",True,True,4.930832707501502,1,0.3333333333333333,True,1,False,300,51,0.17,68,21,160,0,0.27275226109253303,0.09360711110922271
22,sybil,1.0,0.5,[13],22021130,clean_oracle,4.83722559639228,"[0, 0, 0]","[11, 39, 32, 94, 150]","[11, 39, 32, 94, 150]",True,True,4.83722559639228,0,0.0,False,0,False,300,75,0.25,65,0,160,0,0.2882124729282687,0.0
23,sinkhole,0.25,0.0,[146],23000319,naive_poisoned,4.384844809481087,"[0, 0, 0]","[80, 54, 8, 146, 150]","[80, 54, 8, 146, 150]",True,True,4.976221032484219,1,0.3333333333333333,True,0,False,300,53,0.17666666666666667,75,2,170,0,0.272662171648431,0.0
23,sinkhole,0.25,0.0,[146],23000319,trust_weighted,7.384844809481087,"[0, 0, 0]","[80, 54, 8, 146, 150]","[80, 54, 8, 146, 150]",True,True,4.976221032484219,1,0.3333333333333333,True,0,False,300,53,0.17666666666666667,75,2,170,0,0.272662171648431,0.0
23,sinkhole,0.25,0.0,[146],23000319,clean_oracle,4.976221032484219,"[0, 0, 0]","[80, 54, 8, 146, 150]","[80, 54, 8, 146, 150]",True,True,4.976221032484219,1,0.3333333333333333,True,0,False,300,53,0.17666666666666667,75,2,170,0,0.272662171648431,0.0
23,sinkhole,0.25,0.5,[84],23000369,naive_poisoned,4.976221032484219,"[0, 0, 0]","[80, 54, 8, 146, 150]","[80, 54, 8, 146, 150]",True,True,4.976221032484219,0,0.0,False,0,False,300,48,0.16,77,0,175,0,0.2788956605419983,0.0
23,sinkhole,0.25,0.5,[84],23000369,trust_weighted,4.976221032484219,"[0, 0, 0]","[80, 54, 8, 146, 150]","[80, 54, 8, 146, 150]",True,True,4.976221032484219,0,0.0,False,0,False,300,48,0.16,77,0,175,0,0.2788956605419983,0.0
23,sinkhole,0.25,0.5,[84],23000369,clean_oracle,4.976221032484219,"[0, 0, 0]","[80, 54, 8, 146, 150]","[80, 54, 8, 146, 150]",True,True,4.976221032484219,0,0.0,False,0,False,300,48,0.16,77,0,175,0,0.2788956605419983,0.0
23,sinkhole,0.5,0.0,[84],23000569,naive_poisoned,4.976221032484219,"[0, 0, 0]","[80, 54, 8, 146, 150]","[80, 54, 8, 146, 150]",True,True,4.976221032484219,0,0.0,False,0,False,300,48,0.16,77,0,175,0,0.2788956605419983,0.0
23,sinkhole,0.5,0.0,[84],23000569,trust_weighted,4.976221032484219,"[0, 0, 0]","[80, 54, 8, 146, 150]","[80, 54, 8, 146, 150]",True,True,4.976221032484219,0,0.0,False,0,False,300,48,0.16,77,0,175,0,0.2788956605419983,0.0
23,sinkhole,0.5,0.0,[84],23000569,clean_oracle,4.976221032484219,"[0, 0, 0]","[80, 54, 8, 146, 150]","[80, 54, 8, 146, 150]",True,True,4.976221032484219,0,0.0,False,0,False,300,48,0.16,77,0,175,0,0.2788956605419983,0.0
23,sinkhole,0.5,0.5,[127],23000619,naive_poisoned,4.976221032484219,"[0, 0, 0]","[80, 54, 8, 146, 150]","[80, 54, 8, 146, 150]",True,True,4.976221032484219,0,0.0,False,0,False,300,48,0.16,77,0,175,0,0.2788956605419983,0.0
23,sinkhole,0.5,0.5,[127],23000619,trust_weighted,4.976221032484219,"[0, 0, 0]","[80, 54, 8, 146, 150]","[80, 54, 8, 146, 150]",True,True,4.976221032484219,0,0.0,False,0,False,300,48,0.16,77,0,175,0,0.2788956605419983,0.0
23,sinkhole,0.5,0.5,[127],23000619,clean_oracle,4.976221032484219,"[0, 0, 0]","[80, 54, 8, 146, 150]","[80, 54, 8, 146, 150]",True,True,4.976221032484219,0,0.0,False,0,False,300,48,0.16,77,0,175,0,0.2788956605419983,0.0
23,sinkhole,0.75,0.0,"[60, 11]",23000819,naive_poisoned,4.976221032484219,"[0, 0, 0]","[80, 54, 8, 146, 150]","[80, 54, 8, 146, 150]",True,True,4.976221032484219,0,0.0,False,0,False,300,48,0.16,77,0,175,0,0.2788956605419983,0.0
23,sinkhole,0.75,0.0,"[60, 11]",23000819,trust_weighted,4.976221032484219,"[0, 0, 0]","[80, 54, 8, 146, 150]","[80, 54, 8, 146, 150]",True,True,4.976221032484219,0,0.0,False,0,False,300,48,0.16,77,0,175,0,0.2788956605419983,0.0
23,sinkhole,0.75,0.0,"[60, 11]",23000819,clean_oracle,4.976221032484219,"[0, 0, 0]","[80, 54, 8, 146, 150]","[80, 54, 8, 146, 150]",True,True,4.976221032484219,0,0.0,False,0,False,300,48,0.16,77,0,175,0,0.2788956605419983,0.0
23,sinkhole,0.75,0.5,"[8, 54]",23000869,naive_poisoned,2.2763035841920134,"[0, 0, 0]","[80, 54, 8, 146, 150]","[80, 54, 8, 146, 150]",True,True,4.976221032484219,2,0.6666666666666666,True,0,False,300,45,0.15,70,26,159,0,0.2675500441984653,0.0
23,sinkhole,0.75,0.5,"[8, 54]",23000869,trust_weighted,11.276303584192014,"[0, 0, 0]","[80, 54, 8, 146, 150]","[80, 54, 8, 146, 150]",True,True,4.976221032484219,2,0.6666666666666666,True,0,False,300,45,0.15,70,26,159,0,0.2675500441984653,0.0
23,sinkhole,0.75,0.5,"[8, 54]",23000869,clean_oracle,4.976221032484219,"[0, 0, 0]","[80, 54, 8, 146, 150]","[80, 54, 8, 146, 150]",True,True,4.976221032484219,2,0.6666666666666666,True,0,False,300,45,0.15,70,26,159,0,0.2675500441984653,0.0
23,sinkhole,1.0,0.0,"[146, 54]",23001069,naive_poisoned,0.24881105162421097,"[0, 0, 0]","[80, 54, 8, 146, 150]","[80, 54, 8, 146, 150]",True,True,4.976221032484219,2,0.6666666666666666,True,0,False,300,37,0.12333333333333334,72,35,156,0,0.2698936320587535,0.0
23,sinkhole,1.0,0.0,"[146, 54]",23001069,trust_weighted,24.24881105162421,"[0, 0, 0]","[80, 54, 8, 146, 150]","[80, 54, 8, 146, 150]",True,True,4.976221032484219,2,0.6666666666666666,True,0,False,300,37,0.12333333333333334,72,35,156,0,0.2698936320587535,0.0
23,sinkhole,1.0,0.0,"[146, 54]",23001069,clean_oracle,4.976221032484219,"[0, 0, 0]","[80, 54, 8, 146, 150]","[80, 54, 8, 146, 150]",True,True,4.976221032484219,2,0.6666666666666666,True,0,False,300,37,0.12333333333333334,72,35,156,0,0.2698936320587535,0.0
23,sinkhole,1.0,0.5,"[84, 8]",23001119,naive_poisoned,2.5320625436041957,"[0, 0, 0]","[80, 54, 8, 146, 150]","[80, 54, 8, 146, 150]",True,True,4.976221032484219,1,0.3333333333333333,True,0,False,300,39,0.13,72,17,172,0,0.2537124733995846,0.0
23,sinkhole,1.0,0.5,"[84, 8]",23001119,trust_weighted,8.532062543604194,"[0, 0, 0]","[80, 54, 8, 146, 150]","[80, 54, 8, 146, 150]",True,True,4.976221032484219,1,0.3333333333333333,True,0,False,300,39,0.13,72,17,172,0,0.2537124733995846,0.0
23,sinkhole,1.0,0.5,"[84, 8]",23001119,clean_oracle,4.976221032484219,"[0, 0, 0]","[80, 54, 8, 146, 150]","[80, 54, 8, 146, 150]",True,True,4.976221032484219,1,0.3333333333333333,True,0,False,300,39,0.13,72,17,172,0,0.2537124733995846,0.0
23,wormhole,0.25,0.0,"[127, 11]",23010326,naive_poisoned,4.976221032484219,"[0, 0, 0]","[80, 54, 8, 146, 150]","[80, 54, 8, 146, 150]",True,True,4.976221032484219,0,0.0,False,0,False,300,48,0.16,77,0,175,0,0.2788956605419983,0.0
23,wormhole,0.25,0.0,"[127, 11]",23010326,trust_weighted,4.976221032484219,"[0, 0, 0]","[80, 54, 8, 146, 150]","[80, 54, 8, 146, 150]",True,True,4.976221032484219,0,0.0,False,0,False,300,48,0.16,77,0,175,0,0.2788956605419983,0.0
23,wormhole,0.25,0.0,"[127, 11]",23010326,clean_oracle,4.976221032484219,"[0, 0, 0]","[80, 54, 8, 146, 150]","[80, 54, 8, 146, 150]",True,True,4.976221032484219,0,0.0,False,0,False,300,48,0.16,77,0,175,0,0.2788956605419983,0.0
23,wormhole,0.25,0.5,"[84, 11]",23010376,naive_poisoned,4.976221032484219,"[0, 0, 0]","[80, 54, 8, 146, 150]","[80, 54, 8, 146, 150]",True,True,4.976221032484219,0,0.0,False,0,False,300,48,0.16,77,0,175,0,0.2788956605419983,0.0
23,wormhole,0.25,0.5,"[84, 11]",23010376,trust_weighted,4.976221032484219,"[0, 0, 0]","[80, 54, 8, 146, 150]","[80, 54, 8, 146, 150]",True,True,4.976221032484219,0,0.0,False,0,False,300,48,0.16,77,0,175,0,0.2788956605419983,0.0
23,wormhole,0.25,0.5,"[84, 11]",23010376,clean_oracle,4.976221032484219,"[0, 0, 0]","[80, 54, 8, 146, 150]","[80, 54, 8, 146, 150]",True,True,4.976221032484219,0,0.0,False,0,False,300,48,0.16,77,0,175,0,0.2788956605419983,0.0
23,wormhole,0.5,0.0,"[11, 53]",23010576,naive_poisoned,4.976221032484219,"[0, 0, 0]","[80, 54, 8, 146, 150]","[80, 54, 8, 146, 150]",True,True,4.976221032484219,0,0.0,False,0,False,300,48,0.16,77,0,175,0,0.2788956605419983,0.0
23,wormhole,0.5,0.0,"[11, 53]",23010576,trust_weighted,4.976221032484219,"[0, 0, 0]","[80, 54, 8, 146, 150]","[80, 54, 8, 146, 150]",True,True,4.976221032484219,0,0.0,False,0,False,300,48,0.16,77,0,175,0,0.2788956605419983,0.0
23,wormhole,0.5,0.0,"[11, 53]",23010576,clean_oracle,4.976221032484219,"[0, 0, 0]","[80, 54, 8, 146, 150]","[80, 54, 8, 146, 150]",True,True,4.976221032484219,0,0.0,False,0,False,300,48,0.16,77,0,175,0,0.2788956605419983,0.0
23,wormhole,0.5,0.5,"[11, 53]",23010626,naive_poisoned,4.976221032484219,"[0, 0, 0]","[80, 54, 8, 146, 150]","[80, 54, 8, 146, 150]",True,True,4.976221032484219,0,0.0,False,0,False,300,48,0.16,77,0,175,0,0.2788956605419983,0.0
23,wormhole,0.5,0.5,"[11, 53]",23010626,trust_weighted,4.976221032484219,"[0, 0, 0]","[80, 54, 8, 146, 150]","[80, 54, 8, 146, 150]",True,True,4.976221032484219,0,0.0,False,0,False,300,48,0.16,77,0,175,0,0.2788956605419983,0.0
23,wormhole,0.5,0.5,"[11, 53]",23010626,clean_oracle,4.976221032484219,"[0, 0, 0]","[80, 54, 8, 146, 150]","[80, 54, 8, 146, 150]",True,True,4.976221032484219,0,0.0,False,0,False,300,48,0.16,77,0,175,0,0.2788956605419983,0.0
23,wormhole,0.75,0.0,"[127, 11]",23010826,naive_poisoned,4.976221032484219,"[0, 0, 0]","[80, 54, 8, 146, 150]","[80, 54, 8, 146, 150]",True,True,4.976221032484219,0,0.0,False,0,False,300,48,0.16,77,0,175,0,0.2788956605419983,0.0
23,wormhole,0.75,0.0,"[127, 11]",23010826,trust_weighted,4.976221032484219,"[0, 0, 0]","[80, 54, 8, 146, 150]","[80, 54, 8, 146, 150]",True,True,4.976221032484219,0,0.0,False,0,False,300,48,0.16,77,0,175,0,0.2788956605419983,0.0
23,wormhole,0.75,0.0,"[127, 11]",23010826,clean_oracle,4.976221032484219,"[0, 0, 0]","[80, 54, 8, 146, 150]","[80, 54, 8, 146, 150]",True,True,4.976221032484219,0,0.0,False,0,False,300,48,0.16,77,0,175,0,0.2788956605419983,0.0
23,wormhole,0.75,0.5,"[84, 11]",23010876,naive_poisoned,4.976221032484219,"[0, 0, 0]","[80, 54, 8, 146, 150]","[80, 54, 8, 146, 150]",True,True,4.976221032484219,0,0.0,False,0,False,300,48,0.16,77,0,175,0,0.2788956605419983,0.0
23,wormhole,0.75,0.5,"[84, 11]",23010876,trust_weighted,4.976221032484219,"[0, 0, 0]","[80, 54, 8, 146, 150]","[80, 54, 8, 146, 150]",True,True,4.976221032484219,0,0.0,False,0,False,300,48,0.16,77,0,175,0,0.2788956605419983,0.0
23,wormhole,0.75,0.5,"[84, 11]",23010876,clean_oracle,4.976221032484219,"[0, 0, 0]","[80, 54, 8, 146, 150]","[80, 54, 8, 146, 150]",True,True,4.976221032484219,0,0.0,False,0,False,300,48,0.16,77,0,175,0,0.2788956605419983,0.0
23,wormhole,1.0,0.0,"[31, 53]",23011076,naive_poisoned,4.976221032484219,"[0, 0, 0]","[80, 54, 8, 146, 150]","[80, 54, 8, 146, 150]",True,True,4.976221032484219,0,0.0,False,0,False,300,48,0.16,77,0,175,0,0.2788956605419983,0.0
23,wormhole,1.0,0.0,"[31, 53]",23011076,trust_weighted,4.976221032484219,"[0, 0, 0]","[80, 54, 8, 146, 150]","[80, 54, 8, 146, 150]",True,True,4.976221032484219,0,0.0,False,0,False,300,48,0.16,77,0,175,0,0.2788956605419983,0.0
23,wormhole,1.0,0.0,"[31, 53]",23011076,clean_oracle,4.976221032484219,"[0, 0, 0]","[80, 54, 8, 146, 150]","[80, 54, 8, 146, 150]",True,True,4.976221032484219,0,0.0,False,0,False,300,48,0.16,77,0,175,0,0.2788956605419983,0.0
23,wormhole,1.0,0.5,"[127, 11]",23011126,naive_poisoned,4.976221032484219,"[0, 0, 0]","[80, 54, 8, 146, 150]","[80, 54, 8, 146, 150]",True,True,4.976221032484219,0,0.0,False,0,False,300,48,0.16,77,0,175,0,0.2788956605419983,0.0
23,wormhole,1.0,0.5,"[127, 11]",23011126,trust_weighted,4.976221032484219,"[0, 0, 0]","[80, 54, 8, 146, 150]","[80, 54, 8, 146, 150]",True,True,4.976221032484219,0,0.0,False,0,False,300,48,0.16,77,0,175,0,0.2788956605419983,0.0
23,wormhole,1.0,0.5,"[127, 11]",23011126,clean_oracle,4.976221032484219,"[0, 0, 0]","[80, 54, 8, 146, 150]","[80, 54, 8, 146, 150]",True,True,4.976221032484219,0,0.0,False,0,False,300,48,0.16,77,0,175,0,0.2788956605419983,0.0
23,sybil,0.25,0.0,[60],23020333,naive_poisoned,4.976221032484219,"[0, 0, 0]","[80, 54, 8, 146, 150]","[80, 54, 8, 146, 150]",True,True,4.976221032484219,0,0.0,False,0,False,300,48,0.16,77,0,175,0,0.2788956605419983,0.0
23,sybil,0.25,0.0,[60],23020333,trust_weighted,4.976221032484219,"[0, 0, 0]","[80, 54, 8, 146, 150]","[80, 54, 8, 146, 150]",True,True,4.976221032484219,0,0.0,False,0,False,300,48,0.16,77,0,175,0,0.2788956605419983,0.0
23,sybil,0.25,0.0,[60],23020333,clean_oracle,4.976221032484219,"[0, 0, 0]","[80, 54, 8, 146, 150]","[80, 54, 8, 146, 150]",True,True,4.976221032484219,0,0.0,False,0,False,300,48,0.16,77,0,175,0,0.2788956605419983,0.0
23,sybil,0.25,0.5,[60],23020383,naive_poisoned,4.976221032484219,"[0, 0, 0]","[80, 54, 8, 146, 150]","[80, 54, 8, 146, 150]",True,True,4.976221032484219,0,0.0,False,0,False,300,48,0.16,77,0,175,0,0.2788956605419983,0.0
23,sybil,0.25,0.5,[60],23020383,trust_weighted,4.976221032484219,"[0, 0, 0]","[80, 54, 8, 146, 150]","[80, 54, 8, 146, 150]",True,True,4.976221032484219,0,0.0,False,0,False,300,48,0.16,77,0,175,0,0.2788956605419983,0.0
23,sybil,0.25,0.5,[60],23020383,clean_oracle,4.976221032484219,"[0, 0, 0]","[80, 54, 8, 146, 150]","[80, 54, 8, 146, 150]",True,True,4.976221032484219,0,0.0,False,0,False,300,48,0.16,77,0,175,0,0.2788956605419983,0.0
23,sybil,0.5,0.0,[53],23020583,naive_poisoned,103.09701521988077,"[0, 0, 0]","[80, 54, 8, ""sybil:53:1"", 150]","[80, 54, 8, 53, 150]",False,False,17.254821002726832,1,0.3333333333333333,True,1,False,300,0,0.0,0,0,0,300,0.0,12.278599970242613
23,sybil,0.5,0.0,[53],23020583,trust_weighted,103.67455271968343,"[0, 0, 1]","[80, 54, 8, 60, 150]","[80, 54, 8, 60, 150]",False,False,17.279730531063553,0,0.0,False,0,False,300,0,0.0,0,0,0,300,0.0,12.303509498579334
23,sybil,0.5,0.0,[53],23020583,clean_oracle,4.976221032484219,"[0, 0, 0]","[80, 54, 8, 146, 150]","[80, 54, 8, 146, 150]",True,True,4.976221032484219,0,0.0,False,0,False,300,48,0.16,77,0,175,0,0.2788956605419983,0.0
23,sybil,0.5,0.5,[60],23020633,naive_poisoned,103.11009272225755,"[0, 0, 0]","[80, 54, 8, ""sybil:60:1"", 150]","[80, 54, 8, 60, 150]",False,False,17.279730531063553,1,0.3333333333333333,True,1,False,300,0,0.0,0,0,0,300,0.0,12.303509498579334
23,sybil,0.5,0.5,[60],23020633,trust_weighted,103.64964319134671,"[0, 0, 2]","[80, 54, 8, 53, 150]","[80, 54, 8, 53, 150]",False,False,17.254821002726832,0,0.0,False,0,False,300,0,0.0,0,0,0,300,0.0,12.278599970242613
23,sybil,0.5,0.5,[60],23020633,clean_oracle,4.976221032484219,"[0, 0, 0]","[80, 54, 8, 146, 150]","[80, 54, 8, 146, 150]",True,True,4.976221032484219,0,0.0,False,0,False,300,48,0.16,77,0,175,0,0.2788956605419983,0.0
23,sybil,0.75,0.0,[60],23020833,naive_poisoned,102.8278627235446,"[0, 0, 0]","[80, 54, 8, ""sybil:60:1"", 150]","[80, 54, 8, 60, 150]",False,False,17.279730531063553,1,0.3333333333333333,True,1,False,300,0,0.0,0,0,0,300,0.0,12.303509498579334
23,sybil,0.75,0.0,[60],23020833,trust_weighted,111.8278627235446,"[0, 0, 0]","[80, 54, 8, ""sybil:60:1"", 150]","[80, 54, 8, 60, 150]",False,False,17.279730531063553,1,0.3333333333333333,True,1,False,300,0,0.0,0,0,0,300,0.0,12.303509498579334
23,sybil,0.75,0.0,[60],23020833,clean_oracle,4.976221032484219,"[0, 0, 0]","[80, 54, 8, 146, 150]","[80, 54, 8, 146, 150]",True,True,4.976221032484219,0,0.0,False,0,False,300,48,0.16,77,0,175,0,0.2788956605419983,0.0
23,sybil,0.75,0.5,[60],23020883,naive_poisoned,102.8278627235446,"[0, 0, 0]","[80, 54, 8, ""sybil:60:1"", 150]","[80, 54, 8, 60, 150]",False,False,17.279730531063553,1,0.3333333333333333,True,1,False,300,0,0.0,0,0,0,300,0.0,12.303509498579334
23,sybil,0.75,0.5,[60],23020883,trust_weighted,107.3278627235446,"[0, 0, 0]","[80, 54, 8, ""sybil:60:1"", 150]","[80, 54, 8, 60, 150]",False,False,17.279730531063553,1,0.3333333333333333,True,1,False,300,0,0.0,0,0,0,300,0.0,12.303509498579334
23,sybil,0.75,0.5,[60],23020883,clean_oracle,4.976221032484219,"[0, 0, 0]","[80, 54, 8, 146, 150]","[80, 54, 8, 146, 150]",True,True,4.976221032484219,0,0.0,False,0,False,300,48,0.16,77,0,175,0,0.2788956605419983,0.0
23,sybil,1.0,0.0,[146],23021083,naive_poisoned,2.610716140471693,"[0, 0, 0]","[80, 54, 8, ""sybil:146:0"", 150]","[80, 54, 8, 146, 150]",True,True,4.976221032484219,1,0.3333333333333333,True,1,False,300,38,0.12666666666666668,71,19,172,0,0.26649683450781936,0.0
23,sybil,1.0,0.0,[146],23021083,trust_weighted,14.610716140471693,"[0, 0, 0]","[80, 54, 8, ""sybil:146:0"", 150]","[80, 54, 8, 146, 150]",True,True,4.976221032484219,1,0.3333333333333333,True,1,False,300,38,0.12666666666666668,71,19,172,0,0.26649683450781936,0.0
23,sybil,1.0,0.0,[146],23021083,clean_oracle,4.976221032484219,"[0, 0, 0]","[80, 54, 8, 146, 150]","[80, 54, 8, 146, 150]",True,True,4.976221032484219,1,0.3333333333333333,True,0,False,300,38,0.12666666666666668,71,19,172,0,0.26649683450781936,0.0
23,sybil,1.0,0.5,[53],23021133,naive_poisoned,102.54438724841482,"[0, 0, 0]","[80, 54, 8, ""sybil:53:1"", 150]","[80, 54, 8, 53, 150]",False,False,17.254821002726832,1,0.3333333333333333,True,1,False,300,0,0.0,0,0,0,300,0.0,12.278599970242613
23,sybil,1.0,0.5,[53],23021133,trust_weighted,108.54438724841482,"[0, 0, 0]","[80, 54, 8, ""sybil:53:1"", 150]","[80, 54, 8, 53, 150]",False,False,17.254821002726832,1,0.3333333333333333,True,1,False,300,0,0.0,0,0,0,300,0.0,12.278599970242613
23,sybil,1.0,0.5,[53],23021133,clean_oracle,4.976221032484219,"[0, 0, 0]","[80, 54, 8, 146, 150]","[80, 54, 8, 146, 150]",True,True,4.976221032484219,0,0.0,False,0,False,300,48,0.16,77,0,175,0,0.2788956605419983,0.0
24,sinkhole,0.25,0.0,[24],24000322,naive_poisoned,4.960734278476524,"[0, 0, 0]","[96, 54, 135, 7, 150]","[96, 54, 135, 7, 150]",True,True,4.960734278476524,0,0.0,False,0,False,300,59,0.19666666666666666,82,0,159,0,0.3218547790975794,0.0
24,sinkhole,0.25,0.0,[24],24000322,trust_weighted,4.960734278476524,"[0, 0, 0]","[96, 54, 135, 7, 150]","[96, 54, 135, 7, 150]",True,True,4.960734278476524,0,0.0,False,0,False,300,59,0.19666666666666666,82,0,159,0,0.3218547790975794,0.0
24,sinkhole,0.25,0.0,[24],24000322,clean_oracle,4.960734278476524,"[0, 0, 0]","[96, 54, 135, 7, 150]","[96, 54, 135, 7, 150]",True,True,4.960734278476524,0,0.0,False,0,False,300,59,0.19666666666666666,82,0,159,0,0.3218547790975794,0.0
24,sinkhole,0.25,0.5,[24],24000372,naive_poisoned,4.960734278476524,"[0, 0, 0]","[96, 54, 135, 7, 150]","[96, 54, 135, 7, 150]",True,True,4.960734278476524,0,0.0,False,0,False,300,59,0.19666666666666666,82,0,159,0,0.3218547790975794,0.0
24,sinkhole,0.25,0.5,[24],24000372,trust_weighted,4.960734278476524,"[0, 0, 0]","[96, 54, 135, 7, 150]","[96, 54, 135, 7, 150]",True,True,4.960734278476524,0,0.0,False,0,False,300,59,0.19666666666666666,82,0,159,0,0.3218547790975794,0.0
24,sinkhole,0.25,0.5,[24],24000372,clean_oracle,4.960734278476524,"[0, 0, 0]","[96, 54, 135, 7, 150]","[96, 54, 135, 7, 150]",True,True,4.960734278476524,0,0.0,False,0,False,300,59,0.19666666666666666,82,0,159,0,0.3218547790975794,0.0
24,sinkhole,0.5,0.0,[7],24000572,naive_poisoned,3.76731040104283,"[0, 0, 0]","[96, 54, 135, 7, 150]","[96, 54, 135, 7, 150]",True,True,4.960734278476524,1,0.3333333333333333,True,0,False,300,52,0.17333333333333334,82,10,156,0,0.3140947337631914,0.0
24,sinkhole,0.5,0.0,[7],24000572,trust_weighted,9.767310401042831,"[0, 0, 0]","[96, 54, 135, 7, 150]","[96, 54, 135, 7, 150]",True,True,4.960734278476524,1,0.3333333333333333,True,0,False,300,52,0.17333333333333334,82,10,156,0,0.3140947337631914,0.0
24,sinkhole,0.5,0.0,[7],24000572,clean_oracle,4.960734278476524,"[0, 0, 0]","[96, 54, 135, 7, 150]","[96, 54, 135, 7, 150]",True,True,4.960734278476524,1,0.3333333333333333,True,0,False,300,52,0.17333333333333334,82,10,156,0,0.3140947337631914,0.0
24,sinkhole,0.5,0.5,[101],24000622,naive_poisoned,4.960734278476524,"[0, 0, 0]","[96, 54, 135, 7, 150]","[96, 54, 135, 7, 150]",True,True,4.960734278476524,0,0.0,False,0,False,300,59,0.19666666666666666,82,0,159,0,0.3218547790975794,0.0
24,sinkhole,0.5,0.5,[101],24000622,trust_weighted,4.960734278476524,"[0, 0, 0]","[96, 54, 135, 7, 150]","[96, 54, 135, 7, 150]",True,True,4.960734278476524,0,0.0,False,0,False,300,59,0.19666666666666666,82,0,159,0,0.3218547790975794,0.0
24,sinkhole,0.5,0.5,[101],24000622,clean_oracle,4.960734278476524,"[0, 0, 0]","[96, 54, 135, 7, 150]","[96, 54, 135, 7, 150]",True,True,4.960734278476524,0,0.0,False,0,False,300,59,0.19666666666666666,82,0,159,0,0.3218547790975794,0.0
24,sinkhole,0.75,0.0,"[2, 54]",24000822,naive_poisoned,3.2163469212125406,"[0, 0, 0]","[96, 54, 135, 7, 150]","[96, 54, 135, 7, 150]",True,True,4.960734278476524,1,0.3333333333333333,True,0,False,300,52,0.17333333333333334,86,19,143,0,0.30301870349308047,0.0
24,sinkhole,0.75,0.0,"[2, 54]",24000822,trust_weighted,12.216346921212542,"[0, 0, 0]","[96, 54, 135, 7, 150]","[96, 54, 135, 7, 150]",True,True,4.960734278476524,1,0.3333333333333333,True,0,False,300,52,0.17333333333333334,86,19,143,0,0.30301870349308047,0.0
24,sinkhole,0.75,0.0,"[2, 54]",24000822,clean_oracle,4.960734278476524,"[0, 0, 0]","[96, 54, 135, 7, 150]","[96, 54, 135, 7, 150]",True,True,4.960734278476524,1,0.3333333333333333,True,0,False,300,52,0.17333333333333334,86,19,143,0,0.30301870349308047,0.0
24,sinkhole,0.75,0.5,"[7, 24]",24000872,naive_poisoned,3.1705984623259837,"[0, 0, 0]","[96, 54, 135, 7, 150]","[96, 54, 135, 7, 150]",True,True,4.960734278476524,1,0.3333333333333333,True,0,False,300,49,0.16333333333333333,80,13,158,0,0.3128373027919409,0.0
24,sinkhole,0.75,0.5,"[7, 24]",24000872,trust_weighted,7.670598462325984,"[0, 0, 0]","[96, 54, 135, 7, 150]","[96, 54, 135, 7, 150]",True,True,4.960734278476524,1,0.3333333333333333,True,0,False,300,49,0.16333333333333333,80,13,158,0,0.3128373027919409,0.0
24,sinkhole,0.75,0.5,"[7, 24]",24000872,clean_oracle,4.960734278476524,"[0, 0, 0]","[96, 54, 135, 7, 150]","[96, 54, 135, 7, 150]",True,True,4.960734278476524,1,0.3333333333333333,True,0,False,300,49,0.16333333333333333,80,13,158,0,0.3128373027919409,0.0
24,sinkhole,1.0,0.0,"[101, 78]",24001072,naive_poisoned,4.960734278476524,"[0, 0, 0]","[96, 54, 135, 7, 150]","[96, 54, 135, 7, 150]",True,True,4.960734278476524,0,0.0,False,0,False,300,59,0.19666666666666666,82,0,159,0,0.3218547790975794,0.0
24,sinkhole,1.0,0.0,"[101, 78]",24001072,trust_weighted,4.960734278476524,"[0, 0, 0]","[96, 54, 135, 7, 150]","[96, 54, 135, 7, 150]",True,True,4.960734278476524,0,0.0,False,0,False,300,59,0.19666666666666666,82,0,159,0,0.3218547790975794,0.0
24,sinkhole,1.0,0.0,"[101, 78]",24001072,clean_oracle,4.960734278476524,"[0, 0, 0]","[96, 54, 135, 7, 150]","[96, 54, 135, 7, 150]",True,True,4.960734278476524,0,0.0,False,0,False,300,59,0.19666666666666666,82,0,159,0,0.3218547790975794,0.0
24,sinkhole,1.0,0.5,"[135, 78]",24001122,naive_poisoned,2.577085442078971,"[0, 0, 0]","[96, 54, 135, 7, 150]","[96, 54, 135, 7, 150]",True,True,4.960734278476524,1,0.3333333333333333,True,0,False,300,49,0.16333333333333333,77,18,156,0,0.29676455658488976,0.0
24,sinkhole,1.0,0.5,"[135, 78]",24001122,trust_weighted,8.577085442078971,"[0, 0, 0]","[96, 54, 135, 7, 150]","[96, 54, 135, 7, 150]",True,True,4.960734278476524,1,0.3333333333333333,True,0,False,300,49,0.16333333333333333,77,18,156,0,0.29676455658488976,0.0
24,sinkhole,1.0,0.5,"[135, 78]",24001122,clean_oracle,4.960734278476524,"[0, 0, 0]","[96, 54, 135, 7, 150]","[96, 54, 135, 7, 150]",True,True,4.960734278476524,1,0.3333333333333333,True,0,False,300,49,0.16333333333333333,77,18,156,0,0.29676455658488976,0.0
24,wormhole,0.25,0.0,"[135, 33]",24010329,naive_poisoned,4.402573437894493,"[0, 0, 2]","[96, 54, 135, 33, 150]","[96, 54, 135, 33, 150]",True,False,17.203015340460503,2,0.6666666666666666,True,0,True,300,0,0.0,0,0,0,300,0.0,12.242281061983979
24,wormhole,0.25,0.0,"[135, 33]",24010329,trust_weighted,7.960734278476523,"[0, 0, 0]","[96, 54, 135, 7, 150]","[96, 54, 135, 7, 150]",True,True,4.960734278476524,1,0.3333333333333333,True,0,False,300,56,0.18666666666666668,85,2,157,0,0.3109999599231372,0.0
24,wormhole,0.25,0.0,"[135, 33]",24010329,clean_oracle,4.960734278476524,"[0, 0, 0]","[96, 54, 135, 7, 150]","[96, 54, 135, 7, 150]",True,True,4.960734278476524,1,0.3333333333333333,True,0,False,300,56,0.18666666666666668,85,2,157,0,0.3109999599231372,0.0
24,wormhole,0.25,0.5,"[24, 134]",24010379,naive_poisoned,4.960734278476524,"[0, 0, 0]","[96, 54, 135, 7, 150]","[96, 54, 135, 7, 150]",True,True,4.960734278476524,0,0.0,False,0,False,300,59,0.19666666666666666,82,0,159,0,0.3218547790975794,0.0
24,wormhole,0.25,0.5,"[24, 134]",24010379,trust_weighted,4.960734278476524,"[0, 0, 0]","[96, 54, 135, 7, 150]","[96, 54, 135, 7, 150]",True,True,4.960734278476524,0,0.0,False,0,False,300,59,0.19666666666666666,82,0,159,0,0.3218547790975794,0.0
24,wormhole,0.25,0.5,"[24, 134]",24010379,clean_oracle,4.960734278476524,"[0, 0, 0]","[96, 54, 135, 7, 150]","[96, 54, 135, 7, 150]",True,True,4.960734278476524,0,0.0,False,0,False,300,59,0.19666666666666666,82,0,159,0,0.3218547790975794,0.0
24,wormhole,0.5,0.0,"[135, 33]",24010579,naive_poisoned,4.159049098957398,"[0, 0, 2]","[96, 54, 135, 33, 150]","[96, 54, 135, 33, 150]",True,False,17.203015340460503,2,0.6666666666666666,True,0,True,300,0,0.0,0,0,0,300,0.0,12.242281061983979
24,wormhole,0.5,0.0,"[135, 33]",24010579,trust_weighted,10.960734278476524,"[0, 0, 0]","[96, 54, 135, 7, 150]","[96, 54, 135, 7, 150]",True,True,4.960734278476524,1,0.3333333333333333,True,0,False,300,51,0.17,82,13,154,0,0.3002980899617924,0.0
24,wormhole,0.5,0.0,"[135, 33]",24010579,clean_oracle,4.960734278476524,"[0, 0, 0]","[96, 54, 135, 7, 150]","[96, 54, 135, 7, 150]",True,True,4.960734278476524,1,0.3333333333333333,True,0,False,300,51,0.17,82,13,154,0,0.3002980899617924,0.0
24,wormhole,0.5,0.5,"[135, 33]",24010629,naive_poisoned,4.159049098957398,"[0, 0, 2]","[96, 54, 135, 33, 150]","[96, 54, 135, 33, 150]",True,False,17.203015340460503,2,0.6666666666666666,True,0,True,300,0,0.0,0,0,0,300,0.0,12.242281061983979
24,wormhole,0.5,0.5,"[135, 33]",24010629,trust_weighted,7.960734278476523,"[0, 0, 0]","[96, 54, 135, 7, 150]","[96, 54, 135, 7, 150]",True,True,4.960734278476524,1,0.3333333333333333,True,0,False,300,51,0.17,82,13,154,0,0.3002980899617924,0.0
24,wormhole,0.5,0.5,"[135, 33]",24010629,clean_oracle,4.960734278476524,"[0, 0, 0]","[96, 54, 135, 7, 150]","[96, 54, 135, 7, 150]",True,True,4.960734278476524,1,0.3333333333333333,True,0,False,300,51,0.17,82,13,154,0,0.3002980899617924,0.0
24,wormhole,0.75,0.0,"[24, 134]",24010829,naive_poisoned,4.960734278476524,"[0, 0, 0]","[96, 54, 135, 7, 150]","[96, 54, 135, 7, 150]",True,True,4.960734278476524,0,0.0,False,0,False,300,59,0.19666666666666666,82,0,159,0,0.3218547790975794,0.0
24,wormhole,0.75,0.0,"[24, 134]",24010829,trust_weighted,4.960734278476524,"[0, 0, 0]","[96, 54, 135, 7, 150]","[96, 54, 135, 7, 150]",True,True,4.960734278476524,0,0.0,False,0,False,300,59,0.19666666666666666,82,0,159,0,0.3218547790975794,0.0
24,wormhole,0.75,0.0,"[24, 134]",24010829,clean_oracle,4.960734278476524,"[0, 0, 0]","[96, 54, 135, 7, 150]","[96, 54, 135, 7, 150]",True,True,4.960734278476524,0,0.0,False,0,False,300,59,0.19666666666666666,82,0,159,0,0.3218547790975794,0.0
24,wormhole,0.75,0.5,"[135, 101]",24010879,naive_poisoned,4.005831044169991,"[0, 0, 1]","[96, 54, 135, 101, 150]","[96, 54, 135, 101, 150]",True,False,17.29332162461019,2,0.6666666666666666,True,0,True,300,0,0.0,0,0,0,300,0.0,12.332587346133666
24,wormhole,0.75,0.5,"[135, 101]",24010879,trust_weighted,9.460734278476524,"[0, 0, 0]","[96, 54, 135, 7, 150]","[96, 54, 135, 7, 150]",True,True,4.960734278476524,1,0.3333333333333333,True,0,False,300,50,0.16666666666666666,79,16,155,0,0.2980090677105238,0.0
24,wormhole,0.75,0.5,"[135, 101]",24010879,clean_oracle,4.960734278476524,"[0, 0, 0]","[96, 54, 135, 7, 150]","[96, 54, 135, 7, 150]",True,True,4.960734278476524,1,0.3333333333333333,True,0,False,300,50,0.16666666666666666,79,16,155,0,0.2980090677105238,0.0
24,wormhole,1.0,0.0,"[135, 33]",24011079,naive_poisoned,3.672000421083208,"[0, 0, 2]","[96, 54, 135, 33, 150]","[96, 54, 135, 33, 150]",True,False,17.203015340460503,2,0.6666666666666666,True,0,True,300,0,0.0,0,0,0,300,0.0,12.242281061983979
24,wormhole,1.0,0.0,"[135, 33]",24011079,trust_weighted,16.960734278476522,"[0, 0, 0]","[96, 54, 135, 7, 150]","[96, 54, 135, 7, 150]",True,True,4.960734278476524,1,0.3333333333333333,True,0,False,300,50,0.16666666666666666,75,19,156,0,0.29649166610675515,0.0
24,wormhole,1.0,0.0,"[135, 33]",24011079,clean_oracle,4.960734278476524,"[0, 0, 0]","[96, 54, 135, 7, 150]","[96, 54, 135, 7, 150]",True,True,4.960734278476524,1,0.3333333333333333,True,0,False,300,50,0.16666666666666666,75,19,156,0,0.29649166610675515,0.0
24,wormhole,1.0,0.5,"[135, 33]",24011129,naive_poisoned,3.672000421083208,"[0, 0, 2]","[96, 54, 135, 33, 150]","[96, 54, 135, 33, 150]",True,False,17.203015340460503,2,0.6666666666666666,True,0,True,300,0,0.0,0,0,0,300,0.0,12.242281061983979
24,wormhole,1.0,0.5,"[135, 33]",24011129,trust_weighted,10.960734278476524,"[0, 0, 0]","[96, 54, 135, 7, 150]","[96, 54, 135, 7, 150]",True,True,4.960734278476524,1,0.3333333333333333,True,0,False,300,50,0.16666666666666666,75,19,156,0,0.29649166610675515,0.0
24,wormhole,1.0,0.5,"[135, 33]",24011129,clean_oracle,4.960734278476524,"[0, 0, 0]","[96, 54, 135, 7, 150]","[96, 54, 135, 7, 150]",True,True,4.960734278476524,1,0.3333333333333333,True,0,False,300,50,0.16666666666666666,75,19,156,0,0.29649166610675515,0.0
24,sybil,0.25,0.0,[33],24020336,naive_poisoned,4.960734278476524,"[0, 0, 0]","[96, 54, 135, 7, 150]","[96, 54, 135, 7, 150]",True,True,4.960734278476524,0,0.0,False,0,False,300,59,0.19666666666666666,82,0,159,0,0.3218547790975794,0.0
24,sybil,0.25,0.0,[33],24020336,trust_weighted,4.960734278476524,"[0, 0, 0]","[96, 54, 135, 7, 150]","[96, 54, 135, 7, 150]",True,True,4.960734278476524,0,0.0,False,0,False,300,59,0.19666666666666666,82,0,159,0,0.3218547790975794,0.0
24,sybil,0.25,0.0,[33],24020336,clean_oracle,4.960734278476524,"[0, 0, 0]","[96, 54, 135, 7, 150]","[96, 54, 135, 7, 150]",True,True,4.960734278476524,0,0.0,False,0,False,300,59,0.19666666666666666,82,0,159,0,0.3218547790975794,0.0
24,sybil,0.25,0.5,[33],24020386,naive_poisoned,4.960734278476524,"[0, 0, 0]","[96, 54, 135, 7, 150]","[96, 54, 135, 7, 150]",True,True,4.960734278476524,0,0.0,False,0,False,300,59,0.19666666666666666,82,0,159,0,0.3218547790975794,0.0
24,sybil,0.25,0.5,[33],24020386,trust_weighted,4.960734278476524,"[0, 0, 0]","[96, 54, 135, 7, 150]","[96, 54, 135, 7, 150]",True,True,4.960734278476524,0,0.0,False,0,False,300,59,0.19666666666666666,82,0,159,0,0.3218547790975794,0.0
24,sybil,0.25,0.5,[33],24020386,clean_oracle,4.960734278476524,"[0, 0, 0]","[96, 54, 135, 7, 150]","[96, 54, 135, 7, 150]",True,True,4.960734278476524,0,0.0,False,0,False,300,59,0.19666666666666666,82,0,159,0,0.3218547790975794,0.0
24,sybil,0.5,0.0,[101],24020586,naive_poisoned,103.11122007710215,"[0, 0, 0]","[96, 54, 135, ""sybil:101:1"", 150]","[96, 54, 135, 101, 150]",False,False,17.29332162461019,1,0.3333333333333333,True,1,False,300,0,0.0,0,0,0,300,0.0,12.332587346133666
24,sybil,0.5,0.0,[101],24020586,trust_weighted,103.62073213920172,"[0, 0, 2]","[96, 54, 135, 33, 150]","[96, 54, 135, 33, 150]",False,False,17.203015340460503,0,0.0,False,0,False,300,0,0.0,0,0,0,300,0.0,12.242281061983979
24,sybil,0.5,0.0,[101],24020586,clean_oracle,4.960734278476524,"[0, 0, 0]","[96, 54, 135, 7, 150]","[96, 54, 135, 7, 150]",True,True,4.960734278476524,0,0.0,False,0,False,300,59,0.19666666666666666,82,0,159,0,0.3218547790975794,0.0
24,sybil,0.5,0.5,[33],24020636,naive_poisoned,103.06380927792355,"[0, 0, 0]","[96, 54, 135, ""sybil:33:1"", 150]","[96, 54, 135, 33, 150]",False,False,17.203015340460503,1,0.3333333333333333,True,1,False,300,0,0.0,0,0,0,300,0.0,12.242281061983979
24,sybil,0.5,0.5,[33],24020636,trust_weighted,103.7110384233514,"[0, 0, 1]","[96, 54, 135, 101, 150]","[96, 54, 135, 101, 150]",False,False,17.29332162461019,0,0.0,False,0,False,300,0,0.0,0,0,0,300,0.0,12.332587346133666
24,sybil,0.5,0.5,[33],24020636,clean_oracle,4.960734278476524,"[0, 0, 0]","[96, 54, 135, 7, 150]","[96, 54, 135, 7, 150]",True,True,4.960734278476524,0,0.0,False,0,False,300,59,0.19666666666666666,82,0,159,0,0.3218547790975794,0.0
24,sybil,0.75,0.0,[101],24020836,naive_poisoned,102.81131090397751,"[0, 0, 0]","[96, 54, 135, ""sybil:101:1"", 150]","[96, 54, 135, 101, 150]",False,False,17.29332162461019,1,0.3333333333333333,True,1,False,300,0,0.0,0,0,0,300,0.0,12.332587346133666
24,sybil,0.75,0.0,[101],24020836,trust_weighted,111.81131090397751,"[0, 0, 0]","[96, 54, 135, ""sybil:101:1"", 150]","[96, 54, 135, 101, 150]",False,False,17.29332162461019,1,0.3333333333333333,True,1,False,300,0,0.0,0,0,0,300,0.0,12.332587346133666
24,sybil,0.75,0.0,[101],24020836,clean_oracle,4.960734278476524,"[0, 0, 0]","[96, 54, 135, 7, 150]","[96, 54, 135, 7, 150]",True,True,4.960734278476524,0,0.0,False,0,False,300,59,0.19666666666666666,82,0,159,0,0.3218547790975794,0.0
24,sybil,0.75,0.5,[101],24020886,naive_poisoned,102.81131090397751,"[0, 0, 0]","[96, 54, 135, ""sybil:101:1"", 150]","[96, 54, 135, 101, 150]",False,False,17.29332162461019,1,0.3333333333333333,True,1,False,300,0,0.0,0,0,0,300,0.0,12.332587346133666
24,sybil,0.75,0.5,[101],24020886,trust_weighted,107.31131090397751,"[0, 0, 0]","[96, 54, 135, ""sybil:101:1"", 150]","[96, 54, 135, 101, 150]",False,False,17.29332162461019,1,0.3333333333333333,True,1,False,300,0,0.0,0,0,0,300,0.0,12.332587346133666
24,sybil,0.75,0.5,[101],24020886,clean_oracle,4.960734278476524,"[0, 0, 0]","[96, 54, 135, 7, 150]","[96, 54, 135, 7, 150]",True,True,4.960734278476524,0,0.0,False,0,False,300,59,0.19666666666666666,82,0,159,0,0.3218547790975794,0.0
24,sybil,1.0,0.0,[33],24021086,naive_poisoned,102.5068864166454,"[0, 0, 0]","[96, 54, 135, ""sybil:33:1"", 150]","[96, 54, 135, 33, 150]",False,False,17.203015340460503,1,0.3333333333333333,True,1,False,300,0,0.0,0,0,0,300,0.0,12.242281061983979
24,sybil,1.0,0.0,[33],24021086,trust_weighted,114.5068864166454,"[0, 0, 0]","[96, 54, 135, ""sybil:33:1"", 150]","[96, 54, 135, 33, 150]",False,False,17.203015340460503,1,0.3333333333333333,True,1,False,300,0,0.0,0,0,0,300,0.0,12.242281061983979
24,sybil,1.0,0.0,[33],24021086,clean_oracle,4.960734278476524,"[0, 0, 0]","[96, 54, 135, 7, 150]","[96, 54, 135, 7, 150]",True,True,4.960734278476524,0,0.0,False,0,False,300,59,0.19666666666666666,82,0,159,0,0.3218547790975794,0.0
24,sybil,1.0,0.5,[7],24021136,naive_poisoned,2.573886523609137,"[0, 0, 0]","[96, 54, 135, ""sybil:7:0"", 150]","[96, 54, 135, 7, 150]",True,True,4.960734278476524,1,0.3333333333333333,True,1,False,300,48,0.16,78,17,157,0,0.3099353606950572,0.0
24,sybil,1.0,0.5,[7],24021136,trust_weighted,8.573886523609136,"[0, 0, 0]","[96, 54, 135, ""sybil:7:0"", 150]","[96, 54, 135, 7, 150]",True,True,4.960734278476524,1,0.3333333333333333,True,1,False,300,48,0.16,78,17,157,0,0.3099353606950572,0.0
24,sybil,1.0,0.5,[7],24021136,clean_oracle,4.960734278476524,"[0, 0, 0]","[96, 54, 135, 7, 150]","[96, 54, 135, 7, 150]",True,True,4.960734278476524,1,0.3333333333333333,True,0,False,300,48,0.16,78,17,157,0,0.3099353606950572,0.0
25,sinkhole,0.25,0.0,[125],25000325,naive_poisoned,4.845152994798542,"[0, 0, 0]","[28, 118, 109, 21, 150]","[28, 118, 109, 21, 150]",True,True,4.845152994798542,0,0.0,False,0,False,300,95,0.31666666666666665,92,0,113,0,0.38578448555725586,0.0
25,sinkhole,0.25,0.0,[125],25000325,trust_weighted,4.845152994798542,"[0, 0, 0]","[28, 118, 109, 21, 150]","[28, 118, 109, 21, 150]",True,True,4.845152994798542,0,0.0,False,0,False,300,95,0.31666666666666665,92,0,113,0,0.38578448555725586,0.0
25,sinkhole,0.25,0.0,[125],25000325,clean_oracle,4.845152994798542,"[0, 0, 0]","[28, 118, 109, 21, 150]","[28, 118, 109, 21, 150]",True,True,4.845152994798542,0,0.0,False,0,False,300,95,0.31666666666666665,92,0,113,0,0.38578448555725586,0.0
25,sinkhole,0.25,0.5,[98],25000375,naive_poisoned,4.845152994798542,"[0, 0, 0]","[28, 118, 109, 21, 150]","[28, 118, 109, 21, 150]",True,True,4.845152994798542,0,0.0,False,0,False,300,95,0.31666666666666665,92,0,113,0,0.38578448555725586,0.0
25,sinkhole,0.25,0.5,[98],25000375,trust_weighted,4.845152994798542,"[0, 0, 0]","[28, 118, 109, 21, 150]","[28, 118, 109, 21, 150]",True,True,4.845152994798542,0,0.0,False,0,False,300,95,0.31666666666666665,92,0,113,0,0.38578448555725586,0.0
25,sinkhole,0.25,0.5,[98],25000375,clean_oracle,4.845152994798542,"[0, 0, 0]","[28, 118, 109, 21, 150]","[28, 118, 109, 21, 150]",True,True,4.845152994798542,0,0.0,False,0,False,300,95,0.31666666666666665,92,0,113,0,0.38578448555725586,0.0
25,sinkhole,0.5,0.0,[18],25000575,naive_poisoned,4.845152994798542,"[0, 0, 0]","[28, 118, 109, 21, 150]","[28, 118, 109, 21, 150]",True,True,4.845152994798542,0,0.0,False,0,False,300,95,0.31666666666666665,92,0,113,0,0.38578448555725586,0.0
25,sinkhole,0.5,0.0,[18],25000575,trust_weighted,4.845152994798542,"[0, 0, 0]","[28, 118, 109, 21, 150]","[28, 118, 109, 21, 150]",True,True,4.845152994798542,0,0.0,False,0,False,300,95,0.31666666666666665,92,0,113,0,0.38578448555725586,0.0
25,sinkhole,0.5,0.0,[18],25000575,clean_oracle,4.845152994798542,"[0, 0, 0]","[28, 118, 109, 21, 150]","[28, 118, 109, 21, 150]",True,True,4.845152994798542,0,0.0,False,0,False,300,95,0.31666666666666665,92,0,113,0,0.38578448555725586,0.0
25,sinkhole,0.5,0.5,[18],25000625,naive_poisoned,4.845152994798542,"[0, 0, 0]","[28, 118, 109, 21, 150]","[28, 118, 109, 21, 150]",True,True,4.845152994798542,0,0.0,False,0,False,300,95,0.31666666666666665,92,0,113,0,0.38578448555725586,0.0
25,sinkhole,0.5,0.5,[18],25000625,trust_weighted,4.845152994798542,"[0, 0, 0]","[28, 118, 109, 21, 150]","[28, 118, 109, 21, 150]",True,True,4.845152994798542,0,0.0,False,0,False,300,95,0.31666666666666665,92,0,113,0,0.38578448555725586,0.0
25,sinkhole,0.5,0.5,[18],25000625,clean_oracle,4.845152994798542,"[0, 0, 0]","[28, 118, 109, 21, 150]","[28, 118, 109, 21, 150]",True,True,4.845152994798542,0,0.0,False,0,False,300,95,0.31666666666666665,92,0,113,0,0.38578448555725586,0.0
25,sinkhole,0.75,0.0,"[84, 125]",25000825,naive_poisoned,4.845152994798542,"[0, 0, 0]","[28, 118, 109, 21, 150]","[28, 118, 109, 21, 150]",True,True,4.845152994798542,0,0.0,False,0,False,300,95,0.31666666666666665,92,0,113,0,0.38578448555725586,0.0
25,sinkhole,0.75,0.0,"[84, 125]",25000825,trust_weighted,4.845152994798542,"[0, 0, 0]","[28, 118, 109, 21, 150]","[28, 118, 109, 21, 150]",True,True,4.845152994798542,0,0.0,False,0,False,300,95,0.31666666666666665,92,0,113,0,0.38578448555725586,0.0
25,sinkhole,0.75,0.0,"[84, 125]",25000825,clean_oracle,4.845152994798542,"[0, 0, 0]","[28, 118, 109, 21, 150]","[28, 118, 109, 21, 150]",True,True,4.845152994798542,0,0.0,False,0,False,300,95,0.31666666666666665,92,0,113,0,0.38578448555725586,0.0
25,sinkhole,0.75,0.5,"[118, 21]",25000875,naive_poisoned,1.3929814860045808,"[0, 0, 0]","[28, 118, 109, 21, 150]","[28, 118, 109, 21, 150]",True,True,4.845152994798542,2,0.6666666666666666,True,0,False,300,73,0.24333333333333335,95,38,94,0,0.37095166912915367,0.0
25,sinkhole,0.75,0.5,"[118, 21]",25000875,trust_weighted,7.6599910764597805,"[1, 0, 0]","[28, 48, 109, 21, 150]","[28, 48, 109, 21, 150]",True,True,4.8966306080986755,1,0.3333333333333333,True,0,False,300,72,0.24,82,12,134,0,0.3456973738976785,0.05147761330013356
25,sinkhole,0.75,0.5,"[118, 21]",25000875,clean_oracle,4.845152994798542,"[0, 0, 0]","[28, 118, 109, 21, 150]","[28, 118, 109, 21, 150]",True,True,4.845152994798542,2,0.6666666666666666,True,0,False,300,73,0.24333333333333335,95,38,94,0,0.37095166912915367,0.0
25,sinkhole,1.0,0.0,"[116, 84]",25001075,naive_poisoned,4.845152994798542,"[0, 0, 0]","[28, 118, 109, 21, 150]","[28, 118, 109, 21, 150]",True,True,4.845152994798542,0,0.0,False,0,False,300,95,0.31666666666666665,92,0,113,0,0.38578448555725586,0.0
25,sinkhole,1.0,0.0,"[116, 84]",25001075,trust_weighted,4.845152994798542,"[0, 0, 0]","[28, 118, 109, 21, 150]","[28, 118, 109, 21, 150]",True,True,4.845152994798542,0,0.0,False,0,False,300,95,0.31666666666666665,92,0,113,0,0.38578448555725586,0.0
25,sinkhole,1.0,0.0,"[116, 84]",25001075,clean_oracle,4.845152994798542,"[0, 0, 0]","[28, 118, 109, 21, 150]","[28, 118, 109, 21, 150]",True,True,4.845152994798542,0,0.0,False,0,False,300,95,0.31666666666666665,92,0,113,0,0.38578448555725586,0.0
25,sinkhole,1.0,0.5,"[118, 18]",25001125,naive_poisoned,2.5577770252584537,"[0, 0, 0]","[28, 118, 109, 21, 150]","[28, 118, 109, 21, 150]",True,True,4.845152994798542,1,0.3333333333333333,True,0,False,300,82,0.2733333333333333,97,37,84,0,0.3729373318995499,0.0
25,sinkhole,1.0,0.5,"[118, 18]",25001125,trust_weighted,4.8966306080986755,"[1, 0, 0]","[28, 48, 109, 21, 150]","[28, 48, 109, 21, 150]",True,True,4.8966306080986755,0,0.0,False,0,False,300,83,0.27666666666666667,86,0,131,0,0.3550189272508657,0.05147761330013356
25,sinkhole,1.0,0.5,"[118, 18]",25001125,clean_oracle,4.845152994798542,"[0, 0, 0]","[28, 118, 109, 21, 150]","[28, 118, 109, 21, 150]",True,True,4.845152994798542,1,0.3333333333333333,True,0,False,300,82,0.2733333333333333,97,37,84,0,0.3729373318995499,0.0
25,wormhole,0.25,0.0,"[18, 116]",25010332,naive_poisoned,4.340185646793659,"[2, 1, 0]","[28, 18, 116, 21, 150]","[28, 18, 116, 21, 150]",True,False,17.197573193931575,2,0.6666666666666666,True,0,True,300,0,0.0,0,0,0,300,0.0,12.352420199133032
25,wormhole,0.25,0.0,"[18, 116]",25010332,trust_weighted,4.845152994798542,"[0, 0, 0]","[28, 118, 109, 21, 150]","[28, 118, 109, 21, 150]",True,True,4.845152994798542,0,0.0,False,0,False,300,95,0.31666666666666665,92,0,113,0,0.38578448555725586,0.0
25,wormhole,0.25,0.0,"[18, 116]",25010332,clean_oracle,4.845152994798542,"[0, 0, 0]","[28, 118, 109, 21, 150]","[28, 118, 109, 21, 150]",True,True,4.845152994798542,0,0.0,False,0,False,300,95,0.31666666666666665,92,0,113,0,0.38578448555725586,0.0
25,wormhole,0.25,0.5,"[18, 116]",25010382,naive_poisoned,4.340185646793659,"[2, 1, 0]","[28, 18, 116, 21, 150]","[28, 18, 116, 21, 150]",True,False,17.197573193931575,2,0.6666666666666666,True,0,True,300,0,0.0,0,0,0,300,0.0,12.352420199133032
25,wormhole,0.25,0.5,"[18, 116]",25010382,trust_weighted,4.845152994798542,"[0, 0, 0]","[28, 118, 109, 21, 150]","[28, 118, 109, 21, 150]",True,True,4.845152994798542,0,0.0,False,0,False,300,95,0.31666666666666665,92,0,113,0,0.38578448555725586,0.0
25,wormhole,0.25,0.5,"[18, 116]",25010382,clean_oracle,4.845152994798542,"[0, 0, 0]","[28, 118, 109, 21, 150]","[28, 118, 109, 21, 150]",True,True,4.845152994798542,0,0.0,False,0,False,300,95,0.31666666666666665,92,0,113,0,0.38578448555725586,0.0
25,wormhole,0.5,0.0,"[18, 84]",25010582,naive_poisoned,4.046678648950726,"[2, 2, 0]","[28, 18, 84, 21, 150]","[28, 18, 84, 21, 150]",True,False,17.146736535866463,2,0.6666666666666666,True,0,True,300,0,0.0,0,0,0,300,0.0,12.30158354106792
25,wormhole,0.5,0.0,"[18, 84]",25010582,trust_weighted,4.845152994798542,"[0, 0, 0]","[28, 118, 109, 21, 150]","[28, 118, 109, 21, 150]",True,True,4.845152994798542,0,0.0,False,0,False,300,95,0.31666666666666665,92,0,113,0,0.38578448555725586,0.0
25,wormhole,0.5,0.0,"[18, 84]",25010582,clean_oracle,4.845152994798542,"[0, 0, 0]","[28, 118, 109, 21, 150]","[28, 118, 109, 21, 150]",True,True,4.845152994798542,0,0.0,False,0,False,300,95,0.31666666666666665,92,0,113,0,0.38578448555725586,0.0
25,wormhole,0.5,0.5,"[18, 84]",25010632,naive_poisoned,4.046678648950726,"[2, 2, 0]","[28, 18, 84, 21, 150]","[28, 18, 84, 21, 150]",True,False,17.146736535866463,2,0.6666666666666666,True,0,True,300,0,0.0,0,0,0,300,0.0,12.30158354106792
25,wormhole,0.5,0.5,"[18, 84]",25010632,trust_weighted,4.845152994798542,"[0, 0, 0]","[28, 118, 109, 21, 150]","[28, 118, 109, 21, 150]",True,True,4.845152994798542,0,0.0,False,0,False,300,95,0.31666666666666665,92,0,113,0,0.38578448555725586,0.0
25,wormhole,0.5,0.5,"[18, 84]",25010632,clean_oracle,4.845152994798542,"[0, 0, 0]","[28, 118, 109, 21, 150]","[28, 118, 109, 21, 150]",True,True,4.845152994798542,0,0.0,False,0,False,300,95,0.31666666666666665,92,0,113,0,0.38578448555725586,0.0
25,wormhole,0.75,0.0,"[18, 84]",25010832,naive_poisoned,3.804008309172905,"[2, 2, 0]","[28, 18, 84, 21, 150]","[28, 18, 84, 21, 150]",True,False,17.146736535866463,2,0.6666666666666666,True,0,True,300,0,0.0,0,0,0,300,0.0,12.30158354106792
25,wormhole,0.75,0.0,"[18, 84]",25010832,trust_weighted,4.845152994798542,"[0, 0, 0]","[28, 118, 109, 21, 150]","[28, 118, 109, 21, 150]",True,True,4.845152994798542,0,0.0,False,0,False,300,95,0.31666666666666665,92,0,113,0,0.38578448555725586,0.0
25,wormhole,0.75,0.0,"[18, 84]",25010832,clean_oracle,4.845152994798542,"[0, 0, 0]","[28, 118, 109, 21, 150]","[28, 118, 109, 21, 150]",True,True,4.845152994798542,0,0.0,False,0,False,300,95,0.31666666666666665,92,0,113,0,0.38578448555725586,0.0
25,wormhole,0.75,0.5,"[18, 116]",25010882,naive_poisoned,3.8548449672380167,"[2, 1, 0]","[28, 18, 116, 21, 150]","[28, 18, 116, 21, 150]",True,False,17.197573193931575,2,0.6666666666666666,True,0,True,300,0,0.0,0,0,0,300,0.0,12.352420199133032
25,wormhole,0.75,0.5,"[18, 116]",25010882,trust_weighted,4.845152994798542,"[0, 0, 0]","[28, 118, 109, 21, 150]","[28, 118, 109, 21, 150]",True,True,4.845152994798542,0,0.0,False,0,False,300,95,0.31666666666666665,92,0,113,0,0.38578448555725586,0.0
25,wormhole,0.75,0.5,"[18, 116]",25010882,clean_oracle,4.845152994798542,"[0, 0, 0]","[28, 118, 109, 21, 150]","[28, 118, 109, 21, 150]",True,True,4.845152994798542,0,0.0,False,0,False,300,95,0.31666666666666665,92,0,113,0,0.38578448555725586,0.0
25,wormhole,1.0,0.0,"[18, 84]",25011082,naive_poisoned,3.561337969395084,"[2, 2, 0]","[28, 18, 84, 21, 150]","[28, 18, 84, 21, 150]",True,False,17.146736535866463,2,0.6666666666666666,True,0,True,300,0,0.0,0,0,0,300,0.0,12.30158354106792
25,wormhole,1.0,0.0,"[18, 84]",25011082,trust_weighted,4.845152994798542,"[0, 0, 0]","[28, 118, 109, 21, 150]","[28, 118, 109, 21, 150]",True,True,4.845152994798542,0,0.0,False,0,False,300,95,0.31666666666666665,92,0,113,0,0.38578448555725586,0.0
25,wormhole,1.0,0.0,"[18, 84]",25011082,clean_oracle,4.845152994798542,"[0, 0, 0]","[28, 118, 109, 21, 150]","[28, 118, 109, 21, 150]",True,True,4.845152994798542,0,0.0,False,0,False,300,95,0.31666666666666665,92,0,113,0,0.38578448555725586,0.0
25,wormhole,1.0,0.5,"[18, 116]",25011132,naive_poisoned,3.6121746274601954,"[2, 1, 0]","[28, 18, 116, 21, 150]","[28, 18, 116, 21, 150]",True,False,17.197573193931575,2,0.6666666666666666,True,0,True,300,0,0.0,0,0,0,300,0.0,12.352420199133032
25,wormhole,1.0,0.5,"[18, 116]",25011132,trust_weighted,4.845152994798542,"[0, 0, 0]","[28, 118, 109, 21, 150]","[28, 118, 109, 21, 150]",True,True,4.845152994798542,0,0.0,False,0,False,300,95,0.31666666666666665,92,0,113,0,0.38578448555725586,0.0
25,wormhole,1.0,0.5,"[18, 116]",25011132,clean_oracle,4.845152994798542,"[0, 0, 0]","[28, 118, 109, 21, 150]","[28, 118, 109, 21, 150]",True,True,4.845152994798542,0,0.0,False,0,False,300,95,0.31666666666666665,92,0,113,0,0.38578448555725586,0.0
25,sybil,0.25,0.0,[98],25020339,naive_poisoned,4.845152994798542,"[0, 0, 0]","[28, 118, 109, 21, 150]","[28, 118, 109, 21, 150]",True,True,4.845152994798542,0,0.0,False,0,False,300,95,0.31666666666666665,92,0,113,0,0.38578448555725586,0.0
25,sybil,0.25,0.0,[98],25020339,trust_weighted,4.845152994798542,"[0, 0, 0]","[28, 118, 109, 21, 150]","[28, 118, 109, 21, 150]",True,True,4.845152994798542,0,0.0,False,0,False,300,95,0.31666666666666665,92,0,113,0,0.38578448555725586,0.0
25,sybil,0.25,0.0,[98],25020339,clean_oracle,4.845152994798542,"[0, 0, 0]","[28, 118, 109, 21, 150]","[28, 118, 109, 21, 150]",True,True,4.845152994798542,0,0.0,False,0,False,300,95,0.31666666666666665,92,0,113,0,0.38578448555725586,0.0
25,sybil,0.25,0.5,[98],25020389,naive_poisoned,4.845152994798542,"[0, 0, 0]","[28, 118, 109, 21, 150]","[28, 118, 109, 21, 150]",True,True,4.845152994798542,0,0.0,False,0,False,300,95,0.31666666666666665,92,0,113,0,0.38578448555725586,0.0
25,sybil,0.25,0.5,[98],25020389,trust_weighted,4.845152994798542,"[0, 0, 0]","[28, 118, 109, 21, 150]","[28, 118, 109, 21, 150]",True,True,4.845152994798542,0,0.0,False,0,False,300,95,0.31666666666666665,92,0,113,0,0.38578448555725586,0.0
25,sybil,0.25,0.5,[98],25020389,clean_oracle,4.845152994798542,"[0, 0, 0]","[28, 118, 109, 21, 150]","[28, 118, 109, 21, 150]",True,True,4.845152994798542,0,0.0,False,0,False,300,95,0.31666666666666665,92,0,113,0,0.38578448555725586,0.0
25,sybil,0.5,0.0,[98],25020589,naive_poisoned,103.01864882062961,"[0, 0, 0]","[28, 118, 109, ""sybil:98:1"", 150]","[28, 118, 109, 98, 150]",False,False,17.207841032122012,1,0.3333333333333333,True,1,False,300,0,0.0,0,0,0,300,0.0,12.362688037323469
25,sybil,0.5,0.0,[98],25020589,trust_weighted,103.47932513666834,"[0, 0, 1]","[28, 118, 109, 125, 150]","[28, 118, 109, 125, 150]",False,False,17.115812195724516,0,0.0,False,0,False,300,0,0.0,0,0,0,300,0.0,12.270659200925973
25,sybil,0.5,0.0,[98],25020589,clean_oracle,4.845152994798542,"[0, 0, 0]","[28, 118, 109, 21, 150]","[28, 118, 109, 21, 150]",True,True,4.845152994798542,0,0.0,False,0,False,300,95,0.31666666666666665,92,0,113,0,0.38578448555725586,0.0
25,sybil,0.5,0.5,[21],25020639,naive_poisoned,3.6873933070392786,"[0, 0, 0]","[28, 118, 109, ""sybil:21:0"", 150]","[28, 118, 109, 21, 150]",True,True,4.845152994798542,1,0.3333333333333333,True,1,False,300,80,0.26666666666666666,93,13,114,0,0.3719746999814486,0.0
25,sybil,0.5,0.5,[21],25020639,trust_weighted,6.687393307039279,"[0, 0, 0]","[28, 118, 109, ""sybil:21:0"", 150]","[28, 118, 109, 21, 150]",True,True,4.845152994798542,1,0.3333333333333333,True,1,False,300,80,0.26666666666666666,93,13,114,0,0.3719746999814486,0.0
25,sybil,0.5,0.5,[21],25020639,clean_oracle,4.845152994798542,"[0, 0, 0]","[28, 118, 109, 21, 150]","[28, 118, 109, 21, 150]",True,True,4.845152994798542,1,0.3333333333333333,True,0,False,300,80,0.26666666666666666,93,13,114,0,0.3719746999814486,0.0
25,sybil,0.75,0.0,[21],25020839,naive_poisoned,3.1085134631596465,"[0, 0, 0]","[28, 118, 109, ""sybil:21:0"", 150]","[28, 118, 109, 21, 150]",True,True,4.845152994798542,1,0.3333333333333333,True,1,False,300,76,0.25333333333333335,94,16,114,0,0.3684156103122085,0.0
25,sybil,0.75,0.0,[21],25020839,trust_weighted,12.108513463159646,"[0, 0, 0]","[28, 118, 109, ""sybil:21:0"", 150]","[28, 118, 109, 21, 150]",True,True,4.845152994798542,1,0.3333333333333333,True,1,False,300,76,0.25333333333333335,94,16,114,0,0.3684156103122085,0.0
25,sybil,0.75,0.0,[21],25020839,clean_oracle,4.845152994798542,"[0, 0, 0]","[28, 118, 109, 21, 150]","[28, 118, 109, 21, 150]",True,True,4.845152994798542,1,0.3333333333333333,True,0,False,300,76,0.25333333333333335,94,16,114,0,0.3684156103122085,0.0
25,sybil,0.75,0.5,[98],25020889,naive_poisoned,102.74229624441149,"[0, 0, 0]","[28, 118, 109, ""sybil:98:1"", 150]","[28, 118, 109, 98, 150]",False,False,17.207841032122012,1,0.3333333333333333,True,1,False,300,0,0.0,0,0,0,300,0.0,12.362688037323469
25,sybil,0.75,0.5,[98],25020889,trust_weighted,107.24229624441149,"[0, 0, 0]","[28, 118, 109, ""sybil:98:1"", 150]","[28, 118, 109, 98, 150]",False,False,17.207841032122012,1,0.3333333333333333,True,1,False,300,0,0.0,0,0,0,300,0.0,12.362688037323469
25,sybil,0.75,0.5,[98],25020889,clean_oracle,4.845152994798542,"[0, 0, 0]","[28, 118, 109, 21, 150]","[28, 118, 109, 21, 150]",True,True,4.845152994798542,0,0.0,False,0,False,300,95,0.31666666666666665,92,0,113,0,0.38578448555725586,0.0
25,sybil,1.0,0.0,[98],25021089,naive_poisoned,102.46594366819338,"[0, 0, 0]","[28, 118, 109, ""sybil:98:1"", 150]","[28, 118, 109, 98, 150]",False,False,17.207841032122012,1,0.3333333333333333,True,1,False,300,0,0.0,0,0,0,300,0.0,12.362688037323469
25,sybil,1.0,0.0,[98],25021089,trust_weighted,114.46594366819338,"[0, 0, 0]","[28, 118, 109, ""sybil:98:1"", 150]","[28, 118, 109, 98, 150]",False,False,17.207841032122012,1,0.3333333333333333,True,1,False,300,0,0.0,0,0,0,300,0.0,12.362688037323469
25,sybil,1.0,0.0,[98],25021089,clean_oracle,4.845152994798542,"[0, 0, 0]","[28, 118, 109, 21, 150]","[28, 118, 109, 21, 150]",True,True,4.845152994798542,0,0.0,False,0,False,300,95,0.31666666666666665,92,0,113,0,0.38578448555725586,0.0
25,sybil,1.0,0.5,[21],25021139,naive_poisoned,2.5296336192800153,"[0, 0, 0]","[28, 118, 109, ""sybil:21:0"", 150]","[28, 118, 109, 21, 150]",True,True,4.845152994798542,1,0.3333333333333333,True,1,False,300,72,0.24,91,23,114,0,0.36730772125199884,0.0
25,sybil,1.0,0.5,[21],25021139,trust_weighted,8.529633619280016,"[0, 0, 0]","[28, 118, 109, ""sybil:21:0"", 150]","[28, 118, 109, 21, 150]",True,True,4.845152994798542,1,0.3333333333333333,True,1,False,300,72,0.24,91,23,114,0,0.36730772125199884,0.0
25,sybil,1.0,0.5,[21],25021139,clean_oracle,4.845152994798542,"[0, 0, 0]","[28, 118, 109, 21, 150]","[28, 118, 109, 21, 150]",True,True,4.845152994798542,1,0.3333333333333333,True,0,False,300,72,0.24,91,23,114,0,0.36730772125199884,0.0
26,sinkhole,0.25,0.0,[132],26000328,naive_poisoned,4.87499924723565,"[0, 0, 0]","[75, 29, 109, 2, 150]","[75, 29, 109, 2, 150]",True,True,4.87499924723565,0,0.0,False,0,False,300,75,0.25,98,0,127,0,0.3576329676228571,0.0
26,sinkhole,0.25,0.0,[132],26000328,trust_weighted,4.87499924723565,"[0, 0, 0]","[75, 29, 109, 2, 150]","[75, 29, 109, 2, 150]",True,True,4.87499924723565,0,0.0,False,0,False,300,75,0.25,98,0,127,0,0.3576329676228571,0.0
26,sinkhole,0.25,0.0,[132],26000328,clean_oracle,4.87499924723565,"[0, 0, 0]","[75, 29, 109, 2, 150]","[75, 29, 109, 2, 150]",True,True,4.87499924723565,0,0.0,False,0,False,300,75,0.25,98,0,127,0,0.3576329676228571,0.0
26,sinkhole,0.25,0.5,[119],26000378,naive_poisoned,4.87499924723565,"[0, 0, 0]","[75, 29, 109, 2, 150]","[75, 29, 109, 2, 150]",True,True,4.87499924723565,0,0.0,False,0,False,300,75,0.25,98,0,127,0,0.3576329676228571,0.0
26,sinkhole,0.25,0.5,[119],26000378,trust_weighted,4.87499924723565,"[0, 0, 0]","[75, 29, 109, 2, 150]","[75, 29, 109, 2, 150]",True,True,4.87499924723565,0,0.0,False,0,False,300,75,0.25,98,0,127,0,0.3576329676228571,0.0
26,sinkhole,0.25,0.5,[119],26000378,clean_oracle,4.87499924723565,"[0, 0, 0]","[75, 29, 109, 2, 150]","[75, 29, 109, 2, 150]",True,True,4.87499924723565,0,0.0,False,0,False,300,75,0.25,98,0,127,0,0.3576329676228571,0.0
26,sinkhole,0.5,0.0,[104],26000578,naive_poisoned,4.87499924723565,"[0, 0, 0]","[75, 29, 109, 2, 150]","[75, 29, 109, 2, 150]",True,True,4.87499924723565,0,0.0,False,0,False,300,75,0.25,98,0,127,0,0.3576329676228571,0.0
26,sinkhole,0.5,0.0,[104],26000578,trust_weighted,4.87499924723565,"[0, 0, 0]","[75, 29, 109, 2, 150]","[75, 29, 109, 2, 150]",True,True,4.87499924723565,0,0.0,False,0,False,300,75,0.25,98,0,127,0,0.3576329676228571,0.0
26,sinkhole,0.5,0.0,[104],26000578,clean_oracle,4.87499924723565,"[0, 0, 0]","[75, 29, 109, 2, 150]","[75, 29, 109, 2, 150]",True,True,4.87499924723565,0,0.0,False,0,False,300,75,0.25,98,0,127,0,0.3576329676228571,0.0
26,sinkhole,0.5,0.5,[132],26000628,naive_poisoned,4.87499924723565,"[0, 0, 0]","[75, 29, 109, 2, 150]","[75, 29, 109, 2, 150]",True,True,4.87499924723565,0,0.0,False,0,False,300,75,0.25,98,0,127,0,0.3576329676228571,0.0
26,sinkhole,0.5,0.5,[132],26000628,trust_weighted,4.87499924723565,"[0, 0, 0]","[75, 29, 109, 2, 150]","[75, 29, 109, 2, 150]",True,True,4.87499924723565,0,0.0,False,0,False,300,75,0.25,98,0,127,0,0.3576329676228571,0.0
26,sinkhole,0.5,0.5,[132],26000628,clean_oracle,4.87499924723565,"[0, 0, 0]","[75, 29, 109, 2, 150]","[75, 29, 109, 2, 150]",True,True,4.87499924723565,0,0.0,False,0,False,300,75,0.25,98,0,127,0,0.3576329676228571,0.0
26,sinkhole,0.75,0.0,"[109, 104]",26000828,naive_poisoned,3.064387234144559,"[0, 0, 0]","[75, 29, 109, 2, 150]","[75, 29, 109, 2, 150]",True,True,4.87499924723565,1,0.3333333333333333,True,0,False,300,64,0.21333333333333335,96,14,126,0,0.3408247220899643,0.0
26,sinkhole,0.75,0.0,"[109, 104]",26000828,trust_weighted,12.064387234144558,"[0, 0, 0]","[75, 29, 109, 2, 150]","[75, 29, 109, 2, 150]",True,True,4.87499924723565,1,0.3333333333333333,True,0,False,300,64,0.21333333333333335,96,14,126,0,0.3408247220899643,0.0
26,sinkhole,0.75,0.0,"[109, 104]",26000828,clean_oracle,4.87499924723565,"[0, 0, 0]","[75, 29, 109, 2, 150]","[75, 29, 109, 2, 150]",True,True,4.87499924723565,1,0.3333333333333333,True,0,False,300,64,0.21333333333333335,96,14,126,0,0.3408247220899643,0.0
26,sinkhole,0.75,0.5,"[124, 2]",26000878,naive_poisoned,3.115318006013297,"[0, 0, 0]","[75, 29, 109, 2, 150]","[75, 29, 109, 2, 150]",True,True,4.87499924723565,1,0.3333333333333333,True,0,False,300,73,0.24333333333333335,88,12,127,0,0.3560059713913102,0.0
26,sinkhole,0.75,0.5,"[124, 2]",26000878,trust_weighted,7.615318006013297,"[0, 0, 0]","[75, 29, 109, 2, 150]","[75, 29, 109, 2, 150]",True,True,4.87499924723565,1,0.3333333333333333,True,0,False,300,73,0.24333333333333335,88,12,127,0,0.3560059713913102,0.0
26,sinkhole,0.75,0.5,"[124, 2]",26000878,clean_oracle,4.87499924723565,"[0, 0, 0]","[75, 29, 109, 2, 150]","[75, 29, 109, 2, 150]",True,True,4.87499924723565,1,0.3333333333333333,True,0,False,300,73,0.24333333333333335,88,12,127,0,0.3560059713913102,0.0
26,sinkhole,1.0,0.0,"[119, 109]",26001078,naive_poisoned,2.460849896447529,"[0, 0, 0]","[75, 29, 109, 2, 150]","[75, 29, 109, 2, 150]",True,True,4.87499924723565,1,0.3333333333333333,True,0,False,300,65,0.21666666666666667,91,18,126,0,0.33843927072231317,0.0
26,sinkhole,1.0,0.0,"[119, 109]",26001078,trust_weighted,14.46084989644753,"[0, 0, 0]","[75, 29, 109, 2, 150]","[75, 29, 109, 2, 150]",True,True,4.87499924723565,1,0.3333333333333333,True,0,False,300,65,0.21666666666666667,91,18,126,0,0.33843927072231317,0.0
26,sinkhole,1.0,0.0,"[119, 109]",26001078,clean_oracle,4.87499924723565,"[0, 0, 0]","[75, 29, 109, 2, 150]","[75, 29, 109, 2, 150]",True,True,4.87499924723565,1,0.3333333333333333,True,0,False,300,65,0.21666666666666667,91,18,126,0,0.33843927072231317,0.0
26,sinkhole,1.0,0.5,"[124, 132]",26001128,naive_poisoned,4.87499924723565,"[0, 0, 0]","[75, 29, 109, 2, 150]","[75, 29, 109, 2, 150]",True,True,4.87499924723565,0,0.0,False,0,False,300,75,0.25,98,0,127,0,0.3576329676228571,0.0
26,sinkhole,1.0,0.5,"[124, 132]",26001128,trust_weighted,4.87499924723565,"[0, 0, 0]","[75, 29, 109, 2, 150]","[75, 29, 109, 2, 150]",True,True,4.87499924723565,0,0.0,False,0,False,300,75,0.25,98,0,127,0,0.3576329676228571,0.0
26,sinkhole,1.0,0.5,"[124, 132]",26001128,clean_oracle,4.87499924723565,"[0, 0, 0]","[75, 29, 109, 2, 150]","[75, 29, 109, 2, 150]",True,True,4.87499924723565,0,0.0,False,0,False,300,75,0.25,98,0,127,0,0.3576329676228571,0.0
26,wormhole,0.25,0.0,"[124, 28]",26010335,naive_poisoned,4.212717685783414,"[2, 1, 0]","[75, 124, 28, 2, 150]","[75, 124, 28, 2, 150]",True,False,17.061279168479405,2,0.6666666666666666,True,0,True,300,0,0.0,0,0,0,300,0.0,12.186279921243756
26,wormhole,0.25,0.0,"[124, 28]",26010335,trust_weighted,4.87499924723565,"[0, 0, 0]","[75, 29, 109, 2, 150]","[75, 29, 109, 2, 150]",True,True,4.87499924723565,0,0.0,False,0,False,300,75,0.25,98,0,127,0,0.3576329676228571,0.0
26,wormhole,0.25,0.0,"[124, 28]",26010335,clean_oracle,4.87499924723565,"[0, 0, 0]","[75, 29, 109, 2, 150]","[75, 29, 109, 2, 150]",True,True,4.87499924723565,0,0.0,False,0,False,300,75,0.25,98,0,127,0,0.3576329676228571,0.0
26,wormhole,0.25,0.5,"[104, 119]",26010385,naive_poisoned,4.135687095399864,"[2, 2, 2]","[75, 124, 104, 119, 150]","[75, 124, 104, 119, 150]",True,False,16.98424857809586,2,0.6666666666666666,True,0,True,300,0,0.0,0,0,0,300,0.0,12.109249330860209
26,wormhole,0.25,0.5,"[104, 119]",26010385,trust_weighted,4.87499924723565,"[0, 0, 0]","[75, 29, 109, 2, 150]","[75, 29, 109, 2, 150]",True,True,4.87499924723565,0,0.0,False,0,False,300,75,0.25,98,0,127,0,0.3576329676228571,0.0
26,wormhole,0.25,0.5,"[104, 119]",26010385,clean_oracle,4.87499924723565,"[0, 0, 0]","[75, 29, 109, 2, 150]","[75, 29, 109, 2, 150]",True,True,4.87499924723565,0,0.0,False,0,False,300,75,0.25,98,0,127,0,0.3576329676228571,0.0
26,wormhole,0.5,0.0,"[104, 119]",26010585,naive_poisoned,3.8915702896520052,"[2, 2, 2]","[75, 124, 104, 119, 150]","[75, 124, 104, 119, 150]",True,False,16.98424857809586,2,0.6666666666666666,True,0,True,300,0,0.0,0,0,0,300,0.0,12.109249330860209
26,wormhole,0.5,0.0,"[104, 119]",26010585,trust_weighted,4.87499924723565,"[0, 0, 0]","[75, 29, 109, 2, 150]","[75, 29, 109, 2, 150]",True,True,4.87499924723565,0,0.0,False,0,False,300,75,0.25,98,0,127,0,0.3576329676228571,0.0
26,wormhole,0.5,0.0,"[104, 119]",26010585,clean_oracle,4.87499924723565,"[0, 0, 0]","[75, 29, 109, 2, 150]","[75, 29, 109, 2, 150]",True,True,4.87499924723565,0,0.0,False,0,False,300,75,0.25,98,0,127,0,0.3576329676228571,0.0
26,wormhole,0.5,0.5,"[124, 28]",26010635,naive_poisoned,3.9686008800355546,"[2, 1, 0]","[75, 124, 28, 2, 150]","[75, 124, 28, 2, 150]",True,False,17.061279168479405,2,0.6666666666666666,True,0,True,300,0,0.0,0,0,0,300,0.0,12.186279921243756
26,wormhole,0.5,0.5,"[124, 28]",26010635,trust_weighted,4.87499924723565,"[0, 0, 0]","[75, 29, 109, 2, 150]","[75, 29, 109, 2, 150]",True,True,4.87499924723565,0,0.0,False,0,False,300,75,0.25,98,0,127,0,0.3576329676228571,0.0
26,wormhole,0.5,0.5,"[124, 28]",26010635,clean_oracle,4.87499924723565,"[0, 0, 0]","[75, 29, 109, 2, 150]","[75, 29, 109, 2, 150]",True,True,4.87499924723565,0,0.0,False,0,False,300,75,0.25,98,0,127,0,0.3576329676228571,0.0
26,wormhole,0.75,0.0,"[104, 119]",26010835,naive_poisoned,3.647453483904146,"[2, 2, 2]","[75, 124, 104, 119, 150]","[75, 124, 104, 119, 150]",True,False,16.98424857809586,2,0.6666666666666666,True,0,True,300,0,0.0,0,0,0,300,0.0,12.109249330860209
26,wormhole,0.75,0.0,"[104, 119]",26010835,trust_weighted,4.87499924723565,"[0, 0, 0]","[75, 29, 109, 2, 150]","[75, 29, 109, 2, 150]",True,True,4.87499924723565,0,0.0,False,0,False,300,75,0.25,98,0,127,0,0.3576329676228571,0.0
26,wormhole,0.75,0.0,"[104, 119]",26010835,clean_oracle,4.87499924723565,"[0, 0, 0]","[75, 29, 109, 2, 150]","[75, 29, 109, 2, 150]",True,True,4.87499924723565,0,0.0,False,0,False,300,75,0.25,98,0,127,0,0.3576329676228571,0.0
26,wormhole,0.75,0.5,"[109, 119]",26010885,naive_poisoned,3.761408304513003,"[0, 0, 2]","[75, 29, 109, 119, 150]","[75, 29, 109, 119, 150]",True,False,17.098203398704715,2,0.6666666666666666,True,0,True,300,0,0.0,0,0,0,300,0.0,12.223204151469066
26,wormhole,0.75,0.5,"[109, 119]",26010885,trust_weighted,9.37499924723565,"[0, 0, 0]","[75, 29, 109, 2, 150]","[75, 29, 109, 2, 150]",True,True,4.87499924723565,1,0.3333333333333333,True,0,False,300,64,0.21333333333333335,93,17,126,0,0.338710281035528,0.0
26,wormhole,0.75,0.5,"[109, 119]",26010885,clean_oracle,4.87499924723565,"[0, 0, 0]","[75, 29, 109, 2, 150]","[75, 29, 109, 2, 150]",True,True,4.87499924723565,1,0.3333333333333333,True,0,False,300,64,0.21333333333333335,93,17,126,0,0.338710281035528,0.0
26,wormhole,1.0,0.0,"[124, 28]",26011085,naive_poisoned,3.4803672685398372,"[2, 1, 0]","[75, 124, 28, 2, 150]","[75, 124, 28, 2, 150]",True,False,17.061279168479405,2,0.6666666666666666,True,0,True,300,0,0.0,0,0,0,300,0.0,12.186279921243756
26,wormhole,1.0,0.0,"[124, 28]",26011085,trust_weighted,4.87499924723565,"[0, 0, 0]","[75, 29, 109, 2, 150]","[75, 29, 109, 2, 150]",True,True,4.87499924723565,0,0.0,False,0,False,300,75,0.25,98,0,127,0,0.3576329676228571,0.0
26,wormhole,1.0,0.0,"[124, 28]",26011085,clean_oracle,4.87499924723565,"[0, 0, 0]","[75, 29, 109, 2, 150]","[75, 29, 109, 2, 150]",True,True,4.87499924723565,0,0.0,False,0,False,300,75,0.25,98,0,127,0,0.3576329676228571,0.0
26,wormhole,1.0,0.5,"[109, 119]",26011135,naive_poisoned,3.5172914987651445,"[0, 0, 2]","[75, 29, 109, 119, 150]","[75, 29, 109, 119, 150]",True,False,17.098203398704715,2,0.6666666666666666,True,0,True,300,0,0.0,0,0,0,300,0.0,12.223204151469066
26,wormhole,1.0,0.5,"[109, 119]",26011135,trust_weighted,10.87499924723565,"[0, 0, 0]","[75, 29, 109, 2, 150]","[75, 29, 109, 2, 150]",True,True,4.87499924723565,1,0.3333333333333333,True,0,False,300,65,0.21666666666666667,91,18,126,0,0.33843927072231317,0.0
26,wormhole,1.0,0.5,"[109, 119]",26011135,clean_oracle,4.87499924723565,"[0, 0, 0]","[75, 29, 109, 2, 150]","[75, 29, 109, 2, 150]",True,True,4.87499924723565,1,0.3333333333333333,True,0,False,300,65,0.21666666666666667,91,18,126,0,0.33843927072231317,0.0
26,sybil,0.25,0.0,[132],26020342,naive_poisoned,4.87499924723565,"[0, 0, 0]","[75, 29, 109, 2, 150]","[75, 29, 109, 2, 150]",True,True,4.87499924723565,0,0.0,False,0,False,300,75,0.25,98,0,127,0,0.3576329676228571,0.0
26,sybil,0.25,0.0,[132],26020342,trust_weighted,4.87499924723565,"[0, 0, 0]","[75, 29, 109, 2, 150]","[75, 29, 109, 2, 150]",True,True,4.87499924723565,0,0.0,False,0,False,300,75,0.25,98,0,127,0,0.3576329676228571,0.0
26,sybil,0.25,0.0,[132],26020342,clean_oracle,4.87499924723565,"[0, 0, 0]","[75, 29, 109, 2, 150]","[75, 29, 109, 2, 150]",True,True,4.87499924723565,0,0.0,False,0,False,300,75,0.25,98,0,127,0,0.3576329676228571,0.0
26,sybil,0.25,0.5,[119],26020392,naive_poisoned,4.87499924723565,"[0, 0, 0]","[75, 29, 109, 2, 150]","[75, 29, 109, 2, 150]",True,True,4.87499924723565,0,0.0,False,0,False,300,75,0.25,98,0,127,0,0.3576329676228571,0.0
26,sybil,0.25,0.5,[119],26020392,trust_weighted,4.87499924723565,"[0, 0, 0]","[75, 29, 109, 2, 150]","[75, 29, 109, 2, 150]",True,True,4.87499924723565,0,0.0,False,0,False,300,75,0.25,98,0,127,0,0.3576329676228571,0.0
26,sybil,0.25,0.5,[119],26020392,clean_oracle,4.87499924723565,"[0, 0, 0]","[75, 29, 109, 2, 150]","[75, 29, 109, 2, 150]",True,True,4.87499924723565,0,0.0,False,0,False,300,75,0.25,98,0,127,0,0.3576329676228571,0.0
26,sybil,0.5,0.0,[119],26020592,naive_poisoned,102.84814570003661,"[2, 2, 0]","[75, 124, 104, ""sybil:119:1"", 150]","[75, 124, 104, 119, 150]",False,False,16.98424857809586,1,0.3333333333333333,True,1,False,300,0,0.0,0,0,0,300,0.0,12.109249330860209
26,sybil,0.5,0.0,[119],26020592,trust_weighted,103.58551590676686,"[0, 0, 1]","[75, 29, 109, 132, 150]","[75, 29, 109, 132, 150]",False,False,17.217820818442817,0,0.0,False,0,False,300,0,0.0,0,0,0,300,0.0,12.342821571207168
26,sybil,0.5,0.0,[119],26020592,clean_oracle,4.87499924723565,"[0, 0, 0]","[75, 29, 109, 2, 150]","[75, 29, 109, 2, 150]",True,True,4.87499924723565,0,0.0,False,0,False,300,75,0.25,98,0,127,0,0.3576329676228571,0.0
26,sybil,0.5,0.5,[132],26020642,naive_poisoned,103.02489966600797,"[0, 0, 0]","[75, 29, 109, ""sybil:132:1"", 150]","[75, 29, 109, 132, 150]",False,False,17.217820818442817,1,0.3333333333333333,True,1,False,300,0,0.0,0,0,0,300,0.0,12.342821571207168
26,sybil,0.5,0.5,[132],26020642,trust_weighted,103.3519436664199,"[2, 2, 2]","[75, 124, 104, 119, 150]","[75, 124, 104, 119, 150]",False,False,16.98424857809586,0,0.0,False,0,False,300,0,0.0,0,0,0,300,0.0,12.109249330860209
26,sybil,0.5,0.5,[132],26020642,clean_oracle,4.87499924723565,"[0, 0, 0]","[75, 29, 109, 2, 150]","[75, 29, 109, 2, 150]",True,True,4.87499924723565,0,0.0,False,0,False,300,75,0.25,98,0,127,0,0.3576329676228571,0.0
26,sybil,0.75,0.0,[2],26020842,naive_poisoned,3.115318006013297,"[0, 0, 0]","[75, 29, 109, ""sybil:2:0"", 150]","[75, 29, 109, 2, 150]",True,True,4.87499924723565,1,0.3333333333333333,True,1,False,300,71,0.23666666666666666,89,14,126,0,0.3551383646481199,0.0
26,sybil,0.75,0.0,[2],26020842,trust_weighted,12.115318006013297,"[0, 0, 0]","[75, 29, 109, ""sybil:2:0"", 150]","[75, 29, 109, 2, 150]",True,True,4.87499924723565,1,0.3333333333333333,True,1,False,300,71,0.23666666666666666,89,14,126,0,0.3551383646481199,0.0
26,sybil,0.75,0.0,[2],26020842,clean_oracle,4.87499924723565,"[0, 0, 0]","[75, 29, 109, 2, 150]","[75, 29, 109, 2, 150]",True,True,4.87499924723565,1,0.3333333333333333,True,0,False,300,71,0.23666666666666666,89,14,126,0,0.3551383646481199,0.0
26,sybil,0.75,0.5,[2],26020892,naive_poisoned,3.115318006013297,"[0, 0, 0]","[75, 29, 109, ""sybil:2:0"", 150]","[75, 29, 109, 2, 150]",True,True,4.87499924723565,1,0.3333333333333333,True,1,False,300,71,0.23666666666666666,89,14,126,0,0.3551383646481199,0.0
26,sybil,0.75,0.5,[2],26020892,trust_weighted,7.615318006013297,"[0, 0, 0]","[75, 29, 109, ""sybil:2:0"", 150]","[75, 29, 109, 2, 150]",True,True,4.87499924723565,1,0.3333333333333333,True,1,False,300,71,0.23666666666666666,89,14,126,0,0.3551383646481199,0.0
26,sybil,0.75,0.5,[2],26020892,clean_oracle,4.87499924723565,"[0, 0, 0]","[75, 29, 109, 2, 150]","[75, 29, 109, 2, 150]",True,True,4.87499924723565,1,0.3333333333333333,True,0,False,300,71,0.23666666666666666,89,14,126,0,0.3551383646481199,0.0
26,sybil,1.0,0.0,[2],26021092,naive_poisoned,2.5287575922725125,"[0, 0, 0]","[75, 29, 109, ""sybil:2:0"", 150]","[75, 29, 109, 2, 150]",True,True,4.87499924723565,1,0.3333333333333333,True,1,False,300,64,0.21333333333333335,84,26,126,0,0.3502583103057315,0.0
26,sybil,1.0,0.0,[2],26021092,trust_weighted,14.528757592272513,"[0, 0, 0]","[75, 29, 109, ""sybil:2:0"", 150]","[75, 29, 109, 2, 150]",True,True,4.87499924723565,1,0.3333333333333333,True,1,False,300,64,0.21333333333333335,84,26,126,0,0.3502583103057315,0.0
26,sybil,1.0,0.0,[2],26021092,clean_oracle,4.87499924723565,"[0, 0, 0]","[75, 29, 109, 2, 150]","[75, 29, 109, 2, 150]",True,True,4.87499924723565,1,0.3333333333333333,True,0,False,300,64,0.21333333333333335,84,26,126,0,0.3502583103057315,0.0
26,sybil,1.0,0.5,[132],26021142,naive_poisoned,102.46428342524908,"[0, 0, 0]","[75, 29, 109, ""sybil:132:1"", 150]","[75, 29, 109, 132, 150]",False,False,17.217820818442817,1,0.3333333333333333,True,1,False,300,0,0.0,0,0,0,300,0.0,12.342821571207168
26,sybil,1.0,0.5,[132],26021142,trust_weighted,108.46428342524908,"[0, 0, 0]","[75, 29, 109, ""sybil:132:1"", 150]","[75, 29, 109, 132, 150]",False,False,17.217820818442817,1,0.3333333333333333,True,1,False,300,0,0.0,0,0,0,300,0.0,12.342821571207168
26,sybil,1.0,0.5,[132],26021142,clean_oracle,4.87499924723565,"[0, 0, 0]","[75, 29, 109, 2, 150]","[75, 29, 109, 2, 150]",True,True,4.87499924723565,0,0.0,False,0,False,300,75,0.25,98,0,127,0,0.3576329676228571,0.0
27,sinkhole,0.25,0.0,[19],27000331,naive_poisoned,4.209660900742544,"[0, 0, 0]","[100, 19, 84, 54, 150]","[100, 19, 84, 54, 150]",True,True,4.7809590527996715,1,0.3333333333333333,True,0,False,300,69,0.23,97,6,128,0,0.3154026229387945,0.0
27,sinkhole,0.25,0.0,[19],27000331,trust_weighted,4.829260085269734,"[2, 0, 0]","[100, 123, 84, 54, 150]","[100, 123, 84, 54, 150]",True,True,4.829260085269734,0,0.0,False,0,False,300,69,0.23,93,0,138,0,0.29318533207551134,0.048301032470062566
27,sinkhole,0.25,0.0,[19],27000331,clean_oracle,4.7809590527996715,"[0, 0, 0]","[100, 19, 84, 54, 150]","[100, 19, 84, 54, 150]",True,True,4.7809590527996715,1,0.3333333333333333,True,0,False,300,69,0.23,97,6,128,0,0.3154026229387945,0.0
27,sinkhole,0.25,0.5,[19],27000381,naive_poisoned,4.209660900742544,"[0, 0, 0]","[100, 19, 84, 54, 150]","[100, 19, 84, 54, 150]",True,True,4.7809590527996715,1,0.3333333333333333,True,0,False,300,69,0.23,97,6,128,0,0.3154026229387945,0.0
27,sinkhole,0.25,0.5,[19],27000381,trust_weighted,4.829260085269734,"[2, 0, 0]","[100, 123, 84, 54, 150]","[100, 123, 84, 54, 150]",True,True,4.829260085269734,0,0.0,False,0,False,300,69,0.23,93,0,138,0,0.29318533207551134,0.048301032470062566
27,sinkhole,0.25,0.5,[19],27000381,clean_oracle,4.7809590527996715,"[0, 0, 0]","[100, 19, 84, 54, 150]","[100, 19, 84, 54, 150]",True,True,4.7809590527996715,1,0.3333333333333333,True,0,False,300,69,0.23,97,6,128,0,0.3154026229387945,0.0
27,sinkhole,0.5,0.0,[115],27000581,naive_poisoned,3.704718918819368,"[0, 0, 2]","[100, 19, 84, 115, 150]","[100, 19, 84, 115, 150]",True,True,4.8802335518192645,1,0.3333333333333333,True,0,False,300,60,0.2,105,7,128,0,0.3283228103367737,0.09927449901959307
27,sinkhole,0.5,0.0,[115],27000581,trust_weighted,4.7809590527996715,"[0, 0, 0]","[100, 19, 84, 54, 150]","[100, 19, 84, 54, 150]",True,True,4.7809590527996715,0,0.0,False,0,False,300,78,0.26,94,0,128,0,0.3270443215148493,0.0
27,sinkhole,0.5,0.0,[115],27000581,clean_oracle,4.7809590527996715,"[0, 0, 0]","[100, 19, 84, 54, 150]","[100, 19, 84, 54, 150]",True,True,4.7809590527996715,0,0.0,False,0,False,300,78,0.26,94,0,128,0,0.3270443215148493,0.0
27,sinkhole,0.5,0.5,[115],27000631,naive_poisoned,3.704718918819368,"[0, 0, 2]","[100, 19, 84, 115, 150]","[100, 19, 84, 115, 150]",True,True,4.8802335518192645,1,0.3333333333333333,True,0,False,300,60,0.2,105,7,128,0,0.3283228103367737,0.09927449901959307
27,sinkhole,0.5,0.5,[115],27000631,trust_weighted,4.7809590527996715,"[0, 0, 0]","[100, 19, 84, 54, 150]","[100, 19, 84, 54, 150]",True,True,4.7809590527996715,0,0.0,False,0,False,300,78,0.26,94,0,128,0,0.3270443215148493,0.0
27,sinkhole,0.5,0.5,[115],27000631,clean_oracle,4.7809590527996715,"[0, 0, 0]","[100, 19, 84, 54, 150]","[100, 19, 84, 54, 150]",True,True,4.7809590527996715,0,0.0,False,0,False,300,78,0.26,94,0,128,0,0.3270443215148493,0.0
27,sinkhole,0.75,0.0,"[12, 36]",27000831,naive_poisoned,2.2644297790520294,"[0, 1, 1]","[100, 19, 36, 12, 150]","[100, 19, 36, 12, 150]",True,True,4.86008106499834,2,0.6666666666666666,True,0,False,300,55,0.18333333333333332,85,32,128,0,0.31029173169739543,0.07912201219866866
27,sinkhole,0.75,0.0,"[12, 36]",27000831,trust_weighted,4.7809590527996715,"[0, 0, 0]","[100, 19, 84, 54, 150]","[100, 19, 84, 54, 150]",True,True,4.7809590527996715,0,0.0,False,0,False,300,78,0.26,94,0,128,0,0.3270443215148493,0.0
27,sinkhole,0.75,0.0,"[12, 36]",27000831,clean_oracle,4.7809590527996715,"[0, 0, 0]","[100, 19, 84, 54, 150]","[100, 19, 84, 54, 150]",True,True,4.7809590527996715,0,0.0,False,0,False,300,78,0.26,94,0,128,0,0.3270443215148493,0.0
27,sinkhole,0.75,0.5,"[88, 115]",27000881,naive_poisoned,2.3252181539378833,"[2, 2, 2]","[100, 123, 88, 115, 150]","[100, 123, 88, 115, 150]",True,True,4.950935226483784,2,0.6666666666666666,True,0,False,300,46,0.15333333333333332,85,31,138,0,0.2859767265882329,0.16997617368411255
27,sinkhole,0.75,0.5,"[88, 115]",27000881,trust_weighted,4.7809590527996715,"[0, 0, 0]","[100, 19, 84, 54, 150]","[100, 19, 84, 54, 150]",True,True,4.7809590527996715,0,0.0,False,0,False,300,78,0.26,94,0,128,0,0.3270443215148493,0.0
27,sinkhole,0.75,0.5,"[88, 115]",27000881,clean_oracle,4.7809590527996715,"[0, 0, 0]","[100, 19, 84, 54, 150]","[100, 19, 84, 54, 150]",True,True,4.7809590527996715,0,0.0,False,0,False,300,78,0.26,94,0,128,0,0.3270443215148493,0.0
27,sinkhole,1.0,0.0,"[56, 115]",27001081,naive_poisoned,2.529204285819472,"[0, 0, 2]","[100, 19, 84, 115, 150]","[100, 19, 84, 115, 150]",True,True,4.8802335518192645,1,0.3333333333333333,True,0,False,300,52,0.17333333333333334,102,18,128,0,0.32402486442609835,0.09927449901959307
27,sinkhole,1.0,0.0,"[56, 115]",27001081,trust_weighted,4.7809590527996715,"[0, 0, 0]","[100, 19, 84, 54, 150]","[100, 19, 84, 54, 150]",True,True,4.7809590527996715,0,0.0,False,0,False,300,78,0.26,94,0,128,0,0.3270443215148493,0.0
27,sinkhole,1.0,0.0,"[56, 115]",27001081,clean_oracle,4.7809590527996715,"[0, 0, 0]","[100, 19, 84, 54, 150]","[100, 19, 84, 54, 150]",True,True,4.7809590527996715,0,0.0,False,0,False,300,78,0.26,94,0,128,0,0.3270443215148493,0.0
27,sinkhole,1.0,0.5,"[123, 36]",27001131,naive_poisoned,1.3498198509576438,"[2, 1, 0]","[100, 123, 36, 54, 150]","[100, 123, 36, 54, 150]",True,True,4.863681559639607,2,0.6666666666666666,True,0,False,300,42,0.14,84,36,138,0,0.24974345205496284,0.08272250683993576
27,sinkhole,1.0,0.5,"[123, 36]",27001131,trust_weighted,4.7809590527996715,"[0, 0, 0]","[100, 19, 84, 54, 150]","[100, 19, 84, 54, 150]",True,True,4.7809590527996715,0,0.0,False,0,False,300,78,0.26,94,0,128,0,0.3270443215148493,0.0
27,sinkhole,1.0,0.5,"[123, 36]",27001131,clean_oracle,4.7809590527996715,"[0, 0, 0]","[100, 19, 84, 54, 150]","[100, 19, 84, 54, 150]",True,True,4.7809590527996715,0,0.0,False,0,False,300,78,0.26,94,0,128,0,0.3270443215148493,0.0
27,wormhole,0.25,0.0,"[56, 88]",27010338,naive_poisoned,4.212943721732164,"[1, 2, 0]","[100, 56, 88, 54, 150]","[100, 56, 88, 54, 150]",True,False,16.97890982687266,2,0.6666666666666666,True,0,True,300,0,0.0,0,0,0,300,0.0,12.197950774072988
27,wormhole,0.25,0.0,"[56, 88]",27010338,trust_weighted,4.7809590527996715,"[0, 0, 0]","[100, 19, 84, 54, 150]","[100, 19, 84, 54, 150]",True,True,4.7809590527996715,0,0.0,False,0,False,300,78,0.26,94,0,128,0,0.3270443215148493,0.0
27,wormhole,0.25,0.0,"[56, 88]",27010338,clean_oracle,4.7809590527996715,"[0, 0, 0]","[100, 19, 84, 54, 150]","[100, 19, 84, 54, 150]",True,True,4.7809590527996715,0,0.0,False,0,False,300,78,0.26,94,0,128,0,0.3270443215148493,0.0
27,wormhole,0.25,0.5,"[56, 88]",27010388,naive_poisoned,4.212943721732164,"[1, 2, 0]","[100, 56, 88, 54, 150]","[100, 56, 88, 54, 150]",True,False,16.97890982687266,2,0.6666666666666666,True,0,True,300,0,0.0,0,0,0,300,0.0,12.197950774072988
27,wormhole,0.25,0.5,"[56, 88]",27010388,trust_weighted,4.7809590527996715,"[0, 0, 0]","[100, 19, 84, 54, 150]","[100, 19, 84, 54, 150]",True,True,4.7809590527996715,0,0.0,False,0,False,300,78,0.26,94,0,128,0,0.3270443215148493,0.0
27,wormhole,0.25,0.5,"[56, 88]",27010388,clean_oracle,4.7809590527996715,"[0, 0, 0]","[100, 19, 84, 54, 150]","[100, 19, 84, 54, 150]",True,True,4.7809590527996715,0,0.0,False,0,False,300,78,0.26,94,0,128,0,0.3270443215148493,0.0
27,wormhole,0.5,0.0,"[56, 88]",27010588,naive_poisoned,3.9691921678896573,"[1, 2, 0]","[100, 56, 88, 54, 150]","[100, 56, 88, 54, 150]",True,False,16.97890982687266,2,0.6666666666666666,True,0,True,300,0,0.0,0,0,0,300,0.0,12.197950774072988
27,wormhole,0.5,0.0,"[56, 88]",27010588,trust_weighted,4.7809590527996715,"[0, 0, 0]","[100, 19, 84, 54, 150]","[100, 19, 84, 54, 150]",True,True,4.7809590527996715,0,0.0,False,0,False,300,78,0.26,94,0,128,0,0.3270443215148493,0.0
27,wormhole,0.5,0.0,"[56, 88]",27010588,clean_oracle,4.7809590527996715,"[0, 0, 0]","[100, 19, 84, 54, 150]","[100, 19, 84, 54, 150]",True,True,4.7809590527996715,0,0.0,False,0,False,300,78,0.26,94,0,128,0,0.3270443215148493,0.0
27,wormhole,0.5,0.5,"[56, 88]",27010638,naive_poisoned,3.9691921678896573,"[1, 2, 0]","[100, 56, 88, 54, 150]","[100, 56, 88, 54, 150]",True,False,16.97890982687266,2,0.6666666666666666,True,0,True,300,0,0.0,0,0,0,300,0.0,12.197950774072988
27,wormhole,0.5,0.5,"[56, 88]",27010638,trust_weighted,4.7809590527996715,"[0, 0, 0]","[100, 19, 84, 54, 150]","[100, 19, 84, 54, 150]",True,True,4.7809590527996715,0,0.0,False,0,False,300,78,0.26,94,0,128,0,0.3270443215148493,0.0
27,wormhole,0.5,0.5,"[56, 88]",27010638,clean_oracle,4.7809590527996715,"[0, 0, 0]","[100, 19, 84, 54, 150]","[100, 19, 84, 54, 150]",True,True,4.7809590527996715,0,0.0,False,0,False,300,78,0.26,94,0,128,0,0.3270443215148493,0.0
27,wormhole,0.75,0.0,"[56, 88]",27010838,naive_poisoned,3.7254406140471508,"[1, 2, 0]","[100, 56, 88, 54, 150]","[100, 56, 88, 54, 150]",True,False,16.97890982687266,2,0.6666666666666666,True,0,True,300,0,0.0,0,0,0,300,0.0,12.197950774072988
27,wormhole,0.75,0.0,"[56, 88]",27010838,trust_weighted,4.7809590527996715,"[0, 0, 0]","[100, 19, 84, 54, 150]","[100, 19, 84, 54, 150]",True,True,4.7809590527996715,0,0.0,False,0,False,300,78,0.26,94,0,128,0,0.3270443215148493,0.0
27,wormhole,0.75,0.0,"[56, 88]",27010838,clean_oracle,4.7809590527996715,"[0, 0, 0]","[100, 19, 84, 54, 150]","[100, 19, 84, 54, 150]",True,True,4.7809590527996715,0,0.0,False,0,False,300,78,0.26,94,0,128,0,0.3270443215148493,0.0
27,wormhole,0.75,0.5,"[56, 88]",27010888,naive_poisoned,3.7254406140471508,"[1, 2, 0]","[100, 56, 88, 54, 150]","[100, 56, 88, 54, 150]",True,False,16.97890982687266,2,0.6666666666666666,True,0,True,300,0,0.0,0,0,0,300,0.0,12.197950774072988
27,wormhole,0.75,0.5,"[56, 88]",27010888,trust_weighted,4.7809590527996715,"[0, 0, 0]","[100, 19, 84, 54, 150]","[100, 19, 84, 54, 150]",True,True,4.7809590527996715,0,0.0,False,0,False,300,78,0.26,94,0,128,0,0.3270443215148493,0.0
27,wormhole,0.75,0.5,"[56, 88]",27010888,clean_oracle,4.7809590527996715,"[0, 0, 0]","[100, 19, 84, 54, 150]","[100, 19, 84, 54, 150]",True,True,4.7809590527996715,0,0.0,False,0,False,300,78,0.26,94,0,128,0,0.3270443215148493,0.0
27,wormhole,1.0,0.0,"[56, 88]",27011088,naive_poisoned,3.481689060204644,"[1, 2, 0]","[100, 56, 88, 54, 150]","[100, 56, 88, 54, 150]",True,False,16.97890982687266,2,0.6666666666666666,True,0,True,300,0,0.0,0,0,0,300,0.0,12.197950774072988
27,wormhole,1.0,0.0,"[56, 88]",27011088,trust_weighted,4.7809590527996715,"[0, 0, 0]","[100, 19, 84, 54, 150]","[100, 19, 84, 54, 150]",True,True,4.7809590527996715,0,0.0,False,0,False,300,78,0.26,94,0,128,0,0.3270443215148493,0.0
27,wormhole,1.0,0.0,"[56, 88]",27011088,clean_oracle,4.7809590527996715,"[0, 0, 0]","[100, 19, 84, 54, 150]","[100, 19, 84, 54, 150]",True,True,4.7809590527996715,0,0.0,False,0,False,300,78,0.26,94,0,128,0,0.3270443215148493,0.0
27,wormhole,1.0,0.5,"[56, 88]",27011138,naive_poisoned,3.481689060204644,"[1, 2, 0]","[100, 56, 88, 54, 150]","[100, 56, 88, 54, 150]",True,False,16.97890982687266,2,0.6666666666666666,True,0,True,300,0,0.0,0,0,0,300,0.0,12.197950774072988
27,wormhole,1.0,0.5,"[56, 88]",27011138,trust_weighted,4.7809590527996715,"[0, 0, 0]","[100, 19, 84, 54, 150]","[100, 19, 84, 54, 150]",True,True,4.7809590527996715,0,0.0,False,0,False,300,78,0.26,94,0,128,0,0.3270443215148493,0.0
27,wormhole,1.0,0.5,"[56, 88]",27011138,clean_oracle,4.7809590527996715,"[0, 0, 0]","[100, 19, 84, 54, 150]","[100, 19, 84, 54, 150]",True,True,4.7809590527996715,0,0.0,False,0,False,300,78,0.26,94,0,128,0,0.3270443215148493,0.0
27,sybil,0.25,0.0,[115],27020345,naive_poisoned,4.292476235319316,"[0, 0, 2]","[100, 19, 84, ""sybil:115:0"", 150]","[100, 19, 84, 115, 150]",True,True,4.8802335518192645,1,0.3333333333333333,True,1,False,300,61,0.20333333333333334,105,6,128,0,0.3307222307402373,0.09927449901959307
27,sybil,0.25,0.0,[115],27020345,trust_weighted,4.7809590527996715,"[0, 0, 0]","[100, 19, 84, 54, 150]","[100, 19, 84, 54, 150]",True,True,4.7809590527996715,0,0.0,False,0,False,300,78,0.26,94,0,128,0,0.3270443215148493,0.0
27,sybil,0.25,0.0,[115],27020345,clean_oracle,4.7809590527996715,"[0, 0, 0]","[100, 19, 84, 54, 150]","[100, 19, 84, 54, 150]",True,True,4.7809590527996715,0,0.0,False,0,False,300,78,0.26,94,0,128,0,0.3270443215148493,0.0
27,sybil,0.25,0.5,[115],27020395,naive_poisoned,4.292476235319316,"[0, 0, 2]","[100, 19, 84, ""sybil:115:0"", 150]","[100, 19, 84, 115, 150]",True,True,4.8802335518192645,1,0.3333333333333333,True,1,False,300,61,0.20333333333333334,105,6,128,0,0.3307222307402373,0.09927449901959307
27,sybil,0.25,0.5,[115],27020395,trust_weighted,4.7809590527996715,"[0, 0, 0]","[100, 19, 84, 54, 150]","[100, 19, 84, 54, 150]",True,True,4.7809590527996715,0,0.0,False,0,False,300,78,0.26,94,0,128,0,0.3270443215148493,0.0
27,sybil,0.25,0.5,[115],27020395,clean_oracle,4.7809590527996715,"[0, 0, 0]","[100, 19, 84, 54, 150]","[100, 19, 84, 54, 150]",True,True,4.7809590527996715,0,0.0,False,0,False,300,78,0.26,94,0,128,0,0.3270443215148493,0.0
27,sybil,0.5,0.0,[115],27020595,naive_poisoned,3.704718918819368,"[0, 0, 0]","[100, 19, 84, ""sybil:115:1"", 150]","[100, 19, 84, 115, 150]",True,True,4.8802335518192645,1,0.3333333333333333,True,1,False,300,60,0.2,104,8,128,0,0.3276822690562682,0.09927449901959307
27,sybil,0.5,0.0,[115],27020595,trust_weighted,4.856138028760542,"[0, 0, 1]","[100, 19, 84, 12, 150]","[100, 19, 84, 12, 150]",True,True,4.856138028760542,0,0.0,False,0,False,300,75,0.25,97,0,128,0,0.3327067315605561,0.07517897596087053
27,sybil,0.5,0.0,[115],27020595,clean_oracle,4.7809590527996715,"[0, 0, 0]","[100, 19, 84, 54, 150]","[100, 19, 84, 54, 150]",True,True,4.7809590527996715,0,0.0,False,0,False,300,78,0.26,94,0,128,0,0.3270443215148493,0.0
27,sybil,0.5,0.5,[54],27020645,naive_poisoned,3.652599806834082,"[0, 0, 0]","[100, 19, 84, ""sybil:54:0"", 150]","[100, 19, 84, 54, 150]",True,True,4.7809590527996715,1,0.3333333333333333,True,1,False,300,71,0.23666666666666666,93,8,128,0,0.3266121289560129,0.0
27,sybil,0.5,0.5,[54],27020645,trust_weighted,4.8802335518192645,"[0, 0, 2]","[100, 19, 84, 115, 150]","[100, 19, 84, 115, 150]",True,True,4.8802335518192645,0,0.0,False,0,False,300,71,0.23666666666666666,101,0,128,0,0.33496644345099824,0.09927449901959307
27,sybil,0.5,0.5,[54],27020645,clean_oracle,4.7809590527996715,"[0, 0, 0]","[100, 19, 84, 54, 150]","[100, 19, 84, 54, 150]",True,True,4.7809590527996715,1,0.3333333333333333,True,0,False,300,71,0.23666666666666666,93,8,128,0,0.3266121289560129,0.0
27,sybil,0.75,0.0,[54],27020845,naive_poisoned,3.0884201838512872,"[0, 0, 0]","[100, 19, 84, ""sybil:54:0"", 150]","[100, 19, 84, 54, 150]",True,True,4.7809590527996715,1,0.3333333333333333,True,1,False,300,63,0.21,91,18,128,0,0.32316149288144125,0.0
27,sybil,0.75,0.0,[54],27020845,trust_weighted,12.088420183851287,"[0, 0, 0]","[100, 19, 84, ""sybil:54:0"", 150]","[100, 19, 84, 54, 150]",True,True,4.7809590527996715,1,0.3333333333333333,True,1,False,300,63,0.21,91,18,128,0,0.32316149288144125,0.0
27,sybil,0.75,0.0,[54],27020845,clean_oracle,4.7809590527996715,"[0, 0, 0]","[100, 19, 84, 54, 150]","[100, 19, 84, 54, 150]",True,True,4.7809590527996715,1,0.3333333333333333,True,0,False,300,63,0.21,91,18,128,0,0.32316149288144125,0.0
27,sybil,0.75,0.5,[12],27020895,naive_poisoned,3.1100341394400375,"[0, 0, 0]","[100, 19, 84, ""sybil:12:1"", 150]","[100, 19, 84, 12, 150]",True,True,4.856138028760542,1,0.3333333333333333,True,1,False,300,55,0.18333333333333332,99,18,128,0,0.3239878169392174,0.07517897596087053
27,sybil,0.75,0.5,[12],27020895,trust_weighted,7.610034139440037,"[0, 0, 0]","[100, 19, 84, ""sybil:12:1"", 150]","[100, 19, 84, 12, 150]",True,True,4.856138028760542,1,0.3333333333333333,True,1,False,300,55,0.18333333333333332,99,18,128,0,0.3239878169392174,0.07517897596087053
27,sybil,0.75,0.5,[12],27020895,clean_oracle,4.7809590527996715,"[0, 0, 0]","[100, 19, 84, 54, 150]","[100, 19, 84, 54, 150]",True,True,4.7809590527996715,0,0.0,False,0,False,300,78,0.26,94,0,128,0,0.3270443215148493,0.0
27,sybil,1.0,0.0,[12],27021095,naive_poisoned,2.5279995096665355,"[0, 0, 0]","[100, 19, 84, ""sybil:12:1"", 150]","[100, 19, 84, 12, 150]",True,True,4.856138028760542,1,0.3333333333333333,True,1,False,300,51,0.17,100,21,128,0,0.31995455629653513,0.07517897596087053
27,sybil,1.0,0.0,[12],27021095,trust_weighted,14.527999509666536,"[0, 0, 0]","[100, 19, 84, ""sybil:12:1"", 150]","[100, 19, 84, 12, 150]",True,True,4.856138028760542,1,0.3333333333333333,True,1,False,300,51,0.17,100,21,128,0,0.31995455629653513,0.07517897596087053
27,sybil,1.0,0.0,[12],27021095,clean_oracle,4.7809590527996715,"[0, 0, 0]","[100, 19, 84, 54, 150]","[100, 19, 84, 54, 150]",True,True,4.7809590527996715,0,0.0,False,0,False,300,78,0.26,94,0,128,0,0.3270443215148493,0.0
27,sybil,1.0,0.5,[115],27021145,naive_poisoned,2.529204285819472,"[0, 0, 0]","[100, 19, 84, ""sybil:115:1"", 150]","[100, 19, 84, 115, 150]",True,True,4.8802335518192645,1,0.3333333333333333,True,1,False,300,49,0.16333333333333333,103,20,128,0,0.32174711628185015,0.09927449901959307
27,sybil,1.0,0.5,[115],27021145,trust_weighted,8.529204285819471,"[0, 0, 0]","[100, 19, 84, ""sybil:115:1"", 150]","[100, 19, 84, 115, 150]",True,True,4.8802335518192645,1,0.3333333333333333,True,1,False,300,49,0.16333333333333333,103,20,128,0,0.32174711628185015,0.09927449901959307
27,sybil,1.0,0.5,[115],27021145,clean_oracle,4.7809590527996715,"[0, 0, 0]","[100, 19, 84, 54, 150]","[100, 19, 84, 54, 150]",True,True,4.7809590527996715,0,0.0,False,0,False,300,78,0.26,94,0,128,0,0.3270443215148493,0.0
28,sinkhole,0.25,0.0,[107],28000334,naive_poisoned,4.962177355276529,"[0, 0, 0]","[96, 128, 85, 109, 150]","[96, 128, 85, 109, 150]",True,True,4.962177355276529,0,0.0,False,0,False,300,78,0.26,102,0,120,0,0.3437355291202451,0.0
28,sinkhole,0.25,0.0,[107],28000334,trust_weighted,4.962177355276529,"[0, 0, 0]","[96, 128, 85, 109, 150]","[96, 128, 85, 109, 150]",True,True,4.962177355276529,0,0.0,False,0,False,300,78,0.26,102,0,120,0,0.3437355291202451,0.0
28,sinkhole,0.25,0.0,[107],28000334,clean_oracle,4.962177355276529,"[0, 0, 0]","[96, 128, 85, 109, 150]","[96, 128, 85, 109, 150]",True,True,4.962177355276529,0,0.0,False,0,False,300,78,0.26,102,0,120,0,0.3437355291202451,0.0
28,sinkhole,0.25,0.5,[21],28000384,naive_poisoned,4.962177355276529,"[0, 0, 0]","[96, 128, 85, 109, 150]","[96, 128, 85, 109, 150]",True,True,4.962177355276529,0,0.0,False,0,False,300,78,0.26,102,0,120,0,0.3437355291202451,0.0
28,sinkhole,0.25,0.5,[21],28000384,trust_weighted,4.962177355276529,"[0, 0, 0]","[96, 128, 85, 109, 150]","[96, 128, 85, 109, 150]",True,True,4.962177355276529,0,0.0,False,0,False,300,78,0.26,102,0,120,0,0.3437355291202451,0.0
28,sinkhole,0.25,0.5,[21],28000384,clean_oracle,4.962177355276529,"[0, 0, 0]","[96, 128, 85, 109, 150]","[96, 128, 85, 109, 150]",True,True,4.962177355276529,0,0.0,False,0,False,300,78,0.26,102,0,120,0,0.3437355291202451,0.0
28,sinkhole,0.5,0.0,[128],28000584,naive_poisoned,3.7164934725434646,"[0, 0, 0]","[96, 128, 85, 109, 150]","[96, 128, 85, 109, 150]",True,True,4.962177355276529,1,0.3333333333333333,True,0,False,300,76,0.25333333333333335,102,7,115,0,0.33381709559236583,0.0
28,sinkhole,0.5,0.0,[128],28000584,trust_weighted,9.716493472543464,"[0, 0, 0]","[96, 128, 85, 109, 150]","[96, 128, 85, 109, 150]",True,True,4.962177355276529,1,0.3333333333333333,True,0,False,300,76,0.25333333333333335,102,7,115,0,0.33381709559236583,0.0
28,sinkhole,0.5,0.0,[128],28000584,clean_oracle,4.962177355276529,"[0, 0, 0]","[96, 128, 85, 109, 150]","[96, 128, 85, 109, 150]",True,True,4.962177355276529,1,0.3333333333333333,True,0,False,300,76,0.25333333333333335,102,7,115,0,0.33381709559236583,0.0
28,sinkhole,0.5,0.5,[112],28000634,naive_poisoned,3.8576407105145405,"[0, 0, 2]","[96, 128, 85, 112, 150]","[96, 128, 85, 112, 150]",True,True,4.975155862440907,1,0.3333333333333333,True,0,False,300,71,0.23666666666666666,97,10,122,0,0.3413550463023185,0.012978507164378428
28,sinkhole,0.5,0.5,[112],28000634,trust_weighted,4.962177355276529,"[0, 0, 0]","[96, 128, 85, 109, 150]","[96, 128, 85, 109, 150]",True,True,4.962177355276529,0,0.0,False,0,False,300,78,0.26,102,0,120,0,0.3437355291202451,0.0
28,sinkhole,0.5,0.5,[112],28000634,clean_oracle,4.962177355276529,"[0, 0, 0]","[96, 128, 85, 109, 150]","[96, 128, 85, 109, 150]",True,True,4.962177355276529,0,0.0,False,0,False,300,78,0.26,102,0,120,0,0.3437355291202451,0.0
28,sinkhole,0.75,0.0,"[21, 107]",28000834,naive_poisoned,4.962177355276529,"[0, 0, 0]","[96, 128, 85, 109, 150]","[96, 128, 85, 109, 150]",True,True,4.962177355276529,0,0.0,False,0,False,300,78,0.26,102,0,120,0,0.3437355291202451,0.0
28,sinkhole,0.75,0.0,"[21, 107]",28000834,trust_weighted,4.962177355276529,"[0, 0, 0]","[96, 128, 85, 109, 150]","[96, 128, 85, 109, 150]",True,True,4.962177355276529,0,0.0,False,0,False,300,78,0.26,102,0,120,0,0.3437355291202451,0.0
28,sinkhole,0.75,0.0,"[21, 107]",28000834,clean_oracle,4.962177355276529,"[0, 0, 0]","[96, 128, 85, 109, 150]","[96, 128, 85, 109, 150]",True,True,4.962177355276529,0,0.0,False,0,False,300,78,0.26,102,0,120,0,0.3437355291202451,0.0
28,sinkhole,0.75,0.5,"[94, 21]",28000884,naive_poisoned,4.962177355276529,"[0, 0, 0]","[96, 128, 85, 109, 150]","[96, 128, 85, 109, 150]",True,True,4.962177355276529,0,0.0,False,0,False,300,78,0.26,102,0,120,0,0.3437355291202451,0.0
28,sinkhole,0.75,0.5,"[94, 21]",28000884,trust_weighted,4.962177355276529,"[0, 0, 0]","[96, 128, 85, 109, 150]","[96, 128, 85, 109, 150]",True,True,4.962177355276529,0,0.0,False,0,False,300,78,0.26,102,0,120,0,0.3437355291202451,0.0
28,sinkhole,0.75,0.5,"[94, 21]",28000884,clean_oracle,4.962177355276529,"[0, 0, 0]","[96, 128, 85, 109, 150]","[96, 128, 85, 109, 150]",True,True,4.962177355276529,0,0.0,False,0,False,300,78,0.26,102,0,120,0,0.3437355291202451,0.0
28,sinkhole,1.0,0.0,"[128, 109]",28001084,naive_poisoned,0.2481088677638264,"[0, 0, 0]","[96, 128, 85, 109, 150]","[96, 128, 85, 109, 150]",True,True,4.962177355276529,2,0.6666666666666666,True,0,False,300,55,0.18333333333333332,110,34,101,0,0.3223551562160125,0.0
28,sinkhole,1.0,0.0,"[128, 109]",28001084,trust_weighted,14.48378809697478,"[0, 0, 2]","[96, 128, 85, 112, 150]","[96, 128, 85, 112, 150]",True,True,4.975155862440907,1,0.3333333333333333,True,0,False,300,71,0.23666666666666666,105,22,102,0,0.33338552842795366,0.012978507164378428
28,sinkhole,1.0,0.0,"[128, 109]",28001084,clean_oracle,4.962177355276529,"[0, 0, 0]","[96, 128, 85, 109, 150]","[96, 128, 85, 109, 150]",True,True,4.962177355276529,2,0.6666666666666666,True,0,False,300,55,0.18333333333333332,110,34,101,0,0.3223551562160125,0.0
28,sinkhole,1.0,0.5,"[109, 128]",28001134,naive_poisoned,0.2481088677638264,"[0, 0, 0]","[96, 128, 85, 109, 150]","[96, 128, 85, 109, 150]",True,True,4.962177355276529,2,0.6666666666666666,True,0,False,300,55,0.18333333333333332,110,34,101,0,0.3223551562160125,0.0
28,sinkhole,1.0,0.5,"[109, 128]",28001134,trust_weighted,8.483788096974779,"[0, 0, 2]","[96, 128, 85, 112, 150]","[96, 128, 85, 112, 150]",True,True,4.975155862440907,1,0.3333333333333333,True,0,False,300,71,0.23666666666666666,105,22,102,0,0.33338552842795366,0.012978507164378428
28,sinkhole,1.0,0.5,"[109, 128]",28001134,clean_oracle,4.962177355276529,"[0, 0, 0]","[96, 128, 85, 109, 150]","[96, 128, 85, 109, 150]",True,True,4.962177355276529,2,0.6666666666666666,True,0,False,300,55,0.18333333333333332,110,34,101,0,0.3223551562160125,0.0
28,wormhole,0.25,0.0,"[94, 81]",28010341,naive_poisoned,4.237003120320298,"[2, 2, 0]","[96, 94, 81, 109, 150]","[96, 94, 81, 109, 150]",True,False,17.091204822794342,2,0.6666666666666666,True,0,True,300,0,0.0,0,0,0,300,0.0,12.129027467517814
28,wormhole,0.25,0.0,"[94, 81]",28010341,trust_weighted,4.962177355276529,"[0, 0, 0]","[96, 128, 85, 109, 150]","[96, 128, 85, 109, 150]",True,True,4.962177355276529,0,0.0,False,0,False,300,78,0.26,102,0,120,0,0.3437355291202451,0.0
28,wormhole,0.25,0.0,"[94, 81]",28010341,clean_oracle,4.962177355276529,"[0, 0, 0]","[96, 128, 85, 109, 150]","[96, 128, 85, 109, 150]",True,True,4.962177355276529,0,0.0,False,0,False,300,78,0.26,102,0,120,0,0.3437355291202451,0.0
28,wormhole,0.25,0.5,"[94, 81]",28010391,naive_poisoned,4.237003120320298,"[2, 2, 0]","[96, 94, 81, 109, 150]","[96, 94, 81, 109, 150]",True,False,17.091204822794342,2,0.6666666666666666,True,0,True,300,0,0.0,0,0,0,300,0.0,12.129027467517814
28,wormhole,0.25,0.5,"[94, 81]",28010391,trust_weighted,4.962177355276529,"[0, 0, 0]","[96, 128, 85, 109, 150]","[96, 128, 85, 109, 150]",True,True,4.962177355276529,0,0.0,False,0,False,300,78,0.26,102,0,120,0,0.3437355291202451,0.0
28,wormhole,0.25,0.5,"[94, 81]",28010391,clean_oracle,4.962177355276529,"[0, 0, 0]","[96, 128, 85, 109, 150]","[96, 128, 85, 109, 150]",True,True,4.962177355276529,0,0.0,False,0,False,300,78,0.26,102,0,120,0,0.3437355291202451,0.0
28,wormhole,0.5,0.0,"[94, 21]",28010591,naive_poisoned,4.048717977346593,"[2, 1, 2]","[96, 94, 21, 112, 150]","[96, 94, 21, 112, 150]",True,False,17.146086045812403,2,0.6666666666666666,True,0,True,300,0,0.0,0,0,0,300,0.0,12.183908690535874
28,wormhole,0.5,0.0,"[94, 21]",28010591,trust_weighted,4.962177355276529,"[0, 0, 0]","[96, 128, 85, 109, 150]","[96, 128, 85, 109, 150]",True,True,4.962177355276529,0,0.0,False,0,False,300,78,0.26,102,0,120,0,0.3437355291202451,0.0
28,wormhole,0.5,0.0,"[94, 21]",28010591,clean_oracle,4.962177355276529,"[0, 0, 0]","[96, 128, 85, 109, 150]","[96, 128, 85, 109, 150]",True,True,4.962177355276529,0,0.0,False,0,False,300,78,0.26,102,0,120,0,0.3437355291202451,0.0
28,wormhole,0.5,0.5,"[94, 21]",28010641,naive_poisoned,4.048717977346593,"[2, 1, 2]","[96, 94, 21, 112, 150]","[96, 94, 21, 112, 150]",True,False,17.146086045812403,2,0.6666666666666666,True,0,True,300,0,0.0,0,0,0,300,0.0,12.183908690535874
28,wormhole,0.5,0.5,"[94, 21]",28010641,trust_weighted,4.962177355276529,"[0, 0, 0]","[96, 128, 85, 109, 150]","[96, 128, 85, 109, 150]",True,True,4.962177355276529,0,0.0,False,0,False,300,78,0.26,102,0,120,0,0.3437355291202451,0.0
28,wormhole,0.5,0.5,"[94, 21]",28010641,clean_oracle,4.962177355276529,"[0, 0, 0]","[96, 128, 85, 109, 150]","[96, 128, 85, 109, 150]",True,True,4.962177355276529,0,0.0,False,0,False,300,78,0.26,102,0,120,0,0.3437355291202451,0.0
28,wormhole,0.75,0.0,"[94, 81]",28010841,naive_poisoned,3.750670388336765,"[2, 2, 0]","[96, 94, 81, 109, 150]","[96, 94, 81, 109, 150]",True,False,17.091204822794342,2,0.6666666666666666,True,0,True,300,0,0.0,0,0,0,300,0.0,12.129027467517814
28,wormhole,0.75,0.0,"[94, 81]",28010841,trust_weighted,4.962177355276529,"[0, 0, 0]","[96, 128, 85, 109, 150]","[96, 128, 85, 109, 150]",True,True,4.962177355276529,0,0.0,False,0,False,300,78,0.26,102,0,120,0,0.3437355291202451,0.0
28,wormhole,0.75,0.0,"[94, 81]",28010841,clean_oracle,4.962177355276529,"[0, 0, 0]","[96, 128, 85, 109, 150]","[96, 128, 85, 109, 150]",True,True,4.962177355276529,0,0.0,False,0,False,300,78,0.26,102,0,120,0,0.3437355291202451,0.0
28,wormhole,0.75,0.5,"[94, 21]",28010891,naive_poisoned,3.805551611354826,"[2, 1, 2]","[96, 94, 21, 112, 150]","[96, 94, 21, 112, 150]",True,False,17.146086045812403,2,0.6666666666666666,True,0,True,300,0,0.0,0,0,0,300,0.0,12.183908690535874
28,wormhole,0.75,0.5,"[94, 21]",28010891,trust_weighted,4.962177355276529,"[0, 0, 0]","[96, 128, 85, 109, 150]","[96, 128, 85, 109, 150]",True,True,4.962177355276529,0,0.0,False,0,False,300,78,0.26,102,0,120,0,0.3437355291202451,0.0
28,wormhole,0.75,0.5,"[94, 21]",28010891,clean_oracle,4.962177355276529,"[0, 0, 0]","[96, 128, 85, 109, 150]","[96, 128, 85, 109, 150]",True,True,4.962177355276529,0,0.0,False,0,False,300,78,0.26,102,0,120,0,0.3437355291202451,0.0
28,wormhole,1.0,0.0,"[94, 81]",28011091,naive_poisoned,3.5075040223449987,"[2, 2, 0]","[96, 94, 81, 109, 150]","[96, 94, 81, 109, 150]",True,False,17.091204822794342,2,0.6666666666666666,True,0,True,300,0,0.0,0,0,0,300,0.0,12.129027467517814
28,wormhole,1.0,0.0,"[94, 81]",28011091,trust_weighted,4.962177355276529,"[0, 0, 0]","[96, 128, 85, 109, 150]","[96, 128, 85, 109, 150]",True,True,4.962177355276529,0,0.0,False,0,False,300,78,0.26,102,0,120,0,0.3437355291202451,0.0
28,wormhole,1.0,0.0,"[94, 81]",28011091,clean_oracle,4.962177355276529,"[0, 0, 0]","[96, 128, 85, 109, 150]","[96, 128, 85, 109, 150]",True,True,4.962177355276529,0,0.0,False,0,False,300,78,0.26,102,0,120,0,0.3437355291202451,0.0
28,wormhole,1.0,0.5,"[94, 81]",28011141,naive_poisoned,3.5075040223449987,"[2, 2, 0]","[96, 94, 81, 109, 150]","[96, 94, 81, 109, 150]",True,False,17.091204822794342,2,0.6666666666666666,True,0,True,300,0,0.0,0,0,0,300,0.0,12.129027467517814
28,wormhole,1.0,0.5,"[94, 81]",28011141,trust_weighted,4.962177355276529,"[0, 0, 0]","[96, 128, 85, 109, 150]","[96, 128, 85, 109, 150]",True,True,4.962177355276529,0,0.0,False,0,False,300,78,0.26,102,0,120,0,0.3437355291202451,0.0
28,wormhole,1.0,0.5,"[94, 81]",28011141,clean_oracle,4.962177355276529,"[0, 0, 0]","[96, 128, 85, 109, 150]","[96, 128, 85, 109, 150]",True,True,4.962177355276529,0,0.0,False,0,False,300,78,0.26,102,0,120,0,0.3437355291202451,0.0
28,sybil,0.25,0.0,[112],28020348,naive_poisoned,4.416398286477724,"[0, 0, 2]","[96, 128, 85, ""sybil:112:0"", 150]","[96, 128, 85, 112, 150]",True,True,4.975155862440907,1,0.3333333333333333,True,1,False,300,76,0.25333333333333335,99,3,122,0,0.344233748157901,0.012978507164378428
28,sybil,0.25,0.0,[112],28020348,trust_weighted,4.962177355276529,"[0, 0, 0]","[96, 128, 85, 109, 150]","[96, 128, 85, 109, 150]",True,True,4.962177355276529,0,0.0,False,0,False,300,78,0.26,102,0,120,0,0.3437355291202451,0.0
28,sybil,0.25,0.0,[112],28020348,clean_oracle,4.962177355276529,"[0, 0, 0]","[96, 128, 85, 109, 150]","[96, 128, 85, 109, 150]",True,True,4.962177355276529,0,0.0,False,0,False,300,78,0.26,102,0,120,0,0.3437355291202451,0.0
28,sybil,0.25,0.5,[112],28020398,naive_poisoned,4.416398286477724,"[0, 0, 2]","[96, 128, 85, ""sybil:112:0"", 150]","[96, 128, 85, 112, 150]",True,True,4.975155862440907,1,0.3333333333333333,True,1,False,300,76,0.25333333333333335,99,3,122,0,0.344233748157901,0.012978507164378428
28,sybil,0.25,0.5,[112],28020398,trust_weighted,4.962177355276529,"[0, 0, 0]","[96, 128, 85, 109, 150]","[96, 128, 85, 109, 150]",True,True,4.962177355276529,0,0.0,False,0,False,300,78,0.26,102,0,120,0,0.3437355291202451,0.0
28,sybil,0.25,0.5,[112],28020398,clean_oracle,4.962177355276529,"[0, 0, 0]","[96, 128, 85, 109, 150]","[96, 128, 85, 109, 150]",True,True,4.962177355276529,0,0.0,False,0,False,300,78,0.26,102,0,120,0,0.3437355291202451,0.0
28,sybil,0.5,0.0,[34],28020598,naive_poisoned,4.975155862440907,"[0, 0, 2]","[96, 128, 85, 112, 150]","[96, 128, 85, 112, 150]",True,True,4.975155862440907,0,0.0,False,0,False,300,81,0.27,99,0,120,0,0.3521700648374342,0.012978507164378428
28,sybil,0.5,0.0,[34],28020598,trust_weighted,4.975155862440907,"[0, 0, 2]","[96, 128, 85, 112, 150]","[96, 128, 85, 112, 150]",True,True,4.975155862440907,0,0.0,False,0,False,300,81,0.27,99,0,120,0,0.3521700648374342,0.012978507164378428
28,sybil,0.5,0.0,[34],28020598,clean_oracle,4.962177355276529,"[0, 0, 0]","[96, 128, 85, 109, 150]","[96, 128, 85, 109, 150]",True,True,4.962177355276529,0,0.0,False,0,False,300,78,0.26,102,0,120,0,0.3437355291202451,0.0
28,sybil,0.5,0.5,[112],28020648,naive_poisoned,3.8576407105145405,"[0, 0, 0]","[96, 128, 85, ""sybil:112:1"", 150]","[96, 128, 85, 112, 150]",True,True,4.975155862440907,1,0.3333333333333333,True,1,False,300,68,0.22666666666666666,98,12,122,0,0.33931846647685937,0.012978507164378428
28,sybil,0.5,0.5,[112],28020648,trust_weighted,6.8576407105145405,"[0, 0, 0]","[96, 128, 85, ""sybil:112:1"", 150]","[96, 128, 85, 112, 150]",True,True,4.975155862440907,1,0.3333333333333333,True,1,False,300,68,0.22666666666666666,98,12,122,0,0.33931846647685937,0.012978507164378428
28,sybil,0.5,0.5,[112],28020648,clean_oracle,4.962177355276529,"[0, 0, 0]","[96, 128, 85, 109, 150]","[96, 128, 85, 109, 150]",True,True,4.962177355276529,0,0.0,False,0,False,300,78,0.26,102,0,120,0,0.3437355291202451,0.0
28,sybil,0.75,0.0,[112],28020848,naive_poisoned,3.2988831345513567,"[0, 0, 0]","[96, 128, 85, ""sybil:112:1"", 150]","[96, 128, 85, 112, 150]",True,True,4.975155862440907,1,0.3333333333333333,True,1,False,300,65,0.21666666666666667,97,16,122,0,0.33739933190647164,0.012978507164378428
28,sybil,0.75,0.0,[112],28020848,trust_weighted,12.298883134551357,"[0, 0, 0]","[96, 128, 85, ""sybil:112:1"", 150]","[96, 128, 85, 112, 150]",True,True,4.975155862440907,1,0.3333333333333333,True,1,False,300,65,0.21666666666666667,97,16,122,0,0.33739933190647164,0.012978507164378428
28,sybil,0.75,0.0,[112],28020848,clean_oracle,4.962177355276529,"[0, 0, 0]","[96, 128, 85, 109, 150]","[96, 128, 85, 109, 150]",True,True,4.962177355276529,0,0.0,False,0,False,300,78,0.26,102,0,120,0,0.3437355291202451,0.0
28,sybil,0.75,0.5,[112],28020898,naive_poisoned,3.2988831345513567,"[0, 0, 0]","[96, 128, 85, ""sybil:112:1"", 150]","[96, 128, 85, 112, 150]",True,True,4.975155862440907,1,0.3333333333333333,True,1,False,300,65,0.21666666666666667,97,16,122,0,0.33739933190647164,0.012978507164378428
28,sybil,0.75,0.5,[112],28020898,trust_weighted,7.798883134551357,"[0, 0, 0]","[96, 128, 85, ""sybil:112:1"", 150]","[96, 128, 85, 112, 150]",True,True,4.975155862440907,1,0.3333333333333333,True,1,False,300,65,0.21666666666666667,97,16,122,0,0.33739933190647164,0.012978507164378428
28,sybil,0.75,0.5,[112],28020898,clean_oracle,4.962177355276529,"[0, 0, 0]","[96, 128, 85, 109, 150]","[96, 128, 85, 109, 150]",True,True,4.962177355276529,0,0.0,False,0,False,300,78,0.26,102,0,120,0,0.3437355291202451,0.0
28,sybil,1.0,0.0,[34],28021098,naive_poisoned,102.67869088550205,"[0, 0, 0]","[96, 128, 85, ""sybil:34:1"", 150]","[96, 128, 85, 34, 150]",False,False,17.381356120324032,1,0.3333333333333333,True,1,False,300,0,0.0,0,0,0,300,0.0,12.419178765047503
28,sybil,1.0,0.0,[34],28021098,trust_weighted,114.67869088550205,"[0, 0, 0]","[96, 128, 85, ""sybil:34:1"", 150]","[96, 128, 85, 34, 150]",False,False,17.381356120324032,1,0.3333333333333333,True,1,False,300,0,0.0,0,0,0,300,0.0,12.419178765047503
28,sybil,1.0,0.0,[34],28021098,clean_oracle,4.962177355276529,"[0, 0, 0]","[96, 128, 85, 109, 150]","[96, 128, 85, 109, 150]",True,True,4.962177355276529,0,0.0,False,0,False,300,78,0.26,102,0,120,0,0.3437355291202451,0.0
28,sybil,1.0,0.5,[34],28021148,naive_poisoned,102.67869088550205,"[0, 0, 0]","[96, 128, 85, ""sybil:34:1"", 150]","[96, 128, 85, 34, 150]",False,False,17.381356120324032,1,0.3333333333333333,True,1,False,300,0,0.0,0,0,0,300,0.0,12.419178765047503
28,sybil,1.0,0.5,[34],28021148,trust_weighted,108.67869088550205,"[0, 0, 0]","[96, 128, 85, ""sybil:34:1"", 150]","[96, 128, 85, 34, 150]",False,False,17.381356120324032,1,0.3333333333333333,True,1,False,300,0,0.0,0,0,0,300,0.0,12.419178765047503
28,sybil,1.0,0.5,[34],28021148,clean_oracle,4.962177355276529,"[0, 0, 0]","[96, 128, 85, 109, 150]","[96, 128, 85, 109, 150]",True,True,4.962177355276529,0,0.0,False,0,False,300,78,0.26,102,0,120,0,0.3437355291202451,0.0
29,sinkhole,0.25,0.0,[133],29000337,naive_poisoned,4.2646295917572274,"[0, 0, 0]","[112, 77, 102, 133, 150]","[112, 77, 102, 133, 150]",True,True,4.837839668176656,1,0.3333333333333333,True,0,False,300,87,0.29,108,5,100,0,0.39699566351968585,0.0
29,sinkhole,0.25,0.0,[133],29000337,trust_weighted,7.2646295917572274,"[0, 0, 0]","[112, 77, 102, 133, 150]","[112, 77, 102, 133, 150]",True,True,4.837839668176656,1,0.3333333333333333,True,0,False,300,87,0.29,108,5,100,0,0.39699566351968585,0.0
29,sinkhole,0.25,0.0,[133],29000337,clean_oracle,4.837839668176656,"[0, 0, 0]","[112, 77, 102, 133, 150]","[112, 77, 102, 133, 150]",True,True,4.837839668176656,1,0.3333333333333333,True,0,False,300,87,0.29,108,5,100,0,0.39699566351968585,0.0
29,sinkhole,0.25,0.5,[53],29000387,naive_poisoned,4.837839668176656,"[0, 0, 0]","[112, 77, 102, 133, 150]","[112, 77, 102, 133, 150]",True,True,4.837839668176656,0,0.0,False,0,False,300,93,0.31,105,0,102,0,0.39289018468605263,0.0
29,sinkhole,0.25,0.5,[53],29000387,trust_weighted,4.837839668176656,"[0, 0, 0]","[112, 77, 102, 133, 150]","[112, 77, 102, 133, 150]",True,True,4.837839668176656,0,0.0,False,0,False,300,93,0.31,105,0,102,0,0.39289018468605263,0.0
29,sinkhole,0.25,0.5,[53],29000387,clean_oracle,4.837839668176656,"[0, 0, 0]","[112, 77, 102, 133, 150]","[112, 77, 102, 133, 150]",True,True,4.837839668176656,0,0.0,False,0,False,300,93,0.31,105,0,102,0,0.39289018468605263,0.0
29,sinkhole,0.5,0.0,[102],29000587,naive_poisoned,3.7002165756273384,"[0, 0, 0]","[112, 77, 102, 133, 150]","[112, 77, 102, 133, 150]",True,True,4.837839668176656,1,0.3333333333333333,True,0,False,300,88,0.29333333333333333,103,11,98,0,0.3890536574886738,0.0
29,sinkhole,0.5,0.0,[102],29000587,trust_weighted,9.700216575627339,"[0, 0, 0]","[112, 77, 102, 133, 150]","[112, 77, 102, 133, 150]",True,True,4.837839668176656,1,0.3333333333333333,True,0,False,300,88,0.29333333333333333,103,11,98,0,0.3890536574886738,0.0
29,sinkhole,0.5,0.0,[102],29000587,clean_oracle,4.837839668176656,"[0, 0, 0]","[112, 77, 102, 133, 150]","[112, 77, 102, 133, 150]",True,True,4.837839668176656,1,0.3333333333333333,True,0,False,300,88,0.29333333333333333,103,11,98,0,0.3890536574886738,0.0
29,sinkhole,0.5,0.5,[53],29000637,naive_poisoned,4.837839668176656,"[0, 0, 0]","[112, 77, 102, 133, 150]","[112, 77, 102, 133, 150]",True,True,4.837839668176656,0,0.0,False,0,False,300,93,0.31,105,0,102,0,0.39289018468605263,0.0
29,sinkhole,0.5,0.5,[53],29000637,trust_weighted,4.837839668176656,"[0, 0, 0]","[112, 77, 102, 133, 150]","[112, 77, 102, 133, 150]",True,True,4.837839668176656,0,0.0,False,0,False,300,93,0.31,105,0,102,0,0.39289018468605263,0.0
29,sinkhole,0.5,0.5,[53],29000637,clean_oracle,4.837839668176656,"[0, 0, 0]","[112, 77, 102, 133, 150]","[112, 77, 102, 133, 150]",True,True,4.837839668176656,0,0.0,False,0,False,300,93,0.31,105,0,102,0,0.39289018468605263,0.0
29,sinkhole,0.75,0.0,"[90, 133]",29000837,naive_poisoned,3.1182094389183685,"[0, 0, 0]","[112, 77, 102, 133, 150]","[112, 77, 102, 133, 150]",True,True,4.837839668176656,1,0.3333333333333333,True,0,False,300,83,0.27666666666666667,106,12,99,0,0.39166590063710416,0.0
29,sinkhole,0.75,0.0,"[90, 133]",29000837,trust_weighted,12.118209438918367,"[0, 0, 0]","[112, 77, 102, 133, 150]","[112, 77, 102, 133, 150]",True,True,4.837839668176656,1,0.3333333333333333,True,0,False,300,83,0.27666666666666667,106,12,99,0,0.39166590063710416,0.0
29,sinkhole,0.75,0.0,"[90, 133]",29000837,clean_oracle,4.837839668176656,"[0, 0, 0]","[112, 77, 102, 133, 150]","[112, 77, 102, 133, 150]",True,True,4.837839668176656,1,0.3333333333333333,True,0,False,300,83,0.27666666666666667,106,12,99,0,0.39166590063710416,0.0
29,sinkhole,0.75,0.5,"[53, 102]",29000887,naive_poisoned,3.1314050293526794,"[0, 0, 0]","[112, 77, 102, 133, 150]","[112, 77, 102, 133, 150]",True,True,4.837839668176656,1,0.3333333333333333,True,0,False,300,83,0.27666666666666667,101,18,98,0,0.3789857890856787,0.0
29,sinkhole,0.75,0.5,"[53, 102]",29000887,trust_weighted,7.631405029352679,"[0, 0, 0]","[112, 77, 102, 133, 150]","[112, 77, 102, 133, 150]",True,True,4.837839668176656,1,0.3333333333333333,True,0,False,300,83,0.27666666666666667,101,18,98,0,0.3789857890856787,0.0
29,sinkhole,0.75,0.5,"[53, 102]",29000887,clean_oracle,4.837839668176656,"[0, 0, 0]","[112, 77, 102, 133, 150]","[112, 77, 102, 133, 150]",True,True,4.837839668176656,1,0.3333333333333333,True,0,False,300,83,0.27666666666666667,101,18,98,0,0.3789857890856787,0.0
29,sinkhole,1.0,0.0,"[15, 143]",29001087,naive_poisoned,4.837839668176656,"[0, 0, 0]","[112, 77, 102, 133, 150]","[112, 77, 102, 133, 150]",True,True,4.837839668176656,0,0.0,False,0,False,300,93,0.31,105,0,102,0,0.39289018468605263,0.0
29,sinkhole,1.0,0.0,"[15, 143]",29001087,trust_weighted,4.837839668176656,"[0, 0, 0]","[112, 77, 102, 133, 150]","[112, 77, 102, 133, 150]",True,True,4.837839668176656,0,0.0,False,0,False,300,93,0.31,105,0,102,0,0.39289018468605263,0.0
29,sinkhole,1.0,0.0,"[15, 143]",29001087,clean_oracle,4.837839668176656,"[0, 0, 0]","[112, 77, 102, 133, 150]","[112, 77, 102, 133, 150]",True,True,4.837839668176656,0,0.0,False,0,False,300,93,0.31,105,0,102,0,0.39289018468605263,0.0
29,sinkhole,1.0,0.5,"[90, 143]",29001137,naive_poisoned,4.837839668176656,"[0, 0, 0]","[112, 77, 102, 133, 150]","[112, 77, 102, 133, 150]",True,True,4.837839668176656,0,0.0,False,0,False,300,93,0.31,105,0,102,0,0.39289018468605263,0.0
29,sinkhole,1.0,0.5,"[90, 143]",29001137,trust_weighted,4.837839668176656,"[0, 0, 0]","[112, 77, 102, 133, 150]","[112, 77, 102, 133, 150]",True,True,4.837839668176656,0,0.0,False,0,False,300,93,0.31,105,0,102,0,0.39289018468605263,0.0
29,sinkhole,1.0,0.5,"[90, 143]",29001137,clean_oracle,4.837839668176656,"[0, 0, 0]","[112, 77, 102, 133, 150]","[112, 77, 102, 133, 150]",True,True,4.837839668176656,0,0.0,False,0,False,300,93,0.31,105,0,102,0,0.39289018468605263,0.0
29,wormhole,0.25,0.0,"[56, 90]",29010344,naive_poisoned,4.291509025128745,"[1, 2, 0]","[112, 56, 90, 133, 150]","[112, 56, 90, 133, 150]",True,False,17.209321400131543,2,0.6666666666666666,True,0,True,300,0,0.0,0,0,0,300,0.0,12.371481731954887
29,wormhole,0.25,0.0,"[56, 90]",29010344,trust_weighted,4.837839668176656,"[0, 0, 0]","[112, 77, 102, 133, 150]","[112, 77, 102, 133, 150]",True,True,4.837839668176656,0,0.0,False,0,False,300,93,0.31,105,0,102,0,0.39289018468605263,0.0
29,wormhole,0.25,0.0,"[56, 90]",29010344,clean_oracle,4.837839668176656,"[0, 0, 0]","[112, 77, 102, 133, 150]","[112, 77, 102, 133, 150]",True,True,4.837839668176656,0,0.0,False,0,False,300,93,0.31,105,0,102,0,0.39289018468605263,0.0
29,wormhole,0.25,0.5,"[15, 133]",29010394,naive_poisoned,4.284683043006964,"[1, 1, 0]","[112, 56, 15, 133, 150]","[112, 56, 15, 133, 150]",True,False,17.20249541800976,2,0.6666666666666666,True,0,True,300,0,0.0,0,0,0,300,0.0,12.364655749833105
29,wormhole,0.25,0.5,"[15, 133]",29010394,trust_weighted,6.337839668176656,"[0, 0, 0]","[112, 77, 102, 133, 150]","[112, 77, 102, 133, 150]",True,True,4.837839668176656,1,0.3333333333333333,True,0,False,300,87,0.29,108,5,100,0,0.39699566351968585,0.0
29,wormhole,0.25,0.5,"[15, 133]",29010394,clean_oracle,4.837839668176656,"[0, 0, 0]","[112, 77, 102, 133, 150]","[112, 77, 102, 133, 150]",True,True,4.837839668176656,1,0.3333333333333333,True,0,False,300,87,0.29,108,5,100,0,0.39699566351968585,0.0
29,wormhole,0.5,0.0,"[15, 133]",29010594,naive_poisoned,4.0405518883793246,"[1, 1, 0]","[112, 56, 15, 133, 150]","[112, 56, 15, 133, 150]",True,False,17.20249541800976,2,0.6666666666666666,True,0,True,300,0,0.0,0,0,0,300,0.0,12.364655749833105
29,wormhole,0.5,0.0,"[15, 133]",29010594,trust_weighted,10.837839668176656,"[0, 0, 0]","[112, 77, 102, 133, 150]","[112, 77, 102, 133, 150]",True,True,4.837839668176656,1,0.3333333333333333,True,0,False,300,84,0.28,108,8,100,0,0.3940879636224395,0.0
29,wormhole,0.5,0.0,"[15, 133]",29010594,clean_oracle,4.837839668176656,"[0, 0, 0]","[112, 77, 102, 133, 150]","[112, 77, 102, 133, 150]",True,True,4.837839668176656,1,0.3333333333333333,True,0,False,300,84,0.28,108,8,100,0,0.3940879636224395,0.0
29,wormhole,0.5,0.5,"[15, 133]",29010644,naive_poisoned,4.0405518883793246,"[1, 1, 0]","[112, 56, 15, 133, 150]","[112, 56, 15, 133, 150]",True,False,17.20249541800976,2,0.6666666666666666,True,0,True,300,0,0.0,0,0,0,300,0.0,12.364655749833105
29,wormhole,0.5,0.5,"[15, 133]",29010644,trust_weighted,7.837839668176657,"[0, 0, 0]","[112, 77, 102, 133, 150]","[112, 77, 102, 133, 150]",True,True,4.837839668176656,1,0.3333333333333333,True,0,False,300,84,0.28,108,8,100,0,0.3940879636224395,0.0
29,wormhole,0.5,0.5,"[15, 133]",29010644,clean_oracle,4.837839668176656,"[0, 0, 0]","[112, 77, 102, 133, 150]","[112, 77, 102, 133, 150]",True,True,4.837839668176656,1,0.3333333333333333,True,0,False,300,84,0.28,108,8,100,0,0.3940879636224395,0.0
29,wormhole,0.75,0.0,"[15, 133]",29010844,naive_poisoned,3.7964207337516855,"[1, 1, 0]","[112, 56, 15, 133, 150]","[112, 56, 15, 133, 150]",True,False,17.20249541800976,2,0.6666666666666666,True,0,True,300,0,0.0,0,0,0,300,0.0,12.364655749833105
29,wormhole,0.75,0.0,"[15, 133]",29010844,trust_weighted,13.837839668176656,"[0, 0, 0]","[112, 77, 102, 133, 150]","[112, 77, 102, 133, 150]",True,True,4.837839668176656,1,0.3333333333333333,True,0,False,300,82,0.2733333333333333,106,14,98,0,0.39132725350006226,0.0
29,wormhole,0.75,0.0,"[15, 133]",29010844,clean_oracle,4.837839668176656,"[0, 0, 0]","[112, 77, 102, 133, 150]","[112, 77, 102, 133, 150]",True,True,4.837839668176656,1,0.3333333333333333,True,0,False,300,82,0.2733333333333333,106,14,98,0,0.39132725350006226,0.0
29,wormhole,0.75,0.5,"[56, 90]",29010894,naive_poisoned,3.8032467158734664,"[1, 2, 0]","[112, 56, 90, 133, 150]","[112, 56, 90, 133, 150]",True,False,17.209321400131543,2,0.6666666666666666,True,0,True,300,0,0.0,0,0,0,300,0.0,12.371481731954887
29,wormhole,0.75,0.5,"[56, 90]",29010894,trust_weighted,4.837839668176656,"[0, 0, 0]","[112, 77, 102, 133, 150]","[112, 77, 102, 133, 150]",True,True,4.837839668176656,0,0.0,False,0,False,300,93,0.31,105,0,102,0,0.39289018468605263,0.0
29,wormhole,0.75,0.5,"[56, 90]",29010894,clean_oracle,4.837839668176656,"[0, 0, 0]","[112, 77, 102, 133, 150]","[112, 77, 102, 133, 150]",True,True,4.837839668176656,0,0.0,False,0,False,300,93,0.31,105,0,102,0,0.39289018468605263,0.0
29,wormhole,1.0,0.0,"[15, 133]",29011094,naive_poisoned,3.552289579124047,"[1, 1, 0]","[112, 56, 15, 133, 150]","[112, 56, 15, 133, 150]",True,False,17.20249541800976,2,0.6666666666666666,True,0,True,300,0,0.0,0,0,0,300,0.0,12.364655749833105
29,wormhole,1.0,0.0,"[15, 133]",29011094,trust_weighted,16.837839668176656,"[0, 0, 0]","[112, 77, 102, 133, 150]","[112, 77, 102, 133, 150]",True,True,4.837839668176656,1,0.3333333333333333,True,0,False,300,80,0.26666666666666666,107,15,98,0,0.3915007483874966,0.0
29,wormhole,1.0,0.0,"[15, 133]",29011094,clean_oracle,4.837839668176656,"[0, 0, 0]","[112, 77, 102, 133, 150]","[112, 77, 102, 133, 150]",True,True,4.837839668176656,1,0.3333333333333333,True,0,False,300,80,0.26666666666666666,107,15,98,0,0.3915007483874966,0.0
29,wormhole,1.0,0.5,"[56, 90]",29011144,naive_poisoned,3.5591155612458274,"[1, 2, 0]","[112, 56, 90, 133, 150]","[112, 56, 90, 133, 150]",True,False,17.209321400131543,2,0.6666666666666666,True,0,True,300,0,0.0,0,0,0,300,0.0,12.371481731954887
29,wormhole,1.0,0.5,"[56, 90]",29011144,trust_weighted,4.837839668176656,"[0, 0, 0]","[112, 77, 102, 133, 150]","[112, 77, 102, 133, 150]",True,True,4.837839668176656,0,0.0,False,0,False,300,93,0.31,105,0,102,0,0.39289018468605263,0.0
29,wormhole,1.0,0.5,"[56, 90]",29011144,clean_oracle,4.837839668176656,"[0, 0, 0]","[112, 77, 102, 133, 150]","[112, 77, 102, 133, 150]",True,True,4.837839668176656,0,0.0,False,0,False,300,93,0.31,105,0,102,0,0.39289018468605263,0.0
29,sybil,0.25,0.0,[143],29020351,naive_poisoned,4.837839668176656,"[0, 0, 0]","[112, 77, 102, 133, 150]","[112, 77, 102, 133, 150]",True,True,4.837839668176656,0,0.0,False,0,False,300,93,0.31,105,0,102,0,0.39289018468605263,0.0
29,sybil,0.25,0.0,[143],29020351,trust_weighted,4.837839668176656,"[0, 0, 0]","[112, 77, 102, 133, 150]","[112, 77, 102, 133, 150]",True,True,4.837839668176656,0,0.0,False,0,False,300,93,0.31,105,0,102,0,0.39289018468605263,0.0
29,sybil,0.25,0.0,[143],29020351,clean_oracle,4.837839668176656,"[0, 0, 0]","[112, 77, 102, 133, 150]","[112, 77, 102, 133, 150]",True,True,4.837839668176656,0,0.0,False,0,False,300,93,0.31,105,0,102,0,0.39289018468605263,0.0
29,sybil,0.25,0.5,[133],29020401,naive_poisoned,4.2646295917572274,"[0, 0, 0]","[112, 77, 102, ""sybil:133:0"", 150]","[112, 77, 102, 133, 150]",True,True,4.837839668176656,1,0.3333333333333333,True,1,False,300,87,0.29,107,6,100,0,0.39631002660777526,0.0
29,sybil,0.25,0.5,[133],29020401,trust_weighted,5.7646295917572274,"[0, 0, 0]","[112, 77, 102, ""sybil:133:0"", 150]","[112, 77, 102, 133, 150]",True,True,4.837839668176656,1,0.3333333333333333,True,1,False,300,87,0.29,107,6,100,0,0.39631002660777526,0.0
29,sybil,0.25,0.5,[133],29020401,clean_oracle,4.837839668176656,"[0, 0, 0]","[112, 77, 102, 133, 150]","[112, 77, 102, 133, 150]",True,True,4.837839668176656,1,0.3333333333333333,True,0,False,300,87,0.29,107,6,100,0,0.39631002660777526,0.0
29,sybil,0.5,0.0,[143],29020601,naive_poisoned,103.04489716474231,"[0, 0, 0]","[112, 77, 102, ""sybil:143:1"", 150]","[112, 77, 102, 143, 150]",False,False,17.307970395624142,1,0.3333333333333333,True,1,False,300,0,0.0,0,0,0,300,0.0,12.470130727447486
29,sybil,0.5,0.0,[143],29020601,trust_weighted,103.58307044229832,"[0, 0, 1]","[112, 77, 102, 53, 150]","[112, 77, 102, 53, 150]",False,False,17.284672313737225,0,0.0,False,0,False,300,0,0.0,0,0,0,300,0.0,12.44683264556057
29,sybil,0.5,0.0,[143],29020601,clean_oracle,4.837839668176656,"[0, 0, 0]","[112, 77, 102, 133, 150]","[112, 77, 102, 133, 150]",True,True,4.837839668176656,0,0.0,False,0,False,300,93,0.31,105,0,102,0,0.39289018468605263,0.0
29,sybil,0.5,0.5,[133],29020651,naive_poisoned,3.691419515337798,"[0, 0, 0]","[112, 77, 102, ""sybil:133:0"", 150]","[112, 77, 102, 133, 150]",True,True,4.837839668176656,1,0.3333333333333333,True,1,False,300,84,0.28,108,8,100,0,0.3940879636224395,0.0
29,sybil,0.5,0.5,[133],29020651,trust_weighted,6.691419515337798,"[0, 0, 0]","[112, 77, 102, ""sybil:133:0"", 150]","[112, 77, 102, 133, 150]",True,True,4.837839668176656,1,0.3333333333333333,True,1,False,300,84,0.28,108,8,100,0,0.3940879636224395,0.0
29,sybil,0.5,0.5,[133],29020651,clean_oracle,4.837839668176656,"[0, 0, 0]","[112, 77, 102, 133, 150]","[112, 77, 102, 133, 150]",True,True,4.837839668176656,1,0.3333333333333333,True,0,False,300,84,0.28,108,8,100,0,0.3940879636224395,0.0
29,sybil,0.75,0.0,[133],29020851,naive_poisoned,3.1182094389183685,"[0, 0, 0]","[112, 77, 102, ""sybil:133:0"", 150]","[112, 77, 102, 133, 150]",True,True,4.837839668176656,1,0.3333333333333333,True,1,False,300,82,0.2733333333333333,106,14,98,0,0.39132725350006226,0.0
29,sybil,0.75,0.0,[133],29020851,trust_weighted,12.118209438918367,"[0, 0, 0]","[112, 77, 102, ""sybil:133:0"", 150]","[112, 77, 102, 133, 150]",True,True,4.837839668176656,1,0.3333333333333333,True,1,False,300,82,0.2733333333333333,106,14,98,0,0.39132725350006226,0.0
29,sybil,0.75,0.0,[133],29020851,clean_oracle,4.837839668176656,"[0, 0, 0]","[112, 77, 102, 133, 150]","[112, 77, 102, 133, 150]",True,True,4.837839668176656,1,0.3333333333333333,True,0,False,300,82,0.2733333333333333,106,14,98,0,0.39132725350006226,0.0
29,sybil,0.75,0.5,[133],29020901,naive_poisoned,3.1182094389183685,"[0, 0, 0]","[112, 77, 102, ""sybil:133:0"", 150]","[112, 77, 102, 133, 150]",True,True,4.837839668176656,1,0.3333333333333333,True,1,False,300,82,0.2733333333333333,106,14,98,0,0.39132725350006226,0.0
29,sybil,0.75,0.5,[133],29020901,trust_weighted,7.6182094389183685,"[0, 0, 0]","[112, 77, 102, ""sybil:133:0"", 150]","[112, 77, 102, 133, 150]",True,True,4.837839668176656,1,0.3333333333333333,True,1,False,300,82,0.2733333333333333,106,14,98,0,0.39132725350006226,0.0
29,sybil,0.75,0.5,[133],29020901,clean_oracle,4.837839668176656,"[0, 0, 0]","[112, 77, 102, 133, 150]","[112, 77, 102, 133, 150]",True,True,4.837839668176656,1,0.3333333333333333,True,0,False,300,82,0.2733333333333333,106,14,98,0,0.39132725350006226,0.0
29,sybil,1.0,0.0,[133],29021101,naive_poisoned,2.544999362498939,"[0, 0, 0]","[112, 77, 102, ""sybil:133:0"", 150]","[112, 77, 102, 133, 150]",True,True,4.837839668176656,1,0.3333333333333333,True,1,False,300,79,0.2633333333333333,106,17,98,0,0.3890786854021613,0.0
29,sybil,1.0,0.0,[133],29021101,trust_weighted,14.544999362498938,"[0, 0, 0]","[112, 77, 102, ""sybil:133:0"", 150]","[112, 77, 102, 133, 150]",True,True,4.837839668176656,1,0.3333333333333333,True,1,False,300,79,0.2633333333333333,106,17,98,0,0.3890786854021613,0.0
29,sybil,1.0,0.0,[133],29021101,clean_oracle,4.837839668176656,"[0, 0, 0]","[112, 77, 102, 133, 150]","[112, 77, 102, 133, 150]",True,True,4.837839668176656,1,0.3333333333333333,True,0,False,300,79,0.2633333333333333,106,17,98,0,0.3890786854021613,0.0
29,sybil,1.0,0.5,[143],29021151,naive_poisoned,102.48342580529936,"[0, 0, 0]","[112, 77, 102, ""sybil:143:1"", 150]","[112, 77, 102, 143, 150]",False,False,17.307970395624142,1,0.3333333333333333,True,1,False,300,0,0.0,0,0,0,300,0.0,12.470130727447486
29,sybil,1.0,0.5,[143],29021151,trust_weighted,108.48342580529936,"[0, 0, 0]","[112, 77, 102, ""sybil:143:1"", 150]","[112, 77, 102, 143, 150]",False,False,17.307970395624142,1,0.3333333333333333,True,1,False,300,0,0.0,0,0,0,300,0.0,12.470130727447486
29,sybil,1.0,0.5,[143],29021151,clean_oracle,4.837839668176656,"[0, 0, 0]","[112, 77, 102, 133, 150]","[112, 77, 102, 133, 150]",True,True,4.837839668176656,0,0.0,False,0,False,300,93,0.31,105,0,102,0,0.39289018468605263,0.0
30,sinkhole,0.25,0.0,[50],30000340,naive_poisoned,4.97072621988539,"[0, 0, 0]","[58, 92, 147, 131, 150]","[58, 92, 147, 131, 150]",True,True,4.97072621988539,0,0.0,False,0,False,300,67,0.22333333333333333,101,0,132,0,0.3410018443536522,0.0
30,sinkhole,0.25,0.0,[50],30000340,trust_weighted,4.97072621988539,"[0, 0, 0]","[58, 92, 147, 131, 150]","[58, 92, 147, 131, 150]",True,True,4.97072621988539,0,0.0,False,0,False,300,67,0.22333333333333333,101,0,132,0,0.3410018443536522,0.0
30,sinkhole,0.25,0.0,[50],30000340,clean_oracle,4.97072621988539,"[0, 0, 0]","[58, 92, 147, 131, 150]","[58, 92, 147, 131, 150]",True,True,4.97072621988539,0,0.0,False,0,False,300,67,0.22333333333333333,101,0,132,0,0.3410018443536522,0.0
30,sinkhole,0.25,0.5,[47],30000390,naive_poisoned,4.97072621988539,"[0, 0, 0]","[58, 92, 147, 131, 150]","[58, 92, 147, 131, 150]",True,True,4.97072621988539,0,0.0,False,0,False,300,67,0.22333333333333333,101,0,132,0,0.3410018443536522,0.0
30,sinkhole,0.25,0.5,[47],30000390,trust_weighted,4.97072621988539,"[0, 0, 0]","[58, 92, 147, 131, 150]","[58, 92, 147, 131, 150]",True,True,4.97072621988539,0,0.0,False,0,False,300,67,0.22333333333333333,101,0,132,0,0.3410018443536522,0.0
30,sinkhole,0.25,0.5,[47],30000390,clean_oracle,4.97072621988539,"[0, 0, 0]","[58, 92, 147, 131, 150]","[58, 92, 147, 131, 150]",True,True,4.97072621988539,0,0.0,False,0,False,300,67,0.22333333333333333,101,0,132,0,0.3410018443536522,0.0
30,sinkhole,0.5,0.0,[50],30000590,naive_poisoned,4.97072621988539,"[0, 0, 0]","[58, 92, 147, 131, 150]","[58, 92, 147, 131, 150]",True,True,4.97072621988539,0,0.0,False,0,False,300,67,0.22333333333333333,101,0,132,0,0.3410018443536522,0.0
30,sinkhole,0.5,0.0,[50],30000590,trust_weighted,4.97072621988539,"[0, 0, 0]","[58, 92, 147, 131, 150]","[58, 92, 147, 131, 150]",True,True,4.97072621988539,0,0.0,False,0,False,300,67,0.22333333333333333,101,0,132,0,0.3410018443536522,0.0
30,sinkhole,0.5,0.0,[50],30000590,clean_oracle,4.97072621988539,"[0, 0, 0]","[58, 92, 147, 131, 150]","[58, 92, 147, 131, 150]",True,True,4.97072621988539,0,0.0,False,0,False,300,67,0.22333333333333333,101,0,132,0,0.3410018443536522,0.0
30,sinkhole,0.5,0.5,[92],30000640,naive_poisoned,3.7526335936806214,"[0, 0, 0]","[58, 92, 147, 131, 150]","[58, 92, 147, 131, 150]",True,True,4.97072621988539,1,0.3333333333333333,True,0,False,300,64,0.21333333333333335,98,15,123,0,0.3249673220356204,0.0
30,sinkhole,0.5,0.5,[92],30000640,trust_weighted,6.752633593680621,"[0, 0, 0]","[58, 92, 147, 131, 150]","[58, 92, 147, 131, 150]",True,True,4.97072621988539,1,0.3333333333333333,True,0,False,300,64,0.21333333333333335,98,15,123,0,0.3249673220356204,0.0
30,sinkhole,0.5,0.5,[92],30000640,clean_oracle,4.97072621988539,"[0, 0, 0]","[58, 92, 147, 131, 150]","[58, 92, 147, 131, 150]",True,True,4.97072621988539,1,0.3333333333333333,True,0,False,300,64,0.21333333333333335,98,15,123,0,0.3249673220356204,0.0
30,sinkhole,0.75,0.0,"[47, 147]",30000840,naive_poisoned,3.217461911208931,"[0, 0, 0]","[58, 92, 147, 131, 150]","[58, 92, 147, 131, 150]",True,True,4.97072621988539,1,0.3333333333333333,True,0,False,300,60,0.2,93,15,132,0,0.319965334227696,0.0
30,sinkhole,0.75,0.0,"[47, 147]",30000840,trust_weighted,5.037879875194247,"[0, 1, 0]","[58, 92, 135, 131, 150]","[58, 92, 135, 131, 150]",True,True,5.037879875194247,0,0.0,False,0,False,300,65,0.21666666666666667,113,0,122,0,0.3459913021239984,0.0671536553088572
30,sinkhole,0.75,0.0,"[47, 147]",30000840,clean_oracle,4.97072621988539,"[0, 0, 0]","[58, 92, 147, 131, 150]","[58, 92, 147, 131, 150]",True,True,4.97072621988539,1,0.3333333333333333,True,0,False,300,60,0.2,93,15,132,0,0.319965334227696,0.0
30,sinkhole,0.75,0.5,"[32, 135]",30000890,naive_poisoned,3.2367685871102276,"[0, 1, 0]","[58, 92, 135, 131, 150]","[58, 92, 135, 131, 150]",True,True,5.037879875194247,1,0.3333333333333333,True,0,False,300,63,0.21,100,16,121,0,0.3286408343255154,0.0671536553088572
30,sinkhole,0.75,0.5,"[32, 135]",30000890,trust_weighted,4.97072621988539,"[0, 0, 0]","[58, 92, 147, 131, 150]","[58, 92, 147, 131, 150]",True,True,4.97072621988539,0,0.0,False,0,False,300,67,0.22333333333333333,101,0,132,0,0.3410018443536522,0.0
30,sinkhole,0.75,0.5,"[32, 135]",30000890,clean_oracle,4.97072621988539,"[0, 0, 0]","[58, 92, 147, 131, 150]","[58, 92, 147, 131, 150]",True,True,4.97072621988539,0,0.0,False,0,False,300,67,0.22333333333333333,101,0,132,0,0.3410018443536522,0.0
30,sinkhole,1.0,0.0,"[135, 52]",30001090,naive_poisoned,2.6363981577488875,"[0, 1, 0]","[58, 92, 135, 131, 150]","[58, 92, 135, 131, 150]",True,True,5.037879875194247,1,0.3333333333333333,True,0,False,300,56,0.18666666666666668,94,25,125,0,0.317845982986082,0.0671536553088572
30,sinkhole,1.0,0.0,"[135, 52]",30001090,trust_weighted,4.97072621988539,"[0, 0, 0]","[58, 92, 147, 131, 150]","[58, 92, 147, 131, 150]",True,True,4.97072621988539,0,0.0,False,0,False,300,67,0.22333333333333333,101,0,132,0,0.3410018443536522,0.0
30,sinkhole,1.0,0.0,"[135, 52]",30001090,clean_oracle,4.97072621988539,"[0, 0, 0]","[58, 92, 147, 131, 150]","[58, 92, 147, 131, 150]",True,True,4.97072621988539,0,0.0,False,0,False,300,67,0.22333333333333333,101,0,132,0,0.3410018443536522,0.0
30,sinkhole,1.0,0.5,"[0, 52]",30001140,naive_poisoned,4.97072621988539,"[0, 0, 0]","[58, 92, 147, 131, 150]","[58, 92, 147, 131, 150]",True,True,4.97072621988539,0,0.0,False,0,False,300,67,0.22333333333333333,101,0,132,0,0.3410018443536522,0.0
30,sinkhole,1.0,0.5,"[0, 52]",30001140,trust_weighted,4.97072621988539,"[0, 0, 0]","[58, 92, 147, 131, 150]","[58, 92, 147, 131, 150]",True,True,4.97072621988539,0,0.0,False,0,False,300,67,0.22333333333333333,101,0,132,0,0.3410018443536522,0.0
30,sinkhole,1.0,0.5,"[0, 52]",30001140,clean_oracle,4.97072621988539,"[0, 0, 0]","[58, 92, 147, 131, 150]","[58, 92, 147, 131, 150]",True,True,4.97072621988539,0,0.0,False,0,False,300,67,0.22333333333333333,101,0,132,0,0.3410018443536522,0.0
30,wormhole,0.25,0.0,"[135, 50]",30010347,naive_poisoned,4.97072621988539,"[0, 0, 0]","[58, 92, 147, 131, 150]","[58, 92, 147, 131, 150]",True,True,4.97072621988539,0,0.0,False,0,False,300,67,0.22333333333333333,101,0,132,0,0.3410018443536522,0.0
30,wormhole,0.25,0.0,"[135, 50]",30010347,trust_weighted,4.97072621988539,"[0, 0, 0]","[58, 92, 147, 131, 150]","[58, 92, 147, 131, 150]",True,True,4.97072621988539,0,0.0,False,0,False,300,67,0.22333333333333333,101,0,132,0,0.3410018443536522,0.0
30,wormhole,0.25,0.0,"[135, 50]",30010347,clean_oracle,4.97072621988539,"[0, 0, 0]","[58, 92, 147, 131, 150]","[58, 92, 147, 131, 150]",True,True,4.97072621988539,0,0.0,False,0,False,300,67,0.22333333333333333,101,0,132,0,0.3410018443536522,0.0
30,wormhole,0.25,0.5,"[135, 50]",30010397,naive_poisoned,4.97072621988539,"[0, 0, 0]","[58, 92, 147, 131, 150]","[58, 92, 147, 131, 150]",True,True,4.97072621988539,0,0.0,False,0,False,300,67,0.22333333333333333,101,0,132,0,0.3410018443536522,0.0
30,wormhole,0.25,0.5,"[135, 50]",30010397,trust_weighted,4.97072621988539,"[0, 0, 0]","[58, 92, 147, 131, 150]","[58, 92, 147, 131, 150]",True,True,4.97072621988539,0,0.0,False,0,False,300,67,0.22333333333333333,101,0,132,0,0.3410018443536522,0.0
30,wormhole,0.25,0.5,"[135, 50]",30010397,clean_oracle,4.97072621988539,"[0, 0, 0]","[58, 92, 147, 131, 150]","[58, 92, 147, 131, 150]",True,True,4.97072621988539,0,0.0,False,0,False,300,67,0.22333333333333333,101,0,132,0,0.3410018443536522,0.0
30,wormhole,0.5,0.0,"[47, 52]",30010597,naive_poisoned,4.09976011636056,"[2, 2, 0]","[58, 47, 52, 131, 150]","[58, 47, 52, 131, 150]",True,False,17.291334423905337,2,0.6666666666666666,True,0,True,300,0,0.0,0,0,0,300,0.0,12.320608204019948
30,wormhole,0.5,0.0,"[47, 52]",30010597,trust_weighted,4.97072621988539,"[0, 0, 0]","[58, 92, 147, 131, 150]","[58, 92, 147, 131, 150]",True,True,4.97072621988539,0,0.0,False,0,False,300,67,0.22333333333333333,101,0,132,0,0.3410018443536522,0.0
30,wormhole,0.5,0.0,"[47, 52]",30010597,clean_oracle,4.97072621988539,"[0, 0, 0]","[58, 92, 147, 131, 150]","[58, 92, 147, 131, 150]",True,True,4.97072621988539,0,0.0,False,0,False,300,67,0.22333333333333333,101,0,132,0,0.3410018443536522,0.0
30,wormhole,0.5,0.5,"[47, 52]",30010647,naive_poisoned,4.09976011636056,"[2, 2, 0]","[58, 47, 52, 131, 150]","[58, 47, 52, 131, 150]",True,False,17.291334423905337,2,0.6666666666666666,True,0,True,300,0,0.0,0,0,0,300,0.0,12.320608204019948
30,wormhole,0.5,0.5,"[47, 52]",30010647,trust_weighted,4.97072621988539,"[0, 0, 0]","[58, 92, 147, 131, 150]","[58, 92, 147, 131, 150]",True,True,4.97072621988539,0,0.0,False,0,False,300,67,0.22333333333333333,101,0,132,0,0.3410018443536522,0.0
30,wormhole,0.5,0.5,"[47, 52]",30010647,clean_oracle,4.97072621988539,"[0, 0, 0]","[58, 92, 147, 131, 150]","[58, 92, 147, 131, 150]",True,True,4.97072621988539,0,0.0,False,0,False,300,67,0.22333333333333333,101,0,132,0,0.3410018443536522,0.0
30,wormhole,0.75,0.0,"[0, 52]",30010847,naive_poisoned,3.83012296489372,"[1, 2, 0]","[58, 0, 52, 131, 150]","[58, 0, 52, 131, 150]",True,False,17.26584406746744,2,0.6666666666666666,True,0,True,300,0,0.0,0,0,0,300,0.0,12.295117847582052
30,wormhole,0.75,0.0,"[0, 52]",30010847,trust_weighted,4.97072621988539,"[0, 0, 0]","[58, 92, 147, 131, 150]","[58, 92, 147, 131, 150]",True,True,4.97072621988539,0,0.0,False,0,False,300,67,0.22333333333333333,101,0,132,0,0.3410018443536522,0.0
30,wormhole,0.75,0.0,"[0, 52]",30010847,clean_oracle,4.97072621988539,"[0, 0, 0]","[58, 92, 147, 131, 150]","[58, 92, 147, 131, 150]",True,True,4.97072621988539,0,0.0,False,0,False,300,67,0.22333333333333333,101,0,132,0,0.3410018443536522,0.0
30,wormhole,0.75,0.5,"[135, 50]",30010897,naive_poisoned,4.97072621988539,"[0, 0, 0]","[58, 92, 147, 131, 150]","[58, 92, 147, 131, 150]",True,True,4.97072621988539,0,0.0,False,0,False,300,67,0.22333333333333333,101,0,132,0,0.3410018443536522,0.0
30,wormhole,0.75,0.5,"[135, 50]",30010897,trust_weighted,4.97072621988539,"[0, 0, 0]","[58, 92, 147, 131, 150]","[58, 92, 147, 131, 150]",True,True,4.97072621988539,0,0.0,False,0,False,300,67,0.22333333333333333,101,0,132,0,0.3410018443536522,0.0
30,wormhole,0.75,0.5,"[135, 50]",30010897,clean_oracle,4.97072621988539,"[0, 0, 0]","[58, 92, 147, 131, 150]","[58, 92, 147, 131, 150]",True,True,4.97072621988539,0,0.0,False,0,False,300,67,0.22333333333333333,101,0,132,0,0.3410018443536522,0.0
30,wormhole,1.0,0.0,"[47, 52]",30011097,naive_poisoned,3.611466526302677,"[2, 2, 0]","[58, 47, 52, 131, 150]","[58, 47, 52, 131, 150]",True,False,17.291334423905337,2,0.6666666666666666,True,0,True,300,0,0.0,0,0,0,300,0.0,12.320608204019948
30,wormhole,1.0,0.0,"[47, 52]",30011097,trust_weighted,4.97072621988539,"[0, 0, 0]","[58, 92, 147, 131, 150]","[58, 92, 147, 131, 150]",True,True,4.97072621988539,0,0.0,False,0,False,300,67,0.22333333333333333,101,0,132,0,0.3410018443536522,0.0
30,wormhole,1.0,0.0,"[47, 52]",30011097,clean_oracle,4.97072621988539,"[0, 0, 0]","[58, 92, 147, 131, 150]","[58, 92, 147, 131, 150]",True,True,4.97072621988539,0,0.0,False,0,False,300,67,0.22333333333333333,101,0,132,0,0.3410018443536522,0.0
30,wormhole,1.0,0.5,"[135, 50]",30011147,naive_poisoned,4.97072621988539,"[0, 0, 0]","[58, 92, 147, 131, 150]","[58, 92, 147, 131, 150]",True,True,4.97072621988539,0,0.0,False,0,False,300,67,0.22333333333333333,101,0,132,0,0.3410018443536522,0.0
30,wormhole,1.0,0.5,"[135, 50]",30011147,trust_weighted,4.97072621988539,"[0, 0, 0]","[58, 92, 147, 131, 150]","[58, 92, 147, 131, 150]",True,True,4.97072621988539,0,0.0,False,0,False,300,67,0.22333333333333333,101,0,132,0,0.3410018443536522,0.0
30,wormhole,1.0,0.5,"[135, 50]",30011147,clean_oracle,4.97072621988539,"[0, 0, 0]","[58, 92, 147, 131, 150]","[58, 92, 147, 131, 150]",True,True,4.97072621988539,0,0.0,False,0,False,300,67,0.22333333333333333,101,0,132,0,0.3410018443536522,0.0
30,sybil,0.25,0.0,[131],30020354,naive_poisoned,4.399225055764995,"[0, 0, 0]","[58, 92, 147, ""sybil:131:0"", 150]","[58, 92, 147, 131, 150]",True,True,4.97072621988539,1,0.3333333333333333,True,1,False,300,68,0.22666666666666666,87,12,133,0,0.3335373861407831,0.0
30,sybil,0.25,0.0,[131],30020354,trust_weighted,7.399225055764995,"[0, 0, 0]","[58, 92, 147, ""sybil:131:0"", 150]","[58, 92, 147, 131, 150]",True,True,4.97072621988539,1,0.3333333333333333,True,1,False,300,68,0.22666666666666666,87,12,133,0,0.3335373861407831,0.0
30,sybil,0.25,0.0,[131],30020354,clean_oracle,4.97072621988539,"[0, 0, 0]","[58, 92, 147, 131, 150]","[58, 92, 147, 131, 150]",True,True,4.97072621988539,1,0.3333333333333333,True,0,False,300,68,0.22666666666666666,87,12,133,0,0.3335373861407831,0.0
30,sybil,0.25,0.5,[131],30020404,naive_poisoned,4.399225055764995,"[0, 0, 0]","[58, 92, 147, ""sybil:131:0"", 150]","[58, 92, 147, 131, 150]",True,True,4.97072621988539,1,0.3333333333333333,True,1,False,300,68,0.22666666666666666,87,12,133,0,0.3335373861407831,0.0
30,sybil,0.25,0.5,[131],30020404,trust_weighted,5.899225055764995,"[0, 0, 0]","[58, 92, 147, ""sybil:131:0"", 150]","[58, 92, 147, 131, 150]",True,True,4.97072621988539,1,0.3333333333333333,True,1,False,300,68,0.22666666666666666,87,12,133,0,0.3335373861407831,0.0
30,sybil,0.25,0.5,[131],30020404,clean_oracle,4.97072621988539,"[0, 0, 0]","[58, 92, 147, 131, 150]","[58, 92, 147, 131, 150]",True,True,4.97072621988539,1,0.3333333333333333,True,0,False,300,68,0.22666666666666666,87,12,133,0,0.3335373861407831,0.0
30,sybil,0.5,0.0,[32],30020604,naive_poisoned,103.10984687747975,"[0, 0, 0]","[58, 92, 147, ""sybil:32:1"", 150]","[58, 92, 147, 32, 150]",False,False,17.334608653871886,1,0.3333333333333333,True,1,False,300,0,0.0,0,0,0,300,0.0,12.363882433986497
30,sybil,0.5,0.0,[32],30020604,trust_weighted,109.10984687747975,"[0, 0, 0]","[58, 92, 147, ""sybil:32:1"", 150]","[58, 92, 147, 32, 150]",False,False,17.334608653871886,1,0.3333333333333333,True,1,False,300,0,0.0,0,0,0,300,0.0,12.363882433986497
30,sybil,0.5,0.0,[32],30020604,clean_oracle,4.97072621988539,"[0, 0, 0]","[58, 92, 147, 131, 150]","[58, 92, 147, 131, 150]",True,True,4.97072621988539,0,0.0,False,0,False,300,67,0.22333333333333333,101,0,132,0,0.3410018443536522,0.0
30,sybil,0.5,0.5,[50],30020654,naive_poisoned,103.60334143099998,"[0, 0, 2]","[58, 92, 147, 32, 150]","[58, 92, 147, 32, 150]",False,False,17.334608653871886,0,0.0,False,0,False,300,0,0.0,0,0,0,300,0.0,12.363882433986497
30,sybil,0.5,0.5,[50],30020654,trust_weighted,103.60334143099998,"[0, 0, 2]","[58, 92, 147, 32, 150]","[58, 92, 147, 32, 150]",False,False,17.334608653871886,0,0.0,False,0,False,300,0,0.0,0,0,0,300,0.0,12.363882433986497
30,sybil,0.5,0.5,[50],30020654,clean_oracle,4.97072621988539,"[0, 0, 0]","[58, 92, 147, 131, 150]","[58, 92, 147, 131, 150]",True,True,4.97072621988539,0,0.0,False,0,False,300,67,0.22333333333333333,101,0,132,0,0.3410018443536522,0.0
30,sybil,0.75,0.0,[50],30020854,naive_poisoned,202.56440552885215,"[0, 0, 0]","[58, 92, 147, ""sybil:50:1"", 150]","[58, 92, 147, 50, 150]",False,False,30.02693997459597,1,0.3333333333333333,True,1,False,300,0,0.0,0,0,0,300,0.0,25.05621375471058
30,sybil,0.75,0.0,[50],30020854,trust_weighted,211.56440552885215,"[0, 0, 0]","[58, 92, 147, ""sybil:50:1"", 150]","[58, 92, 147, 50, 150]",False,False,30.02693997459597,1,0.3333333333333333,True,1,False,300,0,0.0,0,0,0,300,0.0,25.05621375471058
30,sybil,0.75,0.0,[50],30020854,clean_oracle,4.97072621988539,"[0, 0, 0]","[58, 92, 147, 131, 150]","[58, 92, 147, 131, 150]",True,True,4.97072621988539,0,0.0,False,0,False,300,67,0.22333333333333333,101,0,132,0,0.3410018443536522,0.0
30,sybil,0.75,0.5,[131],30020904,naive_poisoned,3.2562227275242037,"[0, 0, 0]","[58, 92, 147, ""sybil:131:0"", 150]","[58, 92, 147, 131, 150]",True,True,4.97072621988539,1,0.3333333333333333,True,1,False,300,58,0.19333333333333333,87,22,133,0,0.32799422777235776,0.0
30,sybil,0.75,0.5,[131],30020904,trust_weighted,7.756222727524204,"[0, 0, 0]","[58, 92, 147, ""sybil:131:0"", 150]","[58, 92, 147, 131, 150]",True,True,4.97072621988539,1,0.3333333333333333,True,1,False,300,58,0.19333333333333333,87,22,133,0,0.32799422777235776,0.0
30,sybil,0.75,0.5,[131],30020904,clean_oracle,4.97072621988539,"[0, 0, 0]","[58, 92, 147, 131, 150]","[58, 92, 147, 131, 150]",True,True,4.97072621988539,1,0.3333333333333333,True,0,False,300,58,0.19333333333333333,87,22,133,0,0.32799422777235776,0.0
30,sybil,1.0,0.0,[32],30021104,naive_poisoned,102.61635232395955,"[0, 0, 0]","[58, 92, 147, ""sybil:32:1"", 150]","[58, 92, 147, 32, 150]",False,False,17.334608653871886,1,0.3333333333333333,True,1,False,300,0,0.0,0,0,0,300,0.0,12.363882433986497
30,sybil,1.0,0.0,[32],30021104,trust_weighted,114.61635232395955,"[0, 0, 0]","[58, 92, 147, ""sybil:32:1"", 150]","[58, 92, 147, 32, 150]",False,False,17.334608653871886,1,0.3333333333333333,True,1,False,300,0,0.0,0,0,0,300,0.0,12.363882433986497
30,sybil,1.0,0.0,[32],30021104,clean_oracle,4.97072621988539,"[0, 0, 0]","[58, 92, 147, 131, 150]","[58, 92, 147, 131, 150]",True,True,4.97072621988539,0,0.0,False,0,False,300,67,0.22333333333333333,101,0,132,0,0.3410018443536522,0.0
30,sybil,1.0,0.5,[131],30021154,naive_poisoned,2.6847215634038077,"[0, 0, 0]","[58, 92, 147, ""sybil:131:0"", 150]","[58, 92, 147, 131, 150]",True,True,4.97072621988539,1,0.3333333333333333,True,1,False,300,52,0.17333333333333334,88,27,133,0,0.32547461033216507,0.0
30,sybil,1.0,0.5,[131],30021154,trust_weighted,8.684721563403807,"[0, 0, 0]","[58, 92, 147, ""sybil:131:0"", 150]","[58, 92, 147, 131, 150]",True,True,4.97072621988539,1,0.3333333333333333,True,1,False,300,52,0.17333333333333334,88,27,133,0,0.32547461033216507,0.0
30,sybil,1.0,0.5,[131],30021154,clean_oracle,4.97072621988539,"[0, 0, 0]","[58, 92, 147, 131, 150]","[58, 92, 147, 131, 150]",True,True,4.97072621988539,1,0.3333333333333333,True,0,False,300,52,0.17333333333333334,88,27,133,0,0.32547461033216507,0.0
